date,open,high,low,close,volume,amount,outstanding_share,turnover
2020-12-01,86.25,88.0,86.25,87.92,23692498.0,2071081958.0,6843031425.0,0.0034622810460058643
2020-12-02,89.0,90.59,88.54,89.91,36607195.0,3286902392.0,6843031425.0,0.005349558218636998
2020-12-03,89.79,90.08,88.21,89.6,25552024.0,2276665595.0,6843031425.0,0.0037340211396150354
2020-12-04,88.82,89.06,87.17,88.36,32722623.0,2876036668.0,6843031425.0,0.00478188992095707
2020-12-07,88.88,89.0,87.52,88.06,20228496.0,1786091234.0,6843031425.0,0.002956072352100882
2020-12-08,87.52,88.13,85.45,86.7,36690024.0,3164772039.0,6843031425.0,0.005361662357118285
2020-12-09,86.01,86.62,83.5,83.56,46112571.0,3893407709.0,6843031425.0,0.006738617454178942
2020-12-10,83.5,85.45,83.5,85.1,25300125.0,2144184257.0,6843031425.0,0.003697210114740924
2020-12-11,85.9,85.9,83.41,84.0,22506139.0,1901113979.0,6843031425.0,0.003288913582623216
2020-12-14,85.88,86.0,83.33,84.44,26247011.0,2213586003.0,6843031425.0,0.003835582415142862
2020-12-15,84.92,86.4,83.4,85.73,32812014.0,2794791701.0,6843031425.0,0.004794952991173791
2020-12-16,86.11,89.07,85.93,88.1,41302146.0,3638872836.0,6843031425.0,0.006035650493889117
2020-12-17,88.7,90.78,88.45,89.67,31646076.0,2841397961.0,6843031425.0,0.004624569731535319
2020-12-18,89.11,89.99,88.32,89.3,27477717.0,2446471118.0,6843031425.0,0.00401543048591217
2020-12-21,89.72,89.72,87.04,88.81,28368934.0,2499704931.0,6843031425.0,0.0041456676490419595
2020-12-22,88.33,90.78,87.42,89.75,31071453.0,2775989184.0,6843031425.0,0.004540597736623722
2020-12-23,89.98,93.5,89.53,92.0,39054660.0,3606420446.0,6843031425.0,0.00570721622836914
2020-12-24,92.0,92.89,90.55,92.89,19778311.0,1823517286.0,6843031425.0,0.002890284987986885
2020-12-25,92.67,94.22,91.5,93.58,21707194.0,2025214058.0,6843031425.0,0.0031721605019518085
2020-12-28,93.48,97.35,93.41,95.8,39478573.0,3781019562.0,6843031425.0,0.0057691643583238405
2020-12-29,95.76,95.79,93.76,95.19,21655220.0,2053512083.0,6843031425.0,0.003164565330050344
2020-12-30,95.5,96.6,94.21,95.98,23164406.0,2212516055.0,6843031425.0,0.0033851088152791874
2020-12-31,96.0,98.98,95.98,98.44,26867176.0,2633031805.0,6847113368.000001,0.003923869016915041
2021-01-04,98.9,101.95,98.03,99.01,33882680.0,3379358339.0,6862438628.0,0.004937411004559297
2021-01-05,98.07,101.94,97.0,101.54,35114801.0,3515823440.0,6862438628.0,0.00511695665396922
2021-01-06,103.0,104.8,99.65,100.96,36020338.0,3662399226.0,6862438628.0,0.0052489122238602555
2021-01-07,102.0,105.67,101.2,104.82,45140052.0,4687111403.0,6862438628.0,0.006577844181486791
2021-01-08,104.0,104.7,101.25,103.01,33069048.0,3409516335.0,6862438628.0,0.004818847904165184
2021-01-11,103.2,104.33,100.0,101.0,34189187.0,3506431350.0,6862438628.0,0.00498207544771357
2021-01-12,100.31,104.28,100.31,104.1,35529586.0,3670971678.0,6862438628.0,0.005177399453167102
2021-01-13,105.0,105.71,102.04,103.34,34348739.0,3560584735.0,6862438628.0,0.005005325491706532
2021-01-14,103.6,104.39,99.39,99.6,37381528.0,3780641251.0,6862438628.0,0.0054472659103247285
2021-01-15,99.03,100.17,96.78,99.69,35743823.0,3524028265.0,6862438628.0,0.005208618238734943
2021-01-18,99.39,100.28,97.51,99.12,28677180.0,2849767543.0,6869165118.0,0.0041747693507693025
2021-01-19,99.69,100.11,94.48,94.85,42307807.0,4087923630.0,6869165118.0,0.006159090118409933
2021-01-20,96.0,98.12,95.5,96.28,32202327.0,3113133925.0,6869165118.0,0.004687953549932413
2021-01-21,97.24,101.0,96.99,100.1,40930171.0,4074982808.0,6869165118.0,0.005958536488334855
2021-01-22,100.0,101.53,98.09,100.57,30775582.0,3069095083.0,6869165118.0,0.0044802507249906524
2021-01-25,101.0,102.87,98.7,101.98,37735992.0,3802697805.0,6869165118.0,0.005493533981461064
2021-01-26,101.0,101.0,97.1,97.94,40767026.0,4006657957.0,6869165118.0,0.005934786149363895
2021-01-27,97.09,99.84,96.38,97.95,28326851.0,2781047166.0,6869165118.0,0.004123769120904105
2021-01-28,96.53,96.99,94.5,95.16,31057214.0,2959282875.0,6869165118.0,0.004521250176184803
2021-01-29,95.35,97.79,93.68,96.33,37246508.0,3576339186.0,6869165118.0,0.005422275831221328
2021-02-01,96.33,98.51,94.66,98.2,28606271.0,2784442680.0,6869165118.0,0.0041644465533431365
2021-02-02,97.4,100.2,97.4,98.58,31544355.0,3125263983.0,6869165118.0,0.004592167236938444
2021-02-03,99.5,100.4,96.2,97.64,32395536.0,3178416762.0,6871775459.0,0.004714289079043087
2021-02-04,96.29,97.59,95.23,96.4,36486402.0,3514921395.0,6871775459.0,0.005309603350355922
2021-02-05,96.98,98.37,95.0,97.25,37262393.0,3600456020.0,6871775459.0,0.005422527732799717
2021-02-08,97.26,97.5,94.4,96.66,37743563.0,3614401924.0,6873367646.0,0.0054912766119771155
2021-02-09,97.59,101.9,96.89,101.9,53712247.0,5347054459.0,6873367646.0,0.00781454590622083
2021-02-10,102.92,108.0,101.5,107.11,53679907.0,5641813862.0,6873367646.0,0.0078098407890692945
2021-02-18,107.12,107.36,97.0,98.3,94042908.0,9433652348.0,6873367646.0,0.01368221705043362
2021-02-19,95.01,98.33,95.01,97.99,69387709.0,6722204870.0,6873367646.0,0.010095154598689425
2021-02-22,97.28,97.28,90.38,90.44,90398609.0,8324148677.0,6875002619.0,0.013148883572810752
2021-02-23,89.05,92.0,88.83,90.94,60475531.0,5494666678.0,6875002619.0,0.008796437521764382
2021-02-24,96.1,98.6,93.12,95.02,100354633.0,9587929017.0,6875002619.0,0.01459703196659975
2021-02-25,94.9,95.79,92.1,93.94,41637020.0,3934052807.0,6875002619.0,0.006056291511065096
2021-02-26,92.0,94.49,91.02,93.08,60112303.0,5569084605.0,6875002619.0,0.008743604378254565
2021-03-01,93.4,95.3,91.83,93.33,37084402.0,3475175712.0,6875002619.0,0.0053940927815085095
2021-03-02,94.87,95.84,92.7,93.52,47339822.0,4469317461.0,6875002619.0,0.006885789667798816
2021-03-03,92.73,93.72,91.5,93.49,33059187.0,3072269141.0,6875002619.0,0.004808607186364768
2021-03-04,92.22,92.58,89.44,89.9,44634820.0,4041856217.0,6875002619.0,0.006492334981319954
2021-03-05,87.57,90.27,86.03,89.5,40948709.0,3626107488.0,6875002619.0,0.005956173585568201
2021-03-08,88.5,89.71,85.44,85.5,48829340.0,4260904988.0,6875002619.0,0.007102446748900649
2021-03-09,84.65,84.9,81.7,81.99,56896333.0,4741767514.0,6875002619.0,0.008275827101906738
2021-03-10,84.0,84.66,82.05,83.66,47316765.0,3942944036.0,6875002619.0,0.006882435923621864
2021-03-11,84.58,86.5,83.5,85.95,40811644.0,3495579074.0,6875002619.0,0.005936236865890276
2021-03-12,85.97,88.03,85.21,85.96,32364532.0,2806048361.0,6875002619.0,0.004707566497583032
2021-03-15,84.81,84.84,81.0,82.3,49051385.0,4035896117.0,6875002619.0,0.00713474419114254
2021-03-16,82.41,83.03,81.55,82.58,34926115.0,2877253722.0,6875002619.0,0.005080160246554228
2021-03-17,82.01,84.28,81.36,84.07,37095228.0,3081574544.0,6875002619.0,0.00539566747181773
2021-03-18,84.98,87.0,84.8,86.71,34703588.0,2986372292.0,6875002619.0,0.005047792695248136
2021-03-19,85.0,86.6,84.39,85.31,30529185.0,2610073941.0,6875002619.0,0.004440607035643662
2021-03-22,84.99,85.53,82.3,83.38,31409285.0,2620969353.0,6875002619.0,0.004568621532331667
2021-03-23,83.38,83.44,81.07,81.47,36969597.0,3027477689.0,6875002619.0,0.005377393878778972
2021-03-24,81.5,82.48,81.26,81.68,23536758.0,1923709265.0,6875002619.0,0.003423527132186537
2021-03-25,81.07,81.5,79.3,80.68,24752483.0,1990607891.0,6875002619.0,0.003600359792095666
2021-03-26,81.1,82.5,79.96,82.01,31083020.0,2533340710.0,6875002619.0,0.004521164823137357
2021-03-29,81.96,82.47,81.0,81.47,29453524.0,2406536460.0,6875002619.0,0.0042841473134281
2021-03-30,81.86,83.49,81.11,82.47,35197152.0,2898062093.0,6875002619.0,0.005119583795172369
2021-03-31,82.8,82.98,81.25,82.23,27352508.0,2245618465.0,6875002619.0,0.003978545102573145
2021-04-01,82.0,85.88,81.8,85.43,35204512.0,2987621061.0,6875002619.0,0.005120654340219096
2021-04-02,85.5,88.5,84.9,87.11,29152538.0,2546245045.0,6875002619.0,0.00424036754828762
2021-04-06,87.16,87.7,84.0,84.38,25766840.0,2190978644.0,6875002619.0,0.003747902572253551
2021-04-07,84.38,84.49,81.88,82.72,29977466.0,2467818331.0,6875002619.0,0.0043603570298509
2021-04-08,82.51,82.92,81.95,82.68,18211406.0,1502128963.0,6875002619.0,0.0026489307727200445
2021-04-09,82.98,82.98,80.24,80.45,32238556.0,2610503420.0,6875002619.0,0.004689242722745209
2021-04-12,80.3,81.26,79.0,79.3,25277487.0,2012933376.0,6875002619.0,0.0036767239811868937
2021-04-13,78.95,79.82,78.12,78.69,21362828.0,1686748572.0,6875002619.0,0.003107319252644491
2021-04-14,78.97,80.63,78.89,80.13,21069229.0,1685738018.0,6875002619.0,0.003064613959821969
2021-04-15,80.13,81.0,78.96,80.28,17445281.0,1393503616.0,6875002619.0,0.002537494451534841
2021-04-16,80.3,80.6,78.9,79.9,15347818.0,1222574469.0,6875002619.0,0.0022324090404830144
2021-04-19,80.0,82.11,79.0,81.67,26759356.0,2175802611.0,6875002619.0,0.003892268480894378
2021-04-20,81.08,81.5,80.03,80.98,23153386.0,1866628042.0,6875002619.0,0.0033677639534292663
2021-04-21,80.0,80.5,79.5,79.6,25190606.0,2010416383.0,6875002619.0,0.003664086749637353
2021-04-22,79.62,80.29,79.01,80.25,23096878.0,1841507581.0,6875002619.0,0.003359544611105842
2021-04-23,80.42,84.0,80.26,83.86,45141558.0,3741273480.0,6875002619.0,0.006566042298696032
2021-04-26,84.24,85.0,79.91,80.03,41802919.0,3424838079.0,6875002619.0,0.006080422265508958
2021-04-27,79.97,81.63,79.2,80.72,19000053.0,1531692781.0,6875002619.0,0.0027636430199300265
2021-04-28,81.0,81.7,80.08,81.55,17902575.0,1452688937.0,6875002619.0,0.0026040099171051674
2021-04-29,82.06,84.25,81.87,83.43,29815963.0,2474034002.0,6881133022.0,0.004333001978696525
2021-04-30,84.7,84.7,79.8,80.17,58237700.0,4702118111.0,6881133022.0,0.008463388196944524
2021-05-06,78.31,79.77,77.49,77.56,49115946.0,3841342540.0,6881133022.0,0.0071377701670595605
2021-05-07,77.4,77.55,75.0,75.08,43729514.0,3308412783.0,6881133022.0,0.006354987450495475
2021-05-10,75.83,79.2,75.83,78.0,54943986.0,4265793301.0,6881133022.0,0.007984729524096679
2021-05-11,77.16,79.0,76.59,78.34,27333464.0,2127125363.0,6881133022.0,0.003972233048338242
2021-05-12,78.9,78.9,76.45,77.27,27341035.0,2106351405.0,6881133022.0,0.00397333330319101
2021-05-13,76.12,76.5,75.0,75.15,32950762.0,2482149422.0,6881133022.0,0.004788566344328985
2021-05-14,75.3,76.57,73.62,76.44,30481113.0,2297770136.0,6881133022.0,0.004429664838994883
2021-05-17,77.0,79.35,76.88,78.4,41809230.0,3276114961.0,6881133022.0,0.006075922361379981
2021-05-18,79.8,80.0,77.2,77.84,26855515.0,2106345389.0,6881133022.0,0.0039027751555069413
2021-05-19,77.05,77.76,76.5,77.33,22505269.0,1736145799.0,6881133022.0,0.003270576070546424
2021-05-20,79.0,80.86,77.57,80.7,73533093.0,5884598446.0,6881133022.0,0.010686189725573366
2021-05-21,81.1,83.1,80.87,81.55,50222428.0,4119754982.0,6881133022.0,0.007298569558157279
2021-05-24,82.63,83.0,80.95,82.2,36014944.0,2956298660.0,6881133022.0,0.0052338683011729165
2021-05-25,82.97,84.2,82.34,83.28,41746744.0,3478155176.0,6881133022.0,0.0060668415893908
2021-05-26,83.9,84.99,82.45,84.33,36038191.0,3021930597.0,6881133022.0,0.0052372466692302815
2021-05-27,84.99,85.03,83.43,83.9,29615660.0,2486863195.0,6881133022.0,0.004303892964329327
2021-05-28,83.28,83.29,82.0,82.53,38741514.0,3196831619.0,6881133022.0,0.005630106826323172
2021-05-31,82.7,82.7,79.74,81.0,52395101.0,4208270644.0,6881133022.0,0.007614313054621254
2021-06-01,80.91,80.91,79.32,80.17,47337082.0,3776569524.0,6881133022.0,0.0068792569259533785
2021-06-02,79.4,79.5,78.5,79.5,34284654.0,2706286215.0,6881133022.0,0.004982414071983043
2021-06-03,79.5,79.84,77.48,77.93,41669046.0,3262957927.0,6881133022.0,0.006055550134952761
2021-06-04,77.41,78.5,76.53,77.73,28306603.0,2194930978.0,6881397521.0,0.004113496264910809
2021-06-07,77.75,77.77,76.15,76.78,27727499.0,2124176470.0,6881397521.0,0.004029341266128549
2021-06-08,76.9,77.3,75.63,76.02,32089344.0,2446270922.0,6881397521.0,0.004663201610148631
2021-06-09,76.27,76.62,75.2,75.59,25138005.0,1900479894.0,6881397521.0,0.0036530377620659477
2021-06-10,75.7,75.94,74.9,75.4,32075563.0,2419455653.0,6881397521.0,0.004661198964616536
2021-06-11,75.4,75.6,73.51,74.0,46521367.0,3444045478.0,6881397521.0,0.006760453361113129
2021-06-15,73.87,74.5,72.0,73.24,44590030.0,3245305092.0,6881397521.0,0.006479792783940232
2021-06-16,73.9,75.26,73.2,75.0,44970185.0,3359892667.0,6881397521.0,0.0065350366495707055
2021-06-17,75.2,75.33,73.3,73.46,29929238.0,2214198276.0,6881397521.0,0.004349296477737956
2021-06-18,73.33,74.21,72.16,73.8,38817863.0,2831313013.0,6882408050.000001,0.0056401571540065825
2021-06-21,73.82,73.83,71.17,72.0,47738643.0,3450150411.0,6882408050.000001,0.006936328484621018
2021-06-22,71.9,72.88,70.88,71.28,41034169.0,2942649258.0,6882408050.000001,0.005962181942990142
2021-06-23,71.21,73.29,70.7,73.17,43404358.0,3139531924.0,6882408050.000001,0.006306565621316218
2021-06-24,74.5,74.5,72.71,73.2,28702816.0,2103271901.0,6882408050.000001,0.004170461238490501
2021-06-25,73.57,73.78,72.58,73.17,41255201.0,3019079359.0,6883999669.0,0.005992911531617333
2021-06-28,73.18,73.9,72.5,73.21,30684568.0,2240502744.0,6883999669.0,0.004457374996425207
2021-06-29,73.78,73.8,71.24,71.46,34979911.0,2518377824.0,6883999669.0,0.005081335369250727
2021-06-30,71.1,71.9,70.85,71.37,28444413.0,2022265552.0,6887324632.999999,0.004129965482345807
2021-07-01,71.3,73.39,70.56,73.24,44641783.0,3221962176.0,6887324632.999999,0.0064817306252856
2021-07-02,72.63,72.75,70.66,71.1,40318436.0,2873257073.0,6887324632.999999,0.0058540054590744605
2021-07-05,70.28,70.37,66.78,68.2,78081102.0,5309270148.0,6887324632.999999,0.011336927785555714
2021-07-06,67.66,69.35,66.81,68.61,41063662.0,2802133749.0,6887324632.999999,0.005962207996301952
2021-07-07,68.95,71.95,68.61,70.39,55959761.0,3961973980.0,6888072196.0,0.008124154249210196
2021-07-08,70.0,70.79,68.86,70.0,35977037.0,2508845301.0,6888072196.0,0.005223092321955099
2021-07-09,69.55,70.58,68.71,69.2,29079830.0,2016604915.0,6888072196.0,0.004221766144798404
2021-07-12,69.64,71.5,68.92,70.7,40495549.0,2860148826.0,6888072196.0,0.005879083123361618
2021-07-13,70.78,73.33,70.58,72.8,47453241.0,3430086441.0,6894382137.0,0.0068828852327945745
2021-07-14,72.45,72.8,71.56,72.0,33405515.0,2405155835.0,6894382137.0,0.0048453239661206205
2021-07-15,72.0,72.35,70.61,71.17,31970243.0,2276242686.0,6895804638.0,0.004636187461550879
2021-07-16,71.3,71.3,68.8,69.7,45691025.0,3180537684.0,6885864638.0,0.006635481148997864
2021-07-19,69.79,70.3,68.6,70.14,30561168.0,2124892125.0,6885864638.0,0.0044382469895424045
2021-07-20,69.66,70.22,69.01,69.61,23094780.0,1603201066.0,6892021215.0,0.0033509444152226104
2021-07-21,69.72,69.92,67.81,67.99,51518657.0,3525935837.0,6892021215.0,0.007475115846694328
2021-07-22,67.99,69.89,66.98,68.3,42883759.0,2952043816.0,6892021215.0,0.006222232587831638
2021-07-23,68.3,68.88,66.51,66.96,42451336.0,2851914804.0,6892021215.0,0.006159490035754337
2021-07-26,65.58,66.07,63.87,64.68,57012881.0,3709400702.0,6892021215.0,0.008272302017282749
2021-07-27,64.67,64.98,61.4,61.4,61869875.0,3893777294.0,6892021215.0,0.008977029099293043
2021-07-28,61.4,63.8,61.11,63.28,47782907.0,2994650504.0,6892021215.0,0.0069330760178166395
2021-07-29,64.5,64.5,62.63,63.3,39271265.0,2485962571.0,6892021215.0,0.005698076627293144
2021-07-30,63.09,64.08,61.96,63.51,41977874.0,2648623981.0,6892021215.0,0.006090792916980305
2021-08-02,63.5,66.66,62.58,66.08,54445260.0,3553099532.0,6892021215.0,0.007899752235455068
2021-08-03,65.5,72.26,65.18,70.92,89992768.0,6224743064.0,6893664860.0,0.013054415877130411
2021-08-04,70.4,71.68,69.73,69.99,42636229.0,3000695827.0,6893664860.0,0.0061848421508555905
2021-08-05,69.45,71.61,69.09,69.9,45338268.0,3201066026.0,6893664860.0,0.0065768018783553105
2021-08-06,70.0,71.05,68.05,70.35,34481766.0,2410493994.0,6893664860.0,0.005001949862703363
2021-08-09,69.6,73.5,69.37,72.47,51361921.0,3711851356.0,6893664860.0,0.0074505973300245405
2021-08-10,72.1,72.85,70.83,72.85,32371545.0,2326129709.0,6893664860.0,0.004695839681420196
2021-08-11,72.34,73.55,71.87,71.93,28560714.0,2073013761.0,6893664860.0,0.004143037786145003
2021-08-12,71.5,72.47,70.6,70.92,30539265.0,2176736609.0,6893664860.0,0.004430047822197147
2021-08-13,70.92,71.98,69.8,71.61,30301304.0,2153012742.0,6893664860.0,0.004395529027792047
2021-08-16,71.61,75.45,71.45,74.99,66305582.0,4925830245.0,6893664860.0,0.009618335580067638
2021-08-17,74.98,75.5,73.11,73.4,41410311.0,3078533154.0,6893664860.0,0.006007009600986027
2021-08-18,73.39,75.0,72.7,74.5,32617317.0,2419424671.0,6893664860.0,0.0047314915451227785
2021-08-19,74.96,75.28,71.87,71.94,32866221.0,2403024431.0,6893664860.0,0.0047675977390058384
2021-08-20,70.99,72.49,69.79,72.0,30129822.0,2143875730.0,6893664860.0,0.004370653725107258
2021-08-23,71.7,72.55,70.13,70.61,24216401.0,1715542962.0,6893664860.0,0.0035128486069164666
2021-08-24,70.2,71.15,68.18,70.5,38744022.0,2700934790.0,6893664860.0,0.005620235794288381
2021-08-25,70.1,70.7,69.0,69.15,25351879.0,1761336903.0,6821688617.0,0.0037163641472613995
2021-08-26,69.14,69.65,67.51,67.93,30560914.0,2082846696.0,6821688617.0,0.004479963204981333
2021-08-27,67.93,68.98,67.38,67.8,24556080.0,1670326403.0,6821688617.0,0.0035997069609429227
2021-08-30,67.95,68.11,65.31,65.98,45344420.0,2990768859.0,6821688617.0,0.006647096129102018
2021-08-31,65.9,67.89,65.26,66.0,31964102.0,2120020157.0,6821688617.0,0.0046856583163798786
2021-09-01,66.51,69.85,65.18,69.15,54120472.0,3688604134.0,6821688617.0,0.00793358874005609
2021-09-02,69.58,69.58,67.85,69.19,42761283.0,2930294690.0,6821688617.0,0.006268430794896835
2021-09-03,68.97,70.13,68.2,70.04,28680784.0,1995822443.0,6821688617.0,0.0042043525599403655
2021-09-06,70.12,73.24,70.11,72.12,39610616.0,2853865986.0,6821688617.0,0.005806570517054722
2021-09-07,72.7,73.93,71.81,73.02,38937022.0,2852011278.0,6821688617.0,0.005707827516924026
2021-09-08,73.0,73.65,72.21,72.72,26682359.0,1945966050.0,6821688617.0,0.003911400900578514
2021-09-09,72.72,73.35,71.23,72.02,22350846.0,1611240094.0,6821688617.0,0.003276438907560298
2021-09-10,72.02,73.0,71.1,72.4,21079581.0,1520883789.0,6821688617.0,0.00309008255631437
2021-09-13,72.32,72.69,70.73,70.98,21293772.0,1519720224.0,6821688617.0,0.003121481087092545
2021-09-14,71.0,71.4,68.21,68.43,30703335.0,2132022305.0,6821688617.0,0.004500840880289626
2021-09-15,68.01,68.42,65.8,66.52,39630658.0,2652852006.0,6821688617.0,0.0058095084992942
2021-09-16,66.52,67.18,65.8,65.95,29466222.0,1952956774.0,6821688617.0,0.004319490914107198
2021-09-17,66.36,68.28,66.09,68.26,26097737.0,1757915166.0,6821688617.0,0.0038257004189495097
2021-09-22,67.0,67.3,65.88,66.08,23967787.0,1589166507.0,6821688617.0,0.0035134683427606233
2021-09-23,66.76,67.1,66.0,66.79,19943038.0,1327533719.0,6821688617.0,0.0029234752741866465
2021-09-24,66.5,68.2,66.09,67.2,27372409.0,1841748628.0,6821688617.0,0.004012556206653371
2021-09-27,67.19,70.39,66.77,68.7,33266460.0,2292141631.0,6821688617.0,0.004876572629993439
2021-09-28,68.07,70.5,67.31,70.27,34751438.0,2424145960.0,6821688617.0,0.005094257441390336
2021-09-29,69.95,70.9,69.28,70.27,29530820.0,2075477391.0,6821688617.0,0.004328960416986444
2021-09-30,70.27,71.13,69.5,69.6,21879116.0,1537243045.0,6821688617.0,0.003207287407618711
2021-10-08,70.2,72.58,69.75,72.5,41613373.0,2987690472.0,6821688617.0,0.00610015720979954
2021-10-11,72.7,73.1,71.08,71.08,23449247.0,1683573325.0,6821688617.0,0.003437454905455999
2021-10-12,71.11,72.58,70.08,71.62,21599019.0,1548732744.0,6821688617.0,0.0031662276325797297
2021-10-13,72.0,72.22,70.25,71.0,16055890.0,1139319628.0,6821688617.0,0.002353653310998085
2021-10-14,71.03,71.62,69.65,70.13,16233358.0,1143450650.0,6821688617.0,0.0023796685705568025
2021-10-15,71.0,71.78,70.36,71.0,20425107.0,1447693569.0,6821688617.0,0.0029941423812719302
2021-10-18,71.0,71.0,69.0,69.62,21901873.0,1524555400.0,6821688617.0,0.0032106233851570713
2021-10-19,69.31,70.46,69.05,69.88,18104497.0,1265164860.0,6821688617.0,0.0026539612134864467
2021-10-20,70.0,70.5,68.02,68.07,30276609.0,2074541250.0,6821688617.0,0.004438286573876903
2021-10-21,68.28,69.79,68.04,69.68,20597302.0,1416973727.0,6821688617.0,0.003019384665062322
2021-10-22,69.97,75.0,69.95,74.5,81947936.0,6030294051.0,6821688617.0,0.012012852037218691
2021-10-25,73.99,74.3,71.6,72.4,43058106.0,3124400474.0,6821688617.0,0.006311942455522959
2021-10-26,71.75,71.98,70.02,70.02,39644810.0,2798221885.0,6821688617.0,0.005811583058951575
2021-10-27,69.06,69.45,67.0,67.0,67849700.0,4597497865.0,6821688617.0,0.009946173712900798
2021-10-28,66.5,68.35,66.04,68.12,27797860.0,1876958743.0,6821688617.0,0.004074923609196453
2021-10-29,67.43,69.5,67.3,68.77,28202116.0,1933712607.0,6821688617.0,0.004134184009765393
2021-11-01,71.27,73.92,70.65,72.81,74811069.0,5437920546.0,6821688617.0,0.010966649637681637
2021-11-02,72.81,73.39,70.38,70.81,33979598.0,2430850402.0,6821688617.0,0.004981112435317128
2021-11-03,70.03,71.5,69.32,69.32,22136290.0,1550205588.0,6821688617.0,0.0032449868709684615
2021-11-04,70.0,71.24,69.49,70.72,23674066.0,1667235035.0,6821688617.0,0.0034704114082549893
2021-11-05,70.31,71.81,69.79,70.75,18630632.0,1321929414.0,6821688617.0,0.0027310880114890476
2021-11-08,70.63,70.96,69.8,70.44,14960996.0,1051451982.0,6821688617.0,0.0021931514086873487
2021-11-09,70.35,70.35,68.37,69.0,22767037.0,1571550505.0,6821688617.0,0.003337448874940344
2021-11-10,68.69,69.8,68.02,69.58,23735791.0,1632341272.0,6821688617.0,0.003479459754414645
2021-11-11,69.19,72.36,68.9,72.04,36332028.0,2604623041.0,6821688617.0,0.005325958137323758
2021-11-12,71.88,73.88,71.6,72.17,26614392.0,1929374935.0,6821688617.0,0.0039014375317096067
2021-11-15,72.0,73.0,71.5,72.48,21497317.0,1553116115.0,6821688617.0,0.0031513190072070393
2021-11-16,73.0,73.5,72.39,72.73,21140190.0,1540309641.0,6821688617.0,0.003098967306616364
2021-11-17,72.25,73.2,71.52,72.11,14390330.0,1039576298.0,6821688617.0,0.002109496754826738
2021-11-18,71.83,71.84,69.98,70.22,19413431.0,1370784034.0,6821688617.0,0.0028458395112935424
2021-11-19,70.22,70.5,69.31,70.0,25102995.0,1750975581.0,6821688617.0,0.003679879925542488
2021-11-22,69.73,70.28,69.5,69.95,22966239.0,1602179694.0,6821688617.0,0.0033666501491678978
2021-11-23,69.94,69.94,69.02,69.47,22415718.0,1554230542.0,6821688617.0,0.003285948576447608
2021-11-24,70.15,70.37,69.02,70.15,25270993.0,1761908033.0,6821688617.0,0.003704506965771405
2021-11-25,70.0,70.0,69.08,69.14,18110345.0,1254877493.0,6821688617.0,0.0026548184792351977
2021-11-26,69.0,69.45,68.58,68.81,14048378.0,969361340.0,6821688617.0,0.0020593695767629613
2021-11-29,67.99,68.58,67.72,68.17,20002100.0,1361366066.0,6821688617.0,0.0029321332477934767
2021-11-30,67.86,69.15,67.67,67.78,19543671.0,1332560745.0,6826932218.000001,0.0028627310739179216
2021-12-01,67.67,68.2,67.2,68.16,18010101.0,1220013295.0,6826932218.000001,0.002638095769065097
2021-12-02,67.38,67.97,67.11,67.74,17292840.0,1169569318.0,6826932218.000001,0.002533032326643791
2021-12-03,67.71,67.71,66.68,67.16,21709179.0,1455435330.0,6826932218.000001,0.0031799318210251485
2021-12-06,67.16,68.78,67.11,68.57,28156018.0,1927815523.0,6826932218.000001,0.004124256269274709
2021-12-07,69.1,70.4,69.1,70.23,45996100.0,3221759579.0,6826932218.000001,0.006737447880136547
2021-12-08,70.39,70.45,69.0,69.99,24448618.0,1705575367.0,6826932218.000001,0.003581201221763763
2021-12-09,71.5,72.75,70.88,72.22,58720574.0,4231464731.0,6826932218.000001,0.008601311998554252
2021-12-10,71.66,72.4,70.7,71.9,29774271.0,2133466230.0,6826932218.000001,0.0043612958279410875
2021-12-13,72.75,75.27,72.52,72.95,54392976.0,4021351649.0,6826932218.000001,0.007967411168458153
2021-12-14,72.25,72.48,71.05,71.05,25330123.0,1813446503.0,6826932218.000001,0.003710322908028028
2021-12-15,70.99,71.41,70.18,70.35,16566927.0,1169764121.0,6826932218.000001,0.002426701550708145
2021-12-16,70.45,70.88,69.82,70.4,15360353.0,1077897222.0,6826932218.000001,0.002249964187354994
2021-12-17,70.09,70.26,68.7,68.7,20467841.0,1419353358.0,6826932218.000001,0.002998102272941008
2021-12-20,68.88,70.34,68.81,69.62,20657979.0,1440391946.0,6826932218.000001,0.0030259534356490074
2021-12-21,69.61,72.13,69.5,71.65,31759660.0,2268444040.0,6826932218.000001,0.004652112982206262
2021-12-22,71.45,71.9,70.03,71.53,22483108.0,1595253318.0,6826932218.000001,0.003293295917120822
2021-12-23,71.09,72.87,71.0,71.87,19654181.0,1412656991.0,6826932218.000001,0.002878918432525149
2021-12-24,71.33,72.25,70.83,72.16,16377482.0,1174612544.0,6828719687.0,0.0023983239539291986
2021-12-27,72.2,74.0,71.9,73.05,27562336.0,2020201844.0,6828719687.0,0.004036237722932322
2021-12-28,73.05,75.46,73.05,75.18,51272047.0,3839791458.0,6828719687.0,0.007508295749437167
2021-12-29,75.0,75.55,73.75,74.01,21584258.0,1603790663.0,6828719687.0,0.003160805976717785
2021-12-30,74.0,74.5,73.18,73.96,21829008.0,1615514268.0,6828719687.0,0.0031966472487597367
2021-12-31,73.9,74.44,72.78,73.81,21673393.0,1593276845.0,6830024963.0,0.003173252384494982
2022-01-04,74.0,75.5,73.6,75.36,31040801.0,2323005429.0,6830232863.0,0.0045446182615750735
2022-01-05,75.4,79.83,74.74,76.27,61369922.0,4743653586.0,6830232863.0,0.008985040954086136
2022-01-06,75.81,78.19,74.8,74.98,34188949.0,2599839612.0,6830232863.0,0.005005531976106508
2022-01-07,75.48,78.48,75.01,77.78,43722085.0,3393184313.0,6830232863.0,0.006401258328518572
2022-01-10,78.2,80.88,77.0,77.8,35252163.0,2760629556.0,6830232863.0,0.005161194897316636
2022-01-11,77.02,78.82,75.5,75.6,33694529.0,2592315667.0,6830232863.0,0.004933144985806614
2022-01-12,76.09,76.32,73.03,74.28,38464129.0,2852050498.0,6830232863.0,0.005631452070743258
2022-01-13,74.58,75.36,72.2,72.32,26732585.0,1957650625.0,6830232863.0,0.003913861435795678
2022-01-14,72.1,72.85,71.4,72.0,20996990.0,1516106943.0,6830232863.0,0.0030741250585675675
2022-01-17,72.1,73.44,71.72,73.03,20381136.0,1481637501.0,6830232863.0,0.0029839591722277126
2022-01-18,72.81,73.68,72.02,73.3,21307718.0,1554810615.0,6830232863.0,0.0031196180902448977
2022-01-19,73.7,76.19,73.46,75.23,40401059.0,3035602736.0,6830232863.0,0.005915033910316039
2022-01-20,75.19,78.8,75.11,78.62,50662197.0,3941616641.0,6830232863.0,0.007417345501416472
2022-01-21,78.12,78.82,76.63,77.41,30226221.0,2345227569.0,6830232863.0,0.004425357320354072
2022-01-24,76.8,79.03,76.5,77.08,16913071.0,1307756735.0,6830232863.0,0.002476207083893093
2022-01-25,76.8,78.8,75.22,75.85,25185151.0,1938021219.0,6830232863.0,0.0036873048847910123
2022-01-26,76.47,77.53,75.54,76.51,17996504.0,1376378669.0,6830232863.0,0.002634830226285361
2022-01-27,75.75,76.77,74.51,74.82,25896559.0,1951701430.0,6830232863.0,0.0037914606309082145
2022-01-28,74.83,76.0,73.03,73.2,26921924.0,1996946182.0,6830232863.0,0.003941582159788217
2022-02-07,74.5,75.64,73.38,74.7,21295784.0,1582887132.0,6830232863.0,0.0031178708584536294
2022-02-08,74.4,74.9,73.0,74.3,25222789.0,1858705328.0,6830232863.0,0.003692815385055782
2022-02-09,74.6,77.07,73.9,76.59,30821130.0,2329350902.0,6830232863.0,0.0045124566933817
2022-02-10,76.1,76.61,73.5,73.65,40093808.0,2986309640.0,6830232863.0,0.005870049938881564
2022-02-11,73.15,74.6,72.48,74.14,26315615.0,1943208566.0,6830232863.0,0.003852813736784013
2022-02-14,73.5,73.53,71.6,73.0,19833640.0,1443390305.0,6830232863.0,0.002903801436615822
2022-02-15,72.72,73.3,71.9,72.03,22662561.0,1639397266.0,6830232863.0,0.0033179777987900204
2022-02-16,72.18,73.49,71.8,73.3,18939258.0,1380576751.0,6830232863.0,0.0027728568527430014
2022-02-17,73.01,73.8,72.11,72.27,17712319.0,1288420222.0,6830232863.0,0.0025932232993034925
2022-02-18,71.79,73.14,71.31,73.0,15392511.0,1114787734.0,6830232863.0,0.002253585098596367
2022-02-21,72.8,72.82,72.0,72.7,10709058.0,776053568.0,6830232863.0,0.0015678906143906093
2022-02-22,72.1,72.15,69.25,70.17,36301446.0,2550080184.0,6830232863.0,0.0053148182101738104
2022-02-23,70.05,70.64,69.7,70.48,19598560.0,1377756703.0,6830232863.0,0.002869383869204109
2022-02-24,69.52,69.76,67.46,68.3,41899669.0,2867573789.0,6830232863.0,0.006134442242368391
2022-02-25,68.75,68.95,67.81,68.12,22417097.0,1528873766.0,6830232863.0,0.0032820399318206966
2022-02-28,67.5,67.62,65.5,66.72,48362395.0,3207726548.0,6830232863.0,0.0070806363370103445
2022-03-01,66.61,68.39,65.68,68.33,40633496.0,2724504805.0,6837917659.0,0.0059423786635568205
2022-03-02,67.5,67.5,66.2,66.92,24786934.0,1658320778.0,6837917659.0,0.0036249243170361494
2022-03-03,67.25,67.25,65.95,66.67,26230556.0,1743964880.0,6837917659.0,0.003836044437516091
2022-03-04,65.95,66.33,65.09,65.6,30520427.0,2001514125.0,6837917659.0,0.004463409552735592
2022-03-07,64.58,64.58,62.04,62.51,47645242.0,2998946563.0,6838718870.0,0.006966983568956096
2022-03-08,61.9,63.0,59.7,59.76,57768670.0,3513393050.0,6838718870.0,0.008447294164031047
2022-03-09,59.28,60.01,56.61,59.52,56275807.0,3289964731.0,6838718870.0,0.00822899845274675
2022-03-10,61.21,61.39,58.12,58.87,47362869.0,2809518529.0,6838718870.0,0.006925693232949053
2022-03-11,58.3,59.67,57.33,59.38,35638996.0,2080976811.0,6838718870.0,0.005211355617547121
2022-03-14,58.02,59.09,56.69,56.69,31918608.0,1851362819.0,6838718870.0,0.004667337348815451
2022-03-15,56.2,57.23,54.28,54.4,49926766.0,2779415595.0,6838718870.0,0.0073006021959782655
2022-03-16,56.2,57.31,54.25,56.99,52945781.0,2962039193.0,6838718870.0,0.0077420613431357505
2022-03-17,59.44,59.68,57.61,58.7,52266437.0,3071637071.0,6838718870.0,0.007642723438929725
2022-03-18,58.7,59.01,57.65,58.9,36839305.0,2148265063.0,6838718870.0,0.005386872263693448
2022-03-21,59.03,59.55,58.0,58.45,30641715.0,1798629636.0,6838718870.0,0.004480622113948661
2022-03-22,58.1,58.94,58.02,58.58,19403969.0,1134303593.0,6838718870.0,0.0028373690114856264
2022-03-23,58.73,58.86,57.93,58.0,24373729.0,1418165963.0,6838718870.0,0.0035640782233237202
2022-03-24,57.5,57.82,57.11,57.58,23678670.0,1361843503.0,6838718870.0,0.0034624423740933804
2022-03-25,57.59,57.92,56.05,56.09,25216369.0,1430819628.0,6838718870.0,0.003687294284112018
2022-03-28,55.87,56.16,54.8,55.8,21585282.0,1198968556.0,6838718870.0,0.003156334162921951
2022-03-29,56.11,56.23,54.46,54.65,25242958.0,1391082042.0,6838718870.0,0.003691182293036707
2022-03-30,54.99,57.0,54.95,57.0,33900253.0,1899860141.0,6838718870.0,0.0049571058036488634
2022-03-31,56.9,57.2,56.22,57.0,25133597.0,1428403894.0,6838718870.0,0.0036751908475512463
2022-04-01,56.5,59.24,55.81,58.6,45775170.0,2655473470.0,6844430403.0,0.006687944402201265
2022-04-06,58.05,59.18,57.9,58.41,30753172.0,1798592444.0,6844430403.0,0.004493167464530065
2022-04-07,57.65,59.12,57.61,57.7,26942029.0,1567998978.0,6844430403.0,0.0039363434812911486
2022-04-08,57.7,57.92,56.84,57.33,22682729.0,1297780224.0,6844430403.0,0.0033140418799580277
2022-04-11,57.45,57.47,55.27,55.36,33812428.0,1894585191.0,6844430403.0,0.004940137602272877
2022-04-12,55.74,57.5,55.29,57.44,29717487.0,1671057317.0,6844430403.0,0.0043418495404635065
2022-04-13,56.98,57.45,56.43,56.57,21198659.0,1206396766.0,6844430403.0,0.0030972130260406125
2022-04-14,57.02,59.08,57.02,58.72,42741664.0,2497101925.0,6844430403.0,0.006244736447501284
2022-04-15,58.32,59.3,58.16,58.65,21242110.0,1246877157.0,6844430403.0,0.003103561399453973
2022-04-18,58.5,58.5,57.53,57.57,15468205.0,893259008.0,6844430403.0,0.002259969652583521
2022-04-19,57.65,58.15,57.06,57.3,16849454.0,971057234.0,6844430403.0,0.002461775926980669
2022-04-20,57.75,58.89,57.0,57.56,21662822.0,1255101326.0,6844430403.0,0.003165029187893402
2022-04-21,57.1,57.99,55.6,56.03,27999954.0,1586256608.0,6844430403.0,0.0040909107626731465
2022-04-22,55.6,57.52,54.68,56.97,24469829.0,1373768018.0,6844430403.0,0.0035751446883402547
2022-04-25,56.55,57.49,55.03,55.07,32560068.0,1837475015.0,6844430403.0,0.004757162551573103
2022-04-26,55.07,55.47,51.51,51.79,63204589.0,3336916858.0,6844430403.0,0.009234455649121164
2022-04-27,50.73,53.35,50.5,53.1,37571041.0,1983750319.0,6844430403.0,0.005489286732104419
2022-04-28,53.5,53.7,52.07,53.28,25258916.0,1335819843.0,6844430403.0,0.0036904336099215355
2022-04-29,54.0,57.29,53.28,57.09,57524101.0,3198610308.0,6844430403.0,0.00840451251791332
2022-05-05,58.05,59.38,57.85,58.7,46790722.0,2748594256.0,6844430403.0,0.006836320810493016
2022-05-06,57.6,58.5,57.39,58.2,21216998.0,1232140906.0,6844430403.0,0.0030998924308880873
2022-05-09,57.25,57.52,55.77,56.36,21529684.0,1216418057.0,6844430403.0,0.003145577167467912
2022-05-10,55.23,56.89,55.0,56.6,30057137.0,1689113756.0,6844430403.0,0.004391473830579909
2022-05-11,56.48,57.5,56.0,56.68,35911506.0,2038556237.0,6844430403.0,0.005246821705464276
2022-05-12,56.58,56.58,55.28,55.74,22579089.0,1261668407.0,6844430403.0,0.003298899641101369
2022-05-13,56.52,57.17,56.2,57.01,24432011.0,1386786846.0,6844430403.0,0.0035696193198620505
2022-05-16,57.52,58.75,55.55,56.2,28664501.0,1624257211.0,6844430403.0,0.004188003867704753
2022-05-17,56.0,57.5,55.7,57.39,22831367.0,1301041283.0,6844430403.0,0.0033357585154190077
2022-05-18,57.5,57.67,55.92,56.63,22269749.0,1258738707.0,6844430403.0,0.0032537037691608185
2022-05-19,55.79,56.19,55.33,55.82,20195890.0,1125169384.0,6844430403.0,0.00295070426768426
2022-05-20,55.9,57.12,55.36,56.9,26608469.0,1502431004.0,6844430403.0,0.0038876089657274
2022-05-23,56.35,56.5,54.09,54.31,55783104.0,3054327110.0,6844430403.0,0.008150145551271814
2022-05-24,54.06,54.69,53.55,53.79,26346272.0,1425290686.0,6844430403.0,0.0038493008838912436
2022-05-25,53.5,53.8,53.0,53.4,22197439.0,1182899111.0,6844430403.0,0.0032431389747597673
2022-05-26,53.4,54.08,51.8,53.82,42382765.0,2242918334.0,6844430403.0,0.006192299797719194
2022-05-27,54.43,54.79,53.01,53.12,35255705.0,1897823157.0,6844430403.0,0.005151006427729469
2022-05-30,53.15,53.8,53.01,53.4,21638531.0,1152606788.0,6844430403.0,0.0031614801708722993
2022-05-31,53.49,54.48,53.1,54.48,35509917.0,1910341886.0,6844430403.0,0.005188147867561858
2022-06-01,54.3,54.77,53.85,54.27,29205803.0,1584914303.0,6844430403.0,0.004267090361120295
2022-06-02,52.76,52.78,52.08,52.56,27584641.0,1445923346.0,6844430403.0,0.004030231790787047
2022-06-06,52.58,52.93,51.58,52.79,36520890.0,1916117643.0,6844430403.0,0.005335855264740867
2022-06-07,52.5,53.13,52.1,53.0,29169548.0,1540591783.0,6844430403.0,0.004261793353500186
2022-06-08,53.01,53.8,52.53,52.99,36297664.0,1921801465.0,6844430403.0,0.005303241009520716
2022-06-09,52.85,53.15,52.19,52.38,28683558.0,1507868964.0,6844430403.0,0.004190788175364839
2022-06-10,52.11,52.34,51.75,52.25,30034887.0,1563195289.0,6844430403.0,0.004388223012222511
2022-06-13,51.8,51.85,50.66,51.06,40426293.0,2064281836.0,6844430403.0,0.00590645102947948
2022-06-14,50.3,51.56,50.12,51.43,34842410.0,1764306398.0,6844430403.0,0.005090622294110571
2022-06-15,51.12,55.0,51.12,54.44,91507776.0,4906858801.0,6844430403.0,0.013369670025410878
2022-06-16,54.47,54.93,53.49,53.83,35938169.0,1942251730.0,6844430403.0,0.005250717281637907
2022-06-17,53.03,55.41,52.52,54.76,53813436.0,2909185799.0,6844430403.0,0.00786236879206382
2022-06-20,55.16,57.55,55.16,57.06,76530884.0,4349794665.0,6844430403.0,0.01118148326359715
2022-06-21,57.1,58.39,56.65,57.29,53707727.0,3093973214.0,6844430403.0,0.007846924263625973
2022-06-22,57.27,57.27,56.0,56.0,29721130.0,1674082885.0,6844736176.999999,0.004342187811397366
2022-06-23,55.96,56.47,55.3,55.99,30453200.0,1698132572.0,6844807486.000001,0.004449095180877962
2022-06-24,55.99,58.95,55.76,57.8,73201062.0,4236370540.0,6844807486.000001,0.010694393107435307
2022-06-27,58.3,60.08,58.3,59.1,58158368.0,3454900579.0,6844807486.000001,0.008496713474988739
2022-06-28,59.6,59.6,58.45,59.1,32252221.0,1902451600.0,6847442876.0,0.004710111728429701
2022-06-29,59.48,60.64,59.21,59.27,42072308.0,2520771106.0,6847442876.0,0.006144236434225932
2022-06-30,59.36,60.66,59.0,60.39,37053894.0,2223920748.0,6847708476.0,0.005411137774025764
2022-07-01,60.19,60.19,58.16,58.79,33785737.0,1992141899.0,6847708476.0,0.004933874904051917
2022-07-04,57.54,60.06,57.54,59.97,31375014.0,1867732492.0,6847708476.0,0.004581826768759774
2022-07-05,59.75,61.49,58.9,59.54,28384693.0,1695670010.0,6847708476.0,0.0041451374718248155
2022-07-06,60.05,61.03,58.67,59.28,30764043.0,1828885012.0,6847975276.0,0.004492429040714895
2022-07-07,59.02,59.8,58.5,58.7,19747189.0,1165987949.0,6847975276.0,0.002883653664639779
2022-07-08,59.12,59.12,57.9,58.58,22725014.0,1326085879.0,6847975276.0,0.003318501175032572
2022-07-11,58.26,59.2,57.72,58.9,27354736.0,1600533212.0,6853330836.0,0.003991451259919885
2022-07-12,59.05,60.88,59.05,60.1,40810385.0,2451083764.0,6853526936.999999,0.005954654497624835
2022-07-13,60.08,60.25,58.03,58.3,38790065.0,2277523772.0,6841374436.999999,0.005669922814078537
2022-07-14,59.0,59.19,55.85,56.2,54519966.0,3101127519.0,6841374436.999999,0.007969153932745051
2022-07-15,55.8,56.58,55.15,55.2,30267863.0,1686983214.0,6841374436.999999,0.004424237158589542
2022-07-18,55.2,55.88,54.0,55.29,23549370.0,1297826117.0,6841374436.999999,0.0034421986717520755
2022-07-19,55.1,55.66,54.76,55.03,19709717.0,1084831637.0,6849502074.0,0.002877540117086181
2022-07-20,55.47,56.35,55.1,55.43,21705190.0,1207951154.0,6849502074.0,0.0031688712209301537
2022-07-21,55.5,55.9,54.8,54.89,16384697.0,902059284.0,6849502074.0,0.0023921004509502393
2022-07-22,54.65,55.47,54.3,55.09,18646088.0,1022770983.0,6849502074.0,0.0027222545228183254
2022-07-25,55.1,56.72,55.01,56.45,36027403.0,2023496096.0,6849502074.0,0.005259857229149004
2022-07-26,56.5,57.86,56.37,57.4,26304234.0,1507831169.0,6849502074.0,0.0038403133126783252
2022-07-27,57.2,57.25,55.77,55.92,24440950.0,1372601235.0,6849502074.0,0.003568281275915707
2022-07-28,56.0,56.14,55.51,55.75,14614702.0,815071057.0,6849502074.0,0.0021336882363282863
2022-07-29,55.95,56.2,54.78,54.98,23747370.0,1312270362.0,6849502074.0,0.0034670213605953277
2022-08-01,55.25,55.3,54.08,54.61,18646747.0,1017042234.0,6849502074.0,0.002722350734191485
2022-08-02,54.08,54.1,52.9,53.6,26048594.0,1393045271.0,6849502074.0,0.0038029908916850704
2022-08-03,53.21,54.01,52.08,52.25,31878019.0,1682530016.0,6849502074.0,0.004654063705010859
2022-08-04,52.4,52.77,52.1,52.5,13529107.0,709252637.0,6849502074.0,0.0019751956936191156
2022-08-05,52.74,52.97,52.08,52.97,19819083.0,1039336002.0,6849502074.0,0.002893507117142308
2022-08-08,52.55,52.97,52.33,52.43,21808178.0,1144520138.0,6849502074.0,0.00318390705840963
2022-08-09,52.45,53.06,52.25,52.66,16051580.0,846230165.0,6849502074.0,0.002343466696788097
2022-08-10,52.63,52.63,51.77,51.83,16302356.0,847521283.0,6849502074.0,0.002380078993169745
2022-08-11,52.3,52.98,51.88,52.92,22953884.0,1206195924.0,6849502074.0,0.0033511755675103105
2022-08-12,52.71,53.46,52.43,53.16,16987856.0,899862141.0,6849502074.0,0.002480159260697816
2022-08-15,53.17,53.6,52.52,52.8,18323472.0,969855784.0,6849502074.0,0.002675153872798141
2022-08-16,52.82,52.89,52.3,52.6,16335748.0,858701197.0,6849502074.0,0.002384954092065875
2022-08-17,52.66,53.88,52.11,53.43,23843481.0,1266823797.0,6849502074.0,0.0034810531834872176
2022-08-18,53.1,53.25,52.41,52.62,14088456.0,742672220.0,6849502074.0,0.0020568584179977575
2022-08-19,52.68,52.81,52.25,52.61,13215250.0,695288655.0,6849502074.0,0.0019293738226846765
2022-08-22,52.46,53.55,52.29,53.04,23817591.0,1266026528.0,6849502074.0,0.003477273346687361
2022-08-23,52.95,53.1,52.0,52.12,22034863.0,1151798157.0,6849502074.0,0.0032170021648204265
2022-08-24,52.1,52.18,51.31,51.39,21584197.0,1113905675.0,6849502074.0,0.0031512067252204177
2022-08-25,51.39,52.41,50.97,52.23,20989258.0,1083006134.0,6849502074.0,0.0030643480027070943
2022-08-26,52.48,52.66,51.89,52.23,16040627.0,837907694.0,6849502074.0,0.0023418676024478564
2022-08-29,51.6,52.87,51.51,52.28,16456070.0,857943932.0,6849502074.0,0.002402520624450285
2022-08-30,52.49,53.21,52.08,52.3,20270847.0,1065091301.0,6849502074.0,0.002959462860365578
2022-08-31,52.1,53.65,52.09,53.24,46283836.0,2459353194.0,6849502074.0,0.006757255563975759
2022-09-01,53.23,55.5,53.23,55.11,64210545.0,3521209362.0,6849502074.0,0.009374483620311113
2022-09-02,55.11,55.11,53.17,53.65,36746048.0,1976289178.0,6849502074.0,0.005364776534557773
2022-09-05,53.1,54.0,52.88,53.8,19027545.0,1017336572.0,6849502074.0,0.002777945724292367
2022-09-06,53.81,54.21,53.4,53.46,17796217.0,953823605.0,6849502074.0,0.002598176744489588
2022-09-07,53.67,53.69,52.98,53.05,20995308.0,1116835915.0,6849502074.0,0.003065231278591186
2022-09-08,53.05,53.75,53.05,53.37,15365677.0,822398889.0,6849502074.0,0.002243327592866424
2022-09-09,53.37,55.63,53.26,55.44,52388062.0,2884912065.0,6851257544.0,0.007646488496973658
2022-09-13,55.44,56.9,55.07,56.49,34602446.0,1947119369.0,6851257544.0,0.00505052477998045
2022-09-14,55.5,56.25,55.4,55.93,18747266.0,1046314871.0,6851257544.0,0.002736324810387248
2022-09-15,55.89,57.2,55.69,56.34,28969848.0,1636891139.0,6851257544.0,0.004228398628127824
2022-09-16,55.99,56.1,54.9,55.12,25993997.0,1439024736.0,6851257544.0,0.003794047564707925
2022-09-19,54.67,55.44,54.12,54.98,20360049.0,1115777266.0,6851257544.0,0.0029717243687372905
2022-09-20,54.85,55.1,53.3,53.52,35065981.0,1883992924.0,6851257544.0,0.005118181702380914
2022-09-21,54.43,54.46,52.34,52.85,26775169.0,1414578653.0,6851257544.0,0.003908066340820656
2022-09-22,52.74,52.75,51.29,51.5,40143184.0,2075058537.0,6851257544.0,0.005859243174292208
2022-09-23,51.11,51.89,51.0,51.34,17517602.0,899511432.0,6851257544.0,0.00255684476718308
2022-09-26,51.0,52.0,50.89,51.05,20553286.0,1055235704.0,6851257544.0,0.0029999289718716784
2022-09-27,51.15,51.88,50.3,51.68,24764967.0,1268264653.0,6851257544.0,0.003614660059259918
2022-09-28,51.5,51.77,51.1,51.17,13557668.0,697308166.0,6851257544.0,0.001978858320962281
2022-09-29,51.47,51.76,50.3,50.5,25319493.0,1286757816.0,6851257544.0,0.003695597901172696
2022-09-30,50.13,50.57,49.31,49.31,35563830.0,1767860148.0,6851257544.0,0.0051908470483853116
2022-10-10,49.31,49.99,48.46,48.7,26014496.0,1282724398.0,6851257544.0,0.003797039570170915
2022-10-11,48.69,48.85,48.0,48.37,22003690.0,1061344410.0,6851257544.0,0.003211627917749168
2022-10-12,48.05,48.3,47.0,48.27,24097124.0,1147459231.0,6851257544.0,0.0035171826259987986
2022-10-13,47.99,48.0,47.01,47.06,27745374.0,1314811925.0,6851257544.0,0.00404967611008844
2022-10-14,47.25,48.25,47.1,47.99,31338771.0,1498957703.0,6851257544.0,0.00457416332676692
2022-10-17,47.71,47.85,47.3,47.67,23501711.0,1116822628.0,6851257544.0,0.003430276974565299
2022-10-18,47.98,48.15,47.33,47.44,27008601.0,1286487097.0,6851257544.0,0.0039421377501204615
2022-10-19,47.36,47.36,45.17,45.22,55654921.0,2560635750.0,6851257544.0,0.008123314682388475
2022-10-20,44.8,45.28,43.86,44.38,36647844.0,1635034406.0,6852134071.0,0.005348383966259962
2022-10-21,44.39,44.78,43.77,44.0,27243190.0,1202555595.0,6852134071.0,0.003975869374083063
2022-10-24,43.7,44.32,42.3,42.39,45916936.0,1972598643.0,6852134071.0,0.00670111464898685
2022-10-25,42.8,42.95,41.98,42.02,41440111.0,1755695125.0,6852134071.0,0.006047767100090065
2022-10-26,42.2,43.21,42.16,42.46,36281405.0,1546847301.0,6852134071.0,0.005294905882468393
2022-10-27,42.7,43.0,42.3,42.58,22640281.0,965896179.0,6852134071.0,0.003304121134438906
2022-10-28,42.21,42.38,40.62,40.76,40175030.0,1664548587.0,6852134071.0,0.00586314126135259
2022-10-31,40.73,40.8,40.1,40.18,34553505.0,1396541436.0,6852134071.0,0.005042736269017174
2022-11-01,40.58,41.6,40.09,41.6,48067142.0,1965965682.0,6852134071.0,0.007014915572570676
2022-11-02,41.4,42.6,41.22,42.08,38019949.0,1594625960.0,6852134071.0,0.005548628880586303
2022-11-03,41.8,41.87,41.2,41.58,28853488.0,1197662698.0,6852134071.0,0.004210876159314426
2022-11-04,41.63,43.35,41.58,43.09,45749125.0,1955851185.0,6852134071.0,0.006676624322577415
2022-11-07,43.0,43.26,42.51,43.06,33159614.0,1424760638.0,6852134071.0,0.004839311907269889
2022-11-08,43.12,43.29,42.58,43.0,30558188.0,1312592117.0,6852134071.0,0.004459659966276804
2022-11-09,43.39,43.85,42.95,43.04,22990425.0,995215200.0,6852134071.0,0.0033552211269918687
2022-11-10,42.75,42.98,42.53,42.97,22305399.0,954033824.0,6852134071.0,0.0032552484771718355
2022-11-11,44.53,46.2,43.71,45.63,82883508.0,3734773540.0,6852134071.0,0.012096013758806092
2022-11-14,47.92,49.11,47.3,47.8,100020407.0,4791202404.0,6852134071.0,0.0145969716826342
2022-11-15,48.5,49.58,47.7,49.07,51228792.0,2501777032.0,6852134071.0,0.007476326567632917
2022-11-16,49.4,49.4,48.16,48.46,25992649.0,1264627973.0,6852134071.0,0.0037933655019985087
2022-11-17,48.39,49.1,47.68,47.96,19284595.0,927024366.0,6852134071.0,0.0028143925381754254
2022-11-18,48.36,48.54,47.68,47.97,16067621.0,772609930.0,6852134071.0,0.0023449075621567767
2022-11-21,47.47,47.47,46.24,46.34,34523382.0,1604372658.0,6852134071.0,0.005038340120359271
2022-11-22,46.4,47.04,45.9,46.3,23569157.0,1092152104.0,6852134071.0,0.003439681237375485
2022-11-23,46.23,46.54,46.02,46.28,14255219.0,659509322.0,6852134071.0,0.0020804057323296934
2022-11-24,46.75,47.2,45.78,45.91,21379992.0,987544043.0,6852134071.0,0.0031201946398692992
2022-11-25,45.91,47.09,45.83,46.69,24697464.0,1150838919.0,6852134071.0,0.0036043462874618933
2022-11-28,45.68,46.45,45.23,46.29,22655140.0,1036165230.0,6852134071.0,0.0033062896559310478
2022-11-29,48.0,48.78,46.92,48.42,38928672.0,1868785967.0,6852134071.0,0.005681247856015571
2022-11-30,48.18,48.98,47.49,47.87,27287554.0,1310967680.0,6852134071.0,0.003982343853353362
2022-12-01,48.81,49.33,48.27,48.31,27604487.0,1344223508.0,6852134071.0,0.004028597034729561
2022-12-02,48.04,48.6,47.76,48.04,17015014.0,818020498.0,6852134071.0,0.002483170034867229
2022-12-05,48.49,50.0,48.4,49.7,36106842.0,1785930108.0,6852134071.0,0.005269430169618758
2022-12-06,49.69,50.66,49.02,50.0,32526956.0,1629245814.0,6852134071.0,0.004746981839958806
2022-12-07,50.0,51.68,49.5,51.25,43656379.0,2229128245.0,6852134071.0,0.006371209107650865
2022-12-08,51.35,52.48,50.84,51.75,39078018.0,2028801619.0,6852134071.0,0.005703043401527746
2022-12-09,51.96,54.33,51.81,54.3,69940581.0,3745342826.0,6852134071.0,0.01020712383547873
2022-12-12,53.7,54.97,53.3,54.43,46663287.0,2533376175.0,6852134071.0,0.006810037065312408
2022-12-13,54.21,54.4,53.65,53.95,30619330.0,1650838607.0,6852134071.0,0.004468583025774249
2022-12-14,53.45,55.06,53.45,54.89,26085029.0,1420701035.0,6852134071.0,0.0038068474331812295
2022-12-15,54.9,55.8,53.25,53.63,27804272.0,1498675160.0,6852134071.0,0.004057753644616332
2022-12-16,53.28,54.15,52.77,54.0,19744959.0,1058833013.0,6853080880.0,0.0028811799168493107
2022-12-19,54.0,54.38,53.28,53.68,16076366.0,864239617.0,6853080880.0,0.002345859662464687
2022-12-20,53.0,53.09,51.55,51.57,27245386.0,1417537681.0,6853080880.0,0.003975640515131349
2022-12-21,51.29,52.49,51.29,51.68,13074160.0,679672974.0,6853080880.0,0.0019077784472317507
2022-12-22,51.94,53.28,51.77,52.2,22812320.0,1199123082.0,6853080880.0,0.0033287685348315924
2022-12-23,51.98,53.15,51.43,52.38,16343914.0,860296627.0,6853080880.0,0.0023849002056429837
2022-12-26,52.68,52.88,51.36,51.5,15387918.0,795665125.0,6853080880.0,0.002245401487221321
2022-12-27,51.79,53.03,51.41,52.94,17339127.0,911438654.0,6853080880.0,0.0025301214597659907
2022-12-28,52.43,52.75,51.9,52.05,16322911.0,852152449.0,6853080880.0,0.002381835452670157
2022-12-29,51.62,52.19,51.02,51.73,11995050.0,619844870.0,6853080880.0,0.0017503149619912263
2022-12-30,51.8,52.5,51.7,51.8,12773275.0,665300213.0,6853080880.0,0.0018638733766118925
2023-01-03,52.0,52.23,51.23,51.88,16362802.0,846525405.0,6853658060.0,0.002387455262102761
2023-01-04,51.69,53.83,51.65,53.75,26134113.0,1390708575.0,6853658060.0,0.003813162660175083
2023-01-05,54.0,54.99,53.95,54.91,29421668.0,1608128838.0,6853658060.0,0.004292841536947059
2023-01-06,54.97,55.16,53.91,54.01,19500149.0,1058139217.0,6853658060.0,0.0028452176675998336
2023-01-09,54.1,54.45,53.4,54.11,20427678.0,1101325466.0,6853658060.0,0.002980551089821951
2023-01-10,53.99,54.4,53.43,53.5,15434014.0,829875435.0,6853658060.0,0.0022519381423589725
2023-01-11,53.45,55.18,53.4,54.5,21461041.0,1171606255.0,6853658060.0,0.0031313264846481123
2023-01-12,54.3,55.0,54.01,54.77,14581825.0,797908670.0,6853658060.0,0.002127597389940402
2023-01-13,54.87,56.0,54.5,55.95,26580330.0,1471250757.0,6853658060.0,0.003878269059720204
2023-01-16,56.03,58.36,56.02,57.7,33018079.0,1899010907.0,6853658060.0,0.004817584815429207
2023-01-17,57.69,58.18,57.15,58.0,18811356.0,1087194817.0,6853658060.0,0.0027447176143479794
2023-01-18,58.0,58.5,57.37,57.6,13035753.0,751785488.0,6853658060.0,0.0019020139151791882
2023-01-19,57.46,57.55,56.7,57.38,19467945.0,1110365667.0,6853658060.0,0.0028405188630026283
2023-01-20,57.46,57.84,56.96,57.08,10860828.0,621198692.0,6853658060.0,0.0015846760817244507
2023-01-30,57.44,58.08,55.59,55.65,25619569.0,1445902234.0,6853658060.0,0.003738086840007889
2023-01-31,55.4,56.15,55.0,55.2,23259835.0,1290578245.0,6853658060.0,0.0033937839904431997
2023-02-01,55.29,55.99,54.45,55.5,26724709.0,1474820029.0,6853658060.0,0.003899335036274045
2023-02-02,55.45,55.6,53.62,53.96,36767804.0,1990832647.0,6853658060.0,0.0053646977538298725
2023-02-03,53.7,53.95,52.86,53.31,20830020.0,1109569943.0,6853658060.0,0.0030392557985304564
2023-02-06,52.81,52.81,51.08,51.25,42185653.0,2172641979.0,6853658060.0,0.006155202467162477
2023-02-07,51.36,51.7,51.1,51.5,20900869.0,1075310677.0,6853658060.0,0.0030495931978258045
2023-02-08,51.39,51.5,50.86,51.01,19101762.0,976761616.0,6853658060.0,0.0027870900229883954
2023-02-09,50.8,51.73,50.49,51.53,22738253.0,1167989709.0,6853658060.0,0.003317681273407445
2023-02-10,51.35,51.75,51.29,51.62,13988866.0,720948239.0,6853658060.0,0.002041080234458035
2023-02-13,51.5,52.58,51.03,52.44,30639111.0,1588991529.0,6853658060.0,0.004470475581327732
2023-02-14,52.45,52.65,51.81,52.21,21437513.0,1116499050.0,6853658060.0,0.0031278935733773682
2023-02-15,52.2,52.21,51.18,51.35,17948800.0,924114015.0,6853658060.0,0.002618864239048424
2023-02-16,51.1,51.75,50.8,51.28,21698675.0,1115558778.0,6853658060.0,0.0031659990635716077
2023-02-17,51.05,51.5,51.02,51.38,15806609.0,811189152.0,6853658060.0,0.002306302541157123
2023-02-20,51.5,53.69,51.11,53.3,38313606.0,2019572889.0,6853658060.0,0.005590241833570553
2023-02-21,53.3,53.8,52.73,53.54,25649338.0,1369820914.0,6853658060.0,0.0037424303598828797
2023-02-22,53.0,53.18,52.41,52.78,22911545.0,1208465938.0,6853658060.0,0.003342965873030438
2023-02-23,52.79,53.88,52.79,53.37,24010720.0,1283774547.0,6853658060.0,0.0035033437311577814
2023-02-24,53.18,53.39,52.82,52.98,16927779.0,898514540.0,6853658060.0,0.002469889634383073
2023-02-27,52.6,52.98,51.86,52.4,16947143.0,888727921.0,6853658060.0,0.0024727149868927077
2023-02-28,52.02,53.14,52.02,52.46,19404536.0,1019960547.0,6853658060.0,0.00283126701538419
2023-03-01,52.51,54.99,52.51,54.62,43297470.0,2350199969.0,6853658060.0,0.006317424887695666
2023-03-02,54.6,55.68,54.15,54.85,25548979.0,1408679946.0,6853658060.0,0.0037277872307507564
2023-03-03,55.25,55.84,54.66,55.2,19741500.0,1090871927.0,6853658060.0,0.0028804325846393335
2023-03-06,54.84,55.0,53.81,53.83,25935684.0,1403695330.0,6853658060.0,0.003784210384140466
2023-03-07,53.84,54.37,52.7,52.86,19473791.0,1041648712.0,6853658060.0,0.00284137183815091
2023-03-08,52.65,52.8,52.07,52.29,14494798.0,759112018.0,6853658060.0,0.002114899499377709
2023-03-09,52.29,53.25,52.27,52.7,13013102.0,688042450.0,6853658060.0,0.0018987089647714349
2023-03-10,52.24,52.5,51.02,51.15,19213389.0,991798894.0,6853658060.0,0.002803377237644097
2023-03-13,51.01,52.24,51.0,52.06,19483658.0,1009855801.0,6853658060.0,0.0028428115072901667
2023-03-14,51.72,51.91,50.7,51.15,16501073.0,844706515.0,6853658060.0,0.0024076300357476544
2023-03-15,51.5,51.63,50.4,50.46,20945617.0,1067097771.0,6853658060.0,0.003056122265895477
2023-03-16,50.08,50.39,49.65,50.04,12181953.0,610120756.0,6853658060.0,0.0017774381058047709
2023-03-17,50.5,51.18,50.06,50.33,20123077.0,1018389815.0,6853658060.0,0.0029361075244538825
2023-03-20,50.18,51.13,50.1,50.44,16301524.0,826038623.0,6853658060.0,0.0023785143433315667
2023-03-21,50.55,52.14,50.55,52.1,23146646.0,1191368462.0,6853658060.0,0.0033772688682983405
2023-03-22,52.2,52.27,51.3,51.7,13554248.0,700825341.0,6853658060.0,0.0019776662158135154
2023-03-23,51.48,52.0,51.39,51.82,12379007.0,641022829.0,6853658060.0,0.0018061897590496367
2023-03-24,51.82,52.17,51.64,52.09,13277563.0,689957504.0,6853658060.0,0.0019372958037535944
2023-03-27,52.09,52.46,51.7,51.85,12768345.0,663222020.0,6853658060.0,0.0018629970868432849
2023-03-28,51.7,52.08,51.06,51.09,12867893.0,660858734.0,6853658060.0,0.001877521885006326
2023-03-29,51.38,51.57,51.1,51.4,12803042.0,656903325.0,6853658060.0,0.001868059638796745
2023-03-30,51.35,54.8,51.3,54.47,57157412.0,3061435505.0,6853658060.0,0.008339694145756667
2023-03-31,54.11,54.62,53.36,53.81,27788750.0,1500198904.0,6880114243.0,0.004038995432128612
2023-04-03,55.0,55.4,54.2,54.69,37391478.0,2056019795.0,6880114243.0,0.005434717604877422
2023-04-04,54.5,54.72,53.75,54.63,17989125.0,975597257.0,6880114243.0,0.002614654984588749
2023-04-06,54.42,55.0,53.75,54.02,15243479.0,827518348.0,6880114243.0,0.0022155851576896556
2023-04-07,53.91,55.27,53.91,54.68,15864067.0,869954356.0,6880114243.0,0.0023057854040927444
2023-04-10,54.4,55.06,54.01,54.76,15649255.0,853817627.0,6880114243.0,0.0022745632481207625
2023-04-11,54.41,56.37,54.4,55.84,32436552.0,1815026843.0,6880114243.0,0.00471453683098384
2023-04-12,55.84,56.75,55.4,55.5,22302460.0,1251325789.0,6880114243.0,0.0032415828011418675
2023-04-13,55.05,55.29,54.14,54.14,18259494.0,994810155.0,6880114243.0,0.0026539521518233024
2023-04-14,54.18,54.65,53.83,53.94,14212447.0,771635252.0,6880114243.0,0.0020657283437495386
2023-04-17,53.91,55.58,53.89,55.42,26228048.0,1444699532.0,6880114243.0,0.0038121529779371137
2023-04-18,55.2,57.4,55.17,56.78,38706349.0,2197663192.0,6880114243.0,0.00562582940237959
2023-04-19,56.78,57.25,56.05,56.08,19188658.0,1084909581.0,6880114243.0,0.0027890028162719854
2023-04-20,56.18,58.04,56.18,57.04,36794925.0,2114956905.0,6880114243.0,0.005348010759768426
2023-04-21,57.4,58.6,56.75,56.85,39892402.0,2311553652.0,6880114243.0,0.005798217964271091
2023-04-24,56.2,58.75,56.01,57.03,33992120.0,1960933654.0,6880114243.0,0.004940633076635963
2023-04-25,57.0,58.04,55.65,57.65,42962096.0,2450369691.0,6880114243.0,0.006244387009083564
2023-04-26,57.02,57.35,55.97,56.7,23934184.0,1357589707.0,6880114243.0,0.003478748049038755
2023-04-27,56.17,57.75,56.17,57.26,15777059.0,898336283.0,6880114243.0,0.002293139102457779
2023-04-28,57.25,57.35,56.21,56.78,15690551.0,891005835.0,6880114243.0,0.002280565474034673
2023-05-04,57.22,58.45,55.85,56.58,26856562.0,1525949937.0,6880114243.0,0.003903505240094601
2023-05-05,56.4,56.4,54.08,55.33,34212287.0,1879206731.0,6880114243.0,0.0049726335627069615
2023-05-08,55.33,55.99,54.47,55.01,20872170.0,1151128787.0,6880114243.0,0.003033695264760446
2023-05-09,54.8,55.56,54.01,54.8,18139372.0,995439011.0,6880114243.0,0.002636492848713297
2023-05-10,54.5,56.0,53.88,55.4,17462598.0,965082241.0,6880114243.0,0.002538126168147118
2023-05-11,55.55,56.72,55.34,55.45,12622453.0,706491978.0,6880114243.0,0.001834628402114456
2023-05-12,55.33,57.49,55.31,55.82,16559010.0,935578508.0,6880537283.0,0.002406644905611218
2023-05-15,55.86,56.74,55.01,56.59,14066647.0,786956985.0,6880537283.0,0.002044411129746363
2023-05-16,56.59,57.24,55.11,55.35,13612588.0,760273937.0,6880537283.0,0.001978419335599435
2023-05-17,55.22,56.4,54.81,55.02,9076272.0,501402350.0,6880537283.0,0.001319122566550883
2023-05-18,55.15,55.42,54.55,55.0,11069523.0,609452710.0,6880537283.0,0.001608816658453386
2023-05-19,54.66,56.86,54.66,55.8,20384343.0,1140023139.0,6880537283.0,0.0029626091919252233
2023-05-22,55.8,56.95,55.8,56.71,15199783.0,860397294.0,6880537283.0,0.0022090982687579747
2023-05-23,56.69,56.95,55.88,55.95,15585136.0,878179042.0,6880537283.0,0.0022651045055023214
2023-05-24,55.82,55.89,53.5,53.6,26674242.0,1447402650.0,6880537283.0,0.0038767673079695454
2023-05-25,53.4,54.49,52.68,54.01,17143391.0,923732853.0,6880596777.999999,0.0024915558276593437
2023-05-26,54.01,54.45,53.48,54.26,11166052.0,602101038.0,6880596777.999999,0.0016228319083749106
2023-05-29,54.27,54.69,53.08,53.45,17433449.0,936727538.0,6880596777.999999,0.0025337117640350125
2023-05-30,53.45,53.66,51.79,52.33,32084604.0,1678415610.0,6880596777.999999,0.004663055405686208
2023-05-31,52.59,52.7,51.1,51.33,28064959.0,1445385156.0,6880596777.999999,0.004078855353031996
2023-06-01,49.02,49.8,48.53,48.89,34893493.0,1711949689.0,6880596777.999999,0.0050712887451228586
2023-06-02,50.0,52.1,49.99,51.8,49939227.0,2566107482.0,6880596777.999999,0.007257979011308371
2023-06-05,52.51,54.15,51.59,53.94,39939970.0,2119331989.0,6880596777.999999,0.0058047246901175705
2023-06-06,53.94,55.31,53.05,54.21,34261827.0,1866611024.0,6880596777.999999,0.004979484789684039
2023-06-07,55.5,55.77,54.49,55.25,36908674.0,2035955381.0,6880596777.999999,0.00536416755564164
2023-06-08,55.7,57.11,55.2,56.89,47553147.0,2680031436.0,6880596777.999999,0.0069111951381959046
2023-06-09,57.5,57.76,55.77,56.11,41065187.0,2319633365.0,6880596777.999999,0.005968259487505752
2023-06-12,56.12,57.82,55.7,57.35,39621001.0,2256003427.0,6880596777.999999,0.005758366937978996
2023-06-13,57.26,57.77,56.26,56.61,24850143.0,1409611782.0,6880596777.999999,0.0036116261135161675
2023-06-14,57.23,57.98,56.62,57.08,36000680.0,2057761143.0,6880596777.999999,0.005232203130273303
2023-06-15,57.26,58.58,57.01,58.0,31276544.0,1814552067.0,6880596777.999999,0.004545615011186752
2023-06-16,58.4,58.99,57.4,58.35,30006082.0,1745695208.0,6880596777.999999,0.004360970852984928
2023-06-19,58.0,58.14,56.7,56.81,28911037.0,1651975820.0,6880596777.999999,0.004201821140346441
2023-06-20,56.92,58.92,56.8,57.58,24381022.0,1413907766.0,6880596777.999999,0.003543445835680389
2023-06-21,58.0,59.6,57.4,58.28,45130347.0,2649838248.0,6880596777.999999,0.0065590745186957684
2023-06-26,59.83,59.95,57.8,58.14,33558138.0,1957482192.0,6880596777.999999,0.004877213282908642
2023-06-27,58.22,60.15,57.88,59.69,48123655.0,2851634265.0,6880596777.999999,0.0069941106204436275
2023-06-28,59.45,60.52,59.21,59.7,32790073.0,1964640593.0,6880596777.999999,0.004765585610952075
2023-06-29,59.72,59.79,58.22,59.14,27678349.0,1635162204.0,6880596777.999999,0.004022666912919338
2023-06-30,59.23,59.82,58.56,58.92,26487591.0,1563113127.0,6880596777.999999,0.0038496066336413362
2023-07-03,58.88,60.38,58.33,59.06,31876184.0,1892919808.0,6883595588.0,0.004630746183806753
2023-07-04,59.28,59.6,58.12,58.9,21944569.0,1290009362.0,6883595588.0,0.0031879515174097995
2023-07-05,59.09,59.33,58.42,59.12,18701574.0,1103273064.0,6883595588.0,0.002716832178898189
2023-07-06,59.13,59.75,58.3,58.37,16957694.0,995554523.0,6883595588.0,0.002463493647064613
2023-07-07,58.04,58.59,57.2,57.75,29379608.0,1698410265.0,6883894754.999999,0.004267875824025436
2023-07-10,57.82,57.93,56.04,56.63,32085974.0,1818167156.0,6883894754.999999,0.004661020416777131
2023-07-11,56.8,57.08,56.4,56.66,15802795.0,896629010.0,6883894754.999999,0.0022956183327064827
2023-07-12,56.9,58.08,56.4,57.09,18781502.0,1079865899.0,6883894754.999999,0.0027283249771298985
2023-07-13,57.2,58.32,57.2,57.8,16930674.0,978559177.0,6889429175.0,0.002457485746632993
2023-07-14,57.75,58.27,57.02,57.46,10500005.0,603243716.0,6871190925.0,0.001528120105322208
2023-07-17,57.2,57.2,56.3,57.13,9042488.0,512387287.0,6871190925.0,0.0013160001080889773
2023-07-18,57.4,57.4,55.67,56.74,23988228.0,1351665336.0,6882643297.0,0.0034853219852982887
2023-07-19,56.89,58.35,56.67,58.13,27804425.0,1601948634.0,6882643297.0,0.0040397887555961775
2023-07-20,57.9,58.65,57.44,57.53,14051590.0,815686031.0,6882643297.0,0.0020415978852376085
2023-07-21,57.55,58.08,56.99,57.13,12070921.0,693513021.0,6882643297.0,0.0017538205132992236
2023-07-24,57.13,57.36,56.13,56.77,11588757.0,657937835.0,6882643297.0,0.0016837654517198786
2023-07-25,57.86,59.28,57.8,58.98,37648119.0,2216891659.0,6882643297.0,0.005470008741613855
2023-07-26,58.81,59.54,58.48,58.58,18752582.0,1105031414.0,6882643297.0,0.00272461918928355
2023-07-27,58.55,59.12,58.35,58.48,15197044.0,893501893.0,6882643297.0,0.002208024351141962
2023-07-28,58.7,59.82,58.11,59.74,24004126.0,1424164599.0,6882643297.0,0.003487631853660482
2023-07-31,60.95,61.3,59.15,59.32,32518268.0,1952524583.0,6882643297.0,0.004724677220185744
2023-08-01,59.32,59.69,58.13,58.25,20418627.0,1197877269.0,6882643297.0,0.002966683891478155
2023-08-02,58.1,58.82,57.77,58.3,23543608.0,1370719586.0,6882643297.0,0.0034207218046970653
2023-08-03,57.98,58.2,56.99,57.98,23362911.0,1344124458.0,6882643297.0,0.0033944677926550986
2023-08-04,58.3,58.99,57.81,57.92,19663692.0,1147020985.0,6882643297.0,0.0028569971087374223
2023-08-07,57.79,58.19,57.34,57.88,15370696.0,887391729.0,6882643297.0,0.002233254773888945
2023-08-08,57.5,57.55,56.96,57.0,13635468.0,779253638.0,6882643297.0,0.001981138264995284
2023-08-09,57.19,57.7,57.04,57.56,15143409.0,868904097.0,6882643297.0,0.002200231560249635
2023-08-10,57.21,57.3,55.5,56.35,38530464.0,2159087492.0,6882643297.0,0.005598207307473659
2023-08-11,56.29,56.45,55.14,55.18,25533312.0,1419423215.0,6882643297.0,0.0037098118990315006
2023-08-14,54.5,55.57,54.28,55.44,19516687.0,1073370152.0,6882643297.0,0.002835638308977441
2023-08-15,55.31,55.56,54.6,55.16,16370434.0,901353362.0,6882643297.0,0.002378509722730441
2023-08-16,54.8,55.36,54.36,55.23,15358726.0,843256905.0,6882643297.0,0.0022315156164920747
2023-08-17,54.9,55.94,54.53,55.84,15216504.0,842880581.0,6882643297.0,0.0022108517532257637
2023-08-18,55.78,55.85,54.63,54.79,13463834.0,741138399.0,6882643297.0,0.001956201043553805
2023-08-21,54.61,55.36,54.35,54.38,13117158.0,718680501.0,6882643297.0,0.0019058314420736426
2023-08-22,54.3,54.68,53.41,54.37,23054276.0,1249497364.0,6882643297.0,0.003349625282781817
2023-08-23,54.12,54.66,53.6,53.72,15798313.0,854634875.0,6882643297.0,0.002295384537345725
2023-08-24,53.99,55.45,53.5,55.05,25583579.0,1398433375.0,6882643297.0,0.0037171153430472486
2023-08-25,54.95,55.99,54.52,55.26,16472788.0,907722078.0,6882643297.0,0.0023933810440503497
2023-08-28,57.3,57.98,55.78,56.16,28800377.0,1624044691.0,6882643297.0,0.004184493625080567
2023-08-29,55.88,56.49,55.55,56.05,21787121.0,1221870560.0,6882643297.0,0.003165516511584517
2023-08-30,56.04,57.18,55.71,56.82,23366421.0,1323189377.0,6882643297.0,0.0033949777711398954
2023-08-31,57.3,57.8,56.48,56.51,28083765.0,1596998960.0,6882643297.0,0.0040803749065771175
2023-09-01,57.0,58.5,56.99,57.93,26650564.0,1541478628.0,6882643297.0,0.003872140811309577
2023-09-04,58.5,58.8,57.62,58.22,20090011.0,1169057320.0,6882643297.0,0.002918938281859938
2023-09-05,58.26,58.49,57.61,57.78,15309015.0,887170820.0,6882643297.0,0.002224292955393007
2023-09-06,57.51,58.0,56.88,57.18,20888335.0,1194824718.0,6882643297.0,0.0030349291832550422
2023-09-07,57.09,57.12,56.5,56.57,13639911.0,774015905.0,6882643297.0,0.001981783801863646
2023-09-08,56.74,56.83,55.81,56.08,8400181.0,471931158.0,6882643297.0,0.0012204876291731497
2023-09-11,56.31,56.88,56.01,56.43,14072130.0,793322668.0,6882643297.0,0.0020445822037782704
2023-09-12,56.42,57.72,56.3,57.21,16403440.0,937947089.0,6882643297.0,0.0023833052640037174
2023-09-13,57.1,57.54,56.7,57.0,10743402.0,613122121.0,6882643297.0,0.0015609412745075462
2023-09-14,57.01,57.26,56.26,56.55,10289465.0,581688866.0,6882643297.0,0.0014949873988798696
2023-09-15,56.64,56.69,55.3,55.79,16451182.0,917665599.0,6882643297.0,0.0023902418431550458
2023-09-18,55.8,56.59,55.21,56.1,14427793.0,808841172.0,6882643297.0,0.0020962575535897338
2023-09-19,55.99,56.15,55.45,56.05,12366126.0,689874974.0,6882643297.0,0.0017967117379728418
2023-09-20,56.03,57.24,55.73,56.89,21380110.0,1210967114.0,6882643297.0,0.00310638065600743
2023-09-21,56.88,56.88,56.02,56.32,16769142.0,946858135.0,6882643297.0,0.0024364392103989056
2023-09-22,56.59,57.11,56.17,57.05,22170248.0,1259327923.0,6882643297.0,0.0032211821887767372
2023-09-25,56.89,56.89,56.23,56.63,16643159.0,941423313.0,6882643297.0,0.002418134760413111
2023-09-26,56.76,57.2,56.0,56.0,18934941.0,1067479335.0,6882643297.0,0.002751114678317463
2023-09-27,56.0,56.66,55.43,56.19,18810949.0,1054884218.0,6882643297.0,0.0027330995067257513
2023-09-28,56.39,56.5,55.41,55.48,17097578.0,953613284.0,6889712290.000001,0.0024816098670500503
2023-10-09,55.46,56.11,54.9,55.76,28659545.0,1591907096.0,6889712290.000001,0.004159759332998214
2023-10-10,55.49,55.77,54.42,54.77,21499637.0,1179223500.0,6889712290.000001,0.0031205420625771874
2023-10-11,54.75,55.89,54.5,54.77,20418379.0,1123573121.0,6889712290.000001,0.0029636040142976706
2023-10-12,55.0,55.48,54.61,55.28,17604242.0,970427692.0,6889712290.000001,0.0025551490772047895
2023-10-13,55.19,55.44,54.53,54.99,12996004.0,712981554.0,6889712290.000001,0.0018862912488904523
2023-10-16,54.8,55.41,54.8,55.08,15020214.0,826944835.0,6889712290.000001,0.0021800930674276383
2023-10-17,55.08,55.99,55.05,55.88,16830158.0,936368372.0,6889712290.000001,0.002442795474119863
2023-10-18,55.68,55.89,55.21,55.47,10637084.0,590623193.0,6889712290.000001,0.0015439083015758265
2023-10-19,55.29,55.29,54.18,54.23,20196084.0,1103206370.0,6889712290.000001,0.002931339241743576
2023-10-20,53.94,54.06,52.88,53.18,21089804.0,1123754128.0,6889712290.000001,0.0030610572854559647
2023-10-23,53.0,53.63,52.71,53.25,16864366.0,897561653.0,6889712290.000001,0.0024477605580827525
2023-10-24,53.01,53.49,52.2,53.18,25019782.0,1323069266.0,6889712290.000001,0.003631469783769446
2023-10-25,53.79,54.01,52.14,52.42,25856546.0,1364767551.0,6889712290.000001,0.0037529210091296855
2023-10-26,52.22,52.72,52.03,52.51,15165512.0,794020501.0,6889712290.000001,0.0022011821918909184
2023-10-27,52.36,54.0,52.21,53.74,25318794.0,1352282943.0,6889712290.000001,0.0036748695641106366
2023-10-30,53.33,54.64,53.33,54.5,16488474.0,892765170.0,6889712290.000001,0.0023932021114919442
2023-10-31,54.3,54.3,52.7,52.92,23807212.0,1263696550.0,6889712290.000001,0.003455472594197398
2023-11-01,52.81,53.46,52.7,53.01,18933823.0,1004719416.0,6889712290.000001,0.002748129704556937
2023-11-02,53.0,54.41,52.81,53.18,20085478.0,1072266180.0,6889712290.000001,0.002915285450911042
2023-11-03,53.12,53.35,52.72,52.8,17740644.0,939971081.0,6889712290.000001,0.00257494700116135
2023-11-06,53.0,53.3,52.7,53.14,24918224.0,1322403103.0,6889712290.000001,0.0036167292553227932
2023-11-07,53.1,53.28,52.58,53.1,18898188.0,999762782.0,6889712290.000001,0.002742957500189024
2023-11-08,52.65,52.99,52.51,52.85,21385728.0,1128009345.0,6889712290.000001,0.0031040088613047147
2023-11-09,52.88,53.33,52.35,52.45,14146893.0,743811714.0,6890652360.0,0.0020530556848466523
2023-11-10,52.3,52.86,52.25,52.7,13027077.0,685147777.0,6890652360.0,0.00189054335052828
2023-11-13,52.64,52.64,50.68,51.06,38291558.0,1957444236.0,6890652360.0,0.005557029436324662
2023-11-14,51.02,51.42,50.8,51.09,24802793.0,1266466646.0,6890652360.0,0.003599484011699583
2023-11-15,51.44,51.76,50.95,51.54,19636284.0,1010107978.0,6890652360.0,0.002849698834610777
2023-11-16,51.4,52.19,51.31,51.75,21605533.0,1121013155.0,6890652360.0,0.0031354844028149463
2023-11-17,51.6,51.97,51.21,51.86,13513422.0,697252680.0,6890652360.0,0.001961123750552988
2023-11-20,51.54,52.9,51.54,52.43,18219075.0,955124720.0,6890652360.0,0.0026440275968297434
2023-11-21,52.62,53.19,52.45,52.45,15845902.0,836507594.0,6890652360.0,0.0022996229053703124
2023-11-22,52.45,52.6,51.9,52.15,9786906.0,511071755.0,6890652360.0,0.0014203163196583031
2023-11-23,52.15,52.93,51.85,52.76,10103351.0,529662623.0,6890652360.0,0.0014662401282423715
2023-11-24,52.8,52.85,52.07,52.48,15724530.0,822539515.0,6890652360.0,0.0022820088982111993
2023-11-27,52.43,52.43,51.75,51.97,15922506.0,827425456.0,6890652360.0,0.0023107399950155084
2023-11-28,52.2,52.8,51.53,52.53,21787637.0,1138681641.0,6890652360.0,0.0031619120892640708
2023-11-29,52.53,52.58,51.72,52.01,12426538.0,646048742.0,6891034767.999999,0.0018032905678701985
2023-11-30,51.81,52.0,51.41,51.67,12861862.0,664815261.0,6891034767.999999,0.0018664630832697028
2023-12-01,52.3,52.36,50.33,50.55,31604983.0,1604750727.0,6891034767.999999,0.004586391458473628
2023-12-04,50.48,50.79,49.84,50.09,22058672.0,1107559874.0,6891034767.999999,0.003201068162133528
2023-12-05,50.09,50.19,49.22,49.22,22510318.0,1120255577.0,6891034767.999999,0.0032666092623028836
2023-12-06,49.06,49.65,48.75,49.18,19114114.0,942351431.0,6891034767.999999,0.0027737654276191576
2023-12-07,49.36,50.49,49.22,50.22,25021860.0,1251685067.0,6891034767.999999,0.00363107440934624
2023-12-08,50.18,51.08,50.09,50.34,21811340.0,1102240031.0,6891034767.999999,0.0031651763101364174
2023-12-11,49.85,51.4,49.22,51.02,25201467.0,1272635678.0,6891034767.999999,0.0036571382743602497
2023-12-12,51.5,51.55,50.72,51.0,17204815.0,879672020.0,6891034767.999999,0.002496695428079141
2023-12-13,50.9,50.99,50.51,50.69,12858695.0,652164458.0,6891034767.999999,0.0018660035006225935
2023-12-14,50.91,51.47,50.58,50.89,16563410.0,847402713.0,6891034767.999999,0.0024036172443818965
2023-12-15,50.51,51.1,50.3,50.33,20470155.0,1034871742.0,6891034767.999999,0.002970548791171039
2023-12-18,50.03,51.18,49.75,51.09,22307469.0,1133044740.0,6891034767.999999,0.0032371726091978996
2023-12-19,51.08,51.08,50.46,50.75,16954533.0,859776400.0,6891034767.999999,0.002460375483625771
2023-12-20,50.75,51.4,50.52,51.03,25417029.0,1298397556.0,6891034767.999999,0.00368841978827758
2023-12-21,51.22,52.28,50.87,52.02,27421212.0,1422425462.0,6891034767.999999,0.0039792589826039325
2023-12-22,51.91,52.99,51.7,52.77,22728114.0,1194539708.0,6891034767.999999,0.003298214965558276
2023-12-25,52.62,53.25,52.43,52.67,11314960.0,598032182.0,6891034767.999999,0.0016419827182622049
2023-12-26,52.62,53.23,52.53,52.8,16152328.0,855413703.0,6891034767.999999,0.002343962633160234
2023-12-27,52.78,53.7,52.72,53.6,20306883.0,1081963247.0,6891034767.999999,0.00294685539743601
2023-12-28,53.44,54.16,53.25,54.05,24728048.0,1331261038.0,6891034767.999999,0.003588437561631528
2023-12-29,54.07,54.98,53.72,54.63,25937253.0,1410074987.0,6891034767.999999,0.0037639126594521347
2024-01-02,54.63,55.05,54.2,54.56,23905697.0,1305162004.0,6892205935.0,0.0034685117109751595
2024-01-03,54.59,54.8,54.1,54.45,20689673.0,1126649739.0,6892205935.0,0.003001894196883135
2024-01-04,54.66,55.32,54.45,55.25,26702502.0,1467886385.0,6892205935.0,0.003874304141784179
2024-01-05,55.2,56.08,54.85,55.6,30042877.0,1669357551.0,6892205935.0,0.004358963920018156
2024-01-08,55.6,55.6,54.62,55.0,27809739.0,1531117699.0,6892205935.0,0.004034954739059172
2024-01-09,54.71,55.33,54.11,55.17,21607041.0,1184711712.0,6892205935.0,0.0031349964298476815
2024-01-10,55.17,55.77,54.84,55.22,17820813.0,984854746.0,6893348860.000001,0.0025852185000252545
2024-01-11,55.22,55.49,54.73,55.0,21236920.0,1168392665.0,6893348860.000001,0.0030807841633014345
2024-01-12,54.9,55.71,54.58,55.0,24361080.0,1343879865.0,6893348860.000001,0.0035339978426683015
2024-01-15,54.84,55.98,54.66,55.88,19124097.0,1063527119.0,6893348860.000001,0.002774282484232199
2024-01-16,55.61,56.95,55.1,56.92,33730399.0,1903147107.0,6893348860.000001,0.00489318032280757
2024-01-17,56.63,57.29,56.37,56.37,26914126.0,1530395102.0,6893348860.000001,0.0039043615152244008
2024-01-18,56.79,56.99,55.08,56.4,39023100.0,2175726536.0,6893348860.000001,0.005660978545049292
2024-01-19,56.0,56.6,55.86,56.14,29937004.0,1681993909.0,6893348860.000001,0.0043428824810703105
2024-01-22,55.88,56.66,55.08,55.34,35980322.0,2017295149.0,6895386997.0,0.005218027938918306
2024-01-23,55.52,56.69,54.8,56.38,28848518.0,1612570166.0,6895386997.0,0.004183741683034067
2024-01-24,56.15,57.44,56.02,57.19,26463721.0,1503303923.0,6895386997.0,0.003837887708335103
2024-01-25,57.3,57.49,56.24,56.35,24963629.0,1412367268.0,6895386997.0,0.0036203376272950327
2024-01-26,56.35,57.75,56.35,57.51,32745737.0,1874299633.0,6895386997.0,0.004748933890765928
2024-01-29,57.9,59.48,57.69,58.69,37498736.0,2204469370.0,6895386997.0,0.005438235158710411
2024-01-30,58.7,59.2,58.0,58.22,27373299.0,1604993046.0,6895386997.0,0.003969798796196558
2024-01-31,57.91,58.94,57.42,58.25,25544153.0,1486711039.0,6895386997.0,0.0037045278257933287
2024-02-01,58.23,59.46,58.0,58.81,30340175.0,1785789271.0,6897901679.999999,0.00439846440374314
2024-02-02,58.5,58.88,57.31,58.25,28950504.0,1687829337.0,6897901679.999999,0.00419700154380861
2024-02-05,58.0,59.6,57.82,59.45,46160268.0,2724269122.0,6897901679.999999,0.0066919289577348695
2024-02-06,59.26,60.79,59.02,59.95,37946385.0,2279549238.0,6897901679.999999,0.005501149010288591
2024-02-07,59.29,61.17,59.03,61.11,46195919.0,2791586567.0,6831001663.0,0.006762685954275107
2024-02-08,61.29,62.36,59.98,60.29,34723180.0,2112587867.0,6831001663.0,0.005083175456987149
2024-02-19,61.7,61.7,59.81,60.6,35695854.0,2157379733.0,6831001663.0,0.00522556658027855
2024-02-20,60.3,61.79,59.67,61.7,29630917.0,1807531882.0,6831001663.0,0.0043377118703535585
2024-02-21,61.0,62.55,60.68,61.71,27797182.0,1719403866.0,6831001663.0,0.0040692688087843615
2024-02-22,61.21,61.79,61.03,61.35,19259055.0,1180530930.0,6831001663.0,0.002819360314947123
2024-02-23,61.68,62.1,59.32,59.62,43093597.0,2580957129.0,6831001663.0,0.006308532646597894
2024-02-26,59.85,61.5,59.85,60.3,34097731.0,2070387072.0,6831001663.0,0.004991615092803997
2024-02-27,60.59,61.99,60.1,61.92,28014795.0,1720508595.0,6831001663.0,0.004101125483798612
2024-02-28,62.0,62.31,60.95,61.82,25367364.0,1568616989.0,6831001663.0,0.0037135643133278506
2024-02-29,62.0,63.48,61.75,62.63,48920998.0,3071855396.0,6831001663.0,0.007161614125345587
2024-03-01,63.5,64.51,62.88,64.47,32844906.0,2102800960.0,6831001663.0,0.004808212268180793
2024-03-04,65.0,66.0,63.5,64.6,37384392.0,2415284580.0,6831001663.0,0.0054727540475494095
2024-03-05,64.65,65.4,63.45,65.04,35525326.0,2288367736.0,6831001663.0,0.0052006027450443035
2024-03-06,64.9,65.53,64.3,64.51,21923001.0,1422222516.0,6831001663.0,0.0032093391396382683
2024-03-07,64.45,66.65,64.2,65.8,30634033.0,2020641414.0,6831001663.0,0.004484559441103447
2024-03-08,65.87,66.49,64.88,66.1,26125410.0,1714883401.0,6836216377.0,0.003821618357180329
2024-03-11,66.09,66.1,64.56,65.42,28027002.0,1826293592.0,6836216377.0,0.004099782753263195
2024-03-12,65.35,65.35,63.05,64.13,50739915.0,3241294651.0,6836340734.0,0.007422086899157768
2024-03-13,63.66,64.33,63.0,64.07,32723164.0,2084900582.0,6836340734.0,0.0047866490675711835
2024-03-14,63.86,64.75,63.6,64.5,31531677.0,2026233407.0,6836340734.0,0.004612361821460961
2024-03-15,64.39,64.5,63.3,64.02,25463904.0,1624685427.0,6836340734.0,0.003724785669818546
2024-03-18,63.88,63.89,62.35,62.36,42501113.0,2667915014.0,6836340734.0,0.006216938952241523
2024-03-19,62.2,63.12,62.17,62.6,29794618.0,1867932284.0,6836340734.0,0.004358269893105068
2024-03-20,62.2,62.5,61.4,61.88,37790890.0,2337851554.0,6836340734.0,0.005527941258405977
2024-03-21,61.91,62.04,60.13,60.55,39189153.0,2377326996.0,6836340734.0,0.005732475095206394
2024-03-22,60.56,62.65,60.5,62.62,43156777.0,2671677605.0,6836340734.0,0.00631284757141539
2024-03-25,62.19,63.66,61.78,62.9,26903326.0,1694247611.0,6836340734.0,0.003935340125192771
2024-03-26,62.31,63.25,62.31,62.72,25353749.0,1591428438.0,6836340734.0,0.0037086725174339443
2024-03-27,62.53,64.88,62.51,63.67,34842794.0,2227887825.0,6836340734.0,0.0050967023669127726
2024-03-28,64.23,65.39,63.18,64.58,45185411.0,2915943394.0,6836340734.0,0.006609590241058924
2024-03-29,64.58,65.73,63.66,64.22,25468858.0,1638381690.0,6836340734.0,0.003725510326501523
2024-04-01,64.5,66.28,64.1,66.22,32771225.0,2146737286.0,6836340734.0,0.004793679290591077
2024-04-02,66.0,66.53,65.75,66.25,22653632.0,1497277780.0,6836340734.0,0.0033137072713965167
2024-04-03,66.2,66.9,65.98,66.73,20626495.0,1370613983.0,6836340734.0,0.0030171835785504017
2024-04-08,66.72,66.85,64.67,65.32,32434492.0,2125546169.0,6836340734.0,0.004744422968663575
2024-04-09,65.0,65.6,64.82,65.04,19478279.0,1270147986.0,6836340734.0,0.002849225888219164
2024-04-10,64.87,66.2,64.56,65.17,18081970.0,1184377719.0,6836340734.0,0.00264497787684437
2024-04-11,64.95,65.95,64.61,65.07,19004769.0,1239842458.0,6836340734.0,0.002779962225329303
2024-04-12,64.99,65.6,64.58,64.89,21734388.0,1414407755.0,6839153406.999999,0.0031779354412133022
2024-04-15,64.89,67.0,64.71,66.84,31783741.0,2102897321.0,6839153406.999999,0.004647320963362038
2024-04-16,66.78,68.77,66.57,68.31,39191380.0,2659237097.0,6839153406.999999,0.00573044318027534
2024-04-17,68.0,68.8,66.98,68.58,24549649.0,1664966380.0,6839153406.999999,0.00358957425561956
2024-04-18,68.58,71.33,68.38,70.0,39542136.0,2777734457.0,6839153406.999999,0.005781729645006632
2024-04-19,69.43,70.58,69.43,70.0,28812335.0,2017233100.0,6839153406.999999,0.004212851106762724
2024-04-22,70.2,71.19,69.5,69.98,28943754.0,2032072605.0,6839153406.999999,0.004232066789198724
2024-04-23,69.83,70.0,67.59,68.39,38217940.0,2605557575.0,6839153406.999999,0.005588109774066954
2024-04-24,68.34,68.64,66.75,67.9,30783047.0,2079963046.0,6839153406.999999,0.004501002561003089
2024-04-25,67.13,68.56,67.13,68.24,22033298.0,1500859468.0,6839153406.999999,0.0032216411431053023
2024-04-26,68.25,68.65,67.42,68.37,24225747.0,1650078938.0,6839153406.999999,0.0035422143002677062
2024-04-29,68.3,68.88,67.23,68.2,33226398.0,2264197665.0,6839153406.999999,0.004858261837787141
2024-04-30,66.84,71.15,66.8,69.78,57131843.0,3988190598.0,6839153406.999999,0.008353642563643113
2024-05-06,70.5,71.46,69.65,71.01,46179914.0,3263609833.0,6839153406.999999,0.006752285151658393
2024-05-07,70.81,72.33,70.62,71.1,30431457.0,2176139138.0,6842708138.999999,0.004447282622877919
2024-05-08,70.5,71.34,70.39,70.75,17661960.0,1252248295.0,6842708138.999999,0.0025811359539559637
2024-05-09,71.0,72.34,70.62,71.85,28571831.0,2046734810.0,6842708138.999999,0.004175515076721586
2024-05-10,72.2,72.33,71.34,71.88,22487905.0,1616063316.0,6842708138.999999,0.00328640423399476
2024-05-13,71.88,72.99,70.7,72.71,27167410.0,1965130433.0,6842708138.999999,0.003970271630490772
2024-05-14,72.68,72.89,70.2,70.84,39923610.0,2827063811.0,6842708138.999999,0.005834475062944082
2024-05-15,68.5,70.1,68.11,69.76,30189455.0,2090761786.0,6842708138.999999,0.004411916216027872
2024-05-16,69.76,69.8,68.8,69.34,24600403.0,1703048548.0,6842708138.999999,0.003595126739337319
2024-05-17,68.78,69.5,66.52,68.03,41848256.0,2828611123.0,6842708138.999999,0.006115744694923632
2024-05-20,67.01,67.88,66.21,66.57,42643037.0,2846862349.0,6842708138.999999,0.006231894760636671
2024-05-21,66.27,67.3,66.2,66.55,24358794.0,1626841822.0,6842708138.999999,0.003559817765888203
2024-05-22,66.34,66.54,65.31,65.41,26105215.0,1715205332.0,6842708138.999999,0.0038150414236160957
2024-05-23,65.4,66.19,65.0,65.74,24096149.0,1582459055.0,6842708138.999999,0.003521434571009109
2024-05-24,65.4,66.98,65.1,66.62,25926968.0,1724580967.0,6842708138.999999,0.003788992234263114
2024-05-27,66.5,68.28,65.54,67.59,30546219.0,2062139516.0,6842708138.999999,0.004464054052795544
2024-05-28,67.6,67.78,66.5,67.03,19173667.0,1284865352.0,6842708138.999999,0.002802058280217993
2024-05-29,66.6,67.2,65.5,65.85,24132098.0,1590410761.0,6842708138.999999,0.0035266881927141047
2024-05-30,65.71,66.19,65.14,65.18,19358623.0,1269509292.0,6842708138.999999,0.0028290879293339393
2024-05-31,65.19,65.57,64.55,64.76,26129419.0,1696172930.0,6842708138.999999,0.0038185786196367833
2024-06-03,64.88,66.3,64.27,65.02,35755629.0,2337233616.0,6842708138.999999,0.005225362279623016
2024-06-04,64.99,64.99,63.4,64.68,30621198.0,1969401516.0,6842708138.999999,0.004475011556531917
2024-06-05,64.55,65.2,63.8,63.92,28331925.0,1825603150.0,6842708138.999999,0.00414045498134317
2024-06-06,63.8,66.03,63.8,65.76,43603719.0,2848032777.0,6842708138.999999,0.006372289759295841
2024-06-07,65.2,65.45,63.71,65.16,40064590.0,2591739293.0,6842708138.999999,0.005855078016794544
2024-06-11,64.5,66.5,64.18,65.0,33689664.0,2188026772.0,6842708138.999999,0.0049234401520044145
2024-06-12,64.84,65.74,64.53,65.16,25707199.0,1675974671.0,6842708138.999999,0.003756874979583285
2024-06-13,65.31,65.45,63.66,63.92,27485047.0,1763239544.0,6842708138.999999,0.004016691409553045
2024-06-14,63.51,65.76,63.5,65.61,37924447.0,2468107111.0,6847505788.0,0.005538432266309463
2024-06-17,65.76,65.76,64.18,64.53,25335808.0,1639603939.0,6847505788.0,0.0037000053427337096
2024-06-18,64.3,65.19,63.67,64.84,21867469.0,1409611739.0,6847505788.0,0.003193494051267825
2024-06-19,64.77,65.08,62.8,64.0,34699957.0,2206055298.0,6847505788.0,0.005067532335760912
2024-06-20,63.9,64.75,63.54,64.47,28085788.0,1806800938.0,6847505788.0,0.004101608508198606
2024-06-21,64.49,64.75,63.5,63.95,24153669.0,1544527731.0,6847505788.0,0.003527367445578273
2024-06-24,63.71,65.55,63.61,64.88,30799053.0,1993977958.0,6847783704.0,0.00449766732293389
2024-06-25,64.85,65.79,64.52,65.29,25309206.0,1652171356.0,6847783704.0,0.0036959704181684532
2024-06-26,65.01,65.39,63.91,64.25,23831407.0,1531598024.0,6847783704.0,0.0034801635142300636
2024-06-27,64.05,64.48,63.47,64.1,27409461.0,1750926675.0,6847783704.0,0.00400267622121144
2024-06-28,63.5,64.79,63.48,64.5,25195612.0,1624767679.0,6847783704.0,0.003679381985339647
2024-07-01,64.29,65.38,63.6,64.09,19528313.0,1255074545.0,6847774704.0,0.0028517750428606976
2024-07-02,63.7,64.2,62.8,63.0,29181345.0,1843585722.0,6847774704.0,0.004261434737762949
2024-07-03,63.05,63.68,62.74,63.03,18120842.0,1145370115.0,6847790513.000001,0.0026462319438071277
2024-07-04,63.2,65.2,63.2,64.6,27753098.0,1794060146.0,6847790513.000001,0.004052854413012911
2024-07-05,64.5,65.15,63.0,64.0,26479582.0,1686503681.0,6847790513.000001,0.0038668796818083963
2024-07-08,63.6,64.72,63.17,64.23,19443576.0,1247645531.0,6847790513.000001,0.0028393941028259954
2024-07-09,63.81,64.67,63.62,64.1,21664464.0,1392889372.0,6847790513.000001,0.0031637159400352112
2024-07-10,64.54,65.06,63.81,63.81,15846909.0,1016718370.0,6847790513.000001,0.002314163812388225
2024-07-11,63.85,64.45,62.52,63.9,27182655.0,1727208383.0,6852405460.0,0.003966877786008885
2024-07-12,63.79,65.2,63.64,65.0,24574092.0,1588658353.0,6852405460.0,0.00358619934903852
2024-07-15,64.78,65.16,64.36,64.94,17045913.0,1104204269.0,6852405460.0,0.002487580908558788
2024-07-16,64.63,64.96,63.75,64.27,20406778.0,1313240364.0,6852405460.0,0.0029780459021466017
2024-07-17,64.04,64.38,61.66,62.83,46462849.0,2909157024.0,6854315147.000001,0.006778627478244253
2024-07-18,62.01,64.46,62.01,63.9,34532462.0,2193053871.0,6854315147.000001,0.005038061609278963
2024-07-19,63.36,63.78,62.89,63.6,21796963.0,1381064608.0,6857336090.000001,0.0031786341975838604
2024-07-22,63.45,64.64,63.32,63.63,19930345.0,1273643439.0,6860173902.0,0.0029052244570927786
2024-07-23,63.63,63.79,62.38,62.38,18537845.0,1165932040.0,6860173902.0,0.0027022412645538794
2024-07-24,62.01,62.72,59.64,60.08,45547336.0,2757887294.0,6860173902.0,0.006639385043390989
2024-07-25,59.52,60.09,58.9,59.4,30109151.0,1787253322.0,6862097628.0,0.004387747396239755
2024-07-26,62.83,62.99,61.4,62.84,57740171.0,3598947643.0,6862097628.0,0.008414361632571048
2024-07-29,62.3,63.21,62.16,62.88,20712828.0,1297587355.0,6862097628.0,0.0030184397137522044
2024-07-30,62.51,62.77,60.6,61.06,22575846.0,1381015834.0,6869152395.0,0.003286554832650499
2024-07-31,60.73,63.86,60.73,63.76,40174739.0,2530147580.0,6869152395.0,0.005848572966475873
2024-08-01,63.8,64.67,63.41,63.58,24406833.0,1561027259.0,6869152395.0,0.003553106933217195
2024-08-02,63.3,64.28,62.57,62.99,20261524.0,1280021474.0,6869152395.0,0.0029496396112493003
2024-08-05,62.54,64.3,61.56,61.65,35476754.0,2214817315.0,6869152395.0,0.005164647974009609
2024-08-06,61.61,62.26,59.52,59.92,38493182.0,2316733895.0,6869152395.0,0.005603774641543675
2024-08-07,59.92,61.38,59.24,60.7,25298592.0,1535238304.0,6869152395.0,0.0036829277537086874
2024-08-08,60.42,61.48,60.21,60.96,14231910.0,867672450.0,6869152395.0,0.0020718582412524856
2024-08-09,60.85,61.7,60.33,60.5,13802375.0,839905714.0,6869152395.0,0.002009327236653919
2024-08-12,60.5,62.14,60.31,61.38,16949235.0,1042597208.0,6869152395.0,0.002467441981973964
2024-08-13,61.38,62.11,60.92,61.36,9835074.0,602892300.0,6869152395.0,0.0014317740289411646
2024-08-14,61.36,61.49,60.6,60.9,11227780.0,685993302.0,6869152395.0,0.0016345218964966637
2024-08-15,60.7,61.35,60.29,61.0,19163262.0,1166672167.0,6869152395.0,0.0027897564208866268
2024-08-16,60.81,61.9,60.67,61.74,18066988.0,1112521867.0,6869152395.0,0.002630162640320924
2024-08-19,61.69,63.15,61.67,62.36,17275349.0,1075574308.0,6869152395.0,0.0025149171261034456
2024-08-20,63.48,63.49,61.76,63.02,25780974.0,1623775567.0,6869152395.0,0.0037531521383578213
2024-08-21,62.71,63.7,62.33,63.16,21187130.0,1337959065.0,6869152395.0,0.0030843878227861036
2024-08-22,63.13,64.49,62.72,64.09,24978743.0,1597113183.0,6869152395.0,0.003636364658059097
2024-08-23,64.0,65.96,63.88,65.46,29047135.0,1895805009.0,6869152395.0,0.00422863452864187
2024-08-26,65.94,66.65,64.9,66.32,33958151.0,2241141518.0,6869152395.0,0.004943572226570175
2024-08-27,66.0,66.48,65.49,65.99,24113793.0,1590912374.0,6869152395.0,0.003510446648054021
2024-08-28,65.98,66.15,64.57,64.93,26542959.0,1726057217.0,6869152395.0,0.0038640806716299385
2024-08-29,64.42,65.31,63.95,63.95,23285563.0,1500197088.0,6869152395.0,0.003389874275747525
2024-08-30,63.48,65.81,63.38,64.75,33386334.0,2160911498.0,6877009029.0,0.004854775362255817
2024-09-02,64.5,66.52,64.44,65.23,26075882.0,1706301995.0,6877009029.0,0.0037917475300729316
2024-09-03,65.01,66.48,65.0,65.97,24237888.0,1599193264.0,6877009029.0,0.0035244810495071405
2024-09-04,65.86,66.7,65.36,65.48,27499633.0,1814975104.0,6877009029.0,0.003998778085652561
2024-09-05,64.95,65.4,63.48,63.59,43212322.0,2763225151.0,6877009029.0,0.006283592448079655
2024-09-06,63.6,64.55,62.9,63.02,23320164.0,1480652837.0,6877009029.0,0.003391032918767453
2024-09-09,61.35,62.2,60.68,61.09,54840638.0,3359451100.0,6877009029.0,0.00797448974819428
2024-09-10,60.48,61.64,60.48,60.75,40111034.0,2451075854.0,6877009029.0,0.005832627793689639
2024-09-11,60.52,62.08,59.7,61.66,41921762.0,2572399328.0,6877009029.0,0.006095929469223909
2024-09-12,61.8,62.85,61.66,62.37,27616861.0,1719561913.0,6878568027.999999,0.0040149142797719535
2024-09-13,62.05,63.78,61.59,63.51,32148994.0,2037679478.0,6878568027.999999,0.0046737916771534185
2024-09-18,63.62,65.71,63.4,65.25,29502596.0,1915513518.0,6878568027.999999,0.004289060728905537
2024-09-19,62.3,65.73,62.3,65.28,47611503.0,3085181571.0,6878568027.999999,0.006921717253677208
2024-09-20,64.91,66.3,64.76,66.06,39801250.0,2608979309.0,6878568027.999999,0.0057862697349193104
2024-09-23,66.46,67.89,66.2,67.6,39162141.0,2643088028.0,6878568027.999999,0.005693356646410418
2024-09-24,67.6,68.25,66.2,68.04,50090152.0,3378454557.0,6878568027.999999,0.0072820610039912815
2024-09-25,68.21,71.5,68.21,70.11,62766129.0,4428074584.0,6878568027.999999,0.009124883078062656
2024-09-26,70.0,73.68,69.79,73.56,50134212.0,3592524658.0,6878568027.999999,0.007288466406950247
2024-09-27,74.75,76.4,71.15,73.0,85744787.0,6253333702.0,6878568027.999999,0.012465499599766408
2024-09-30,73.16,76.9,72.03,76.06,125166492.0,9344041944.0,6878568027.999999,0.018196591425787383
2024-10-08,83.67,83.67,78.73,80.19,135239267.0,11050056032.0,6878568027.999999,0.01966096234703111
2024-10-09,78.4,79.32,74.02,75.01,89550113.0,6896386875.0,6878568027.999999,0.013018714452699458
2024-10-10,75.95,79.38,75.87,78.3,67303399.0,5259062088.0,6878568027.999999,0.009784507287859014
2024-10-11,78.0,78.23,75.9,76.77,38060178.0,2930030642.0,6878568027.999999,0.005533154261914934
2024-10-14,77.03,79.29,76.6,79.0,46282832.0,3620244782.0,6878568027.999999,0.006728556265141295
2024-10-15,79.0,79.0,76.0,76.0,37583316.0,2905639306.0,6878568027.999999,0.005463828495555006
2024-10-16,74.7,75.5,73.73,75.24,34282949.0,2559503194.0,6878568027.999999,0.004984024125435313
2024-10-17,75.24,75.53,72.9,73.08,39437630.0,2920853670.0,6878568027.999999,0.0057334069881208715
2024-10-18,73.08,76.2,72.65,75.01,42785106.0,3180240270.0,6878568027.999999,0.0062200600220624885
2024-10-21,75.35,75.98,73.28,74.08,34322896.0,2547898013.0,6878568027.999999,0.004989831584173439
2024-10-22,74.35,76.96,74.14,76.5,40405973.0,3073890031.0,6878568027.999999,0.005874183817841571
2024-10-23,76.6,77.78,76.0,76.38,26831280.0,2053544728.0,6878568027.999999,0.0039007072243496324
2024-10-24,76.11,76.46,75.3,75.64,17108673.0,1296926992.0,6878568027.999999,0.0024872434103082484
2024-10-25,75.42,75.86,74.77,75.27,21057289.0,1583775153.0,6878568027.999999,0.0030612896338720347
2024-10-28,75.49,75.58,74.01,74.87,28059096.0,2091524794.0,6878568027.999999,0.004079206004183172
2024-10-29,74.61,75.5,73.8,74.07,29727177.0,2214621306.0,6878568027.999999,0.004321710111609294
2024-10-30,73.7,74.35,72.12,72.75,40413734.0,2939634796.0,6878568027.999999,0.005875312105003726
2024-10-31,72.97,73.69,71.1,71.42,50046867.0,3595551677.0,6888702761.0,0.007265064081925192
2024-11-01,71.44,73.0,70.38,72.25,41651482.0,3009423819.0,6888702761.0,0.0060463462345635675
2024-11-04,72.14,73.37,71.7,72.84,23231578.0,1680407656.0,6888702761.0,0.003372416956574794
2024-11-05,72.5,73.48,71.21,73.13,41696728.0,3027068197.0,6888702761.0,0.006052914379767358
2024-11-06,73.14,73.14,70.97,71.17,52593143.0,3768679119.0,6888702761.0,0.007634694778493434
2024-11-07,70.35,72.1,69.89,72.1,54774602.0,3895318881.0,6888702761.0,0.007951366737741002
2024-11-08,72.66,73.76,71.1,72.58,59337382.0,4283549293.0,6888702761.0,0.008613723665932464
2024-11-11,71.23,71.84,70.82,71.6,44207913.0,3153791634.0,6888702761.0,0.006417451083864526
2024-11-12,71.91,74.89,71.79,72.39,57547722.0,4231304809.0,6888702761.0,0.008353927291768657
2024-11-13,72.48,74.3,72.46,73.4,45841657.0,3373337471.0,6889174662.0,0.006654158044919083
2024-11-14,73.48,74.89,72.33,73.64,40843466.0,3020822981.0,6889174662.0,0.0059286442867080265
2024-11-15,73.15,74.11,71.85,72.25,34282515.0,2496870647.0,6889174662.0,0.0049762876805982195
2024-11-18,72.17,72.98,70.83,71.05,31938599.0,2292938837.0,6889174662.0,0.004636055923530307
2024-11-19,71.05,71.75,70.7,71.31,22665163.0,1614053712.0,6889174662.0,0.0032899678280794327
2024-11-20,71.38,71.65,70.74,71.43,22637119.0,1610809493.0,6889174662.0,0.0032858970937206878
2024-11-21,71.37,71.39,70.55,70.84,21652845.0,1534662636.0,6889174662.0,0.003143024536659657
2024-11-22,70.83,72.82,70.22,70.39,38845820.0,2781161792.0,6889174662.0,0.005638675444573886
2024-11-25,70.11,72.38,70.11,70.39,38586774.0,2737579009.0,6889174662.0,0.0056010735528075365
2024-11-26,70.11,71.2,69.35,70.6,27418796.0,1932586725.0,6889174662.0,0.003979982704058781
2024-11-27,70.32,71.5,69.74,71.32,26482499.0,1875798199.0,6889174662.0,0.0038440742613298543
2024-11-28,72.0,72.0,69.76,70.19,32328951.0,2275593420.0,6889174662.0,0.004692717573024134
2024-11-29,69.68,70.77,69.55,70.13,27750141.0,1951115164.0,6889498003.0,0.004027890128992901
2024-12-02,70.15,70.53,69.23,70.08,35790565.0,2500096040.0,6889498003.0,0.005194945260803496
2024-12-03,70.0,70.0,69.4,69.85,31317422.0,2181594388.0,6889498003.0,0.004545675459425778
2024-12-04,69.88,71.99,69.6,71.49,53195506.0,3779094534.0,6889498003.0,0.00772124557940742
2024-12-05,71.6,72.88,71.42,71.72,36764463.0,2647263413.0,6889498003.0,0.005336305052122968
2024-12-06,71.78,73.13,71.51,72.85,45677846.0,3318584662.0,6889498003.0,0.006630068835219894
2024-12-09,72.01,73.88,71.31,73.13,41321923.0,3017126124.0,6889498003.0,0.005997813335892769
2024-12-10,76.51,76.66,73.79,73.84,55513289.0,4164810151.0,6889498003.0,0.00805766820395724
2024-12-11,73.7,75.33,73.6,75.1,33543390.0,2512587263.0,6889498003.0,0.004868771278457979
2024-12-12,75.2,75.75,74.37,75.56,28639814.0,2153602254.0,6889860085.999999,0.004156806327344048
2024-12-13,75.2,75.23,73.33,74.0,37063334.0,2744782532.0,6889947266.000001,0.005379334930892343
2024-12-16,74.1,74.45,72.65,73.22,28047059.0,2054964896.0,6889947266.000001,0.004070721867263707
2024-12-17,73.2,74.68,72.81,73.67,27887305.0,2058385955.0,6889947266.000001,0.004047535332761717
2024-12-18,73.66,74.58,73.58,74.1,22578549.0,1675256403.0,6889947266.000001,0.003277027839011039
2024-12-19,73.86,75.23,73.24,74.44,25355278.0,1893593092.0,6889947266.000001,0.0036800394866766746
2024-12-20,74.43,74.79,73.66,74.0,20939651.0,1552494957.0,6889947266.000001,0.0030391598355667296
2024-12-23,74.0,75.25,73.95,74.61,22602881.0,1689849270.0,6889947266.000001,0.003280559360960426
2024-12-24,74.4,76.38,74.4,76.25,34414101.0,2606513926.0,6889947266.000001,0.004994827924130006
2024-12-25,76.3,76.6,75.04,75.54,22733866.0,1719267176.0,6889947266.000001,0.0032995703918062467
2024-12-26,75.26,76.24,74.65,75.98,24214292.0,1829497500.0,6889947266.000001,0.0035144379289361017
2024-12-27,75.98,76.05,74.8,75.42,19842117.0,1493951286.0,6890030699.999999,0.0028798299839215523
2024-12-30,75.0,76.18,74.92,75.32,22182724.0,1676164969.0,6890030699.999999,0.0032195392104711527
2024-12-31,75.1,76.05,74.69,75.22,30766003.0,2324365541.0,6890705959.0,0.004464855006592801
2025-01-02,75.4,77.2,75.0,75.32,41367089.0,3143071622.0,6890705959.0,0.006003316531881636
2025-01-03,75.0,76.06,73.9,74.69,29642200.0,2225340636.0,6890705959.0,0.004301765330921444
2025-01-06,74.68,76.28,74.28,75.38,30681009.0,2308954916.0,6890705959.0,0.004452520421354987
2025-01-07,75.0,76.76,74.5,75.93,25178525.0,1913943076.0,6890705959.0,0.0036539833726490895
2025-01-08,75.51,77.66,75.43,77.58,40692962.0,3129132562.0,6891501432.000001,0.0059048035325141605
2025-01-09,77.7,79.0,77.2,78.73,34598694.0,2715146336.0,6891501432.000001,0.005020487094342665
2025-01-10,78.73,78.89,76.37,76.37,27109567.0,2093133229.0,6891501432.000001,0.003933767883166856
2025-01-13,75.61,76.02,73.93,74.3,25584606.0,1911136129.0,6891501432.000001,0.0037124864954972553
2025-01-14,74.3,75.35,73.43,74.62,28858396.0,2150563704.0,6891501432.000001,0.004187533919096194
2025-01-15,74.64,75.77,73.6,73.82,25663453.0,1910565918.0,6891501432.000001,0.003723927688795697
2025-01-16,73.99,75.45,73.9,74.09,26233035.0,1953070088.0,6891501432.000001,0.003806577602696201
2025-01-17,74.08,74.87,73.63,74.35,15928751.0,1184446629.0,6891501432.000001,0.0023113614873583907
2025-01-20,75.1,76.74,74.88,74.89,29699251.0,2245932516.0,6891501432.000001,0.004309547243521489
2025-01-21,75.26,75.29,74.22,74.4,16286277.0,1217315662.0,6891501432.000001,0.0023632407481447067
2025-01-22,74.38,74.38,72.28,73.0,32217997.0,2351219471.0,6891501432.000001,0.004675033055989648
2025-01-23,73.4,73.92,72.4,73.41,27008672.0,1981526548.0,6891501432.000001,0.003919127387043398
2025-01-24,73.01,73.64,72.55,72.82,30486076.0,2224547325.0,6891501432.000001,0.004423720476707868
2025-01-27,72.86,74.3,72.62,73.88,28011516.0,2066038991.0,6893052120.000001,0.004063731930696615
2025-02-05,73.4,73.69,71.68,72.21,36351088.0,2623254186.0,6893052120.000001,0.005273583801075335
2025-02-06,72.18,72.56,71.43,72.27,28567493.0,2058313211.0,6893052120.000001,0.004144389524795874
2025-02-07,72.4,73.44,71.67,73.44,35534968.0,2588044043.0,6893052120.000001,0.005155186321150289
2025-02-10,73.32,73.33,72.5,73.01,31864987.0,2324957366.0,6893052120.000001,0.004622768904872287
2025-02-11,73.44,73.86,72.61,73.7,30044016.0,2200715457.0,6893052120.000001,0.004358594056300273
2025-02-12,73.46,73.59,72.68,73.28,22807278.0,1667138730.0,6893052120.000001,0.00330873430273729
2025-02-13,73.0,73.39,72.13,72.14,41066444.0,2979276852.0,6893052120.000001,0.005957657549236693
2025-02-14,72.12,72.69,71.9,72.49,23435076.0,1697819619.0,6893052120.000001,0.0033998112290495775
2025-02-17,72.25,72.47,71.25,72.04,40235806.0,2886662764.0,6893052120.000001,0.005837153890546818
2025-02-18,71.99,72.65,71.53,71.9,29346513.0,2117878259.0,6893052120.000001,0.0042574047735475405
2025-02-19,71.3,71.97,71.0,71.45,33715017.0,2408852125.0,6893052120.000001,0.004891159447667138
2025-02-20,71.41,71.71,71.06,71.23,31420228.0,2241810157.0,6893052120.000001,0.004558246108256613
2025-02-21,71.02,71.23,70.2,70.59,55339013.0,3903770927.0,6893052120.000001,0.008028230751285831
2025-02-24,70.65,71.5,70.28,70.89,46937741.0,3326317437.0,6893052120.000001,0.006809427838767016
2025-02-25,70.5,70.67,68.98,69.03,56599867.0,3932087508.0,6893052120.000001,0.008211147400986139
2025-02-26,68.71,70.16,68.7,70.12,40412376.0,2820753654.0,6893052120.000001,0.00586276953901808
2025-02-27,71.0,72.71,70.63,72.48,65248235.0,4700242778.0,6893052120.000001,0.009465797423855834
2025-02-28,72.75,73.5,72.1,73.05,50647934.0,3702978856.0,6894525671.0,0.007346108552911355
2025-03-03,72.7,72.99,70.85,71.0,40591782.0,2908667199.0,6894525671.0,0.005887538017406854
2025-03-04,71.28,72.47,71.28,71.97,30041994.0,2159097772.0,6894525671.0,0.00435736922793162
2025-03-05,71.9,72.15,71.2,71.75,28618620.0,2050696436.0,6894525671.0,0.0041509193475595665
2025-03-06,71.91,71.97,70.42,71.14,40239881.0,2857881528.0,6894525671.0,0.00583649737780489
2025-03-07,71.12,71.24,70.26,70.79,31482660.0,2228492957.0,6894525671.0,0.004566327185120724
2025-03-10,70.81,71.26,70.51,71.07,27344026.0,1937259286.0,6894525671.0,0.003966048906745742
2025-03-11,70.5,71.44,70.3,70.93,25282497.0,1788427242.0,6894525671.0,0.003667039359407151
2025-03-12,70.98,70.98,70.1,70.1,30130110.0,2117631624.0,6894525671.0,0.004370149802579508
2025-03-13,70.01,70.65,69.81,70.01,25262164.0,1774959974.0,6894525671.0,0.003664090208012223
2025-03-14,70.03,72.1,69.82,71.87,42544964.0,3036261982.0,6894525671.0,0.006170832633048877
2025-03-17,72.52,72.52,71.6,71.88,34733287.0,2497780791.0,6894525671.0,0.005037806610264197
2025-03-18,72.0,76.1,71.61,74.98,77931396.0,5762238290.0,6894525671.0,0.011303373099007785
2025-03-19,77.23,77.94,75.03,76.51,106626103.0,8164296255.0,6894525671.0,0.01546532830365612
2025-03-20,76.4,76.85,75.1,75.17,58569319.0,4434498828.0,6894525671.0,0.0084950469103852
2025-03-21,74.77,76.43,74.77,75.28,38452793.0,2903191225.0,6894525671.0,0.005577293469475574
2025-03-24,74.88,76.5,74.82,76.06,38734811.0,2945134162.0,6894525671.0,0.005618198096342979
2025-03-25,76.81,77.5,76.37,76.86,32418622.0,2493718323.0,6894525671.0,0.004702081556728459
2025-03-26,76.47,77.4,75.87,76.79,23706858.0,1814277211.0,6894525671.0,0.0034385045659800256
2025-03-27,76.79,77.5,76.32,76.5,25721538.0,1974042919.0,6894525671.0,0.0037307190120693654
2025-03-28,76.21,77.18,75.68,76.87,24911431.0,1909917934.0,6897003085.0,0.003611921104425604
2025-03-31,76.9,80.5,76.9,78.5,68968445.0,5458996643.0,6897003085.0,0.009999770066798513
2025-04-01,78.1,78.78,75.2,75.39,55181654.0,4204786523.0,6897003085.0,0.008000816197982026
2025-04-02,75.35,76.79,75.19,75.96,26853625.0,2036925144.0,6897003085.0,0.003893520804478515
2025-04-03,74.6,74.83,73.15,73.36,56598874.0,4179850012.0,6897003085.0,0.008206299649639783
2025-04-07,68.22,69.47,66.02,67.18,88089693.0,5986991841.0,6897003085.0,0.0127721695806665
2025-04-08,68.0,70.5,67.79,70.23,74473332.0,5151771418.0,6897003085.0,0.010797926444598654
2025-04-09,69.19,70.5,68.42,69.67,57883954.0,4027838482.0,6899775346.0,0.008389251982465923
2025-04-10,70.6,71.59,70.13,71.09,45084852.0,3199356700.0,6899775346.0,0.006534249267425352
2025-04-11,70.52,70.74,69.63,70.49,29562589.0,2075657472.0,6899962994.0,0.004284456166751435
2025-04-14,70.72,70.9,69.71,69.92,34883505.0,2447104070.0,6900070510.0,0.0050555287731400295
2025-04-15,70.1,71.83,69.69,71.48,34366681.0,2441442777.0,6900160978.0,0.004980562208558955
2025-04-16,71.19,71.48,70.37,71.0,26672943.0,1890971340.0,6900220558.0,0.0038655203519655378
2025-04-17,70.74,71.17,70.34,70.95,19591273.0,1388823325.0,6900273881.0,0.002839202231370097
2025-04-18,70.95,71.33,70.47,70.92,15448383.0,1094653676.0,6900301799.0,0.0022387981641960645
2025-04-21,70.78,71.61,70.5,71.39,17751380.0,1262930782.0,6900301799.0,0.0025725512473342184
2025-04-22,71.3,72.23,71.21,71.72,22615500.0,1626765493.0,6900301799.0,0.0032774653426430518
2025-04-23,72.1,72.42,71.8,71.85,22586871.0,1627423197.0,6900436191.0,0.0032732526429936812
2025-04-24,72.4,73.19,71.96,72.95,23180750.0,1684714693.0,6900478841.0,0.0033592958596248236
2025-04-25,72.95,73.0,72.38,72.75,17097238.0,1244078508.0,6900560146.0,0.002477659441880329
2025-04-28,73.39,73.58,72.8,73.23,23966015.0,1755320152.0,6900560146.0,0.003473053562744789
2025-04-29,73.26,74.37,72.86,74.2,23497383.0,1733740168.0,6900560146.0,0.003405141394734537
2025-04-30,75.0,75.12,73.45,73.62,47810026.0,3548715615.0,6900436496.0,0.0069285509732194776
2025-05-06,74.23,74.38,73.1,74.05,34641179.0,2556249632.0,6900436496.0,0.005020143148926966
2025-05-07,74.77,75.18,74.0,74.36,30028102.0,2239595605.0,6900436496.0,0.004351623555612242
2025-05-08,74.35,75.64,73.88,75.0,27707567.0,2081094569.0,6900883851.0,0.0040150751118619285
2025-05-09,74.99,76.03,74.71,75.8,24563898.0,1861536388.0,6901132047.0,0.003559401244999826
2025-05-12,76.1,76.74,75.9,76.58,27223912.0,2078979154.0,6901439209.0,0.0039446717091266926
2025-05-13,77.0,77.2,76.44,77.11,25527841.0,1963341233.0,6902112609.0,0.003698554695661298
2025-05-14,76.9,77.55,76.13,77.09,29249633.0,2248759306.0,6902784225.0,0.004237367422563466
2025-05-15,76.66,77.07,76.32,76.5,20490185.0,1571335906.0,6903417737.0,0.0029681218463978344
2025-05-16,76.21,76.84,75.57,76.6,23865992.0,1819974356.0,6903752803.0,0.003456959233770526
2025-05-19,76.44,77.72,76.29,77.58,26308625.0,2031022754.0,6904105805.0,0.0038105767412989406
2025-05-20,77.53,79.1,77.48,78.67,27799540.0,2184604655.0,6905059796.0,0.004025966584113271
2025-05-21,78.5,79.44,78.47,78.8,20543826.0,1619842976.0,6906085691.0,0.002974742411142202
2025-05-22,78.73,79.56,78.31,79.36,23403426.0,1850376659.0,6907117273.0,0.003388305869871974
2025-05-23,79.36,80.48,78.72,78.89,29974589.0,2385953118.0,6909268842.0,0.004338315628679947
2025-05-26,78.72,79.19,77.61,78.27,24168884.0,1893696279.0,6910818401.0,0.003497253523041894
2025-05-27,78.2,78.89,78.02,78.48,20644898.0,1620472097.0,6911990665.0,0.0029868237676504445
2025-05-28,78.98,80.1,78.7,79.32,24044877.0,1911343092.0,6914561205.0,0.003477426301847306
2025-05-29,79.07,79.49,78.36,78.98,25167731.0,1988440748.0,6914561205.0,0.003639816071307738
2025-05-30,78.74,79.51,78.3,79.06,21573317.0,1703126097.0,6915262030.0,0.0031196673251729264
2025-06-03,79.05,79.05,75.67,75.91,56190781.0,4293054877.0,6915262030.0,0.008125618487951932
2025-06-04,75.78,76.58,75.5,75.56,36755439.0,2790934593.0,6915262030.0,0.005315118767813343
2025-06-05,75.44,75.9,75.05,75.25,23580308.0,1776718063.0,6915262030.0,0.003409893637826476
2025-06-06,75.37,75.83,75.1,75.7,27555948.0,2081019011.0,6915262030.0,0.003984801715460087
2025-06-09,75.25,75.58,74.07,75.4,46695588.0,3500234348.0,6915262030.0,0.006752540655353879
2025-06-10,75.63,76.5,75.05,75.05,32107412.0,2433498302.0,6915262030.0,0.0046429783659260706
2025-06-11,75.2,75.8,74.83,75.49,26308346.0,1986827774.0,6915262030.0,0.003804388884451281
2025-06-12,72.51,72.68,71.53,72.2,34702892.0,2510413458.0,6915262030.0,0.0050183047076814815
2025-06-13,71.6,72.16,71.0,71.48,30045204.0,2148718105.0,6915262030.0,0.004344767250995983
2025-06-16,71.6,71.8,70.85,71.26,25020494.0,1784037774.0,6915262030.0,0.003618155594315202
2025-06-17,71.8,73.08,71.8,72.06,32639478.0,2362020250.0,6915262030.0,0.004719919195889096
2025-06-18,72.19,72.64,72.02,72.1,17528837.0,1265648159.0,6915262030.0,0.002534804454835676
2025-06-19,72.2,72.41,71.13,71.33,21125341.0,1512893148.0,6915262030.0,0.0030548865550362957
2025-06-20,71.35,72.38,71.26,72.38,22986421.0,1655767156.0,6915262030.0,0.0033240130164669986
2025-06-23,72.0,72.33,71.46,71.72,21054495.0,1510951196.0,6915262030.0,0.0030446416793262136
2025-06-24,72.1,73.34,72.0,72.8,27050087.0,1971805636.0,6904171289.0,0.0039179339369950555
2025-06-25,72.8,73.33,72.3,73.18,24327543.0,1772058946.0,6904171289.0,0.0035236007308740453
2025-06-26,73.0,73.59,72.75,73.1,22672619.0,1658102065.0,6904171289.0,0.0032839015793427544
2025-06-27,73.06,73.19,72.22,72.28,22364021.0,1623349472.0,6904171289.0,0.0032392042525988957
2025-06-30,72.25,72.58,71.98,72.2,19302259.0,1394828333.0,6904171289.0,0.0027957387196857536
2025-07-01,72.28,72.35,71.8,72.11,18625209.0,1341760455.0,6904171289.0,0.002697674814307464
2025-07-02,72.11,73.1,71.81,72.5,26615479.0,1929453681.0,6904171289.0,0.0038549853249447677
2025-07-03,72.79,72.95,72.34,72.89,17936923.0,1304399831.0,6904171289.0,0.0025979834869650203
2025-07-04,72.88,73.84,72.6,73.48,21146224.0,1548790547.0,6904171289.0,0.003062818565016051
2025-07-07,73.2,73.45,72.33,72.55,21545334.0,1567324871.0,6906728003.0,0.003119470462806931
2025-07-08,72.55,72.7,72.07,72.22,25686651.0,1856483047.0,6907660727.0,0.0037185744950672646
2025-07-09,72.07,72.35,71.8,71.8,27205267.0,1958489420.0,6908293133.0,0.003938059152418424
2025-07-10,71.84,71.97,71.33,71.68,23151388.0,1656983409.0,6908673794.0,0.003351061099469824
2025-07-11,71.74,72.8,71.69,72.48,32055369.0,2324470998.0,6911445374.0,0.004638012349860757
2025-07-14,72.47,73.21,71.98,73.1,23373900.0,1702246964.0,6911768606.0,0.003381753836450699
2025-07-15,73.11,73.5,72.81,73.21,24900978.0,1821265543.0,6912098657.0,0.003602520628779272
2025-07-16,73.47,74.09,72.8,72.89,20688807.0,1514278424.0,6912340956.0,0.0029930246687327904
2025-07-17,72.75,73.43,72.6,72.63,24729994.0,1804135157.0,6912689202.000001,0.0035774780664007055
2025-07-18,72.87,73.28,72.52,72.83,21951230.0,1596482224.0,6912946498.0,0.0031753797033364515
2025-07-21,72.61,72.96,72.4,72.55,30897062.0,2244011063.0,6915284303.0,0.004467938069675051
2025-07-22,72.58,73.22,72.26,73.19,35720411.0,2602924271.0,6915588845.0,0.005165201662592479
2025-07-23,73.2,73.85,73.18,73.5,36987240.0,2718700800.0,6915894888.000001,0.005348149530753828
2025-07-24,73.7,73.95,73.09,73.51,29069915.0,2134051794.0,6916197415.999999,0.004203164434368136
2025-07-25,73.4,73.4,72.55,72.76,24456208.0,1780421843.0,6916353007.0,0.003535997652989663
2025-07-28,72.82,72.92,71.8,71.94,37773632.0,2725637108.0,6921373662.0,0.005457533987420198
2025-07-29,71.94,72.07,71.02,71.24,39836931.0,2843589788.0,6921592425.000001,0.0057554574950286815
2025-07-30,71.49,72.74,71.2,72.11,41132530.0,2964849148.0,6921808780.0,0.005942453960711697
2025-07-31,72.0,72.02,69.88,70.19,69477714.0,4895784250.0,6921891239.0,0.01003738885819844
2025-08-01,70.2,70.97,70.1,70.79,28644667.0,2019147913.0,6922101242.0,0.004138146207136911
2025-08-04,70.55,71.0,70.2,70.94,19776642.0,1398398728.0,6922201662.0,0.0028569872658529318
2025-08-05,71.11,71.51,70.68,71.38,19174845.0,1365340860.0,6922271437.0,0.002770022119836154
2025-08-06,71.38,71.78,70.99,71.7,22135849.0,1583549584.0,6922359117.000001,0.0031977319618738866
2025-08-07,71.51,71.93,71.21,71.48,20361565.0,1456650769.0,6922419917.0,0.002941394085325032
2025-08-08,71.4,71.83,71.29,71.58,20118405.0,1439938213.0,6922480906.999999,0.0029062420352299286
2025-08-11,71.3,71.82,71.19,71.76,17912366.0,1282650770.0,6922520087.0,0.0025875498770510106
2025-08-12,71.75,72.44,71.6,71.93,24047589.0,1734351324.0,6922616675.0,0.0034737715706322854
2025-08-13,71.98,72.29,71.6,71.82,25384669.0,1827058280.0,6922726054.0,0.0036668602515814645
2025-08-14,71.8,73.05,71.72,72.33,45514924.0,3301054398.0,6922726054.0,0.006574711124630038
2025-08-15,72.33,72.4,71.81,72.3,27469955.0,1980637245.0,6922985269.000001,0.003967934920070678
2025-08-18,72.31,72.56,71.61,71.84,54299761.0,3906936963.0,6922985269.000001,0.007843402649308742
2025-08-19,73.2,73.63,72.2,72.68,53760260.0,3916336802.0,6922985269.000001,0.00776547369539116
2025-08-20,72.21,72.32,71.51,72.22,40377028.0,2901846346.0,6922985269.000001,0.005832314591337027
2025-08-21,72.09,72.5,71.66,71.92,33801371.0,2436115382.0,6922985269.000001,0.004882484894393323
2025-08-22,71.97,72.19,71.65,72.09,39138892.0,2814332706.0,6922985269.000001,0.005653470356965452
2025-08-25,72.12,73.85,72.12,73.52,70023449.0,5110086586.0,6922985269.000001,0.01011463209571651
2025-08-26,73.52,74.28,73.31,73.8,46293790.0,3417986336.0,6922985269.000001,0.006686969306044322
2025-08-27,73.89,74.55,72.69,72.71,48841858.0,3605612810.0,6922985269.000001,0.007055028445417308
2025-08-28,72.71,73.97,72.51,73.5,43298746.0,3171280840.0,6922985269.000001,0.006254346111912837
2025-08-29,73.5,74.84,73.39,73.71,56766900.0,4210933505.0,6922985269.000001,0.008199771889475616
2025-09-01,75.0,75.84,73.52,74.03,77625858.0,5792738594.0,6922985269.000001,0.011212772378354744
2025-09-02,74.21,76.4,73.99,76.16,80590924.0,6106472167.0,6922985269.000001,0.011641065359603322
2025-09-03,76.55,77.14,74.95,75.62,50488071.0,3826685200.0,6925611687.0,0.007290052241128488
2025-09-04,75.98,76.0,74.42,75.59,44353949.0,3328858300.0,6926235121.000001,0.006403760228341228
2025-09-05,75.81,76.69,75.44,76.22,46425167.0,3530971109.0,6926424213.0,0.0067026167575566595
2025-09-08,76.67,78.08,76.5,77.03,55029371.0,4245832274.0,6927090135.0,0.007944081847868146
2025-09-09,77.02,77.6,76.35,77.18,38315019.0,2947171767.0,6927889990.0,0.0055305466823672815
2025-09-10,77.0,77.27,76.4,77.02,27154194.0,2087580321.0,6928402526.0,0.003919257563067288
2025-09-11,76.9,77.27,75.9,77.02,45960511.0,3515566425.0,6928714922.0,0.0066333384353953655
2025-09-12,76.95,77.69,75.41,75.57,59117075.0,4507931249.0,6928984961.0,0.008531852115821038
2025-09-15,75.2,75.95,74.5,75.17,48068047.0,3614905666.0,6929259026.0,0.006936967837345788
2025-09-16,75.13,75.2,74.05,74.46,45602831.0,3396155196.0,6929429892.0,0.006581036493730645
2025-09-17,74.41,75.43,74.17,74.35,57722675.0,4303710294.0,6929519324.000001,0.00832996811194115
2025-09-18,74.6,75.35,73.19,73.74,60084003.0,4452255641.0,6929630766.0,0.008670592276691008
2025-09-19,73.41,74.59,73.21,74.35,38847838.0,2879645243.0,6929791125.0,0.005605917595387841
2025-09-22,74.81,74.9,72.9,73.26,47973993.0,3520814681.0,6929894928.0,0.006922759074767894
2025-09-23,73.25,73.65,72.72,73.53,42147721.0,3082692695.0,6929970891.0,0.00608194776903573
2025-09-24,73.51,74.35,72.95,74.1,30628481.0,2260146501.0,6930053364.0,0.004419660194697456
2025-09-25,73.3,73.75,72.55,72.84,47860729.0,3487388578.0,6930104081.0,0.006906206377364219
2025-09-26,73.04,74.7,72.89,74.2,47698312.0,3524465566.0,6930167709.999999,0.006882706738997519
2025-09-29,74.43,74.55,73.05,73.73,46593907.0,3431995413.0,6930223870.0,0.006723290311255126
2025-09-30,73.7,73.71,72.55,72.66,50610839.0,3690464285.0,6930258641.0,0.007302878813293052
2025-10-09,72.35,72.97,71.38,72.63,61593908.0,4446685218.0,6930328763.0,0.008887588180353111
2025-10-10,72.45,73.73,72.1,72.83,43330526.0,3168138019.0,6930396935.000001,0.006252243039813706
2025-10-13,71.38,72.11,71.02,71.81,48160457.0,3450611700.0,6930420061.999999,0.006949139672509508
2025-10-14,72.0,73.15,71.69,72.6,51909507.0,3767793739.0,6930510157.0,0.007489997968990784
2025-10-15,72.8,73.49,72.6,72.92,37633251.0,2753955979.0,6930536844.0,0.005430062900910826
2025-10-16,73.2,73.69,72.52,73.18,34678000.0,2535057433.0,6930571298.0,0.005003627913041924
2025-10-17,72.7,73.59,72.64,72.8,27649108.0,2017092908.0,6930621152.999999,0.003989412693266572
2025-10-20,73.09,73.4,72.39,72.87,29755742.0,2166679568.0,6930642757.999999,0.004293359654940103
2025-10-21,72.9,73.26,72.58,72.91,28394659.0,2070032731.0,6930691139.0,0.004096944796777792
2025-10-22,72.8,73.99,72.61,73.88,39329827.0,2894112406.0,6930718919.0,0.005674711016223799
2025-10-23,73.8,74.95,73.68,74.89,34763341.0,2588236881.0,6930783795.0,0.0050157878283663875
2025-10-24,74.89,75.0,74.46,74.61,24483806.0,1829626026.0,6930935768.0,0.0035325397348279107
2025-10-27,74.74,75.35,74.37,74.88,34055264.0,2552508383.0,6931041506.000001,0.004913441070944294
2025-10-28,74.61,74.92,74.13,74.41,23365775.0,1740011912.0,6931041506.000001,0.003371178051635231
2025-10-29,74.25,74.42,73.5,74.4,27358650.0,2025139821.0,6931041506.000001,0.003947263910671493
2025-10-30,74.5,76.1,74.5,75.3,49965301.0,3777679276.0,6931041506.000001,0.007208916720055203
2025-10-31,75.2,76.83,75.1,76.4,50974159.0,3888018216.0,6931358602.0,0.007354136746768768
2025-11-03,76.39,76.95,75.18,75.39,28196997.0,2132026191.0,6931683217.0,0.004067842703897182
2025-11-04,75.12,75.79,74.9,75.16,30260649.0,2282008180.0,6931827145.999999,0.004365465030019086
2025-11-05,75.0,76.39,74.3,75.94,26615133.0,2015978787.0,6931940628.0,0.003839492348289051
2025-11-06,75.94,77.43,75.94,77.03,35511147.0,2732619897.0,6932094861.0,0.005122715097248004
2025-11-07,77.27,77.27,76.11,76.2,26441999.0,2021807280.0,6932465339.0,0.003814227364577668
2025-11-10,76.26,77.55,75.95,77.33,39100815.0,3010493959.0,6932465339.0,0.005640246735895004
2025-11-11,77.33,77.39,76.68,77.23,22770754.0,1755331384.0,6932465339.0,0.003284654576186407
2025-11-12,77.23,80.55,77.23,79.49,73784703.0,5857421168.0,6932465339.0,0.010643356928870466
2025-11-13,79.2,80.0,78.69,79.6,33337014.0,2639881174.0,6932465339.0,0.004808825197070344
2025-11-14,79.5,80.42,79.05,79.23,27312749.0,2181244560.0,6932465339.0,0.0039398320315208145
2025-11-17,79.23,79.39,77.91,78.42,26109532.0,2050426784.0,6932465339.0,0.0037662693894934453
2025-11-18,78.29,78.66,77.0,77.4,23590408.0,1833005280.0,6932465339.0,0.0034028887050162864
2025-11-19,77.38,78.09,77.02,77.4,21441520.0,1661622968.0,6932465339.0,0.00309291412960644
2025-11-20,77.5,78.88,77.03,77.94,26192879.0,2050174663.0,6932465339.0,0.003778292096557138
2025-11-21,77.1,79.29,77.1,78.75,43949476.0,3442968265.0,6932465339.0,0.006339660402303528
2025-11-24,78.6,79.48,78.25,78.56,36773938.0,2903024266.0,6932465339.0,0.005304597455846004
2025-11-25,78.99,79.0,77.61,78.7,29101152.0,2280195509.0,6933866253.0,0.004196958945870801
2025-11-26,78.69,80.0,78.41,79.8,32072777.0,2538706360.0,6934233135.0,0.004625281033329434
2025-11-27,79.6,80.73,78.95,79.8,31646071.0,2524590682.0,6934952063.0,0.004563271773548523
2025-11-28,79.8,80.07,79.33,79.86,18126661.0,1445017043.0,6935476529.0,0.002613614352842978
2025-12-01,79.8,80.2,79.17,80.0,30352024.0,2419268736.0,6935887744.0,0.004376083512345842
2025-12-02,80.1,81.66,80.01,81.56,37804931.0,3071966512.0,6936332081.0,0.005450276970382554
2025-12-03,81.55,82.88,81.26,82.17,36866005.0,3038100689.0,6937093429.0,0.005314330184149521
2025-12-04,82.13,83.17,81.77,81.89,28917966.0,2377656054.0,6937898032.0,0.00416811631802893
2025-12-05,81.89,82.59,81.7,82.23,24616511.0,2020996778.0,6938287460.0,0.0035479231931390747
2025-12-08,83.0,83.1,81.04,81.81,27336529.0,2235419968.0,6938593478.0,0.003939779594621756
2025-12-09,81.5,81.56,79.94,80.2,35647940.0,2872571867.0,6938688296.000001,0.0051375618098524825
2025-12-10,79.98,80.62,79.7,80.07,24571972.0,1970629706.0,6938688296.000001,0.0035412992992011464
2025-12-11,80.12,80.56,79.18,79.3,27294485.0,2178536617.0,6938688296.000001,0.0039336663985518215
2025-12-12,79.35,79.98,79.2,79.32,32895862.0,2615339990.0,6938688296.000001,0.0047409338187109126
2025-12-15,79.69,81.1,79.45,80.41,36554689.0,2945959175.0,6938688296.000001,0.005268241984738378
2025-12-16,80.25,80.85,79.84,79.96,21423089.0,1718619061.0,6938688296.000001,0.0030874839863248983
2025-12-17,79.71,80.92,79.38,80.47,23028180.0,1850597016.0,6938688296.000001,0.0033188088321066725
2025-12-18,80.27,80.61,79.51,79.83,21409792.0,1710070019.0,6940297693.0,0.0030848521125533225
2025-12-19,79.85,79.9,78.8,79.45,27801766.0,2205368624.0,6845297693.0,0.004061440020122146
2025-12-22,79.3,79.79,78.9,79.16,24503713.0,1941379877.0,6845392938.0,0.0035795918834659597
2025-12-23,79.38,80.31,79.02,79.65,25468020.0,2029842283.0,6845392938.0,0.0037204613717092072
2025-12-24,79.43,79.94,78.76,78.8,21704738.0,1715476084.0,6845392938.0,0.00317070739351033
2025-12-25,78.52,78.88,78.18,78.59,22675780.0,1780124525.0,6845392938.0,0.0033125607551500354
2025-12-26,78.59,79.07,78.55,78.87,21410712.0,1688269460.0,6845392938.0,0.0031277550016369855
2025-12-29,78.79,79.72,78.25,78.41,25697385.0,2026008965.0,6845392938.0,0.003753967848558294
2025-12-30,78.16,79.38,78.12,78.85,21362222.0,1681118068.0,6845914947.0,0.003120433450515084
2025-12-31,78.87,80.28,77.85,78.15,28775822.0,2256598466.0,6845914947.0,0.004203356632791658
2026-01-05,80.04,80.5,78.25,78.68,44294709.0,3501427582.0,6845914947.0,0.006470239455634885
2026-01-06,78.58,79.49,77.39,78.84,45452476.0,3572813822.0,6845914947.0,0.006639357390777704
2026-01-07,78.99,79.58,78.06,79.37,40196784.0,3173707531.0,6845914947.0,0.0058716452528547606
2026-01-08,79.37,79.48,78.31,79.03,31253684.0,2464225429.0,6845914947.0,0.004565304161965365
2026-01-09,79.6,79.95,79.3,79.77,34108097.0,2719435078.0,6845914947.0,0.004982255441976644
2026-01-12,79.78,79.79,77.81,78.62,52501410.0,4117420887.0,6845914947.0,0.007669012894033549
2026-01-13,77.9,78.0,76.1,76.2,94571232.0,7277543658.0,6847567101.0,0.013810924464864182
2026-01-14,76.2,77.63,75.91,77.15,53968401.0,4151813691.0,6847567101.0,0.00788139790439127
2026-01-15,77.46,78.05,76.89,77.22,36031372.0,2794124458.0,6847567101.0,0.005261923171915771
2026-01-16,77.25,77.85,77.15,77.31,37186855.0,2882035811.0,6847567101.0,0.005430666753826966
2026-01-19,77.37,78.14,77.05,77.62,33637393.0,2609235772.0,6847567101.0,0.004912313016266418
2026-01-20,77.66,79.37,77.2,79.0,45535750.0,3580248041.0,6847567101.0,0.006649916580350134
2026-01-21,78.96,78.96,77.55,77.78,36808644.0,2881638098.0,6847567101.0,0.005375433852210746
2026-01-22,78.25,78.26,77.37,77.49,34404058.0,2673285096.0,6847567101.0,0.005024274679247134
2026-01-23,77.57,77.79,76.71,76.78,37370740.0,2879013288.0,6848277912.0,0.005456954358484276
2026-01-26,76.8,77.87,76.02,76.35,47313168.0,3631661682.0,6848381004.999999,0.006908664685194454
2026-01-27,76.4,77.1,75.92,76.1,32580654.0,2493849777.0,6848471779.0,0.004757361211577827
2026-01-28,76.09,76.36,75.0,75.34,62893723.0,4759175492.0,6848555368.0,0.009183502157823249
2026-01-29,75.7,78.08,75.47,77.88,62244106.0,4784027398.0,6848636614.0,0.009088539735450476
2026-01-30,77.6,79.0,77.4,77.59,53250829.0,4168550768.0,6848661263.999999,0.007775363234843149
2026-02-02,77.6,78.48,77.0,77.85,34591579.0,2696447814.0,6848661263.999999,0.0050508526654443695
2026-02-03,77.8,78.89,77.43,77.91,34503710.0,2691523350.0,6848661263.999999,0.005038022566741448
2026-02-04,78.1,79.88,78.01,79.81,38910259.0,3080223023.0,6848661263.999999,0.005681440138459154
2026-02-05,79.83,81.16,79.63,80.45,42919791.0,3456314703.0,6848661263.999999,0.006266887694622592
2026-02-06,80.43,80.8,79.4,79.54,31256590.0,2494058799.0,6848661263.999999,0.0045638977889445815
2026-02-09,79.18,79.34,78.41,79.16,33466953.0,2637206616.0,6848661263.999999,0.004886641594601722
2026-02-10,79.21,80.28,78.88,80.19,30618408.0,2442130413.0,6848661263.999999,0.00447071432207426
2026-02-11,80.0,80.21,79.6,79.69,19806640.0,1581382077.0,6848661263.999999,0.002892045501522121
2026-02-12,79.46,80.06,79.3,79.8,18878441.0,1505278311.0,6848661263.999999,0.002756515510445021
2026-02-13,79.51,80.0,78.91,79.05,25510243.0,2024367758.0,6848661263.999999,0.0037248510353541124
2026-02-24,80.2,80.6,79.52,79.52,25251393.0,2020103221.0,6848661263.999999,0.0036870553275475887
2026-02-25,80.28,80.77,79.29,79.7,28552395.0,2280423704.0,6848661263.999999,0.00416904762834245
2026-02-26,80.15,80.2,78.75,79.25,25327062.0,2011764284.0,6848661263.999999,0.0036981040562090216
2026-02-27,79.03,79.5,78.5,78.64,20160388.0,1590463839.0,6850816429.0,0.002942771596485876
2026-03-02,78.0,78.06,76.7,77.45,27478559.0,2126756401.0,6850816429.0,0.004010990410381057
2026-03-03,77.46,77.64,76.5,76.56,28800034.0,2219134173.0,6851114471.0,0.004203700598188414
2026-03-04,76.0,76.52,75.37,76.16,28493355.0,2165428071.0,6851255935.0,0.004158851350807113
2026-03-05,76.6,76.99,76.12,76.27,19687239.0,1505981137.0,6851401000.0,0.002873461792704879
2026-03-06,76.22,76.72,75.76,76.52,20662879.0,1576695274.0,6851509240.0,0.0030158142208095455
2026-03-09,75.73,76.1,75.02,75.41,25947837.0,1958550801.0,6851612779.0,0.0037871137551044026
2026-03-10,75.75,76.84,75.75,76.6,20908556.0,1598535440.0,6851750143.0,0.0030515642811874788
2026-03-11,76.6,77.72,76.1,77.39,25135764.0,1941618421.0,6851750143.0,0.0036685173095051663
2026-03-12,77.3,77.75,76.93,77.4,19330478.0,1493891519.0,6851750143.0,0.0028212467758691883
2026-03-13,76.95,77.46,76.65,76.86,18729288.0,1443018566.0,6851750143.0,0.0027335042301760712
2026-03-16,76.52,76.88,75.68,76.64,20560029.0,1570261577.0,6852045787.0,0.00300056795285977
2026-03-17,76.98,77.6,76.6,76.6,21407454.0,1649202285.0,6852045787.0,0.0031242426956070777
2026-03-18,76.74,77.3,76.3,77.06,20071638.0,1544837048.0,6852045787.0,0.002929291283791592
2026-03-19,76.43,76.98,75.93,76.0,23272907.0,1777663110.0,6852045787.0,0.0033964902926005504
2026-03-20,75.92,76.15,75.12,75.12,21912595.0,1657477564.0,6852045787.0,0.0031979638900798838
2026-03-23,73.95,73.97,72.35,73.37,46200800.0,3377621418.0,6852045787.0,0.006742628615771099
2026-03-24,73.73,74.42,72.8,74.23,26714723.0,1968463615.0,6852045787.0,0.0038987951672308347
2026-03-25,74.5,74.97,73.95,74.8,18496362.0,1376467588.0,6852045787.0,0.0026993926449079054
2026-03-26,74.89,75.54,74.18,74.32,17708533.0,1325335069.0,6852045787.0,0.0025844154505793586
2026-03-27,72.9,74.95,72.8,74.78,31912535.0,2367294087.0,6852045787.0,0.004657373285588058
2026-03-30,73.35,74.0,71.77,72.1,45622715.0,3304801590.0,6852045787.0,0.006658261841530219
2026-03-31,75.05,77.32,74.31,76.35,69491461.0,5310077352.0,6852080736.999999,0.010141658230142948
2026-04-01,76.5,77.4,76.34,76.84,27361577.0,2100652578.0,6852366162.0,0.003993011516479437
2026-04-02,76.85,77.84,76.58,77.37,32631797.0,2523387318.0,6852490095.0,0.004762034902291968
2026-04-03,77.3,77.35,76.2,76.35,17277260.0,1325461933.0,6852490095.0,0.002521311196437417
2026-04-07,76.35,76.7,75.62,76.12,16382605.0,1246113300.0,6852724560.0,0.0023906702883735925
2026-04-08,76.95,77.25,76.35,76.73,28680412.0,2200099879.0,6852891740.0,0.00418515468916484
2026-04-09,76.4,77.02,75.9,76.52,23502394.0,1796387351.0,6852990110.000001,0.00342950939994863
2026-04-10,76.52,76.74,76.06,76.41,25837267.0,1971065632.0,6853056309.0,0.0037701816291905214
2026-04-13,76.03,76.47,75.58,75.78,18237520.0,1384781818.0,6853111952.0,0.00266120269561299
2026-04-14,76.06,76.55,75.5,76.55,19578158.0,1489302845.0,6853219830.0,0.002856782430106288
2026-04-15,76.55,77.88,76.2,77.49,31845072.0,2461286853.0,6853291430.0,0.004646682885919532
2026-04-16,77.77,78.44,77.4,77.9,23807803.0,1853913748.0,6853420705.0,0.003473856928501517
2026-04-17,78.18,79.25,77.84,78.65,27735236.0,2181684923.0,6853535143.0,0.004046851066099509
2026-04-20,78.4,79.9,78.05,79.58,27669979.0,2201771534.0,6853786132.0,0.004037181561707943
2026-04-21,79.75,80.08,79.2,79.5,23879288.0,1903225382.0,6854151524.0,0.0034839159765269294
2026-04-22,79.5,79.63,78.87,79.3,20278160.0,1606990585.0,6854494499.0,0.0029583742467016896
2026-04-23,79.29,80.15,78.73,79.85,29943246.0,2388456633.0,6854699604.0,0.004368279826956513
2026-04-24,79.56,80.2,79.46,79.66,21788011.0,1740580503.0,6855009500.0,0.003178407119640024
2026-04-27,79.24,80.15,79.01,79.5,25851162.0,2060818397.0,6855243702.0,0.003771005543166611
2026-04-28,79.45,80.8,79.18,80.45,30472906.0,2450034708.0,6855243702.0,0.004445196600539468
2026-04-29,80.55,81.94,80.45,81.31,33110792.0,2684108096.0,6855243702.0,0.004829994882653115
2026-04-30,81.0,82.15,80.61,81.1,35443269.0,2889837730.0,6855243702.0,0.0051702420133743045
2026-05-06,79.7,80.88,79.15,80.44,36041863.0,2885237850.0,6855630880.0,0.00525726423007185
2026-05-07,80.0,80.98,79.77,79.81,37217647.0,2988466109.0,6856157293.0,0.005428353727823379
2026-05-08,79.65,81.09,79.32,80.4,28242327.0,2273797150.0,6856430946.0,0.004119100334041343
2026-05-11,80.14,82.45,79.58,80.67,43644407.0,3540579382.0,6856672478.0,0.006365245990680671
2026-05-12,80.66,81.17,79.73,80.09,35775583.0,2875768679.0,6857062907.0,0.005217333351788076
2026-05-13,79.96,80.95,79.63,80.38,32849685.0,2636662837.0,6857353234.0,0.004790432092243012
2026-05-14,80.39,82.08,80.39,81.81,38926688.0,3174393395.0,6857599091.000001,0.005676430990415855
2026-05-15,81.45,83.3,80.75,82.57,42660857.0,3525964212.0,6857862415.999999,0.006220722203535091
2026-05-18,82.68,83.44,82.08,82.83,37735368.0,3123465724.0,6858101718.0,0.0055023050913576435
2026-05-19,82.83,82.84,80.5,81.0,33581768.0,2725821114.0,6858397539.0,0.004896445242352698
2026-05-20,80.72,82.16,80.08,81.5,30159703.0,2454297430.0,6858818767.0,0.0043972153259258144
2026-05-21,82.15,83.15,81.5,81.5,31181254.0,2562761519.0,6859229248.0,0.004545883053710701
2026-05-22,81.67,82.0,79.89,80.28,30984802.0,2493884552.0,6859508895.000001,0.0045170583600504235
2026-05-25,80.0,80.14,78.79,79.81,23127455.0,1842662846.0,6859891254.0,0.003371402569467029
2026-05-26,79.8,80.7,79.43,79.55,24495312.0,1954515555.0,6860264756.999999,0.003570607384358709
2026-05-27,79.53,80.28,78.87,80.03,25588779.0,2034009882.0,6860593885.999999,0.003729819812278567
2026-05-28,79.6,79.78,78.61,78.95,24199752.0,1913267193.0,6860869404.0,0.0035272136190044874
2026-05-29,78.92,81.26,78.5,80.85,42972944.0,3461222698.0,6861147205.000001,0.006263230144469695
2026-06-01,80.32,82.0,80.29,81.7,37671119.0,3058758977.0,6861458500.0,0.005490249485586774
2026-06-02,81.26,82.79,81.22,82.6,26317746.0,2162929060.0,6861662796.0,0.0038354764409789864
2026-06-03,82.3,82.7,81.56,82.61,23032626.0,1895269952.0,6861840269.000001,0.003356625205056926
2026-06-04,82.05,83.48,81.8,82.42,24365847.0,2019048245.0,6862037799.0,0.0035508179514182826
2026-06-05,82.3,83.3,81.6,81.69,20949437.0,1725517859.0,6862170148.0,0.0030528880147493538
2026-06-08,81.39,83.75,80.88,82.85,36703053.0,3034363535.0,6862243458.0,0.005348550109689216
2026-06-09,82.5,82.99,81.75,82.36,22099177.0,1819542341.0,6862243458.0,0.0032204011902604228
2026-06-10,82.5,84.88,81.47,83.9,38697291.0,3242378394.0,6862243458.0,0.005639160317882153
2026-06-11,83.66,85.9,83.4,85.35,52143692.0,4432709137.0,6862243458.0,0.007598636265113985
2026-06-12,84.5,84.66,82.55,83.23,42935287.0,3569548761.0,6862243458.0,0.006256742020708412
2026-06-15,82.95,82.98,80.5,80.93,43292554.0,3514282135.0,6862243458.0,0.00630880473200489
2026-06-16,80.97,80.99,78.56,78.96,41523880.0,3291473115.0,6862243458.0,0.006051064823646191
2026-06-17,78.97,79.85,78.54,79.22,33447229.0,2647888308.0,6862243458.0,0.004874095360316492
2026-06-18,79.23,79.49,77.8,78.0,36366779.0,2850857596.0,6862243458.0,0.005299546602008652
2026-06-22,77.33,79.15,76.9,78.28,30670955.0,2398663377.0,6862243458.0,0.004469523004789901
2026-06-23,78.17,79.62,77.82,78.07,36089100.0,2832542710.0,6862243458.0,0.00525908184704921
2026-06-24,78.5,78.7,76.0,76.63,38487790.0,2950191887.0,6862243458.0,0.005608630797721254
2026-06-25,76.64,78.37,76.2,76.5,41148953.0,3173689872.0,6862243458.0,0.0059964286099509585
2026-06-26,76.88,78.94,76.61,78.55,44953388.0,3512507556.0,6862243458.0,0.006550829663088295
2026-06-29,75.79,77.99,75.14,77.27,74325828.0,5697834978.0,6862243458.0,0.010831126650476235
2026-06-30,76.52,78.66,75.31,75.53,57750898.0,4402003723.0,6862312128.0,0.008415661794857957
2026-07-01,76.01,77.6,73.62,77.4,50224160.0,3810029159.0,6862312128.0,0.007318839344988768
2026-07-02,77.61,79.26,76.98,77.01,56146785.0,4362682503.0,6862312128.0,0.008181904867152088
2026-07-03,77.5,79.9,77.31,77.96,55780335.0,4376620902.0,6862312128.0,0.008128504498127078
2026-07-06,78.6,80.15,78.0,80.0,50383690.0,4006480145.0,6862312128.0,0.007342086611656962
2026-07-07,79.43,80.35,78.65,79.12,34065422.0,2696340986.0,6862312128.0,0.004964131820965168
2026-07-08,78.75,79.96,78.33,79.41,31545922.0,2505012480.0,6862312128.0,0.00459698151462457
2026-07-09,79.0,79.59,78.0,79.33,30121549.0,2381427421.0,6862312128.0,0.004389416925105509
2026-07-10,79.14,79.3,77.86,78.99,27961858.0,2201420876.0,6862312128.0,0.004074699238163245
2026-07-13,78.5,80.67,78.42,80.4,47041628.0,3769459401.0,6865227495.0,0.0068521586552318615
2026-07-14,80.43,82.0,79.91,81.18,45750333.0,3706958309.0,6865099495.0,0.006664190815198083
2026-07-15,81.17,82.76,80.58,82.67,33221104.0,2726356543.0,6870310969.999999,0.00483545856149216
2026-07-16,82.15,83.45,81.8,81.8,36238235.0,2982559446.0,6871842577.0,0.005273437887138025
2026-07-17,82.31,83.45,81.34,82.71,46279515.0,3817607250.0,6873386394.0,0.006733146130181024
2026-07-20,81.23,84.5,81.11,84.3,54704808.0,4571947511.0,6878721793.0,0.00795275774282212
2026-07-21,84.15,85.75,83.61,84.27,45909911.0,3881820711.0,6879929031.0,0.006673021014190168
2026-07-22,84.04,84.8,83.51,84.8,32691694.0,2751711197.0,6880795908.999999,0.004751150075130066
2026-07-23,84.67,85.18,84.27,84.77,19123849.0,1620699967.0,6881332335.0,0.002779091034846815
2026-07-24,84.75,85.2,84.11,84.5,23791082.0,2014365070.0,6881694811.0,0.003457154473338646
2026-07-27,84.03,84.55,83.2,84.13,22819203.0,1919459061.0,6881967389.999999,0.003315796444074694
2026-07-28,84.12,85.92,84.01,85.37,33671143.0,2871540848.0,6882279310.0,0.004892440641151485
2026-07-29,85.35,87.5,85.1,87.01,47814431.0,4150483891.0,6882279310.0,0.006947470285102393
2026-07-30,87.01,89.5,86.5,88.95,46149832.0,4071773624.0,6882279310.0,0.006705602885506837
2026-07-31,87.01,87.79,84.51,87.6,47504454.0,4107738670.0,6883544865.0,0.006901161382929405
2026-08-03,87.39,87.97,85.65,85.9,33669260.0,2911398283.0,6883841707.0,0.004891056685072029
2026-08-04,85.99,86.2,84.66,85.14,38112065.0,3241774673.0,6884032297.0,0.005536299563354591
2026-08-05,85.0,85.6,84.28,85.47,29129662.0,2473355698.0,6884142717.0,0.0042314145998260545
2026-08-06,85.5,86.0,84.8,85.32,20869634.0,1780112924.0,6884270925.0,0.003031495161559174
2026-08-07,85.26,85.33,82.97,83.5,40016776.0,3352328493.0,6884306425.0,0.005812753461217409
2026-08-10,83.5,86.07,83.12,85.3,31141903.0,2645240983.0,6884471025.0,0.004523499755741945
2026-08-11,85.26,86.12,85.03,85.62,19509179.0,1671643827.0,6884544025.0,0.0028337648694170417
2026-08-12,85.18,85.37,84.16,84.34,21928458.0,1852073192.0,6884581375.0,0.0031851548853251807
2026-08-13,84.19,84.57,83.8,84.19,19974952.0,1681491988.0,6884651675.0,0.0029013743821687246
2026-08-14,83.77,84.3,83.0,83.03,22392363.0,1866196093.0,6884703075.0,0.0032524805726643485
2026-08-17,83.15,83.28,82.39,82.61,18845181.0,1559306864.0,6884756505.0,0.0027372327527217318
2026-08-18,82.8,83.89,82.39,83.58,22707020.0,1887839778.0,6884827905.0,0.003298124559294994
2026-08-19,83.51,84.78,83.38,84.72,33406706.0,2816516541.0,6884854605.0,0.004852202103983284
2026-08-20,84.78,85.53,83.95,85.38,26335546.0,2237151428.0,6884854605.0,0.0038251419254190628
2026-08-21,85.38,85.99,84.25,84.3,18021093.0,1530494658.0,6884854605.0,0.002617497976923508
2026-08-24,84.11,86.35,84.05,85.99,27668264.0,2368707197.0,6884854605.0,0.004018714350177624
2026-08-25,86.2,87.4,86.03,86.69,25305523.0,2195605977.0,6884854605.0,0.003675534844500903
2026-08-26,86.03,87.26,86.02,86.39,16637658.0,1440578174.0,6884854605.0,0.0024165590930442025
2026-08-27,86.0,86.56,85.4,86.18,21921885.0,1883865957.0,6884854605.0,0.003184073776093925
2026-08-28,86.5,86.98,85.42,86.23,16936204.0,1459282370.0,6884854605.0,0.002459921809779453
2026-08-31,86.6,87.98,86.12,87.73,26791786.0,2344709677.0,6884854605.0,0.0038914091200332617
2026-09-01,87.9,88.41,87.0,87.49,18426037.0,1616473120.0,6884854605.0,0.0026763146147804526
2026-09-02,87.37,87.89,86.68,86.98,12320101.0,1070635834.0,6885092810.0,0.0017893877889497904
2026-09-03,87.25,88.5,86.56,87.25,14859632.0,1302253143.0,6885092810.0,0.002158232635356443
2026-09-04,87.0,88.28,86.02,87.57,17952369.0,1569955404.0,6885135681.0,0.002607409618599207
2026-09-07,87.54,87.7,85.96,86.27,22890520.0,1977895653.0,6885168513.0,0.0033246128917222627
2026-09-08,85.88,86.38,84.68,85.15,22943453.0,1956253772.0,6885216763.000001,0.0033322775142380794
2026-09-09,85.0,86.04,84.44,86.02,17978628.0,1537157622.0,6885278033.0,0.002611169500175796
2026-09-10,85.99,86.6,85.4,86.2,20498723.0,1764174850.0,6885323027.999999,0.002977162134098787
2026-09-11,86.2,86.9,85.95,86.26,22286340.0,1926234922.0,6885391593.000001,0.0032367570818567963
2026-09-14,86.29,87.4,86.26,86.8,18095085.0,1572363570.0,6885402703.0,0.002628035828916135
2026-09-15,86.7,88.1,86.44,87.23,19677644.0,1722618379.0,6885402703.0,0.002857878449350009
2026-09-16,87.0,87.41,84.51,85.0,29845489.0,2546175026.0,6885402703.0,0.004334603259588025
