date,open,high,low,close,volume,amount,outstanding_share,turnover
2020-12-01,52.0,52.87,51.5,52.68,62055753.0,3242831250.0,6987369320.0,0.008881132534726246
2020-12-02,52.63,52.63,51.08,51.6,67464338.0,3480466296.0,6987369320.0,0.00965518422031827
2020-12-03,51.4,51.96,51.18,51.27,47744905.0,2456404802.0,6987369320.0,0.0068330301166906115
2020-12-04,51.29,52.46,50.71,52.14,51323303.0,2652980046.0,6987369320.0,0.007345153898348685
2020-12-07,52.28,52.88,51.8,52.77,52885765.0,2777575287.0,6987369320.0,0.007568766237763428
2020-12-08,52.94,53.0,52.22,52.55,39253994.0,2063595769.0,6987369320.0,0.005617850181132261
2020-12-09,53.0,54.84,52.99,53.05,79606505.0,4281597729.0,6987369320.0,0.011392915037729823
2020-12-10,52.39,52.6,51.35,51.8,53606400.0,2777151900.0,6987369320.0,0.00767190018803815
2020-12-11,52.0,52.06,50.0,50.68,64840987.0,3294180907.0,6987369320.0,0.009279742350873763
2020-12-14,50.6,50.77,48.8,49.81,88291338.0,4359614391.0,6987369320.0,0.012635848193580242
2020-12-15,49.62,50.65,49.32,50.34,49849790.0,2492759975.0,6987369320.0,0.0071342715286731116
2020-12-16,51.4,52.98,51.4,52.33,102414106.0,5356231675.0,6987369320.0,0.014657033471360863
2020-12-17,52.59,53.16,51.77,52.39,50777164.0,2662460998.0,6987369320.0,0.007266993009037055
2020-12-18,52.72,52.72,50.7,51.48,51322554.0,2640751302.0,6987369320.0,0.007345046704930719
2020-12-21,51.02,53.0,50.77,52.92,65634319.0,3419086439.0,6990629424.000001,0.009388899771266146
2020-12-22,52.15,53.72,51.66,52.49,77890615.0,4102959924.0,6990629424.000001,0.011142146189667626
2020-12-23,53.21,55.5,53.21,55.47,127260130.0,6952737788.0,6990629424.000001,0.018204387942964716
2020-12-24,55.48,56.77,54.85,55.73,73355092.0,4107276065.0,6990629424.000001,0.010493345813491371
2020-12-25,56.01,58.22,55.81,56.56,83964965.0,4803436986.0,7006825870.000001,0.011983309783606766
2020-12-28,56.55,56.85,55.21,55.58,66047682.0,3687951763.0,7006825870.000001,0.009426191434667405
2020-12-29,56.17,56.4,54.69,55.5,58070813.0,3237582031.0,7006825870.000001,0.008287748843400328
2020-12-30,55.06,56.29,55.06,56.08,60003682.0,3342355035.0,7006825870.000001,0.00856360399320156
2020-12-31,56.0,57.14,55.2,56.12,62149833.0,3483265405.0,7006825870.000001,0.00886989831816671
2021-01-04,55.8,55.9,53.04,54.07,143034021.0,7723657661.0,7006825870.000001,0.020413525846618475
2021-01-05,53.58,56.27,53.35,56.25,125414190.0,6873512662.0,7006825870.000001,0.01789885924480666
2021-01-06,56.33,57.48,55.0,55.56,91035962.0,5108131217.0,7006825870.000001,0.012992468157339836
2021-01-07,55.88,58.56,55.2,58.5,145898924.0,8378821174.0,7006825870.000001,0.020822399001618114
2021-01-08,59.46,61.0,58.9,60.01,148961527.0,8921331481.0,7013153737.0,0.021240305372761004
2021-01-11,60.01,61.06,58.8,61.0,128045098.0,7672326387.0,7013153737.0,0.018257848437637923
2021-01-12,60.0,60.62,58.38,60.37,113193732.0,6745319449.0,7013153737.0,0.016140204000207846
2021-01-13,60.2,62.61,59.66,62.11,124195865.0,7659221392.0,7013153737.0,0.0177089893730359
2021-01-14,62.31,63.26,59.65,59.82,113979444.0,6956819755.0,7013153737.0,0.016252238047865283
2021-01-15,59.0,59.88,56.36,57.4,100741963.0,5837483662.0,7013153737.0,0.014364716185887314
2021-01-18,57.5,58.88,57.5,57.9,77785926.0,4519950342.0,7013153737.0,0.011091433172157196
2021-01-19,57.8,57.87,55.52,55.71,109262187.0,6146833932.0,7013153737.0,0.015579608133150498
2021-01-20,56.2,56.55,55.0,56.21,75136583.0,4193144120.0,7013153737.0,0.010713665466021994
2021-01-21,56.46,58.5,56.41,57.9,90029333.0,5174934256.0,7013153737.0,0.012837210815017958
2021-01-22,58.72,59.47,56.5,57.49,89165961.0,5135566882.0,7013153737.0,0.012714103289876304
2021-01-25,53.5,56.55,52.01,55.21,204391961.0,11100122092.0,7013153737.0,0.02914408676394313
2021-01-26,54.28,55.48,52.6,52.78,97698798.0,5255231744.0,7013153737.0,0.013930793714753554
2021-01-27,52.5,54.41,52.39,53.79,68757342.0,3665534375.0,7013153737.0,0.009804054577792867
2021-01-28,53.5,53.5,50.04,50.35,122838721.0,6301783109.0,7013153737.0,0.017515475292082566
2021-01-29,51.45,53.99,51.44,53.1,114820407.0,6048822471.0,7013153737.0,0.0163721502915629
2021-02-01,53.49,53.49,51.89,53.17,60241678.0,3180705618.0,7013153737.0,0.008589812837294144
2021-02-02,53.21,54.1,51.54,53.8,79208956.0,4181979756.0,7013153737.0,0.01129434188532177
2021-02-03,53.78,53.8,51.28,51.54,86141463.0,4499967634.0,7013153737.0,0.012282842531389955
2021-02-04,50.15,50.79,48.0,49.0,153030713.0,7500830517.0,7013153737.0,0.02182052736027167
2021-02-05,49.11,50.49,49.11,49.52,67945790.0,3394908578.0,7013153737.0,0.009688336025136818
2021-02-08,50.0,50.43,45.61,47.86,125120544.0,6020792375.0,7013153737.0,0.017840838614429477
2021-02-09,47.0,50.6,47.0,50.28,87914750.0,4359929656.0,7013153737.0,0.012535694110936043
2021-02-10,51.0,53.25,50.08,52.78,92903001.0,4853025414.0,7013153737.0,0.013246964844056148
2021-02-18,53.32,53.6,49.9,50.11,120931117.0,6137864663.0,7013153737.0,0.01724347155859304
2021-02-19,49.7,49.99,48.22,49.84,70650140.0,3472647531.0,7013153737.0,0.01007394713554673
2021-02-22,49.85,49.9,48.7,48.7,77890335.0,3829641284.0,7022354523.0,0.011091769113178395
2021-02-23,48.45,49.7,48.3,48.5,56981041.0,2786481816.0,7022354523.0,0.008114235875356701
2021-02-24,48.34,48.9,46.86,47.6,63511706.0,3041045456.0,7022354523.0,0.009044218116869916
2021-02-25,47.61,47.99,46.33,46.9,54024729.0,2545077642.0,7022354523.0,0.007693250009388625
2021-02-26,46.0,47.42,45.55,46.5,61504405.0,2870285611.0,7022354523.0,0.008758373676315743
2021-03-01,47.1,47.91,46.58,47.6,49170113.0,2324381836.0,7022354523.0,0.007001941135121469
2021-03-02,48.07,49.8,47.74,49.0,101026575.0,4953798645.0,7022354523.0,0.014386424762394469
2021-03-03,48.5,49.35,48.2,48.95,54155704.0,2641451776.0,7022354523.0,0.007711901161159875
2021-03-04,48.4,48.44,45.81,46.21,78876240.0,3680130775.0,7022354523.0,0.011232164332014315
2021-03-05,45.66,48.0,45.55,47.63,63451746.0,2979127913.0,7022354523.0,0.009035679670141883
2021-03-08,48.05,48.68,46.0,46.2,55508853.0,2618227550.0,7022354523.0,0.007904592799778816
2021-03-09,46.59,46.59,42.71,44.5,74730305.0,3344775520.0,7022354523.0,0.01064177331908254
2021-03-10,45.49,46.4,43.02,43.43,77628894.0,3429793612.0,7025970893.0,0.01104884935935928
2021-03-11,43.05,43.38,40.19,42.15,140756543.0,5882176948.0,7025970893.0,0.02003374980392194
2021-03-12,42.37,42.5,40.15,40.85,110237031.0,4522028816.0,7025970893.0,0.01568993562296558
2021-03-15,40.4,40.53,37.88,38.2,127015049.0,4946161447.0,7025970893.0,0.018077935552870784
2021-03-16,38.22,39.6,37.92,38.42,81858419.0,3166208512.0,7025970894.000001,0.011650833775856514
2021-03-17,37.5,39.48,36.79,38.59,85259323.0,3253950784.0,7025970894.000001,0.012134881326196395
2021-03-18,38.59,38.85,37.6,38.58,70612618.0,2692449803.0,7025970894.000001,0.01005022922316706
2021-03-19,38.0,38.06,35.6,35.84,136514589.0,4990287181.0,7025970894.000001,0.019429996374818456
2021-03-22,36.0,36.11,32.81,35.3,174447626.0,5990806292.0,7025970894.000001,0.024828970775978277
2021-03-23,35.52,36.09,34.08,34.35,119297538.0,4163396885.0,7025970894.000001,0.01697950928061445
2021-03-24,34.01,34.25,32.37,32.4,131678417.0,4349596635.0,7025970894.000001,0.01874166844506145
2021-03-25,32.05,33.24,31.9,32.89,95288557.0,3119282547.0,7025970894.000001,0.013562333012420246
2021-03-26,33.22,35.15,32.9,34.92,116655308.0,4009761699.0,7025970894.000001,0.016603443105581414
2021-03-29,35.12,35.21,33.61,33.75,95276499.0,3243654889.0,7025970894.000001,0.013560616808328041
2021-03-30,33.75,34.37,33.2,33.91,81268731.0,2754676944.0,7025970894.000001,0.011566904023101123
2021-03-31,33.92,34.07,33.07,33.83,58152025.0,1953136299.0,7025970894.000001,0.00827672443813571
2021-04-01,34.11,35.27,33.91,35.08,87325022.0,3028667449.0,7025970894.000001,0.012428890372229315
2021-04-02,35.12,36.25,34.81,35.73,85237175.0,3046277189.0,7025970894.000001,0.01213172902164886
2021-04-06,35.84,36.17,35.04,35.09,64647091.0,2285170761.0,7025970894.000001,0.009201161230998973
2021-04-07,35.25,35.25,34.1,34.48,57560802.0,1981120299.0,7025970894.000001,0.008192576210236717
2021-04-08,34.61,34.85,34.01,34.06,47189835.0,1618186723.0,7025970894.000001,0.006716485979225862
2021-04-09,34.07,34.28,33.3,33.45,51272927.0,1722908676.0,7025970894.000001,0.007297628722570679
2021-04-12,33.61,33.87,32.59,32.76,46130666.0,1527506738.0,7025970894.000001,0.006565735425888884
2021-04-13,32.79,34.85,32.79,34.13,100393854.0,3425903411.0,7025970894.000001,0.014288965256849239
2021-04-14,34.25,34.42,33.68,34.15,52834109.0,1800520952.0,7025970894.000001,0.007519830326242737
2021-04-15,34.17,34.27,32.9,33.47,63922350.0,2125414454.0,7025970894.000001,0.009098009508491994
2021-04-16,33.48,33.59,32.58,33.28,48611486.0,1609124111.0,7025970894.000001,0.00691882826350917
2021-04-19,33.41,36.61,33.35,36.56,192126326.0,6871104719.0,7025970894.000001,0.027345163949379716
2021-04-20,36.34,36.34,35.24,35.26,115035448.0,4108390263.0,7025970894.000001,0.01637288991593138
2021-04-21,34.2,36.31,34.02,36.17,109963108.0,3886528073.0,7025970894.000001,0.015650948411116486
2021-04-22,36.57,38.62,35.32,37.37,175950628.0,6501303070.0,7025970894.000001,0.02504289167355608
2021-04-23,36.89,38.01,36.52,37.39,110852252.0,4142223134.0,7025970894.000001,0.015777499461983962
2021-04-26,36.4,37.42,35.72,36.33,112235281.0,4110137997.0,7025970894.000001,0.015974344712393566
2021-04-27,36.2,38.43,35.41,38.4,125148168.0,4653232531.0,7025970894.000001,0.017812224088043595
2021-04-28,37.87,38.12,37.05,37.2,105320340.0,3948848743.0,7025970894.000001,0.01499014749547865
2021-04-29,37.19,37.65,36.55,36.71,65452197.0,2420610925.0,7025970894.000001,0.00931575123032384
2021-04-30,36.9,37.19,36.45,36.96,56323896.0,2078064726.0,7025970894.000001,0.008016528512536134
2021-05-06,36.65,37.65,36.03,36.33,56237171.0,2061918688.0,7025970894.000001,0.008004185022745412
2021-05-07,36.5,36.92,34.56,34.7,74544210.0,2658897002.0,7025970894.000001,0.010609809110319378
2021-05-10,34.66,35.2,33.8,34.52,66007202.0,2274778514.0,7025970894.000001,0.00939474458346653
2021-05-11,34.36,34.6,33.6,34.5,58037838.0,1979651282.0,7025970894.000001,0.008260472307046251
2021-05-12,34.38,34.43,33.2,33.67,69397723.0,2335793200.0,7025970894.000001,0.009877314330929534
2021-05-13,33.01,33.56,32.83,32.96,60000249.0,1985392848.0,7025970894.000001,0.00853978046667382
2021-05-14,33.05,33.52,31.95,33.47,74746825.0,2454695485.0,7025970894.000001,0.010638647117629234
2021-05-17,33.5,35.69,33.49,34.78,98573600.0,3406229349.0,7025970894.000001,0.014029890172784424
2021-05-18,34.6,35.17,34.03,34.79,64351868.0,2225460191.0,7025970894.000001,0.009159142411898524
2021-05-19,34.51,36.2,34.13,35.75,85998000.0,3070850318.0,7025970894.000001,0.012240016546814916
2021-05-20,35.55,36.28,35.26,35.94,60142864.0,2158548650.0,7025970894.000001,0.008560078728956942
2021-05-21,35.94,36.56,34.49,34.65,68637026.0,2413379403.0,7025970894.000001,0.009769045023886203
2021-05-24,34.57,37.0,34.28,36.8,125654605.0,4517294152.0,7025970894.000001,0.017884304802245312
2021-05-25,36.92,40.0,36.52,39.79,201729007.0,7766348276.0,7025970894.000001,0.02871190473793044
2021-05-26,39.99,40.33,38.63,39.12,118492203.0,4663970075.0,7025970894.000001,0.016864886687929393
2021-05-27,39.18,40.3,38.91,39.9,97538277.0,3879797266.0,7025970894.000001,0.013882533598779235
2021-05-28,39.91,40.15,38.75,39.3,84809773.0,3339012016.0,7025970894.000001,0.012070897286583605
2021-05-31,39.43,39.44,38.41,39.0,74561640.0,2893968574.0,7025970894.000001,0.010612289906249643
2021-06-01,38.95,40.16,38.33,39.21,81737819.0,3219681892.0,7025970894.000001,0.011633668888352783
2021-06-02,39.25,39.4,38.02,38.32,64687912.0,2489384762.0,7025970894.000001,0.009206971246527909
2021-06-03,38.29,39.55,38.1,38.53,67086517.0,2604776233.0,7025970894.000001,0.009548362498525316
2021-06-04,38.07,38.68,37.38,38.35,58832147.0,2243751282.0,7025970894.000001,0.008373525579253558
2021-06-07,38.46,39.64,38.45,39.42,85452552.0,3350106445.0,7025970894.000001,0.0121623834327259
2021-06-08,39.39,41.13,39.22,40.25,129291712.0,5242181655.0,7025970894.000001,0.01840197090916101
2021-06-09,40.5,41.07,39.71,40.9,89162436.0,3628309285.0,7025970894.000001,0.012690407823371776
2021-06-10,40.82,41.1,39.9,40.38,72980157.0,2953490391.0,7025970894.000001,0.010387198879847792
2021-06-11,40.2,40.35,38.41,39.0,88575521.0,3468025959.0,7025970894.000001,0.012606872749165702
2021-06-15,39.02,39.99,38.8,39.81,69006869.0,2727040603.0,7025970894.000001,0.009821684439218228
2021-06-16,39.99,40.19,37.66,37.87,72993198.0,2831893333.0,7025970894.000001,0.010389054993429353
2021-06-17,37.87,39.5,37.7,39.32,73463533.0,2850499314.0,7025970894.000001,0.010455997343048485
2021-06-18,39.42,40.01,39.0,39.76,67071204.0,2651007366.0,7025970894.000001,0.009546183013265411
2021-06-21,39.58,42.3,39.28,42.1,137266484.0,5699235730.0,7025970894.000001,0.019537012901266367
2021-06-22,42.18,42.48,41.13,41.84,76085507.0,3172563261.0,7025970894.000001,0.010829180500160494
2021-06-23,41.8,44.78,41.23,44.05,132973095.0,5790418985.0,7025970894.000001,0.018925938778590105
2021-06-24,44.7,46.5,44.67,45.84,146599121.0,6688742882.0,7025970894.000001,0.02086531857471711
2021-06-25,45.86,50.08,44.97,47.01,171280777.0,8090878655.0,7025970894.000001,0.02437823605934226
2021-06-28,47.4,48.99,46.3,47.28,127759672.0,6091724534.0,7025970894.000001,0.018183917059648436
2021-06-29,47.18,48.2,46.56,47.49,74440685.0,3541260870.0,7025159269.0,0.010596298553469849
2021-06-30,47.2,47.48,45.52,46.0,100709475.0,4641936195.0,7025159269.0,0.014335543315637246
2021-07-01,46.58,46.67,45.35,45.8,61173885.0,2808913352.0,7025159269.0,0.008707828912853648
2021-07-02,45.37,45.47,43.38,43.6,92941659.0,4090692665.0,7025159269.0,0.013229829451714314
2021-07-05,44.0,45.75,43.88,45.72,77539482.0,3485838326.0,7025159269.0,0.011037398446204537
2021-07-06,46.05,46.16,44.36,45.4,66539632.0,3008064045.0,7025159269.0,0.00947161899853576
2021-07-07,44.9,46.25,44.51,45.32,68308728.0,3109383929.0,7025159269.0,0.009723441901371076
2021-07-08,45.49,47.22,45.49,46.66,92588517.0,4315418398.0,7025159269.0,0.01317956126753829
2021-07-09,46.0,47.18,44.66,46.27,80860178.0,3709110645.0,7025159269.0,0.011510084669085386
2021-07-12,46.5,46.8,45.0,45.5,87021677.0,3977668288.0,7025159269.0,0.0123871464927495
2021-07-13,44.99,44.99,42.91,43.06,118168691.0,5148898128.0,7025159269.0,0.016820784622128687
2021-07-14,43.11,44.13,42.89,43.13,62440675.0,2707569577.0,7025159269.0,0.008888150803289639
2021-07-15,43.72,43.78,41.67,42.26,79908417.0,3378827953.0,7025159269.0,0.011374605747746215
2021-07-16,42.18,42.78,41.21,41.26,65526765.0,2740235663.0,7025159269.0,0.009327441911409853
2021-07-19,41.4,42.67,41.06,42.67,71499296.0,3001673592.0,7025159269.0,0.010177604985484921
2021-07-20,42.1,43.31,42.0,43.22,59886359.0,2557439665.0,7025159269.0,0.008524555345565078
2021-07-21,43.11,43.91,41.98,42.05,94214362.0,4045580538.0,7025159269.0,0.013410993031252798
2021-07-22,42.0,42.51,40.45,41.29,110137613.0,4542490451.0,7025159269.0,0.0156775965900169
2021-07-23,41.11,41.55,40.1,40.45,83651868.0,3398587149.0,7025159269.0,0.011907469253989948
2021-07-26,40.55,41.07,39.06,39.79,76384737.0,3057646901.0,7025159269.0,0.010873025660366704
2021-07-27,40.02,40.66,38.59,38.63,90813389.0,3577802411.0,7025159269.0,0.01292687973648274
2021-07-28,38.3,38.6,36.66,37.69,75476829.0,2848493953.0,7025159269.0,0.010743789017433022
2021-07-29,38.37,38.87,37.85,38.27,67993461.0,2605669113.0,7025159269.0,0.009678565054038777
2021-07-30,37.85,37.88,36.1,36.98,89239224.0,3281056249.0,7025159269.0,0.012702804389615326
2021-08-02,36.31,38.74,35.6,38.26,106437216.0,3963711198.0,7025159269.0,0.0151508616281024
2021-08-03,38.2,39.85,37.87,39.08,86338767.0,3372611530.0,7025159269.0,0.012289937308750857
2021-08-04,39.31,41.96,39.01,41.54,123330424.0,5013346581.0,7025159269.0,0.017555534227419095
2021-08-05,41.6,42.45,40.98,41.43,83602195.0,3473587028.0,7025159269.0,0.011900398524615998
2021-08-06,41.28,41.28,40.28,40.65,61015900.0,2482353618.0,7025159269.0,0.008685340454734678
2021-08-09,40.02,42.34,39.81,42.18,85018529.0,3524466020.0,7025159269.0,0.012102007334575634
2021-08-10,41.97,42.3,41.08,41.82,61606723.0,2561132541.0,7025159269.0,0.008769441466167562
2021-08-11,42.05,42.15,41.32,41.81,45304498.0,1893794559.0,7025159269.0,0.006448892653568108
2021-08-12,41.78,42.7,41.52,42.16,70445224.0,2972919217.0,7025159269.0,0.01002756255090962
2021-08-13,42.3,42.46,38.88,39.34,117604448.0,4720100306.0,7025159269.0,0.016740467154809497
2021-08-16,39.2,39.67,38.5,38.63,60187324.0,2338193540.0,7025159269.0,0.008567396367166975
2021-08-17,38.58,39.08,37.44,37.78,50677824.0,1935496882.0,7025159269.0,0.007213761576001075
2021-08-18,37.91,38.5,37.55,38.23,35093925.0,1337337277.0,7025159269.0,0.004995463256592539
2021-08-19,38.0,38.9,37.66,37.7,50132783.0,1908559907.0,7025159269.0,0.007136177427495701
2021-08-20,37.5,38.17,36.84,37.95,53365907.0,2000189557.0,7025159269.0,0.007596398167866221
2021-08-23,38.45,39.16,38.05,38.97,49158619.0,1911378698.0,7025159269.0,0.006997509539310062
2021-08-24,39.3,39.4,38.58,38.68,40496134.0,1573995742.0,7025159269.0,0.005764443544888405
2021-08-25,37.05,38.38,37.05,37.2,97918682.0,3663282369.0,7025159269.0,0.013938286414670608
2021-08-26,37.24,37.64,36.6,37.22,51901051.0,1929902059.0,7025159269.0,0.007387882468234472
2021-08-27,37.3,38.72,37.01,37.98,66848781.0,2537622534.0,7025159269.0,0.009515624975932484
2021-08-30,38.21,38.49,35.0,35.72,142568627.0,5172287952.0,7025159269.0,0.02029400637635565
2021-08-31,35.14,35.32,33.6,33.86,112646202.0,3851116130.0,7025159269.0,0.016034683013817948
2021-09-01,33.8,34.65,33.36,34.31,74435243.0,2538031727.0,7025159269.0,0.010595523909110678
2021-09-02,34.52,35.19,33.77,34.25,60200238.0,2067779438.0,7025159269.0,0.008569234617305585
2021-09-03,34.27,34.58,33.59,34.2,43619042.0,1489014659.0,7025159269.0,0.006208975530630066
2021-09-06,34.2,35.46,34.0,35.27,56463415.0,1971160665.0,7025159269.0,0.008037314577216313
2021-09-07,35.33,35.42,34.71,35.11,53791515.0,1882211423.0,7025159269.0,0.007656981563018283
2021-09-08,35.33,36.84,35.25,36.12,96705665.0,3473006834.0,7025159269.0,0.0137656188702702
2021-09-09,35.4,35.7,34.81,35.34,49465778.0,1743337627.0,7025159269.0,0.007041232249107604
2021-09-10,35.15,36.34,34.85,36.02,78049232.0,2773610862.0,7025159269.0,0.01110995907870854
2021-09-13,36.0,36.0,34.86,34.99,63222031.0,2225376005.0,7025159269.0,0.00899937333506168
2021-09-14,35.01,35.35,34.2,34.32,51206542.0,1776258330.0,7025159269.0,0.007289022218465521
2021-09-15,34.3,34.31,33.32,33.4,73609720.0,2466658242.0,7025159269.0,0.0104780144024376
2021-09-16,33.6,34.14,33.25,34.08,57778233.0,1945625799.0,7025159269.0,0.008224473038633965
2021-09-17,33.89,34.02,33.33,33.53,38121450.0,1279312387.0,7025159269.0,0.005426417898910699
2021-09-22,33.0,33.55,32.8,32.9,36584038.0,1208645203.0,7025159269.0,0.005207574177205462
2021-09-23,33.0,35.58,33.0,35.48,124902384.0,4325737863.0,7025159269.0,0.017779295702398973
2021-09-24,35.3,36.64,34.9,35.6,96029201.0,3438634261.0,7025159269.0,0.01366932724554006
2021-09-27,35.6,37.36,35.4,36.84,97216171.0,3563584307.0,7025159269.0,0.013838287115992786
2021-09-28,36.84,36.84,35.6,35.81,54630919.0,1970308996.0,7025159269.0,0.0077764669679548015
2021-09-29,35.2,36.13,34.59,35.71,55123583.0,1947621866.0,7025159269.0,0.007846595484780602
2021-09-30,35.71,36.2,35.5,35.71,36161039.0,1296961130.0,7037494534.0,0.0051383399056718895
2021-10-08,37.0,37.92,36.5,37.68,85883773.0,3219976765.0,7037494534.0,0.012203742764569514
2021-10-11,37.6,38.79,37.4,37.57,61218403.0,2321984291.0,7037494534.0,0.008698891729753775
2021-10-12,37.57,37.69,36.13,36.45,54341366.0,1998069467.0,7037494534.0,0.007721692107533791
2021-10-13,36.22,36.49,35.6,36.16,42932294.0,1546910553.0,7037494534.0,0.006100508326163909
2021-10-14,36.43,36.45,35.69,35.72,30636883.0,1100443794.0,7037494534.0,0.004353379295995912
2021-10-15,35.8,36.6,35.37,36.18,45622473.0,1649168065.0,7037494534.0,0.0064827720688926645
2021-10-18,36.08,36.08,34.56,34.79,53496594.0,1871388290.0,7037494534.0,0.007601653364211338
2021-10-19,34.93,37.68,34.93,36.99,85650788.0,3136367583.0,7037494534.0,0.012170636522159748
2021-10-20,37.39,37.44,36.51,37.09,43810396.0,1617056769.0,7037494534.0,0.0062252831300032094
2021-10-21,37.0,38.3,36.85,37.28,62284897.0,2341408076.0,7037494534.0,0.008850436287955205
2021-10-22,37.27,38.12,36.94,37.83,52173896.0,1967833552.0,7037494534.0,0.007413703235993163
2021-10-25,37.8,38.18,37.15,37.76,45601381.0,1723877627.0,7037494534.0,0.006479774979531089
2021-10-26,37.55,39.5,37.22,39.32,106445939.0,4120783650.0,7037494534.0,0.0151255448207784
2021-10-27,39.1,39.1,38.01,38.12,65933802.0,2534874646.0,7037494534.0,0.00936893118445156
2021-10-28,37.0,40.1,36.75,38.88,161341374.0,6296787924.0,7037494534.0,0.022925967930847703
2021-10-29,38.86,39.32,38.2,38.64,70400190.0,2729298439.0,7037494534.0,0.0100035871658412
2021-11-01,38.64,40.03,38.0,39.79,77827635.0,3075787414.0,7037494534.0,0.011058997577048776
2021-11-02,39.7,40.48,39.2,39.78,61693472.0,2454522531.0,7037494534.0,0.008766397146305763
2021-11-03,40.0,40.18,39.09,39.78,43989694.0,1744057258.0,7037494534.0,0.0062507606631130065
2021-11-04,39.96,41.97,39.86,41.2,84409087.0,3471367875.0,7037494534.0,0.011994195745687239
2021-11-05,41.21,42.17,41.15,41.2,61838355.0,2575714612.0,7039256943.0,0.008784784459600311
2021-11-08,41.02,41.19,39.68,40.7,54968691.0,2224415591.0,7039256943.0,0.007808876909183168
2021-11-09,40.7,41.0,39.2,39.9,55546972.0,2214451004.0,7039256943.0,0.00789102776753123
2021-11-10,39.89,40.13,39.2,39.55,44249832.0,1750723853.0,7039256943.0,0.00628615098984319
2021-11-11,39.4,40.57,39.22,39.89,53265399.0,2135757856.0,7039256943.0,0.007566906483356648
2021-11-12,39.81,40.78,39.13,40.48,41360725.0,1663609144.0,7039256943.0,0.00587572315301405
2021-11-15,40.46,42.04,40.31,41.74,73746743.0,3060626289.0,7039256943.0,0.010476495402449468
2021-11-16,41.44,43.35,41.36,42.88,82704926.0,3536763834.0,7039256943.0,0.011749098899173398
2021-11-17,42.7,42.85,42.0,42.46,44762453.0,1898891110.0,7039256943.0,0.006358974159128091
2021-11-18,42.16,43.2,40.6,40.85,59439768.0,2458748463.0,7039256943.0,0.008444040114078842
2021-11-19,40.77,43.95,40.77,43.1,100674080.0,4327723695.0,7039256943.0,0.014301804979588455
2021-11-22,43.31,43.33,42.23,42.76,62009621.0,2650383357.0,7039256943.0,0.008809114584411328
2021-11-23,42.55,42.77,41.8,42.02,39431766.0,1662439846.0,7039256943.0,0.005601694371905526
2021-11-24,42.32,42.65,41.36,42.3,40528369.0,1706186555.0,7039256943.0,0.005757478286156659
2021-11-25,41.9,42.49,41.38,41.75,30363795.0,1267978224.0,7039256943.0,0.004313494342637181
2021-11-26,41.6,41.6,40.01,40.12,58685609.0,2370541106.0,7039256943.0,0.008336903948130253
2021-11-29,39.48,40.97,39.25,40.1,47973768.0,1917982636.0,7039256943.0,0.006815175009019414
2021-11-30,40.1,40.18,39.53,39.65,41789412.0,1660144225.0,7039256943.0,0.005936622620595823
2021-12-01,39.58,40.08,39.4,39.8,28399157.0,1127115635.0,7039256943.0,0.004034396986778666
2021-12-02,39.41,40.07,38.44,38.63,55814395.0,2174994247.0,7039256943.0,0.007929017998910116
2021-12-03,38.65,39.0,38.1,38.63,49644792.0,1906614345.0,7044431579.0,0.007047380820334035
2021-12-06,38.63,40.1,38.2,39.53,55477791.0,2194139358.0,7044431579.0,0.00787541058179678
2021-12-07,40.2,42.0,40.08,41.52,93176852.0,3857078460.0,7044431579.0,0.01322702207482112
2021-12-08,41.7,44.33,40.88,44.09,127202000.0,5449433170.0,7044431579.0,0.0180570992241871
2021-12-09,44.1,46.77,43.64,45.61,141326263.0,6449809820.0,7044431579.0,0.020062124447528827
2021-12-10,44.86,45.87,44.75,45.32,68168209.0,3085637204.0,7044431579.0,0.009676892767787645
2021-12-13,45.32,47.0,45.22,46.66,81295238.0,3787744880.0,7044431579.0,0.011540354546468653
2021-12-14,46.6,46.96,45.9,46.35,54704238.0,2538941182.0,7044431579.0,0.007765600018470986
2021-12-15,46.12,46.66,45.1,45.37,55691552.0,2542784494.0,7044431579.0,0.007905755258667125
2021-12-16,45.91,46.78,45.45,46.56,51777043.0,2392758635.0,7044431579.0,0.0073500668463231875
2021-12-17,46.0,46.77,45.65,45.78,39077016.0,1802560121.0,7044431579.0,0.005547220604213352
2021-12-20,45.5,46.47,43.88,44.37,58466809.0,2616827957.0,7044431579.0,0.008299719905619372
2021-12-21,44.18,46.4,44.17,45.51,52356448.0,2384098773.0,7044431579.0,0.007432316917674189
2021-12-22,45.52,49.16,45.52,47.8,112857310.0,5392390911.0,7044431579.0,0.01602078304464429
2021-12-23,48.5,49.3,47.25,49.0,70412659.0,3421805702.0,7044431579.0,0.009995506125704398
2021-12-24,48.52,50.1,48.52,49.54,63864285.0,3165356971.0,7044431579.0,0.009065924522623574
2021-12-27,49.3,50.88,48.41,48.7,58720559.0,2890982302.0,7044431579.0,0.008335741264781472
2021-12-28,48.82,49.3,47.41,48.18,51961671.0,2501066530.0,7044431579.0,0.007376275916271484
2021-12-29,48.48,48.48,47.02,47.71,39897502.0,1901397008.0,7044431579.0,0.005663693592956111
2021-12-30,47.0,49.1,46.77,48.51,64092036.0,3093128783.0,7044431579.0,0.009098255165266047
2021-12-31,48.55,49.58,47.78,49.2,54164381.0,2651785712.0,7065170118.0,0.007666394452697593
2022-01-04,50.2,51.32,48.82,51.0,88469975.0,4442153958.0,7065170118.0,0.012521987938351862
2022-01-05,50.1,50.45,46.66,48.21,101360115.0,4861484266.0,7065170118.0,0.014346450730430947
2022-01-06,47.0,48.48,46.6,46.85,67872217.0,3208550065.0,7065170118.0,0.009606593453012733
2022-01-07,47.0,48.25,45.72,46.61,56094463.0,2618795348.0,7065170118.0,0.007939577117483358
2022-01-10,46.0,49.88,45.48,48.6,72721548.0,3506114786.0,7065170118.0,0.010292964894748484
2022-01-11,49.3,49.3,46.52,46.77,55048944.0,2602080557.0,7065170118.0,0.0077915949765669885
2022-01-12,47.25,48.94,46.9,47.33,52355839.0,2498239120.0,7065170118.0,0.007410414487630318
2022-01-13,47.8,47.8,45.15,45.36,46583182.0,2139747178.0,7065170118.0,0.0065933560299304885
2022-01-14,44.8,46.79,44.51,46.3,48852821.0,2242659739.0,7065170118.0,0.006914599391674549
2022-01-17,45.99,48.25,45.88,46.9,47309831.0,2225462422.0,7065170118.0,0.006696205499633802
2022-01-18,46.57,48.85,46.53,47.93,51613938.0,2474772306.0,7065170118.0,0.007305406258867382
2022-01-19,47.3,48.49,46.95,47.46,34132406.0,1622243416.0,7065170118.0,0.004831080558561577
2022-01-20,47.1,49.42,46.78,48.99,67456869.0,3286982442.0,7065170118.0,0.009547805342738953
2022-01-21,48.48,49.34,46.96,47.19,52596401.0,2516425649.0,7065170118.0,0.007444463490836499
2022-01-24,46.85,50.18,46.7,49.29,74583662.0,3657342614.0,7065170118.0,0.010556527409012063
2022-01-25,49.25,50.59,48.3,48.39,44862999.0,2198796970.0,7065170118.0,0.006349882345465698
2022-01-26,48.36,49.15,46.92,47.99,45220882.0,2170292893.0,7065170118.0,0.006400536893625581
2022-01-27,47.8,48.4,46.15,46.29,53446321.0,2522121872.0,7065170118.0,0.00756476066497455
2022-01-28,46.94,48.2,45.66,46.66,54735697.0,2577842342.0,7065170118.0,0.007747258181448363
2022-02-07,47.4,47.49,44.66,46.5,53584302.0,2470849045.0,7065170118.0,0.00758429041410946
2022-02-08,46.19,46.4,41.85,43.25,114974276.0,4935569920.0,7065170118.0,0.016273391026647606
2022-02-09,43.2,44.24,42.56,43.83,57974930.0,2524768245.0,7065170118.0,0.008205737304512559
2022-02-10,43.8,45.2,43.44,43.71,42486103.0,1877566991.0,7065170118.0,0.0060134578913758575
2022-02-11,43.37,43.37,40.91,41.05,82735383.0,3458274314.0,7065170118.0,0.011710317178239529
2022-02-14,41.82,43.7,41.4,41.9,87745290.0,3730040283.0,7065170118.0,0.012419416452046994
2022-02-15,41.92,45.39,41.88,45.37,86057292.0,3824428329.0,7065170118.0,0.012180498213447265
2022-02-16,45.6,45.8,43.9,44.06,57223952.0,2546173773.0,7065170118.0,0.008099444322537968
2022-02-17,43.95,44.65,43.21,44.29,42253374.0,1863177679.0,7065170118.0,0.005980517566357062
2022-02-18,43.88,44.08,43.1,43.55,28820721.0,1251922849.0,7065170118.0,0.00407926780511246
2022-02-21,43.16,43.45,42.5,42.91,34781997.0,1490337741.0,7071897590.0,0.004918340029298982
2022-02-22,41.2,41.74,39.52,41.61,90350265.0,3687237907.0,7071897590.0,0.012775957775146458
2022-02-23,41.78,43.33,41.78,43.0,48217961.0,2062516634.0,7071897590.0,0.006818249329314736
2022-02-24,43.12,43.59,41.9,42.61,43080191.0,1841649775.0,7071897590.0,0.006091744182059062
2022-02-25,43.0,44.3,43.0,43.27,42993502.0,1877171125.0,7071897590.0,0.006079485944592136
2022-02-28,42.94,43.92,42.72,43.43,30323756.0,1309472909.0,7071897590.0,0.004287923518982972
2022-03-01,42.93,43.45,42.13,43.0,33649679.0,1438814676.0,7071897590.0,0.004758224871296532
2022-03-02,42.78,42.86,40.5,40.89,68014090.0,2793589651.0,7071897590.0,0.009617516251391305
2022-03-03,41.05,41.15,38.52,39.03,85364301.0,3344824431.0,7071897590.0,0.012070918719285357
2022-03-04,38.5,39.36,37.77,38.27,66822429.0,2562826001.0,7071897590.0,0.009449009710560586
2022-03-07,37.3,37.46,35.88,36.16,78286718.0,2865992719.0,7071897590.0,0.011070114775233899
2022-03-08,36.35,37.8,35.53,36.92,88541432.0,3255845587.0,7071897590.0,0.012520180174158886
2022-03-09,36.96,37.73,35.41,37.45,72920651.0,2695890858.0,7071897590.0,0.010311327344885943
2022-03-10,38.48,38.9,37.12,37.16,76795479.0,2905309283.0,7071897590.0,0.01085924647842645
2022-03-11,36.17,36.35,34.5,35.8,108974158.0,3844937476.0,7071897590.0,0.015409464943906237
2022-03-14,35.61,35.7,34.28,34.3,59446204.0,2074905718.0,7071897590.0,0.008405976365390212
2022-03-15,34.31,35.1,33.1,33.7,85118500.0,2903290728.0,7071897590.0,0.012036161287228142
2022-03-16,34.46,34.6,31.78,34.12,131899185.0,4392113769.0,7071897590.0,0.018651172944940793
2022-03-17,35.0,35.5,34.15,34.7,94583223.0,3299889658.0,7071897590.0,0.01337451819632473
2022-03-18,34.47,35.69,34.21,34.9,56519780.0,1977068691.0,7071897590.0,0.00799216607433932
2022-03-21,36.21,36.28,34.81,35.09,59739714.0,2119151318.0,7071897590.0,0.008447480077267353
2022-03-22,35.09,35.5,34.72,34.92,37436764.0,1312526311.0,7071897590.0,0.0052937367267503095
2022-03-23,35.09,35.37,34.43,35.19,39265144.0,1374670445.0,7071897590.0,0.005552278366632852
2022-03-24,34.81,34.95,34.3,34.39,37944335.0,1307474917.0,7071897590.0,0.005365509683519045
2022-03-25,34.7,34.8,33.52,33.59,42832443.0,1457460647.0,7071897590.0,0.006056711434929023
2022-03-28,33.05,33.66,32.61,32.75,45514581.0,1499204856.0,7071897590.0,0.006435978522138073
2022-03-29,33.15,33.19,30.45,30.75,122681267.0,3842475559.0,7071897590.0,0.017347715438283094
2022-03-30,31.06,32.5,31.06,32.42,82859610.0,2659781700.0,7071897590.0,0.011716743482989267
2022-03-31,32.45,32.52,31.53,31.7,48420677.0,1540344144.0,7078783979.0,0.006840253515807987
2022-04-01,31.69,31.78,31.11,31.3,49113606.0,1541628765.0,7078783979.0,0.006938141656208323
2022-04-06,31.34,31.38,29.92,30.22,75353395.0,2290681440.0,7078783979.0,0.01064496320604559
2022-04-07,30.1,30.62,29.92,30.08,47429327.0,1435411372.0,7078783979.0,0.0067002082759841765
2022-04-08,30.33,30.38,29.1,29.34,61176166.0,1797615542.0,7078783979.0,0.008642185745671277
2022-04-11,29.28,29.42,27.8,27.85,73595734.0,2071080415.0,7078783979.0,0.010396663356069338
2022-04-12,28.41,28.93,27.85,28.88,68562843.0,1947835081.0,7078783979.0,0.009685680930990308
2022-04-13,28.67,28.76,28.02,28.23,38658384.0,1097877442.0,7078783979.0,0.005461161707248646
2022-04-14,28.64,28.99,28.17,28.7,48046839.0,1373653665.0,7078783979.0,0.00678744246787814
2022-04-15,28.3,29.48,28.18,29.22,51660581.0,1501485725.0,7078783979.0,0.00729794568576423
2022-04-18,29.12,30.25,28.8,30.06,51102670.0,1524068243.0,7078783979.0,0.007219131160323829
2022-04-19,29.9,29.9,28.82,29.05,57844237.0,1690636639.0,7078783996.0,0.00817149344190838
2022-04-20,29.1,29.33,28.61,28.7,37559514.0,1089481147.0,7078783996.0,0.005305927405218709
2022-04-21,28.63,29.99,28.48,29.19,79413438.0,2346070089.0,7078783996.0,0.011218514090114073
2022-04-22,29.21,29.42,28.33,29.0,58916664.0,1704233352.0,7078783996.0,0.008322992202233034
2022-04-25,28.47,28.5,26.58,26.83,70137849.0,1919939331.0,7078783996.0,0.009908177596552277
2022-04-26,26.85,27.47,25.88,26.05,65118674.0,1729263290.0,7078783996.0,0.00919913279410652
2022-04-27,25.82,27.8,25.61,27.74,74237171.0,2004841488.0,7078783996.0,0.010487277340564299
2022-04-28,28.88,29.7,27.93,29.39,93765923.0,2713866004.0,7078783996.0,0.013246049470217512
2022-04-29,29.42,31.19,28.92,30.88,95745143.0,2891651588.0,7078783996.0,0.013525648339333788
2022-05-05,31.5,31.5,29.78,29.85,64734656.0,1963377993.0,7078783996.0,0.009144883646199621
2022-05-06,29.05,29.62,28.7,29.18,36287110.0,1055316569.0,7078783996.0,0.005126178453884835
2022-05-09,28.92,29.09,28.05,28.29,48790499.0,1388524777.0,7078783996.0,0.006892497218105537
2022-05-10,27.76,29.19,27.2,29.0,60390332.0,1730364419.0,7078783996.0,0.008531173155463522
2022-05-11,29.36,31.9,29.36,30.61,112987548.0,3488354761.0,7078783996.0,0.015961434628298552
2022-05-12,30.3,30.79,29.9,30.34,53164142.0,1610081533.0,7078783996.0,0.007510349521901134
2022-05-13,30.5,30.66,29.75,30.23,38044089.0,1145754063.0,7078783996.0,0.005374381959033858
2022-05-16,30.61,31.25,29.5,29.75,50491145.0,1520939998.0,7078783996.0,0.007132742718033347
2022-05-17,29.8,30.56,29.6,30.48,48541331.0,1463437965.0,7078783996.0,0.006857297952223036
2022-05-18,30.5,30.76,29.9,30.33,41063693.0,1244772347.0,7078783996.0,0.0058009529635603815
2022-05-19,29.71,30.42,29.66,30.38,35394501.0,1065844654.0,7078783996.0,0.005000082079068994
2022-05-20,30.98,31.3,30.18,30.99,63346122.0,1955812375.0,7078783996.0,0.008948729334839842
2022-05-23,30.85,31.13,29.97,30.35,51969850.0,1575978686.0,7078783996.0,0.0073416352341541345
2022-05-24,30.32,30.98,29.0,29.06,64974559.0,1942727601.0,7078783996.0,0.00917877407146695
2022-05-25,29.06,29.49,28.74,29.27,39672102.0,1151994319.0,7078783996.0,0.005604366798367837
2022-05-26,29.27,31.55,28.53,30.6,100780817.0,3061831458.0,7078783996.0,0.014237023909325118
2022-05-27,31.37,31.65,30.77,31.06,70110014.0,2190509483.0,7078783996.0,0.009904245424018727
2022-05-30,31.14,31.39,30.5,31.0,37937063.0,1173305205.0,7078783996.0,0.0053592626956038
2022-05-31,31.29,34.0,30.71,33.81,124083746.0,4082647526.0,7078783996.0,0.017528963458994632
2022-06-01,33.5,33.8,32.6,32.79,74697424.0,2466518205.0,7078783996.0,0.010552295993522219
2022-06-02,32.58,33.68,32.44,33.5,65121764.0,2167676820.0,7078783996.0,0.009199569309756912
2022-06-06,35.01,36.56,34.82,35.8,127915918.0,4562465539.0,7078783996.0,0.01807032367031983
2022-06-07,35.16,36.0,34.61,34.94,73145832.0,2569737753.0,7078783996.0,0.010333106934938604
2022-06-08,34.77,35.77,34.55,35.24,62229848.0,2189040316.0,7078783996.0,0.008791036431562843
2022-06-09,35.2,35.2,33.5,33.62,81704054.0,2779719089.0,7078783996.0,0.011542103000482628
2022-06-10,33.5,34.31,32.83,34.18,55468967.0,1874907813.0,7078783996.0,0.007835945697925489
2022-06-13,33.61,34.1,33.05,33.35,55100679.0,1836027363.0,7078783996.0,0.007783918683086767
2022-06-14,33.2,33.2,31.89,33.05,67797378.0,2194200199.0,7078783996.0,0.009577545809889126
2022-06-15,33.1,34.12,32.62,33.08,71598325.0,2384782665.0,7078783996.0,0.01011449495287015
2022-06-16,33.33,33.88,33.09,33.28,50361030.0,1686339138.0,7078783996.0,0.007114361736204614
2022-06-17,32.86,33.78,32.71,33.27,70259023.0,2339778471.0,7078783996.0,0.009925295508338887
2022-06-20,33.4,33.72,32.52,33.19,72604985.0,2401590694.0,7078783996.0,0.01025670299320149
2022-06-21,33.31,34.48,33.16,33.88,80540653.0,2732917593.0,7078783996.0,0.011377752597834743
2022-06-22,33.89,34.04,31.21,32.13,142087226.0,4567269955.0,7078783996.0,0.020072264682788606
2022-06-23,32.0,32.22,31.35,32.15,93692472.0,2980189726.0,7078783996.0,0.013235673253053448
2022-06-24,32.33,33.0,32.16,32.41,79755357.0,2592745213.0,7078783996.0,0.01126681603013558
2022-06-27,32.4,33.16,31.98,32.93,91985003.0,2996901379.0,7078783996.0,0.012994463887014755
2022-06-28,32.81,34.15,32.52,34.1,95919817.0,3190650575.0,7078783996.0,0.013550324046361818
2022-06-29,34.08,34.26,32.68,32.72,77786074.0,2596823695.0,7078783996.0,0.010988620933193397
2022-06-30,32.6,34.09,32.59,33.79,70764791.0,2372040971.0,7074663913.0,0.010002565757218041
2022-07-01,33.91,34.97,33.71,34.11,77827149.0,2669508933.0,7074663913.0,0.011000826322928113
2022-07-04,33.5,33.53,32.41,32.6,104700242.0,3429975794.0,7074663913.0,0.014799323796514035
2022-07-05,32.49,32.49,30.8,31.11,157946233.0,4934890292.0,7074663913.0,0.022325616445152536
2022-07-06,31.11,31.4,30.68,30.86,76728745.0,2377586998.0,7074663913.0,0.01084556749883307
2022-07-07,30.8,32.73,29.9,32.36,135498586.0,4296353360.0,7074663913.0,0.019152653421601485
2022-07-08,32.5,35.08,32.5,34.64,188385268.0,6518988498.0,7074663913.0,0.02662815793324598
2022-07-11,34.47,34.58,33.3,33.61,78984766.0,2668239573.0,7074663913.0,0.01116445487323604
2022-07-12,33.62,33.84,33.1,33.4,57696898.0,1930055908.0,7074663913.0,0.008155425997548727
2022-07-13,33.18,33.68,32.29,32.57,59188923.0,1933452460.0,7074663913.0,0.00836632294167894
2022-07-14,32.47,33.11,31.85,32.65,44688059.0,1459753630.0,7074663913.0,0.006316633489526445
2022-07-15,32.66,34.05,32.06,33.0,66692537.0,2222294331.0,7074663913.0,0.009426954809464459
2022-07-18,33.02,33.35,31.5,32.5,74720045.0,2411136612.0,7074663913.0,0.010561638816891173
2022-07-19,31.89,32.6,31.7,32.42,62051183.0,1990652161.0,7074663913.0,0.008770901877893913
2022-07-20,32.63,33.12,31.81,31.96,58487142.0,1890094470.0,7074663913.0,0.008267126568730333
2022-07-21,31.76,32.57,31.5,31.91,50939959.0,1636365038.0,7074663913.0,0.007200336245852701
2022-07-22,31.98,32.0,30.77,31.17,63174794.0,1973507410.0,7074663913.0,0.00892972369809873
2022-07-25,31.17,31.3,30.7,30.8,30377596.0,936910388.0,7074663913.0,0.004293857117958615
2022-07-26,31.01,31.13,30.42,31.06,36664504.0,1131516153.0,7074663913.0,0.005182508236557696
2022-07-27,30.9,31.36,30.79,30.86,30749431.0,951186248.0,7074663913.0,0.004346415798423525
2022-07-28,30.95,33.94,30.95,33.53,177689231.0,5869650977.0,7074663913.0,0.025116278763926633
2022-07-29,33.41,34.57,33.08,33.95,114451438.0,3896869616.0,7074663913.0,0.01617765019051867
2022-08-01,33.96,36.43,33.2,35.95,136913820.0,4874906244.0,7074663913.0,0.019352695998521564
2022-08-02,35.23,35.6,34.5,34.68,88481363.0,3095057422.0,7074663913.0,0.012506793833331316
2022-08-03,34.69,35.38,33.4,33.67,70427436.0,2419355234.0,7074663913.0,0.009954880806505388
2022-08-04,34.04,35.01,33.82,34.58,56950316.0,1961552788.0,7074663913.0,0.008049897026960014
2022-08-05,34.56,35.15,33.96,34.72,61701916.0,2137491694.0,7074663913.0,0.00872153317228541
2022-08-08,34.54,36.3,34.54,35.51,76523411.0,2718643649.0,7074663913.0,0.01081654364660135
2022-08-09,35.0,35.67,34.83,35.38,48489372.0,1708301369.0,7074663913.0,0.006853947070319296
2022-08-10,35.05,35.65,34.48,34.69,40757692.0,1425698244.0,7074663913.0,0.005761078194132443
2022-08-11,35.48,38.16,35.22,38.16,148539249.0,5515564568.0,7074663913.0,0.02099594423518165
2022-08-12,37.7,38.28,36.9,36.96,90115535.0,3376003908.0,7074663913.0,0.012737783180683512
2022-08-15,37.16,38.52,36.8,37.29,90229084.0,3409527897.0,7074663913.0,0.012753833271740326
2022-08-16,36.92,37.71,36.25,36.63,79539759.0,2921371063.0,7074663913.0,0.011242902840068807
2022-08-17,36.86,39.1,36.04,38.42,103890793.0,3946662671.0,7074663913.0,0.014684908608746232
2022-08-18,38.1,38.9,37.74,38.23,63225938.0,2419328248.0,7074663913.0,0.00893695287543195
2022-08-19,38.22,38.8,37.33,37.4,48664462.0,1841054678.0,7074663913.0,0.006878695949156956
2022-08-22,37.2,39.95,36.95,38.38,94584029.0,3663496747.0,7074663913.0,0.013369402442736222
2022-08-23,38.38,38.87,37.8,38.37,58353611.0,2228988731.0,7074663913.0,0.008248252032548533
2022-08-24,38.09,38.29,36.49,36.65,65139344.0,2414163596.0,7074663913.0,0.009207411800905998
2022-08-25,37.06,38.0,36.59,37.7,61512423.0,2298835980.0,7074663913.0,0.008694748437020205
2022-08-26,39.88,40.2,38.48,38.7,147325632.0,5806570578.0,7074663913.0,0.02082440011451043
2022-08-29,38.05,39.61,37.82,38.63,64145277.0,2484184646.0,7074663913.0,0.009066900956543007
2022-08-30,38.65,38.66,37.0,37.83,54698813.0,2063400821.0,7074663913.0,0.007731648269465999
2022-08-31,37.5,38.08,36.9,37.52,53105207.0,1993519213.0,7074663913.0,0.007506392904745184
2022-09-01,37.4,37.86,35.9,35.9,57200523.0,2088163638.0,7074663913.0,0.008085263653993736
2022-09-02,36.19,38.55,35.94,37.9,65944856.0,2469619210.0,7074663913.0,0.009321270495807367
2022-09-05,37.78,38.28,36.77,37.95,42898755.0,1619278129.0,7074663913.0,0.006063716316074278
2022-09-06,37.83,37.99,36.51,36.84,66566741.0,2458648205.0,7074663913.0,0.009409173611439088
2022-09-07,36.76,36.97,36.1,36.33,75199565.0,2738722218.0,7074663913.0,0.010629418715116284
2022-09-08,36.6,37.09,35.76,36.28,55071976.0,1996457723.0,7086571992.0,0.007771313981170376
2022-09-09,36.18,36.5,35.29,36.24,44446820.0,1602313086.0,7086571992.0,0.006271977487870838
2022-09-13,37.1,38.2,36.71,36.77,75475252.0,2823968551.0,7086571992.0,0.010650460065205529
2022-09-14,35.95,36.18,35.4,35.46,52227633.0,1865408122.0,7086571992.0,0.0073699431910039925
2022-09-15,35.5,35.65,34.28,34.91,45801468.0,1595518058.0,7086571992.0,0.006463134510127757
2022-09-16,34.5,35.12,34.01,34.18,43067331.0,1484574138.0,7086571992.0,0.006077315103638053
2022-09-19,33.8,33.99,32.68,33.82,69658082.0,2327419859.0,7086571992.0,0.009829587856954914
2022-09-20,34.2,34.42,32.5,33.5,55169703.0,1835410237.0,7086571992.0,0.007785104428809985
2022-09-21,33.17,33.62,32.5,32.8,60170926.0,1976826229.0,7086571992.0,0.008490836763942664
2022-09-22,32.43,32.79,32.03,32.17,53083132.0,1714009100.0,7086571992.0,0.007490664324009594
2022-09-23,32.24,32.66,31.53,31.89,45858593.0,1467247944.0,7086571992.0,0.006471195530331105
2022-09-26,31.55,32.38,31.5,31.68,39616975.0,1260423625.0,7086571992.0,0.005590428636684059
2022-09-27,31.68,31.92,31.09,31.9,50085008.0,1583383149.0,7086571992.0,0.007067593196899819
2022-09-28,31.5,31.64,30.52,30.56,58867709.0,1819122285.0,7086571992.0,0.008306937270439855
2022-09-29,31.1,31.13,30.05,30.31,49153096.0,1494639157.0,7086571992.0,0.006936089276379146
2022-09-30,29.9,30.22,29.12,29.4,65709531.0,1942384190.0,7087494913.0,0.009271192686075088
2022-10-10,29.4,29.5,27.95,28.0,61602451.0,1749510558.0,7087494913.0,0.008691710083206941
2022-10-11,28.0,28.2,27.4,27.75,49226740.0,1367309413.0,7087494913.0,0.006945576766440777
2022-10-12,27.8,28.64,27.5,28.62,57522675.0,1612529134.0,7087494913.0,0.008116079899329586
2022-10-13,28.37,29.08,28.24,28.53,61441562.0,1760857990.0,7087494913.0,0.00866900967890684
2022-10-14,28.9,29.84,28.63,29.59,68446783.0,2003397505.0,7087494913.0,0.009657401358335198
2022-10-17,29.12,30.62,29.06,30.5,50453255.0,1515650080.0,7087494913.0,0.007118630153435145
2022-10-18,30.8,31.13,29.73,29.77,47714893.0,1434073991.0,7087494913.0,0.006732264867306015
2022-10-19,29.47,29.81,29.0,29.19,42417517.0,1244448154.0,7087494913.0,0.00598483914566162
2022-10-20,29.16,29.67,28.48,29.1,52601289.0,1532639782.0,7087494913.0,0.007421703951211005
2022-10-21,29.1,29.17,28.25,28.39,50161434.0,1431398355.0,7087494913.0,0.0070774560850820605
2022-10-24,28.39,28.95,27.21,27.6,67021419.0,1874898712.0,7087494913.0,0.009456291654907323
2022-10-25,28.0,28.15,27.41,27.58,48842707.0,1356437528.0,7087494913.0,0.006891392177285644
2022-10-26,27.7,28.45,27.32,28.0,48911708.0,1368930134.0,7087494913.0,0.006901127775102221
2022-10-27,28.02,28.5,27.75,27.91,44697443.0,1254918399.0,7087494913.0,0.006306522057323133
2022-10-28,27.41,27.79,26.49,26.63,63754276.0,1719442708.0,7087494913.0,0.008995318766728263
2022-10-31,28.16,29.28,27.75,28.5,129880394.0,3710962841.0,7087494913.0,0.018325289202221682
2022-11-01,28.55,29.56,28.09,29.48,96311830.0,2783123220.0,7087494913.0,0.013588980476492936
2022-11-02,30.48,31.1,30.2,30.5,103697227.0,3187421885.0,7087494913.0,0.014631012547154966
2022-11-03,29.94,30.95,29.8,30.5,69816348.0,2131449139.0,7087494913.0,0.009850638181332829
2022-11-04,30.6,32.25,30.5,31.78,74941156.0,2371825937.0,7087494913.0,0.010573715666806574
2022-11-07,33.01,33.12,31.9,32.39,68645218.0,2229004951.0,7087494913.0,0.009685399262028367
2022-11-08,32.22,32.77,31.6,32.01,59010832.0,1889355491.0,7087494913.0,0.00832604929165612
2022-11-09,33.49,33.49,31.8,32.08,110196761.0,3575789001.0,7087494913.0,0.01554805503957051
2022-11-10,31.5,31.5,29.57,30.43,133679262.0,4056213731.0,7087494913.0,0.018861285071937517
2022-11-11,31.5,31.79,31.12,31.43,86743711.0,2732133840.0,7087494913.0,0.012238980354101314
2022-11-14,31.71,32.4,31.57,31.74,62898930.0,2011954076.0,7087494913.0,0.00887463494113128
2022-11-15,31.6,34.45,31.5,34.17,113933572.0,3799950721.0,7087494913.0,0.0160752950652594
2022-11-16,34.0,34.06,33.18,33.58,60350548.0,2026582003.0,7087494913.0,0.008515074612512812
2022-11-17,33.5,33.5,32.32,33.25,48946098.0,1607918062.0,7087494913.0,0.006905979983170395
2022-11-18,33.39,33.39,32.5,32.62,59086603.0,1937120936.0,7087494913.0,0.008336740092980155
2022-11-21,32.22,32.78,31.85,32.67,38812454.0,1255301987.0,7087494913.0,0.0054761879163834825
2022-11-22,32.54,33.05,32.21,32.57,31896135.0,1039771316.0,7087494913.0,0.004500339738021622
2022-11-23,32.32,32.64,31.72,32.13,33219508.0,1066316627.0,7087494913.0,0.00468705916657072
2022-11-24,32.45,32.8,31.52,31.67,36096492.0,1149834819.0,7087494913.0,0.005092983126349935
2022-11-25,31.67,32.35,31.39,31.39,45177881.0,1435658560.0,7087494913.0,0.006374308772643207
2022-11-28,30.2,31.08,30.0,30.73,42832244.0,1312826510.0,7087494913.0,0.006043354461029156
2022-11-29,30.97,31.42,30.7,31.35,44090518.0,1370488446.0,7087494913.0,0.006220888838894042
2022-11-30,31.02,31.34,30.52,30.91,55943047.0,1724251622.0,7087494913.0,0.007893204536540596
2022-12-01,31.5,32.09,30.88,31.05,65869228.0,2069793393.0,7087494913.0,0.00929372490683296
2022-12-02,31.05,31.2,30.61,30.65,42040801.0,1297346981.0,7087494913.0,0.005931686938199852
2022-12-05,30.37,30.79,29.8,30.16,99715413.0,3001313390.0,7088729726.0,0.01406675340354202
2022-12-06,30.14,32.14,29.96,31.62,110264370.0,3452048168.0,7088729726.0,0.015554884198162191
2022-12-07,31.63,32.5,31.5,32.05,61526982.0,1967178081.0,7088729726.0,0.0086795497046998
2022-12-08,32.05,32.25,31.51,31.64,36924273.0,1171918944.0,7088729726.0,0.0052088701963864375
2022-12-09,31.67,32.0,31.31,31.95,36996133.0,1174150869.0,7088729726.0,0.005219007414587385
2022-12-12,31.67,33.06,31.41,32.8,68819866.0,2244024920.0,7088729726.0,0.009708349543583657
2022-12-13,32.6,32.72,31.7,31.76,39436560.0,1266540123.0,7088729726.0,0.00556327600632802
2022-12-14,31.95,32.15,31.5,31.53,31802778.0,1011549609.0,7088729726.0,0.0044863860281418215
2022-12-15,31.54,32.6,31.48,31.77,32051398.0,1025556053.0,7088729726.0,0.004521458602440727
2022-12-16,31.52,31.76,30.93,31.71,33392146.0,1048378241.0,7088729726.0,0.004710596579458304
2022-12-19,31.49,31.98,30.85,30.92,28606154.0,894886583.0,7088729726.0,0.00403544148327147
2022-12-20,30.88,31.25,30.29,30.41,44641352.0,1366409057.0,7088729726.0,0.006297510798904452
2022-12-21,30.52,31.11,30.4,30.52,27390596.0,840815704.0,7088729726.0,0.0038639639341216435
2022-12-22,30.82,32.1,30.41,31.62,63817442.0,2016941921.0,7088729726.0,0.009002662602007631
2022-12-23,31.4,31.83,31.12,31.46,23879119.0,751981308.0,7088729726.0,0.0033686033920035507
2022-12-26,31.46,32.79,31.41,31.89,36959037.0,1189507444.0,7088729726.0,0.005213774319035167
2022-12-27,32.21,32.5,31.62,32.3,30802835.0,987985887.0,7088729726.0,0.004345325071009767
2022-12-28,32.06,32.55,31.84,31.86,31994579.0,1025738616.0,7088729726.0,0.004513443203039675
2022-12-29,31.7,32.5,31.61,32.07,34099624.0,1096063901.0,7088729726.0,0.004810399792071294
2022-12-30,32.32,32.43,31.72,31.75,29132127.0,930866795.0,7104305122.999999,0.004100630039901512
2023-01-03,31.63,32.12,30.96,31.52,42583625.0,1343981752.0,7104305122.999999,0.005994059132136181
2023-01-04,31.2,31.22,28.37,28.37,182030574.0,5267043589.0,7104305122.999999,0.02562257263003539
2023-01-05,29.06,29.42,28.37,29.4,147581393.0,4280210207.0,7104305122.999999,0.02077351555780018
2023-01-06,28.75,29.19,28.37,28.85,91100438.0,2621224436.0,7104305122.999999,0.012823272145936518
2023-01-09,28.83,29.28,28.83,29.09,57421456.0,1669552658.0,7104305122.999999,0.008082628069295555
2023-01-10,29.15,29.91,28.71,29.65,61175602.0,1797812206.0,7104305122.999999,0.008611060609143266
2023-01-11,29.66,30.1,29.36,29.36,39790521.0,1177362625.0,7104305122.999999,0.005600902595129149
2023-01-12,29.49,29.71,29.13,29.46,29387862.0,863995294.0,7104305122.999999,0.004136627226899022
2023-01-13,29.43,29.58,28.94,29.24,36166631.0,1055345418.0,7104305122.999999,0.005090804853371443
2023-01-16,29.06,30.18,29.03,29.78,70538556.0,2097452010.0,7104305122.999999,0.009928987392677335
2023-01-17,29.79,31.3,29.67,31.04,75035306.0,2320152768.0,7104305122.999999,0.01056194866364554
2023-01-18,30.99,31.16,30.72,30.8,33701760.0,1041884366.0,7104305122.999999,0.004743850301543419
2023-01-19,30.8,31.09,30.52,31.0,28039415.0,865731785.0,7104305122.999999,0.003946820204726728
2023-01-20,31.07,31.43,30.9,31.09,30586823.0,951760939.0,7104305122.999999,0.00430539264156546
2023-01-30,32.03,33.29,31.9,32.64,96629607.0,3156136460.0,7104305122.999999,0.013601556426280765
2023-01-31,32.66,32.98,32.21,32.48,35712673.0,1162534725.0,7104305122.999999,0.005026905852393807
2023-02-01,32.49,33.21,32.26,33.11,48989587.0,1605961375.0,7104305122.999999,0.006895760549669737
2023-02-02,33.13,33.48,32.61,32.63,39514599.0,1298848210.0,7104305122.999999,0.0055620638916637375
2023-02-03,32.51,33.07,31.89,32.78,48332291.0,1568488779.0,7104305122.999999,0.006803239748744109
2023-02-06,32.28,32.56,31.65,31.92,56937923.0,1820977251.0,7104305122.999999,0.008014566099598537
2023-02-07,32.09,32.23,31.6,31.74,35235395.0,1120617698.0,7104305122.999999,0.00495972433474547
2023-02-08,31.81,32.15,31.45,31.61,33620930.0,1064595805.0,7104305122.999999,0.004732472693374772
2023-02-09,31.48,32.48,31.43,32.44,44329759.0,1427874207.0,7104305122.999999,0.006239844465081262
2023-02-10,32.3,32.55,31.98,32.13,30056808.0,967718330.0,7104305122.999999,0.0042307878785628
2023-02-13,31.77,33.02,31.73,32.96,55097698.0,1799988142.0,7104305122.999999,0.007755536543837717
2023-02-14,32.96,33.1,32.69,32.98,32635530.0,1073433696.0,7104305122.999999,0.004593768065274018
2023-02-15,33.03,33.6,32.88,33.23,35209202.0,1169086275.0,7104305122.999999,0.004956037415399171
2023-02-16,33.21,34.0,32.77,33.03,56823264.0,1902036708.0,7104305122.999999,0.007998426730861572
2023-02-17,33.03,33.38,31.68,31.75,46261068.0,1496019421.0,7104305122.999999,0.00651169497917974
2023-02-20,31.6,31.75,30.33,31.3,72295634.0,2243960417.0,7104305122.999999,0.010176313199998238
2023-02-21,31.27,31.8,31.14,31.46,34513345.0,1083399604.0,7111047209.0,0.004853482755158573
2023-02-22,31.11,31.2,30.36,30.76,50228304.0,1541871539.0,7111047209.0,0.007063418723536138
2023-02-23,30.78,32.3,30.68,31.71,72418403.0,2291784243.0,7111047209.0,0.01018392943705178
2023-02-24,31.78,31.78,30.85,31.0,43673896.0,1359347216.0,7111047209.0,0.006141696815727046
2023-02-27,30.99,31.16,29.8,30.0,78645155.0,2371225006.0,7111047209.0,0.0110595743058018
2023-02-28,29.98,30.5,29.75,29.94,45971647.0,1380752213.0,7111047209.0,0.006464820953771283
2023-03-01,30.02,30.93,29.95,30.9,61036588.0,1868432208.0,7111047209.0,0.008583347319470734
2023-03-02,30.8,30.95,30.46,30.51,31817692.0,974643529.0,7111047209.0,0.004474403145535354
2023-03-03,30.65,30.78,30.0,30.25,38698398.0,1169336592.0,7111047209.0,0.005442011121937413
2023-03-06,30.25,30.32,29.8,30.01,35000307.0,1049562871.0,7111047209.0,0.004921962401782727
2023-03-07,29.92,29.97,29.2,29.33,40845941.0,1207538295.0,7111047209.0,0.005744012070163716
2023-03-08,29.11,29.25,28.95,29.13,34728239.0,1010086200.0,7111047209.0,0.004883702495470242
2023-03-09,29.2,29.42,28.93,29.28,30362550.0,887301114.0,7111047209.0,0.0042697719629215865
2023-03-10,29.0,29.2,28.75,28.8,34635287.0,1000956368.0,7111047209.0,0.004870631003006747
2023-03-13,28.68,28.93,28.43,28.8,34155660.0,979840338.0,7111047209.0,0.004803182850026837
2023-03-14,28.8,28.84,27.8,28.33,56423009.0,1591612182.0,7111047209.0,0.007934556942413346
2023-03-15,28.5,29.28,28.43,28.74,46008327.0,1328237466.0,7111047209.0,0.00646997912512382
2023-03-16,28.45,28.65,27.68,27.72,52927147.0,1482057452.0,7111047209.0,0.007442946930940562
2023-03-17,28.01,28.32,27.5,27.59,44719431.0,1246831835.0,7111047209.0,0.006288726496345216
2023-03-20,27.6,28.29,27.2,27.9,65925939.0,1837050925.0,7111047209.0,0.009270918482521356
2023-03-21,28.0,28.24,27.71,28.24,36474283.0,1023531146.0,7111047209.0,0.005129242139447031
2023-03-22,28.25,28.96,28.11,28.86,49779626.0,1429756584.0,7111047209.0,0.007000322812791496
2023-03-23,28.8,29.85,28.65,29.33,77009087.0,2264227049.0,7111047209.0,0.010829500175801744
2023-03-24,29.88,31.51,29.83,31.3,178939932.0,5549377089.0,7111047209.0,0.02516365406399315
2023-03-27,31.3,31.9,30.5,31.0,102554393.0,3196310534.0,7111047209.0,0.014421841113669367
2023-03-28,30.89,30.98,29.63,29.77,81846188.0,2467551590.0,7111047209.0,0.01150972361657401
2023-03-29,30.16,30.65,30.0,30.2,52126517.0,1579515102.0,7111047209.0,0.007330357325433979
2023-03-30,30.74,30.99,29.85,30.45,48236586.0,1463980199.0,7111047209.0,0.006783330862850977
2023-03-31,30.0,30.54,29.8,30.31,41466970.0,1255259238.0,7118503726.0,0.005825236818875833
2023-04-03,30.31,30.72,30.19,30.58,51652955.0,1573829488.0,7118503726.0,0.007256153397987278
2023-04-04,30.6,31.07,30.45,30.77,66931935.0,2057747172.0,7118503726.0,0.009402528617851846
2023-04-06,30.4,31.95,30.27,31.3,83632969.0,2603834023.0,7118503726.0,0.011748672504663377
2023-04-07,31.13,31.65,30.9,31.1,46884107.0,1461850645.0,7118503726.0,0.006586230590672869
2023-04-10,31.1,31.96,30.51,30.73,62084313.0,1939299568.0,7118503726.0,0.00872153972094444
2023-04-11,30.21,30.85,30.08,30.46,43822431.0,1334579505.0,7118503726.0,0.006156129530415308
2023-04-12,31.06,32.1,31.06,32.02,120619408.0,3838895426.0,7118503726.0,0.016944488988527642
2023-04-13,31.76,31.97,30.43,30.53,75410575.0,2338427016.0,7118503726.0,0.010593599147046369
2023-04-14,30.61,30.75,30.17,30.57,41788319.0,1271956856.0,7118503726.0,0.005870379592184539
2023-04-17,30.4,30.4,29.48,29.69,72851507.0,2165731387.0,7118503726.0,0.010234103935903453
2023-04-18,29.3,29.75,29.09,29.53,41243979.0,1213885094.0,7118503726.0,0.005793911275112256
2023-04-19,29.5,29.57,28.72,28.87,55095752.0,1598894250.0,7118503726.0,0.007739793939949116
2023-04-20,28.92,29.19,28.39,28.62,50549073.0,1449773835.0,7118503726.0,0.0071010812026931856
2023-04-21,28.89,29.25,27.62,27.72,75759346.0,2130821183.0,7118503726.0,0.010642594134395484
2023-04-24,27.72,27.84,26.83,27.0,82220066.0,2243541318.0,7118503726.0,0.011550189360679138
2023-04-25,26.9,27.05,25.76,26.02,82043574.0,2143373764.0,7118503726.0,0.011525395948075395
2023-04-26,26.05,27.28,26.03,26.64,72671744.0,1928541084.0,7118503726.0,0.010208851016621636
2023-04-27,26.37,26.38,25.0,25.15,140127870.0,3557987821.0,7118503726.0,0.019685017440981247
2023-04-28,26.2,26.74,25.78,26.1,107272065.0,2807247071.0,7118504124.0,0.015069467282927152
2023-05-04,26.05,26.07,25.49,25.62,58950401.0,1511944170.0,7118504124.0,0.008281290559522052
2023-05-05,25.62,25.91,25.38,25.84,53480969.0,1372848062.0,7118504124.0,0.007512950483471547
2023-05-08,26.0,26.04,25.46,25.6,50652277.0,1299730137.0,7118504124.0,0.007115578795441883
2023-05-09,25.61,26.88,25.27,26.39,97037768.0,2553638576.0,7118504124.0,0.01363176396468433
2023-05-10,26.15,26.65,25.9,26.6,65214842.0,1714785501.0,7119819145.0,0.009159620584716411
2023-05-11,26.6,26.97,26.38,26.53,48851384.0,1303248280.0,7119819145.0,0.006861323722570484
2023-05-12,26.39,26.53,26.15,26.38,38044793.0,1002049048.0,7119819145.0,0.005343505533664788
2023-05-15,26.42,26.85,26.15,26.8,53980041.0,1433526689.0,7119819145.0,0.007581659014177108
2023-05-16,27.38,27.5,26.66,26.86,64127707.0,1732748690.0,7119819145.0,0.009006929206205279
2023-05-17,26.99,27.8,26.88,27.67,83929067.0,2306203166.0,7119819145.0,0.011788089738057525
2023-05-18,27.66,28.14,27.41,27.5,68120744.0,1887691293.0,7119819145.0,0.009567763255312296
2023-05-19,28.3,28.53,27.78,28.12,96738168.0,2726628896.0,7119819145.0,0.013587166475701259
2023-05-22,28.1,28.43,27.64,27.85,50307828.0,1405825422.0,7119819145.0,0.007065885660217848
2023-05-23,27.78,28.12,27.53,27.66,37006559.0,1029441730.0,7119819145.0,0.005197682447592565
2023-05-24,27.44,28.18,27.32,27.84,44226302.0,1228687279.0,7119819145.0,0.006211717053383102
2023-05-25,27.74,27.96,27.4,27.68,33423023.0,923412146.0,7119819145.0,0.004694364044832771
2023-05-26,27.63,27.67,27.07,27.45,34547899.0,945119937.0,7119819145.0,0.004852356260237563
2023-05-29,27.6,27.79,27.2,27.35,32551244.0,893284636.0,7119819145.0,0.004571920063848756
2023-05-30,27.26,27.66,26.85,27.65,46957979.0,1279682125.0,7119819145.0,0.006595389299035348
2023-05-31,27.59,27.84,27.15,27.3,47560752.0,1304723226.0,7119819145.0,0.006680050578728569
2023-06-01,27.31,28.88,27.27,28.5,120197793.0,3409847553.0,7119819145.0,0.016882141322987213
2023-06-02,28.99,29.22,28.38,28.79,94942253.0,2730744865.0,7119819145.0,0.013334924815706115
2023-06-05,28.78,28.8,28.21,28.35,56034452.0,1588795791.0,7119819145.0,0.007870207214371594
2023-06-06,27.71,27.79,26.15,26.27,140328774.0,3739193183.0,7119819145.0,0.01970959811507965
2023-06-07,26.35,27.75,26.35,27.16,108675864.0,2966631520.0,7119819145.0,0.015263851761785165
2023-06-08,27.18,27.57,26.78,27.41,57765789.0,1572717666.0,7120166083.0,0.008112983366767345
2023-06-09,27.29,27.48,26.54,27.18,59389481.0,1604610773.0,7120166083.0,0.008341024676629021
2023-06-12,27.25,27.88,27.18,27.49,67019753.0,1851458731.0,7120166083.0,0.009412667094945346
2023-06-13,27.47,28.88,27.46,28.76,93738175.0,2648929590.0,7120166083.0,0.013165166922694099
2023-06-14,28.92,29.49,28.47,28.64,69816936.0,2016667836.0,7120166083.0,0.00980552071203702
2023-06-15,28.65,28.76,28.03,28.4,48026379.0,1362376866.0,7120166083.0,0.006745120610973816
2023-06-16,28.42,29.74,28.31,29.64,118649259.0,3473898201.0,7120166083.0,0.016663833064692855
2023-06-19,29.56,30.1,29.38,29.89,78032600.0,2320365209.0,7120166083.0,0.010959379190087918
2023-06-20,30.68,32.08,30.61,31.58,226956843.0,7154680435.0,7120166083.0,0.03187521756576419
2023-06-21,31.8,31.93,30.4,30.4,96394178.0,2995535999.0,7120166146.0,0.013538192230830564
2023-06-26,30.0,31.2,29.67,30.35,84499610.0,2576616448.0,7120166146.0,0.011867645819960337
2023-06-27,30.28,31.72,29.72,31.46,109838146.0,3406357382.0,7120166146.0,0.015426345923360986
2023-06-28,31.39,31.39,30.0,30.48,87905214.0,2680994867.0,7120166146.0,0.012345949827221911
2023-06-29,30.21,32.9,30.21,32.41,144123872.0,4581219561.0,7120166146.0,0.020241644512883534
2023-06-30,32.83,33.93,32.3,32.45,120342772.0,3948270608.0,7120166146.0,0.016901680316491873
2023-07-03,32.95,34.53,32.95,33.68,201650552.0,6819137230.0,7120166146.0,0.02832104586678559
2023-07-04,33.12,34.37,32.89,34.01,97004476.0,3288509284.0,7120166146.0,0.01362390624192044
2023-07-05,34.0,34.2,33.39,33.69,62726268.0,2118216766.0,7120166146.0,0.008809663526635352
2023-07-06,33.38,33.74,32.71,33.25,86829863.0,2878623770.0,7120166146.0,0.012194920907678493
2023-07-07,33.25,33.59,32.69,33.31,44579232.0,1478959731.0,7120166146.0,0.006260981989169442
2023-07-10,33.21,33.5,32.48,32.65,58155225.0,1907192526.0,7120166146.0,0.008167678086089425
2023-07-11,32.81,33.47,32.7,33.24,48394601.0,1605051509.0,7120166146.0,0.006796835917542085
2023-07-12,33.13,33.54,32.63,32.75,41870909.0,1383017985.0,7120166146.0,0.00588060842140916
2023-07-13,32.95,34.69,32.91,34.42,89363886.0,3043283616.0,7120166146.0,0.01255081470959821
2023-07-14,34.35,34.83,34.0,34.17,53069973.0,1822575143.0,7120166146.0,0.007453473965605971
2023-07-17,34.19,35.2,34.0,34.06,71549761.0,2476979933.0,7120166146.0,0.01004888924399546
2023-07-18,34.4,35.32,33.93,34.34,71988594.0,2488542060.0,7120166146.0,0.010110521654110851
2023-07-19,33.9,34.4,33.23,33.56,63282889.0,2122759899.0,7120166146.0,0.008887838809147924
2023-07-20,33.75,33.94,32.24,32.37,74544600.0,2441432083.0,7120166146.0,0.01046950288398509
2023-07-21,32.36,32.5,31.7,32.01,57125139.0,1829495915.0,7120166146.0,0.008023006462018029
2023-07-24,31.85,32.64,31.57,32.03,35711005.0,1149487810.0,7120166146.0,0.005015473553248739
2023-07-25,32.65,32.9,31.92,32.06,54752377.0,1765608318.0,7120166146.0,0.007689761148447223
2023-07-26,31.8,32.28,31.4,32.07,41985166.0,1339344924.0,7120166146.0,0.005896655378412289
2023-07-27,32.05,32.22,31.21,31.36,58780734.0,1851412560.0,7120166146.0,0.008255528423732375
2023-07-28,31.32,32.04,31.15,31.82,50915697.0,1611712019.0,7120166146.0,0.007150914171940167
2023-07-31,31.65,32.8,31.65,32.32,68780458.0,2219041702.0,7120166146.0,0.009659951269345001
2023-08-01,32.35,33.75,31.94,33.25,86763095.0,2869497196.0,7120166146.0,0.012185543598409171
2023-08-02,33.03,33.77,32.92,33.35,41519239.0,1386553978.0,7120166146.0,0.005831217720014142
2023-08-03,33.05,34.89,33.05,33.83,74095959.0,2526765257.0,7120166146.0,0.010406492977923832
2023-08-04,33.81,34.48,33.58,33.74,38377406.0,1299698434.0,7120166146.0,0.005389959337052807
2023-08-07,33.37,34.38,32.93,34.13,49821142.0,1687684145.0,7120166146.0,0.0069971881243233005
2023-08-08,34.07,35.58,34.06,34.82,75784522.0,2642767649.0,7120166146.0,0.010643645168669917
2023-08-09,34.6,34.72,33.8,34.18,37449532.0,1280822663.0,7120166146.0,0.005259642995976797
2023-08-10,34.03,34.37,33.73,33.99,34524640.0,1171896100.0,7120166146.0,0.004848853143601911
2023-08-11,34.25,34.3,33.0,33.1,49359786.0,1652252575.0,7120166146.0,0.006932392445326514
2023-08-14,32.67,33.0,31.9,32.55,70165577.0,2270142220.0,7120166146.0,0.00985448591525044
2023-08-15,33.0,33.35,32.1,32.5,42218508.0,1377674103.0,7120166146.0,0.005929427366483254
2023-08-16,32.32,32.48,31.71,31.84,43318674.0,1382530716.0,7120166146.0,0.006083941457508792
2023-08-17,31.69,31.97,31.25,31.86,43366150.0,1371932960.0,7120166146.0,0.0060906092794425085
2023-08-18,31.84,31.88,31.0,31.01,43675057.0,1370024265.0,7120166146.0,0.006133994081660015
2023-08-21,31.02,31.15,30.31,30.33,41548152.0,1271154508.0,7120166146.0,0.0058352784398635294
2023-08-22,30.6,32.1,30.22,31.71,58193694.0,1812296292.0,7120166146.0,0.008173080909452138
2023-08-23,31.55,31.7,31.0,31.14,39744539.0,1244168012.0,7120166146.0,0.005581967918308743
2023-08-24,31.46,32.06,31.21,31.45,52626514.0,1668216277.0,7120166146.0,0.007391191851550369
2023-08-25,31.11,31.45,30.63,31.0,31907835.0,989199899.0,7120166146.0,0.004481332927592614
2023-08-28,33.59,33.59,31.78,32.06,62866013.0,2033021852.0,7120166146.0,0.00882929017538687
2023-08-29,31.83,32.98,31.66,32.39,76747838.0,2486578805.0,7120166146.0,0.01077893920257967
2023-08-30,32.7,33.6,32.7,32.9,61280304.0,2031951229.0,7120166146.0,0.008606583434071455
2023-08-31,32.9,33.1,32.5,33.0,39628290.0,1301641366.0,7120166146.0,0.005565641192553149
2023-09-01,33.13,33.24,32.5,32.7,25219991.0,828312340.0,7120166146.0,0.0035420509132596863
2023-09-04,32.88,33.32,32.7,33.13,38897009.0,1284768350.0,7120166146.0,0.005462935583582097
2023-09-05,33.04,33.1,31.12,31.32,91597522.0,2901934089.0,7120166146.0,0.012864520310591078
2023-09-06,31.27,31.38,30.71,31.24,39771086.0,1237450810.0,7120166146.0,0.005585696342541499
2023-09-07,30.7,30.7,28.8,29.94,125971813.0,3740235683.0,7120166146.0,0.017692257514351547
2023-09-08,29.5,29.8,28.89,29.35,65188500.0,1902536216.0,7120166146.0,0.00915547455821967
2023-09-11,29.17,30.1,28.5,29.85,77118443.0,2276264135.0,7120166146.0,0.01083098925203086
2023-09-12,29.78,30.35,29.57,30.25,50320540.0,1512891233.0,7120166146.0,0.007067326656172104
2023-09-13,29.6,29.91,28.86,29.0,68996163.0,2015768247.0,7120166146.0,0.009690246208476607
2023-09-14,29.29,29.36,28.68,28.69,49421078.0,1429823582.0,7120166146.0,0.006941000671418883
2023-09-15,28.7,28.95,28.22,28.5,52678735.0,1500284750.0,7120166146.0,0.007398526090517439
2023-09-18,28.31,29.81,28.25,29.25,62047778.0,1820066005.0,7120166146.0,0.008714372210943068
2023-09-19,29.25,29.55,29.02,29.25,31931203.0,933816178.0,7120166146.0,0.004484614873479949
2023-09-20,29.24,29.51,29.1,29.21,23972755.0,703008140.0,7120166146.0,0.003366881405354217
2023-09-21,29.01,29.29,28.81,28.9,26629785.0,771662330.0,7120166146.0,0.0037400510681847225
2023-09-22,29.03,30.2,28.66,30.15,61965517.0,1846289253.0,7120166146.0,0.008702818969303304
2023-09-25,30.15,30.5,29.85,29.92,30974484.0,932896819.0,7120166146.0,0.004350247362893489
2023-09-26,29.93,30.18,29.6,29.69,28269672.0,842595285.0,7120166146.0,0.00397036690160404
2023-09-27,29.51,30.15,29.5,29.93,30031913.0,898080729.0,7120166146.0,0.004217866884591095
2023-09-28,30.14,30.25,29.64,29.82,29161102.0,869976883.0,7135076023.0,0.004087006488227855
2023-10-09,29.78,31.58,29.3,31.21,65072303.0,1992239149.0,7135076023.0,0.009120057416380523
2023-10-10,31.21,31.5,30.88,30.96,38217229.0,1188594522.0,7135076023.0,0.005356246923901907
2023-10-11,31.0,31.9,31.0,31.82,55629843.0,1759988779.0,7135076023.0,0.007796671376825777
2023-10-12,32.2,32.3,31.85,32.1,36150069.0,1158660263.0,7135076023.0,0.005066528917627483
2023-10-13,32.1,32.68,31.66,31.95,38753915.0,1243743785.0,7135076023.0,0.005431464903117543
2023-10-16,31.97,32.03,31.19,31.82,38156831.0,1211127382.0,7135076023.0,0.005347781982560664
2023-10-17,31.79,31.93,31.4,31.65,36870564.0,1165668022.0,7135076023.0,0.005167508220115288
2023-10-18,31.92,32.0,31.1,31.7,28479927.0,900465024.0,7135076023.0,0.003991537988970913
2023-10-19,31.44,31.81,30.93,31.01,42308154.0,1323251547.0,7135076023.0,0.005929601011064097
2023-10-20,30.79,31.35,30.54,30.71,26233866.0,809457495.0,7135076023.0,0.0036767465287594454
2023-10-23,31.9,32.22,30.2,31.62,72228776.0,2274398493.0,7135076023.0,0.010123056259971121
2023-10-24,32.16,32.22,30.49,31.34,64979522.0,2029341964.0,7135076023.0,0.009107053910923691
2023-10-25,31.6,31.89,31.09,31.16,46601324.0,1461234604.0,7135076023.0,0.006531300276238136
2023-10-26,31.16,31.3,30.52,31.22,39629322.0,1226116018.0,7135076023.0,0.0055541555369913965
2023-10-27,31.1,32.22,30.8,32.0,55019264.0,1748141932.0,7135076023.0,0.00771109709590266
2023-10-30,32.0,34.43,31.92,33.78,106000719.0,3543995572.0,7135076023.0,0.014856284454195786
2023-10-31,33.78,33.92,32.58,32.77,65928196.0,2178889779.0,7135076023.0,0.00924001311092968
2023-11-01,32.76,32.88,32.05,32.24,46803522.0,1512923498.0,7135076023.0,0.0065596388670741985
2023-11-02,32.37,32.43,31.5,31.52,46989612.0,1496646582.0,7135076023.0,0.0065857198786009345
2023-11-03,31.48,32.46,31.16,32.0,60830167.0,1946215477.0,7135076023.0,0.008525510702887153
2023-11-06,32.5,33.9,32.48,33.3,93073248.0,3091646818.0,7135076023.0,0.013044464796167176
2023-11-07,33.18,33.52,32.55,32.85,74514867.0,2444559440.0,7135076023.0,0.010443458031813601
2023-11-08,32.77,32.88,32.31,32.6,62117582.0,2023443978.0,7135076023.0,0.008705945360604884
2023-11-09,32.48,32.59,31.78,31.92,61543504.0,1970399125.0,7135076023.0,0.00862548679251823
2023-11-10,31.99,32.5,31.71,32.41,52254392.0,1681882973.0,7135076023.0,0.007323592885563849
2023-11-13,32.52,32.8,31.91,32.02,43383761.0,1392150902.0,7135076023.0,0.00608035021072683
2023-11-14,32.1,32.18,31.65,31.89,44106886.0,1405186275.0,7135076023.0,0.006181698114753219
2023-11-15,32.29,32.67,32.0,32.67,61930570.0,2005621270.0,7135076023.0,0.008679735128310629
2023-11-16,32.48,32.73,32.24,32.31,46262168.0,1500274609.0,7135076023.0,0.006483766655165743
2023-11-17,32.24,32.5,31.61,31.9,49733212.0,1586325469.0,7135076023.0,0.00697024276121017
2023-11-20,31.89,31.9,31.0,31.15,75977953.0,2380148876.0,7135076023.0,0.010648513450324032
2023-11-21,31.18,31.3,30.63,30.71,60225979.0,1864001620.0,7135076023.0,0.008440832137718065
2023-11-22,30.72,30.77,30.03,30.18,58797886.0,1780282069.0,7135076023.0,0.008240681081808286
2023-11-23,30.1,31.01,29.82,30.89,62393127.0,1903571958.0,7135819065.0,0.00874365317164891
2023-11-24,30.73,31.23,30.33,31.06,48993346.0,1510203705.0,7135819065.0,0.0068658335579589135
2023-11-27,31.47,31.9,31.14,31.69,69871231.0,2205796250.0,7135819065.0,0.009791620326068343
2023-11-28,31.68,31.95,31.4,31.74,41855021.0,1326495105.0,7135819065.0,0.005865482381033437
2023-11-29,31.85,31.98,31.6,31.8,32668976.0,1039652637.0,7135819065.0,0.004578167650050976
2023-11-30,31.65,31.93,31.3,31.83,33152484.0,1052938214.0,7135819065.0,0.004645925533987737
2023-12-01,31.66,31.82,31.13,31.36,37640594.0,1182195788.0,7135819065.0,0.005274880662910979
2023-12-04,31.44,31.45,30.56,30.99,34765586.0,1077716756.0,7135819065.0,0.004871982554955659
2023-12-05,30.75,30.99,30.37,30.4,35032780.0,1072489555.0,7135819065.0,0.004909426609739859
2023-12-06,30.3,30.55,29.91,30.29,46601180.0,1406142087.0,7135819065.0,0.006530600001977489
2023-12-07,30.1,30.23,29.7,29.91,41080860.0,1229911883.0,7135819065.0,0.005756992943037857
2023-12-08,29.91,31.21,29.91,30.89,55884829.0,1716984752.0,7135819065.0,0.007831592770352846
2023-12-11,30.63,31.53,30.51,31.43,42496142.0,1316841301.0,7135819065.0,0.005955327848548806
2023-12-12,31.31,32.15,31.22,32.0,54764173.0,1747130712.0,7135819065.0,0.0076745461875020226
2023-12-13,31.9,32.31,31.76,31.78,35884954.0,1149019050.0,7135819065.0,0.005028848639956372
2023-12-14,32.0,32.13,31.41,31.49,32631672.0,1035244483.0,7135819065.0,0.004572939939025766
2023-12-15,31.68,32.55,31.62,31.73,49878085.0,1596585134.0,7135819065.0,0.006989819184828224
2023-12-18,31.73,32.22,31.59,31.95,43898025.0,1404492591.0,7135819065.0,0.006151785043893907
2023-12-19,32.0,32.76,31.18,32.5,50691406.0,1636253411.0,7135819065.0,0.007103796430129917
2023-12-20,32.5,33.05,32.33,32.67,54991879.0,1804514364.0,7135819065.0,0.007706456469689089
2023-12-21,32.5,32.82,32.14,32.58,43435458.0,1410450754.0,7135819065.0,0.006086961791540324
2023-12-22,32.5,32.94,32.19,32.35,33180853.0,1078313739.0,7135819065.0,0.004649901111246856
2023-12-25,32.25,32.85,32.19,32.79,27364752.0,894426793.0,7135819065.0,0.003834843870161946
2023-12-26,32.72,32.72,31.86,32.25,26943133.0,866548717.0,7135819065.0,0.0037757589920057763
2023-12-27,32.2,32.74,32.1,32.61,31640983.0,1028648310.0,7135819065.0,0.004434106682327995
2023-12-28,32.75,33.66,32.64,33.2,49446331.0,1645968951.0,7135819065.0,0.006929314007207104
2023-12-29,33.2,34.85,33.14,34.45,80296593.0,2760421409.0,7148333067.0,0.011232911539990502
2024-01-02,34.44,34.96,33.95,33.98,47135341.0,1615427568.0,7148333067.0,0.006593892668152028
2024-01-03,33.69,33.93,32.41,32.67,77036854.0,2534226473.0,7148333067.0,0.010776897673618151
2024-01-04,32.6,32.8,32.17,32.5,37764767.0,1223579711.0,7148333067.0,0.005283017263750561
2024-01-05,32.8,33.33,32.2,32.5,38630291.0,1265820915.0,7148333067.0,0.0054040977998542385
2024-01-08,32.46,32.65,31.3,31.33,42717314.0,1352044405.0,7148333067.0,0.0059758427034133045
2024-01-09,31.55,32.3,31.27,31.46,37069356.0,1174568318.0,7148333067.0,0.00518573430372589
2024-01-10,31.46,31.52,30.97,31.22,38505387.0,1200801470.0,7148333067.0,0.005386624635295551
2024-01-11,31.0,31.46,30.63,31.3,52965789.0,1647592779.0,7148333067.0,0.0074095300965360015
2024-01-12,31.01,31.09,30.32,30.6,56166163.0,1719490146.0,7148333067.0,0.00785723922956093
2024-01-15,30.35,30.9,30.03,30.68,37287390.0,1137104937.0,7148333067.0,0.005216235680474344
2024-01-16,30.4,30.6,29.93,30.29,47749127.0,1442796232.0,7148333067.0,0.006679756882122907
2024-01-17,30.2,30.2,28.4,28.4,98052204.0,2836256308.0,7148333067.0,0.013716792863591397
2024-01-18,28.2,28.8,27.75,28.72,64972329.0,1828744329.0,7148333067.0,0.009089158044403696
2024-01-19,28.53,29.58,28.51,29.34,55332145.0,1620327537.0,7148333067.0,0.007740566154568074
2024-01-22,29.73,29.94,28.58,28.93,54209205.0,1589908870.0,7148333067.0,0.007583474985273794
2024-01-23,28.92,29.48,28.56,29.27,55257836.0,1603952894.0,7148333067.0,0.0077301708639033115
2024-01-24,29.29,29.49,28.24,29.05,49589962.0,1422758883.0,7148333067.0,0.0069372763601251485
2024-01-25,29.0,29.29,28.61,29.13,51852423.0,1504726631.0,7148333067.0,0.007253778260469519
2024-01-26,29.0,29.06,27.6,27.82,91775202.0,2572233224.0,7148333067.0,0.012838685766290974
2024-01-29,27.82,27.92,27.08,27.16,58346279.0,1596066872.0,7148333067.0,0.008162221661068553
2024-01-30,27.02,27.3,26.45,26.52,41576574.0,1112621828.0,7148333067.0,0.0058162614430959615
2024-01-31,26.45,26.45,25.2,25.49,84855353.0,2171478153.0,7148333067.0,0.011870649031692635
2024-02-01,25.47,26.24,25.06,25.85,54342080.0,1397901938.0,7148333067.0,0.00760206323497545
2024-02-02,25.82,26.45,24.88,25.63,61710704.0,1590845567.0,7148333067.0,0.008632880340297104
2024-02-05,25.64,27.66,25.3,26.98,95097387.0,2507389708.0,7148333067.0,0.013303435375586144
2024-02-06,26.54,28.26,26.5,28.22,80515312.0,2236373340.0,7148333067.0,0.011263508743275518
2024-02-07,28.24,28.65,27.96,28.23,63385176.0,1791035762.0,7148333067.0,0.008867126840048232
2024-02-08,28.5,29.4,28.4,28.94,61329176.0,1781272198.0,7148333067.0,0.008579507337609064
2024-02-19,28.8,28.98,27.01,27.49,128291954.0,3545870084.0,7148333067.0,0.017947114774527616
2024-02-20,27.19,27.29,26.28,26.98,111635211.0,2980169056.0,7148333067.0,0.015616957121844193
2024-02-21,26.66,27.88,26.5,27.47,86538829.0,2372792197.0,7148333067.0,0.012106155125801724
2024-02-22,27.48,27.66,27.08,27.6,60572042.0,1659768550.0,7148333067.0,0.00847358977712279
2024-02-23,27.5,27.58,26.74,27.16,104489905.0,2824126847.0,7148333067.0,0.014617380586583684
2024-02-26,27.07,27.86,26.71,27.43,102153957.0,2778574239.0,7148333067.0,0.014290598387418424
2024-02-27,27.15,28.11,27.05,28.11,110904231.0,3064076548.0,7148333067.0,0.015514698316448774
2024-02-28,28.12,28.59,27.17,27.17,128868824.0,3577996983.0,7155235452.000001,0.018010423956625932
2024-02-29,26.9,27.66,26.76,27.58,121373622.0,3316658334.0,7155235452.000001,0.01696291097815295
2024-03-01,27.45,28.44,27.3,28.34,137896433.0,3858537359.0,7155235452.000001,0.019272102773565024
2024-03-04,28.58,28.82,27.66,28.01,116590007.0,3272789949.0,7155235452.000001,0.01629436344647628
2024-03-05,27.66,28.49,27.45,28.19,121381544.0,3400763491.0,7155235452.000001,0.01696401813948302
2024-03-06,27.75,28.68,27.3,27.96,124821301.0,3481125658.0,7155235452.000001,0.01744475102704139
2024-03-07,27.74,28.02,27.18,27.18,97554058.0,2684561497.0,7155235452.000001,0.01363394100088378
2024-03-08,27.33,27.68,27.05,27.56,85690500.0,2347920404.0,7155235452.000001,0.011975916177020863
2024-03-11,27.36,28.3,27.07,28.26,127592919.0,3558325671.0,7155235452.000001,0.01783210627462102
2024-03-12,28.24,28.76,28.12,28.49,103177865.0,2932752551.0,7155235452.000001,0.014419911922138099
2024-03-13,28.49,28.64,28.19,28.25,61453704.0,1743565052.0,7155235452.000001,0.008588634771315978
2024-03-14,28.16,28.18,27.33,27.56,88645752.0,2453006387.0,7155235452.000001,0.012388935709337436
2024-03-15,27.45,27.78,27.35,27.77,57163998.0,1575093637.0,7155235452.000001,0.007989114877277975
2024-03-18,27.8,28.18,27.61,28.04,91010663.0,2539839820.0,7155235452.000001,0.012719450479377458
2024-03-19,28.1,29.9,27.95,29.46,228672617.0,6701403148.0,7155235452.000001,0.03195878298261763
2024-03-20,29.54,30.57,29.45,29.65,177707139.0,5320563308.0,7155235452.000001,0.024835959653896234
2024-03-21,30.06,30.35,29.6,29.73,113120000.0,3383200424.0,7155235452.000001,0.01580940288532101
2024-03-22,29.96,32.28,29.85,31.84,239235815.0,7459121640.0,7155235452.000001,0.03343507234735788
2024-03-25,31.5,31.6,30.36,30.47,157434103.0,4852813285.0,7155235452.000001,0.022002644644767727
2024-03-26,30.0,31.29,29.99,30.95,117003425.0,3602634666.0,7155235452.000001,0.016352141838644276
2024-03-27,30.45,30.64,29.41,29.41,93305065.0,2790902241.0,7155235452.000001,0.013040111066354883
2024-03-28,29.4,30.2,29.2,29.75,72942948.0,2170592445.0,7155235452.000001,0.01019434629221199
2024-03-29,29.51,29.76,28.88,29.41,68843016.0,2013985449.0,7162441883.0,0.009611668356206611
2024-04-01,29.8,30.0,29.42,29.67,62494581.0,1856919377.0,7162441883.0,0.008725317708801295
2024-04-02,29.67,29.75,28.39,28.64,100655975.0,2896339356.0,7162441883.0,0.014053304256318809
2024-04-03,28.65,29.22,28.45,28.76,68825783.0,1984368703.0,7162441883.0,0.00960926233319358
2024-04-08,28.58,28.6,27.8,28.04,79831166.0,2246027916.0,7162441883.0,0.011145802968325461
2024-04-09,28.1,28.56,27.97,28.45,44640675.0,1262310289.0,7162441883.0,0.006232605545596718
2024-04-10,28.37,28.38,27.45,27.69,61341963.0,1702273476.0,7162441883.0,0.008564392423985271
2024-04-11,27.45,28.18,27.4,27.63,48540225.0,1349239803.0,7162441883.0,0.006777049753829046
2024-04-12,27.82,28.5,27.7,27.82,62005888.0,1744261717.0,7162441883.0,0.00865708776599926
2024-04-15,27.83,28.08,27.51,27.8,57402917.0,1596636434.0,7162441883.0,0.00801443389526767
2024-04-16,27.55,27.68,26.71,26.85,79544584.0,2154982859.0,7162441883.0,0.0111057911951507
2024-04-17,26.97,27.36,26.85,27.28,63563527.0,1724587974.0,7162441883.0,0.008874560944203615
2024-04-18,27.08,27.36,26.53,27.05,70081220.0,1888643493.0,7162441883.0,0.009784542917735532
2024-04-19,26.8,26.82,26.1,26.39,66995287.0,1770229115.0,7162441883.0,0.009353693627729502
2024-04-22,26.1,27.36,25.92,27.25,73706838.0,1979564502.0,7162441883.0,0.010290741510230276
2024-04-23,27.02,27.79,27.02,27.59,60469334.0,1661766671.0,7162441883.0,0.008442558416218845
2024-04-24,27.69,28.06,27.2,27.67,78469021.0,2166209970.0,7162441883.0,0.01095562411281069
2024-04-25,28.14,29.22,28.14,28.54,123113698.0,3532718835.0,7162441883.0,0.017188788406396625
2024-04-26,28.54,29.09,28.4,28.79,83063450.0,2386161535.0,7162441883.0,0.011597085373516322
2024-04-29,29.21,30.16,29.05,29.83,121044632.0,3595607198.0,7162441883.0,0.016899911228222108
2024-04-30,29.76,29.95,29.14,29.2,63759996.0,1877974569.0,7162441883.0,0.008901991393652192
2024-05-06,30.3,31.17,30.3,30.99,141580671.0,4362093786.0,7162441883.0,0.0197670952606318
2024-05-07,30.69,31.26,30.56,30.86,58136777.0,1797858075.0,7162441883.0,0.008116893365374061
2024-05-08,30.5,30.5,29.58,29.6,79533024.0,2372896262.0,7162441883.0,0.011104177220449218
2024-05-09,29.61,30.2,29.61,29.82,49408990.0,1476124916.0,7162441883.0,0.006898344280778299
2024-05-10,29.85,29.96,29.17,29.5,51489926.0,1515276800.0,7162441883.0,0.007188878714982796
2024-05-13,29.39,30.95,29.3,30.58,87320975.0,2657530498.0,7162441883.0,0.01219150904487695
2024-05-14,31.95,32.2,31.01,31.08,107402519.0,3383702906.0,7162441883.0,0.014995237763104095
2024-05-15,31.0,31.29,30.6,30.66,41907108.0,1293998461.0,7162441883.0,0.005850952605907518
2024-05-16,31.2,32.05,30.96,31.76,101764044.0,3222156377.0,7162441883.0,0.014208009734995012
2024-05-17,31.54,31.95,31.4,31.64,52585866.0,1665148626.0,7162441883.0,0.007341890776777141
2024-05-20,31.42,32.0,31.31,31.62,47529836.0,1502283358.0,7162441883.0,0.006635982082145992
2024-05-21,31.5,32.29,31.34,31.87,57889521.0,1850377742.0,7162441883.0,0.008082372177762493
2024-05-22,31.8,33.0,31.7,32.86,84265286.0,2748987218.0,7162441883.0,0.011764882337126253
2024-05-23,32.6,32.95,32.21,32.51,49572096.0,1612873100.0,7162441883.0,0.006921116681959959
2024-05-24,32.36,32.85,31.4,31.51,81032670.0,2589338578.0,7162441883.0,0.01131355357902874
2024-05-27,31.81,32.43,31.48,31.89,55784571.0,1773904806.0,7162441883.0,0.007788484976388324
2024-05-28,31.75,31.76,31.0,31.11,61610249.0,1926962938.0,7162441883.0,0.008601849761075402
2024-05-29,31.27,31.49,30.79,31.18,43161349.0,1342584228.0,7162441883.0,0.006026066208291774
2024-05-30,31.02,32.75,30.83,32.26,77273319.0,2487336940.0,7163771159.0,0.010786681663179577
2024-05-31,32.2,32.74,31.7,31.79,56636132.0,1821116748.0,7163771159.0,0.007905910273089447
2024-06-03,31.64,33.1,31.61,32.51,82983440.0,2699177158.0,7163771159.0,0.011583764773913265
2024-06-04,32.4,32.85,32.15,32.73,48444111.0,1575657990.0,7163771159.0,0.006762375559573622
2024-06-05,32.58,33.49,32.5,32.88,69564774.0,2303493634.0,7163771159.0,0.00971063598431732
2024-06-06,33.2,33.75,32.99,33.1,68692722.0,2290997652.0,7163771159.0,0.009588905127671457
2024-06-07,33.06,33.1,31.85,32.2,77733824.0,2507079748.0,7163771159.0,0.010850964146494451
2024-06-11,31.0,31.94,30.88,31.78,67357208.0,2120334751.0,7163771159.0,0.009402479016289862
2024-06-12,33.58,34.0,33.19,33.42,130909933.0,4394573914.0,7163771159.0,0.01827388537328346
2024-06-13,33.95,34.38,33.04,33.23,89348348.0,3010452013.0,7163771159.0,0.012472250441410282
2024-06-14,33.2,34.69,33.16,34.35,101763049.0,3473393693.0,7164495286.0,0.014203798723805875
2024-06-17,34.55,37.7,34.43,37.0,161677724.0,5878248630.0,7164495286.0,0.022566519698314448
2024-06-18,37.77,38.28,36.82,37.99,160707602.0,6048554178.0,7164495286.0,0.022431112811817405
2024-06-19,37.87,38.5,37.4,38.07,96946397.0,3678586917.0,7164495286.0,0.013531504052970912
2024-06-20,37.9,38.37,37.15,37.26,78078057.0,2935429678.0,7164495286.0,0.010897914491279073
2024-06-21,36.66,38.0,36.57,37.72,67055863.0,2513337692.0,7164495286.0,0.009359467809411857
2024-06-24,37.55,38.93,37.48,37.88,103828100.0,3971924083.0,7164495286.0,0.014492032705065555
2024-06-25,37.52,37.84,36.79,37.16,82936164.0,3083180797.0,7164495286.0,0.011575995333832368
2024-06-26,37.25,38.5,37.21,38.2,79007294.0,2989094129.0,7164495286.0,0.011027614765046549
2024-06-27,38.1,40.22,38.01,38.85,124871233.0,4902288044.0,7164495286.0,0.017429173726167205
2024-06-28,38.5,39.87,38.25,39.31,93374949.0,3667487400.0,7185356953.0,0.012995171932413807
2024-07-01,39.2,39.5,37.93,38.91,66548863.0,2575664847.0,7185356953.0,0.009261733750362228
2024-07-02,39.49,39.86,38.82,39.09,69065252.0,2716509617.0,7185356953.0,0.0096119444659133
2024-07-03,39.09,39.78,38.62,38.89,52607251.0,2051170080.0,7185356953.0,0.007321452691092214
2024-07-04,38.88,39.56,38.68,38.86,54728067.0,2141164150.0,7187746213.999999,0.0076140789296932744
2024-07-05,39.0,39.06,37.89,38.73,67356616.0,2583811836.0,7187746213.999999,0.009371034256719516
2024-07-08,38.75,39.66,38.5,39.37,78229655.0,3064039456.0,7187746213.999999,0.010883753080712209
2024-07-09,39.37,41.61,39.06,41.39,114299394.0,4665735421.0,7187746213.999999,0.015901979646606373
2024-07-10,41.39,41.73,40.82,41.08,74875260.0,3085524886.0,7187746213.999999,0.010417070632538614
2024-07-11,41.05,42.94,40.59,41.78,105249414.0,4391554900.0,7187746213.999999,0.01464289512545664
2024-07-12,40.4,41.29,40.19,40.92,68089326.0,2772799718.0,7187746213.999999,0.009472973025588798
2024-07-15,41.06,41.38,40.35,40.99,47474505.0,1942358326.0,7187746213.999999,0.0066049222644409865
2024-07-16,41.33,43.3,41.3,43.17,91165556.0,3874989350.0,7187746213.999999,0.012683468960330214
2024-07-17,43.0,43.17,41.5,42.05,70718199.0,2996429462.0,7187746213.999999,0.009838716740201257
2024-07-18,40.88,41.61,39.64,40.95,104068538.0,4211742716.0,7187746213.999999,0.014478604962053271
2024-07-19,39.72,40.96,39.69,40.15,91800284.0,3684921261.0,7187746213.999999,0.012771775917908058
2024-07-22,40.06,40.06,38.63,39.72,83778097.0,3306643348.0,7187746213.999999,0.011655683785387476
2024-07-23,39.74,39.88,38.28,38.43,70356038.0,2726808397.0,7187746213.999999,0.009788330848822038
2024-07-24,38.4,38.9,37.41,37.88,70153192.0,2660422227.0,7187746213.999999,0.009760109763385701
2024-07-25,37.3,37.76,36.12,37.09,76151560.0,2803169140.0,7187746213.999999,0.010594636723772342
2024-07-26,36.87,38.1,36.6,37.92,73427917.0,2758321201.0,7187746213.999999,0.010215708069516992
2024-07-29,37.92,39.38,37.44,38.38,74061425.0,2851512370.0,7187746213.999999,0.01030384529377876
2024-07-30,38.14,38.37,37.13,37.46,59510817.0,2229260996.0,7187746213.999999,0.00827948222268717
2024-07-31,37.4,38.5,37.22,38.23,77101523.0,2935218917.0,7187746213.999999,0.01072680096158999
2024-08-01,38.99,39.1,37.8,37.83,50157070.0,1915660369.0,7187746213.999999,0.0069781359144687255
2024-08-02,37.1,38.28,37.0,37.19,50303135.0,1882352287.0,7187746213.999999,0.00699845730529851
2024-08-05,35.0,36.03,34.34,34.51,131097835.0,4589180290.0,7187746213.999999,0.018239073987427794
2024-08-06,35.5,35.97,34.83,35.39,60047568.0,2121263051.0,7187746213.999999,0.008354158064601918
2024-08-07,35.2,35.65,34.84,35.08,33397531.0,1175636337.0,7187746213.999999,0.004646453840419358
2024-08-08,34.91,35.99,34.41,35.52,50770196.0,1796470399.0,7187746213.999999,0.007063437479346709
2024-08-09,35.86,36.88,35.79,36.33,52899059.0,1927040758.0,7187746213.999999,0.007359616968245953
2024-08-12,36.2,36.96,36.08,36.43,32336494.0,1180919203.0,7187746213.999999,0.004498836358052862
2024-08-13,36.3,37.32,36.3,37.0,38124101.0,1404964639.0,7187746213.999999,0.005304041053333718
2024-08-14,36.99,37.31,36.4,36.57,29233796.0,1076515366.0,7187746213.999999,0.004067171423367676
2024-08-15,36.43,37.44,36.37,36.71,44894654.0,1657492618.0,7187746213.999999,0.006245998768369983
2024-08-16,36.96,37.44,36.87,37.04,38596955.0,1431879105.0,7187746213.999999,0.00536982718238193
2024-08-19,37.46,37.76,36.6,36.72,35662385.0,1319697290.0,7187746213.999999,0.0049615531681597574
2024-08-20,36.7,37.09,36.38,36.63,28854946.0,1056238431.0,7187746213.999999,0.004014463663699967
2024-08-21,36.31,38.33,36.2,37.4,57936482.0,2170789722.0,7187746213.999999,0.00806045181271894
2024-08-22,37.6,38.06,36.7,37.8,51112243.0,1914992682.0,7187746213.999999,0.00711102499702141
2024-08-23,37.53,37.94,37.26,37.89,34066567.0,1284706434.0,7187746213.999999,0.004739533921446271
2024-08-26,37.92,38.0,36.52,37.35,71316219.0,2655200552.0,7187746213.999999,0.009921916672724641
2024-08-27,37.04,37.48,36.45,36.54,43929070.0,1618481514.0,7187746213.999999,0.006111661248478243
2024-08-28,36.5,37.22,36.35,36.6,36117885.0,1325186415.0,7187746213.999999,0.0050249249103496525
2024-08-29,36.5,37.6,35.6,37.23,50789140.0,1870534741.0,7187746213.999999,0.007066073076018598
2024-08-30,37.06,40.1,37.06,39.42,110454923.0,4332383271.0,7187746213.999999,0.015367115047114547
2024-09-02,39.22,39.38,38.2,38.55,55486913.0,2148528240.0,7187746213.999999,0.007719653887045268
2024-09-03,38.34,39.16,38.16,38.63,37163998.0,1437278502.0,7187746213.999999,0.005170466081233291
2024-09-04,37.8,38.0,36.5,37.84,65136532.0,2430239364.0,7187746213.999999,0.009062163585176355
2024-09-05,37.55,37.94,37.0,37.23,48329744.0,1806366229.0,7187746213.999999,0.006723907962396515
2024-09-06,37.21,37.23,35.9,35.9,54216550.0,1966184557.0,7187746213.999999,0.0075429137849078775
2024-09-09,35.8,36.54,35.62,35.89,44537791.0,1606088449.0,7187746213.999999,0.006196349964784665
2024-09-10,35.68,36.88,35.1,36.51,51234751.0,1853396929.0,7187746213.999999,0.007128069004468611
2024-09-11,36.38,36.68,35.81,36.14,31646457.0,1144664790.0,7187746213.999999,0.004402834498853107
2024-09-12,36.21,36.78,35.81,36.49,37511638.0,1362558039.0,7187746213.999999,0.005218831728774224
2024-09-13,36.48,37.88,36.33,37.15,48331329.0,1802034491.0,7187746213.999999,0.006724128476581742
2024-09-18,36.6,36.8,34.84,35.9,61762617.0,2202235564.0,7187746213.999999,0.008592765403945577
2024-09-19,35.91,36.16,35.45,35.78,44188739.0,1584574839.0,7187746213.999999,0.006147787871799227
2024-09-20,36.16,36.99,36.02,36.6,60453449.0,2213207426.0,7187746213.999999,0.008410626530226017
2024-09-23,36.16,37.42,36.02,36.48,31380333.0,1153690715.0,7187746213.999999,0.00436580981933929
2024-09-24,37.0,38.79,36.29,38.77,71238103.0,2692513679.0,7187746213.999999,0.009911048731971829
2024-09-25,39.33,39.69,38.28,38.46,67874566.0,2654197117.0,7187746213.999999,0.00944309439693303
2024-09-26,38.4,38.7,37.35,38.42,100399439.0,3816399171.0,7187746213.999999,0.013968139109370064
2024-09-27,38.43,41.19,38.4,40.48,120514394.0,4810204420.0,7187746213.999999,0.016766645678900984
2024-09-30,42.0,43.95,41.01,43.46,160489237.0,6841666996.0,7209116748.0,0.022261983348310175
2024-10-08,47.81,47.81,43.23,46.33,204655351.0,9363148071.0,7209116748.0,0.02838840847691596
2024-10-09,45.0,45.1,41.79,42.08,150181120.0,6533912050.0,7209116748.0,0.020832110957512823
2024-10-10,42.1,44.69,42.1,43.45,117036667.0,5121025720.0,7209116748.0,0.01623453622560199
2024-10-11,43.39,43.45,41.51,42.2,71084276.0,3008618404.0,7209116748.0,0.009860330812331574
2024-10-14,41.85,44.05,41.85,43.99,82799109.0,3593805899.0,7209116748.0,0.011485333348633959
2024-10-15,43.99,45.0,43.3,43.6,72966286.0,3228800891.0,7209116748.0,0.010121390532375936
2024-10-16,42.88,43.0,41.78,42.31,65647769.0,2779632344.0,7209116748.0,0.009106215268078774
2024-10-17,42.32,43.09,41.95,41.96,54229309.0,2303664924.0,7209116748.0,0.00752232359325359
2024-10-18,42.0,45.21,42.0,44.45,122207404.0,5381693426.0,7209116748.0,0.016951785949908992
2024-10-21,44.87,47.15,43.91,45.42,126019307.0,5778409422.0,7209116748.0,0.017480547396456173
2024-10-22,45.42,46.99,44.42,46.05,66556801.0,3045018325.0,7209116748.0,0.009232310049419663
2024-10-23,45.77,46.33,44.93,45.21,53475365.0,2437777062.0,7209116748.0,0.007417741572133019
2024-10-24,44.5,44.56,43.62,43.95,73218121.0,3219872263.0,7209116748.0,0.010156323383209551
2024-10-25,43.95,44.15,42.6,43.35,78582374.0,3392614768.0,7214296476.0,0.01089259004830508
2024-10-28,43.6,43.97,42.33,43.63,60362218.0,2613416856.0,7214296476.0,0.008367027637526218
2024-10-29,43.63,44.4,43.22,43.42,65641108.0,2873779548.0,7214296476.0,0.009098753872726203
2024-10-30,43.1,43.86,42.8,42.98,58656295.0,2536235915.0,7214296476.0,0.008130563416007857
2024-10-31,42.98,43.19,41.91,42.22,75889926.0,3220955107.0,7214296476.0,0.010519379991169633
2024-11-01,42.23,43.3,42.08,42.19,59438846.0,2533553743.0,7214296476.0,0.008239035670038908
2024-11-04,42.19,43.25,42.11,42.81,49086963.0,2096422340.0,7214296476.0,0.00680412333528279
2024-11-05,42.71,43.55,42.12,43.2,85913683.0,3698184436.0,7214296476.0,0.011908809581892209
2024-11-06,43.21,43.25,41.09,41.33,187046952.0,7817062352.0,7214296476.0,0.02592726160094117
2024-11-07,40.55,40.95,40.0,40.93,145996560.0,5888382814.0,7214296476.0,0.02023711674252518
2024-11-08,41.5,41.55,40.14,40.3,127029815.0,5178888519.0,7214296476.0,0.017608066901962458
2024-11-11,40.02,40.82,39.51,40.7,137219615.0,5520264021.0,7214296476.0,0.01902051231973794
2024-11-12,40.75,42.69,40.1,41.54,199168114.0,8259616975.0,7214296476.0,0.02760742016391731
2024-11-13,41.0,41.68,40.5,41.59,104325052.0,4287516984.0,7214296476.0,0.014460876725410585
2024-11-14,41.58,41.58,40.0,40.1,82870623.0,3378252845.0,7214296476.0,0.011486999914085593
2024-11-15,39.9,40.32,39.3,39.3,77059914.0,3071696125.0,7214296476.0,0.010681556303702981
2024-11-18,39.3,39.81,38.32,38.51,80179234.0,3125441187.0,7214296476.0,0.011113936648810383
2024-11-19,38.6,38.89,37.74,38.53,86837859.0,3319633660.0,7214296476.0,0.012036912994757827
2024-11-20,38.54,38.72,38.18,38.59,80278112.0,3085803304.0,7214296476.0,0.011127642489751207
2024-11-21,38.51,39.63,38.0,39.23,97058882.0,3767308387.0,7214296476.0,0.01345368634667129
2024-11-22,39.0,39.63,37.6,37.65,90272285.0,3483981190.0,7214296476.0,0.012512971334115712
2024-11-25,37.66,37.8,36.31,36.66,98755019.0,3640404674.0,7214296476.0,0.013688794094965609
2024-11-26,36.81,37.88,36.66,37.16,75555362.0,2826202314.0,7214296476.0,0.010473004852427692
2024-11-27,37.03,39.5,36.9,39.13,149536528.0,5771038359.0,7214296476.0,0.02072780464421823
2024-11-28,38.86,38.94,38.14,38.2,72952300.0,2804772468.0,7214296476.0,0.010112184915423485
2024-11-29,38.05,39.28,38.05,38.68,90114601.0,3495824651.0,7214296476.0,0.012491114178601716
2024-12-02,39.19,40.85,39.18,40.56,136620360.0,5524834213.0,7214296476.0,0.01893744739414283
2024-12-03,40.56,40.74,39.92,40.31,70054661.0,2828060681.0,7214296476.0,0.009710532583884345
2024-12-04,40.35,40.5,39.33,39.59,57137971.0,2269379055.0,7214296476.0,0.007920102977481238
2024-12-05,39.5,39.8,38.91,39.37,52403894.0,2060728937.0,7214296476.0,0.0072638952632919215
2024-12-06,39.7,40.5,39.5,40.21,88541042.0,3558019205.0,7214296476.0,0.01227299741486255
2024-12-09,40.21,40.59,39.65,39.88,42567215.0,1705033838.0,7214296476.0,0.005900397237847035
2024-12-10,41.25,41.83,40.65,40.89,131004166.0,5402388325.0,7214296476.0,0.018158966218787265
2024-12-11,40.91,42.07,40.2,41.25,95806317.0,3948090977.0,7214296476.0,0.013280063734380966
2024-12-12,41.39,42.2,40.93,41.37,70657387.0,2925719292.0,7214296476.0,0.009794078637474616
2024-12-13,41.0,41.08,40.4,40.58,66249573.0,2695769596.0,7214296476.0,0.009183095430080298
2024-12-16,40.4,40.66,39.65,39.78,52391558.0,2094235045.0,7214296476.0,0.007262185325248615
2024-12-17,39.78,41.35,39.69,40.3,72002397.0,2924980197.0,7214296476.0,0.009980515389065638
2024-12-18,40.53,40.69,39.96,40.06,45473497.0,1824141818.0,7214296476.0,0.006303247607202995
2024-12-19,39.65,41.85,39.34,41.67,108465775.0,4462268150.0,7214296476.0,0.015034837473180664
2024-12-20,41.72,41.95,41.18,41.28,61438712.0,2548121264.0,7219745384.0,0.00850981699938575
2024-12-23,41.28,41.83,40.3,40.46,56971925.0,2328081978.0,7219745384.0,0.00789112662148142
2024-12-24,40.56,41.45,40.25,41.4,59517513.0,2443465108.0,7219745384.0,0.0082437135708275
2024-12-25,41.4,41.98,40.92,41.07,46893438.0,1944421155.0,7219745384.0,0.006495165065505308
2024-12-26,40.96,42.38,40.63,42.32,90524293.0,3803538747.0,7219745384.0,0.012538432892746457
2024-12-27,42.28,42.29,41.23,41.35,82637027.0,3444499184.0,7219745384.0,0.011445975253245855
2024-12-30,41.35,42.1,41.15,41.65,58529459.0,2441348732.0,7219745384.0,0.008106859160117993
2024-12-31,42.1,42.1,40.45,40.76,64087258.0,2629811164.0,7219824257.0,0.00887656758928225
2025-01-02,40.59,40.76,38.83,39.21,69199878.0,2745078822.0,7219824257.0,0.00958470393969868
2025-01-03,39.21,40.38,38.68,39.23,75841360.0,2999349151.0,7219824257.0,0.010504599184179283
2025-01-06,39.24,39.99,38.72,38.99,47753489.0,1872510846.0,7219824257.0,0.006614217645768936
2025-01-07,39.19,41.02,39.1,40.46,85922232.0,3474460650.0,7219824257.0,0.01190087583041843
2025-01-08,40.14,40.2,38.85,39.15,79378319.0,3121740431.0,7219824257.0,0.010994494626796287
2025-01-09,39.09,39.49,38.66,39.01,51304803.0,2006498055.0,7219824257.0,0.00710610136392964
2025-01-10,38.9,39.01,37.8,38.16,69849104.0,2667795342.0,7219824257.0,0.009674626627133979
2025-01-13,37.7,38.7,37.61,37.86,41423127.0,1578515755.0,7219824257.0,0.005737414862950175
2025-01-14,38.14,39.62,37.4,39.61,84003361.0,3247577928.0,7219824257.0,0.011635097754430009
2025-01-15,39.15,39.46,38.54,39.07,54012770.0,2106706097.0,7219824257.0,0.007481175175092631
2025-01-16,39.47,39.74,38.8,39.22,42670600.0,1674538754.0,7219824257.0,0.005910199262624516
2025-01-17,38.74,39.71,38.63,39.16,43459256.0,1703744563.0,7219824257.0,0.006019434054487401
2025-01-20,39.86,41.17,39.85,40.79,89874838.0,3663689664.0,7219824257.0,0.012448341510925507
2025-01-21,40.92,42.58,40.83,41.89,84934605.0,3536767857.0,7219824257.0,0.01176408205748934
2025-01-22,41.5,41.89,39.7,40.09,119390461.0,4822425427.0,7219824257.0,0.016536477447390032
2025-01-23,40.7,40.76,39.58,39.62,69816032.0,2799986341.0,7219824257.0,0.009670045906215747
2025-01-24,39.68,41.28,39.68,40.97,88692895.0,3603808742.0,7219824257.0,0.012284633509466323
2025-01-27,40.75,41.22,40.1,40.19,47324827.0,1915915319.0,7219824257.0,0.00655484473242075
2025-02-05,40.7,41.36,39.91,40.42,71598541.0,2915141629.0,7219824257.0,0.009916936818868054
2025-02-06,39.8,41.63,39.78,41.58,87679481.0,3600238475.0,7219824257.0,0.012144268042949954
2025-02-07,41.58,43.2,41.5,42.6,109034598.0,4633013766.0,7219824257.0,0.015102112477915956
2025-02-10,43.0,43.26,42.38,42.66,59180009.0,2531358791.0,7219824257.0,0.008196876668101979
2025-02-11,42.68,42.97,41.88,42.23,43863664.0,1855163678.0,7219824257.0,0.0060754476062865196
2025-02-12,42.98,44.36,42.62,44.35,108024465.0,4727512281.0,7219824257.0,0.014962201454594216
2025-02-13,44.36,44.44,43.3,43.41,66262456.0,2900819047.0,7219824257.0,0.009177848884029977
2025-02-14,43.4,43.99,43.2,43.53,42474759.0,1849179114.0,7219824257.0,0.005883073810116428
2025-02-17,43.8,43.97,42.42,42.77,72270346.0,3102003920.0,7219824257.0,0.010009986867745443
2025-02-18,42.71,43.18,41.93,42.09,56875206.0,2425228794.0,7219824257.0,0.007877644105375071
2025-02-19,42.11,42.87,41.98,42.75,58122373.0,2462531718.0,7219824257.0,0.008050386121746288
2025-02-20,42.6,44.33,42.53,43.95,83503583.0,3660808374.0,7219824257.0,0.011565874739823324
2025-02-21,43.96,45.38,43.77,44.98,98727100.0,4402765057.0,7219824257.0,0.01367444642496372
2025-02-24,44.98,46.14,44.35,44.9,63477699.0,2867210759.0,7219824257.0,0.008792139079902814
2025-02-25,44.2,47.0,43.99,46.18,91192687.0,4187616242.0,7219824257.0,0.012630873516288695
2025-02-26,46.04,46.18,44.68,44.95,67023369.0,3031406284.0,7219824257.0,0.00928324106158364
2025-02-27,45.01,45.2,44.08,44.58,55001425.0,2453864638.0,7219824257.0,0.007618111333759021
2025-02-28,44.32,44.45,43.0,43.15,53568391.0,2339938727.0,7221713646.0,0.007417684171079081
2025-03-03,43.98,43.98,41.9,42.31,53295292.0,2274783985.0,7221713646.0,0.007379867800424276
2025-03-04,41.93,42.22,41.47,41.85,46619624.0,1951184570.0,7221713646.0,0.0064554794450790666
2025-03-05,41.97,42.49,41.44,41.91,49178050.0,2061881286.0,7221713646.0,0.006809747992048812
2025-03-06,42.15,42.95,42.15,42.37,65533785.0,2784636589.0,7221713646.0,0.009074547706041792
2025-03-07,42.41,42.58,41.32,41.53,66511576.0,2786193023.0,7221713646.0,0.009209943686543121
2025-03-10,41.3,41.64,40.57,41.08,72141563.0,2947723362.0,7221713646.0,0.009989535245551883
2025-03-11,40.5,40.65,39.7,40.27,79944368.0,3205706431.0,7221713646.0,0.01106999971458021
2025-03-12,40.23,40.96,39.56,40.55,83744329.0,3374346260.0,7221713646.0,0.01159618521379406
2025-03-13,40.6,40.86,40.24,40.37,54042239.0,2188742250.0,7230818016.0,0.007473876244764836
2025-03-14,40.2,41.24,40.01,41.0,85991245.0,3515359694.0,7230818016.0,0.011892325987145961
2025-03-17,41.3,41.37,40.53,40.67,58908430.0,2400289271.0,7230818016.0,0.008146855565947077
2025-03-18,40.71,40.99,40.38,40.86,59891173.0,2440209990.0,7230818016.0,0.008282765914931857
2025-03-19,40.62,40.88,40.0,40.73,58447257.0,2363325242.0,7230818016.0,0.008083076751575102
2025-03-20,40.86,40.87,40.32,40.42,37680052.0,1530040598.0,7230818016.0,0.0052110358629719935
2025-03-21,40.65,41.19,39.6,39.86,64442157.0,2592809767.0,7230818016.0,0.008912153072778978
2025-03-24,39.94,41.34,39.88,41.06,90318338.0,3693446598.0,7230818016.0,0.012490749704963947
2025-03-25,41.01,41.2,40.46,40.78,41623439.0,1695844789.0,7230818016.0,0.0057563942154121
2025-03-26,40.78,41.07,40.65,40.76,30331420.0,1238959999.0,7230818016.0,0.004194742549582097
2025-03-27,40.68,41.1,40.33,40.78,29203780.0,1191469512.0,7230818016.0,0.0040387933889885356
2025-03-28,40.8,41.5,40.52,41.21,49787332.0,2045454663.0,7230818016.0,0.006885435629804682
2025-03-31,41.0,41.39,40.41,40.89,41213435.0,1684704254.0,7234251375.0,0.005696986856501099
2025-04-01,40.89,41.15,40.41,40.44,38061001.0,1546945685.0,7234251375.0,0.005261221794356019
2025-04-02,40.42,40.7,38.7,39.35,102838106.0,4058599131.0,7234251375.0,0.014215445478627704
2025-04-03,37.23,37.43,35.42,35.42,223302734.0,8003539896.0,7234251375.0,0.03086742807579036
2025-04-07,31.88,31.88,31.88,31.88,45487000.0,1450125560.0,7234251375.0,0.006287727318571371
2025-04-08,29.19,30.0,28.69,29.0,282376468.0,8156305835.0,7234251375.0,0.03903326735034833
2025-04-09,27.84,29.46,27.11,28.68,263513235.0,7469385701.0,7234251375.0,0.03642577805778832
2025-04-10,31.55,31.55,30.35,30.73,289876902.0,9030336180.0,7234251375.0,0.04007006212166632
2025-04-11,30.01,33.0,29.64,32.18,276209891.0,8623901340.0,7234251375.0,0.03818085337129994
2025-04-14,33.91,34.43,31.49,32.2,352863107.0,11506239054.0,7234251375.0,0.0487767273638594
2025-04-15,31.6,31.62,30.5,30.81,196604382.0,6077454172.0,7234251375.0,0.027176880067980774
2025-04-16,30.06,30.17,29.25,29.59,181417827.0,5385566086.0,7234251375.0,0.02507762276922538
2025-04-17,29.49,29.88,29.35,29.46,100329318.0,2967875217.0,7234251375.0,0.013868652442285363
2025-04-18,29.46,30.05,29.46,29.95,99219909.0,2961451144.0,7234251375.0,0.013715297389703989
2025-04-21,29.99,30.99,29.77,30.87,119343647.0,3632231354.0,7234251375.0,0.01649702793193304
2025-04-22,30.63,31.07,30.17,30.3,103146009.0,3139583730.0,7234251375.0,0.014258007311779375
2025-04-23,31.9,32.18,30.96,31.53,201335409.0,6343222065.0,7234251375.0,0.027830856098776356
2025-04-24,31.5,31.51,30.72,30.76,107500103.0,3333508538.0,7234251375.0,0.014859879402517998
2025-04-25,31.0,32.0,31.0,31.61,162430397.0,5144752380.0,7234251375.0,0.022452965563420167
2025-04-28,31.81,31.93,30.9,30.95,100914629.0,3151247228.0,7234251375.0,0.013949560744977569
2025-04-29,30.8,30.95,30.39,30.53,88706625.0,2716087535.0,7234251375.0,0.01226203243455858
2025-04-30,30.59,31.1,30.39,30.85,123844275.0,3812272580.0,7234251375.0,0.017119155608551134
2025-05-06,30.99,31.85,30.9,31.81,137657726.0,4326017981.0,7234251375.0,0.01902860695105442
2025-05-07,32.45,33.16,31.22,31.52,163862696.0,5223223649.0,7234251375.0,0.022650954121704127
2025-05-08,31.41,33.0,31.32,32.74,210253628.0,6843239366.0,7234251375.0,0.02906363313923412
2025-05-09,32.51,32.52,31.7,32.08,131228032.0,4206692095.0,7234251375.0,0.01813982196602893
2025-05-12,33.35,34.47,32.88,34.12,275246598.0,9200878069.0,7234251375.0,0.03804769612391303
2025-05-13,35.49,35.49,33.63,33.8,286919563.0,9870473584.0,7234251375.0,0.039661265295747344
2025-05-14,33.65,33.94,33.03,33.52,182208017.0,6094580543.0,7234306375.0,0.02518666027605169
2025-05-15,33.55,33.55,32.62,32.66,119460056.0,3927343842.0,7234306375.0,0.016512993756087637
2025-05-16,32.5,32.78,32.41,32.5,83902847.0,2734254058.0,7234306375.0,0.011597911762480477
2025-05-19,32.39,32.39,31.7,32.23,103206077.0,3296746780.0,7234306375.0,0.014266202127774828
2025-05-20,32.08,32.65,31.86,32.6,95218088.0,3077663929.0,7234306375.0,0.013162020387891023
2025-05-21,32.4,32.42,32.06,32.12,95979441.0,3086281303.0,7234306375.0,0.013267262405651157
2025-05-22,31.85,32.07,31.74,31.77,67868291.0,2161876192.0,7234306375.0,0.009381451030956648
2025-05-23,31.7,32.03,31.3,31.3,94013492.0,2970257974.0,7234642664.0,0.012994904705911263
2025-05-26,30.5,31.28,30.38,31.24,110267907.0,3404917098.0,7234642664.0,0.015241652161854444
2025-05-27,31.03,31.11,30.43,30.52,98797805.0,3027491578.0,7234642664.0,0.013656210760985278
2025-05-28,30.71,30.89,30.31,30.39,66241302.0,2024475646.0,7234642664.0,0.009156126304567956
2025-05-29,31.01,31.52,31.01,31.41,148791273.0,4661225819.0,7234642664.0,0.020566499260619184
2025-05-30,30.89,30.89,30.35,30.4,110852081.0,3382102389.0,7234642664.0,0.01532239892809169
2025-06-03,30.19,30.46,30.12,30.32,58999291.0,1789426646.0,7234642664.0,0.008155107824963337
2025-06-04,30.38,30.98,30.3,30.8,83923933.0,2579308768.0,7234642664.0,0.011600287242604302
2025-06-05,30.85,31.86,30.83,31.63,142089309.0,4455372111.0,7234642664.0,0.019640128144413353
2025-06-06,31.41,31.55,31.17,31.32,85342289.0,2672851415.0,7234642664.0,0.011796337837757787
2025-06-09,31.7,32.08,31.53,31.93,96008164.0,3058275406.0,7234642664.0,0.013270615904465077
2025-06-10,31.79,32.2,31.35,31.78,119822235.0,3810618393.0,7234642664.0,0.016562287947716112
2025-06-11,31.9,32.54,31.8,31.97,98953985.0,3179019577.0,7234642664.0,0.013677798558372586
2025-06-12,31.65,32.16,31.55,31.84,71827337.0,2291824378.0,7234642664.0,0.009928249443115827
2025-06-13,31.6,31.98,31.2,31.25,80057462.0,2517333047.0,7234642664.0,0.011065848821859656
2025-06-16,31.05,32.05,31.02,31.91,96095757.0,3052267761.0,7234642664.0,0.013282723344191972
2025-06-17,31.91,32.8,31.83,32.67,153613079.0,4998428887.0,7234642664.0,0.021232987741659663
2025-06-18,32.41,33.05,32.4,32.94,118317520.0,3886671308.0,7234642664.0,0.016354300481038933
2025-06-19,32.96,33.34,32.62,32.72,106169164.0,3497212070.0,7234642664.0,0.01467510821623629
2025-06-20,32.65,33.49,32.59,33.21,119142685.0,3949672870.0,7234642664.0,0.016468357945702127
2025-06-23,32.99,33.77,32.88,33.19,93648663.0,3121733432.0,7234642664.0,0.012944476645128744
2025-06-24,33.3,33.56,33.01,33.23,100540645.0,3337390355.0,7234642664.0,0.013897112776598637
2025-06-25,33.26,33.28,32.77,33.24,104900759.0,3460741468.0,7234642664.0,0.01449978442224828
2025-06-26,33.24,33.55,32.95,32.97,83772483.0,2786154335.0,7234642664.0,0.011579353243921323
2025-06-27,32.98,34.1,32.69,33.87,154936383.0,5218421989.0,7234642664.0,0.021415899885556533
2025-06-30,33.95,34.78,33.95,34.69,126686312.0,4377077239.0,7238252014.0,0.01750233506031115
2025-07-01,34.79,34.96,34.26,34.71,78165837.0,2703071306.0,7238252014.0,0.0107989935759095
2025-07-02,34.59,34.59,33.85,33.92,71185833.0,2419827416.0,7238252014.0,0.00983467180505937
2025-07-03,33.99,36.18,33.99,35.77,191836317.0,6774927117.0,7238252014.0,0.026503127637578273
2025-07-04,35.62,35.67,35.25,35.29,86384591.0,3057264304.0,7238252014.0,0.011934454732015083
2025-07-07,35.28,35.28,34.25,34.75,88363281.0,3056920478.0,7238252014.0,0.01220782045569711
2025-07-08,34.6,35.47,34.59,35.36,88517185.0,3118524498.0,7238871337.0,0.012228036786282226
2025-07-09,35.39,35.95,35.12,35.3,84498679.0,2998487617.0,7238871337.0,0.011672907980571834
2025-07-10,35.2,35.99,35.13,35.76,83702372.0,2982205576.0,7238871337.0,0.011562903677010057
2025-07-11,35.88,36.0,35.41,35.76,80263494.0,2870070347.0,7238871337.0,0.011087846469897826
2025-07-14,35.58,35.67,34.91,35.36,50633138.0,1789863007.0,7238871337.0,0.006994617757771041
2025-07-15,35.4,36.9,35.34,36.78,145528729.0,5279131620.0,7238871337.0,0.020103787210053018
2025-07-16,36.61,37.69,36.5,37.05,118652484.0,4422970732.0,7238871337.0,0.0163910198808939
2025-07-17,37.0,39.62,36.89,39.4,169445288.0,6562532358.0,7238871337.0,0.023407694392068457
2025-07-18,39.35,39.83,38.54,38.73,135944065.0,5315102285.0,7238871337.0,0.018779732180782095
2025-07-21,38.75,38.98,37.82,38.66,102689902.0,3932374605.0,7238871337.0,0.01418589959944746
2025-07-22,38.19,38.45,37.78,38.09,91418826.0,3481265540.0,7238871337.0,0.012628878418204714
2025-07-23,37.91,38.5,37.68,37.96,68221901.0,2601928803.0,7238871337.0,0.009424383695189857
2025-07-24,37.8,38.0,37.3,37.87,98031544.0,3684466150.0,7238871337.0,0.01354237966614104
2025-07-25,37.89,38.55,37.79,38.33,81962679.0,3137604862.0,7238871337.0,0.011322577123461864
2025-07-28,38.4,38.47,37.41,37.76,93740755.0,3540657759.0,7238871337.0,0.012949636847510113
2025-07-29,37.55,37.61,36.83,37.57,95293958.0,3548773907.0,7238871337.0,0.013164201097610972
2025-07-30,37.3,38.4,36.91,37.74,92427309.0,3487636330.0,7238871337.0,0.012768193368429806
2025-07-31,37.43,38.0,36.46,36.63,100622208.0,3740230941.0,7238871337.0,0.013900261976710418
2025-08-01,36.72,37.37,36.28,36.64,75000417.0,2757967414.0,7238871337.0,0.010360788789911325
2025-08-04,36.12,36.39,35.8,36.24,80242555.0,2891254070.0,7238871337.0,0.011084953891894267
2025-08-05,36.38,36.61,36.13,36.47,56864800.0,2069672759.0,7238871337.0,0.00785547875527878
2025-08-06,36.38,36.38,35.88,36.21,63985419.0,2310885966.0,7238871337.0,0.008839143012937901
2025-08-07,38.0,38.66,37.0,37.02,183170454.0,6922956076.0,7238871337.0,0.025303731130537153
2025-08-08,37.0,37.0,36.43,36.44,74280423.0,2722198489.0,7238871697.0,0.01026132608908982
2025-08-11,36.49,38.2,36.49,38.01,141479671.0,5351015630.0,7238871697.0,0.01954443688491306
2025-08-12,37.96,38.62,37.74,38.17,76452626.0,2921966269.0,7238871697.0,0.010561400892308148
2025-08-13,38.34,38.98,37.82,38.35,105807028.0,4068295554.0,7238871697.0,0.014616508266592089
2025-08-14,38.5,39.05,38.21,38.48,97923455.0,3779698853.0,7238871697.0,0.013527447245761014
2025-08-15,38.1,38.82,37.98,38.59,87417002.0,3363990014.0,7238871697.0,0.01207605351483549
2025-08-18,38.6,40.36,38.29,39.59,153895921.0,6098343355.0,7238871697.0,0.02125965584716455
2025-08-19,39.6,39.75,38.61,39.1,108849590.0,4259042373.0,7238871697.0,0.015036817138934849
2025-08-20,38.99,40.75,38.22,40.05,132784734.0,5282232776.0,7238871697.0,0.01834329154570178
2025-08-21,40.1,42.43,39.81,42.19,200684428.0,8301490958.0,7238871697.0,0.027723164106247318
2025-08-22,41.46,42.88,41.33,42.7,140167282.0,5900362776.0,7238871697.0,0.019363139432087104
2025-08-25,43.38,44.29,42.13,42.95,152354512.0,6570702104.0,7238871697.0,0.02104672086716776
2025-08-26,43.2,46.8,43.2,45.6,222321982.0,10000629712.0,7238871697.0,0.03071224236397735
2025-08-27,45.02,47.17,44.9,44.98,200969020.0,9278340405.0,7238871697.0,0.027762478520414642
2025-08-28,44.99,46.1,44.35,46.1,165324126.0,7484800174.0,7238871697.0,0.022838383234298123
2025-08-29,46.09,47.36,45.17,45.98,173029403.0,7971168566.0,7238871697.0,0.023902813897324418
2025-09-01,46.1,46.8,44.9,45.27,140621009.0,6401671201.0,7238871697.0,0.019425818675343764
2025-09-02,45.08,45.59,43.5,43.8,148018338.0,6557335184.0,7238871697.0,0.020447708454529333
2025-09-03,44.01,44.43,42.99,43.22,100889947.0,4402641695.0,7238871697.0,0.013937247574343906
2025-09-04,43.71,45.69,43.5,44.39,200637662.0,8941490727.0,7238871697.0,0.027716703707174436
2025-09-05,44.36,47.2,43.7,47.2,228191530.0,10489291676.0,7238871697.0,0.031523079777000224
2025-09-08,49.09,51.92,48.78,49.75,289125512.0,14557101684.0,7238871697.0,0.03994068745821563
2025-09-09,49.78,50.75,47.48,47.71,188129323.0,9103502528.0,7238871697.0,0.025988763287235258
2025-09-10,46.28,48.97,45.82,48.09,201877336.0,9549391987.0,7238871697.0,0.027887956086259116
2025-09-11,47.2,52.9,46.51,52.9,284214404.0,14306453448.0,7238871697.0,0.039262251894557926
2025-09-12,54.2,55.66,52.46,52.71,425849206.0,23093057572.0,7238871697.0,0.058828119052929805
2025-09-15,52.14,54.23,52.07,52.74,249499806.0,13237384440.0,7238871697.0,0.03446667055908727
2025-09-16,52.66,54.2,52.15,52.39,200349016.0,10610989503.0,7238871697.0,0.02767682926097868
2025-09-17,52.63,52.99,51.5,52.01,194955234.0,10192389842.0,7238871697.0,0.026931715626455313
2025-09-18,51.5,54.94,51.1,53.11,315536216.0,16692440412.0,7238871697.0,0.0435891433371816
2025-09-19,54.31,57.91,54.03,55.41,319703998.0,17827566857.0,7238871697.0,0.04416489356103585
2025-09-22,60.95,60.95,60.13,60.95,90279351.0,5501600825.0,7238871697.0,0.012471467209097573
2025-09-23,67.05,67.05,63.66,65.7,554123874.0,36353840908.0,7238871697.0,0.07654837621029326
2025-09-24,64.23,72.2,63.7,70.2,451635559.0,29906689611.0,7238871697.0,0.062390325164510235
2025-09-25,69.8,71.58,68.2,68.74,331771538.0,22988862615.0,7238871697.0,0.04583194065139956
2025-09-26,68.72,68.78,64.16,64.25,332090893.0,21965504720.0,7238871697.0,0.0458760573333035
2025-09-29,64.25,65.36,62.68,64.8,262852479.0,16918393242.0,7238871697.0,0.036311249874608736
2025-09-30,65.4,66.38,63.76,64.69,229529053.0,14884453179.0,7265330667.0,0.03159237528479583
2025-10-09,63.84,66.15,63.36,65.3,261650982.0,17046509786.0,7265330667.0,0.03601363709272725
2025-10-10,64.5,64.95,60.21,60.8,260955086.0,16258524771.0,7265330667.0,0.03591785397811131
2025-10-13,55.12,58.37,55.12,57.75,267290302.0,15306475401.0,7265330667.0,0.03678983300981255
2025-10-14,58.8,59.97,54.55,55.01,248599086.0,14241316173.0,7265330667.0,0.034217174330298104
2025-10-15,55.04,58.38,53.88,58.2,242527395.0,13673494569.0,7265330667.0,0.03338146687549796
2025-10-16,58.04,61.6,57.73,59.2,256325542.0,15334036992.0,7265330667.0,0.03528064361395982
2025-10-17,59.25,59.25,55.4,55.49,179240230.0,10165620025.0,7265330667.0,0.024670622469274598
2025-10-20,56.86,57.85,56.44,57.15,162519564.0,9272508356.0,7265330667.0,0.02236919026110997
2025-10-21,59.0,62.87,58.95,61.15,292936570.0,17821150490.0,7265330667.0,0.04031978493842722
2025-10-22,60.1,61.15,59.53,60.11,132425023.0,7986543312.0,7265330667.0,0.018226978105964298
2025-10-23,59.3,60.45,58.28,60.14,109740953.0,6524692837.0,7265330667.0,0.015104743063995217
2025-10-24,60.89,64.15,60.66,63.91,234445779.0,14736755293.0,7265330667.0,0.03226911337496045
2025-10-27,65.88,65.99,63.53,65.4,233992056.0,15195422274.0,7265330667.0,0.03220666294829771
2025-10-28,64.7,65.8,64.0,64.66,142632780.0,9262740420.0,7265330667.0,0.019631973620671546
2025-10-29,65.91,67.48,65.17,67.28,180052783.0,11983703878.0,7265330667.0,0.024782462251556045
2025-10-30,67.1,67.29,63.66,65.04,178788411.0,11675786638.0,7265330667.0,0.02460843410914225
2025-10-31,66.2,66.88,63.0,63.0,173415239.0,11158675824.0,7265625627.0,0.023867901802642658
2025-11-03,62.8,62.96,60.69,62.92,140414271.0,8693261074.0,7265625627.0,0.01932583348063001
2025-11-04,62.5,62.84,60.06,60.54,128990576.0,7901104870.0,7265625627.0,0.01775354011093751
2025-11-05,58.6,61.46,58.36,60.98,112172866.0,6760397261.0,7265625627.0,0.01543884474079578
2025-11-06,60.98,61.86,59.8,61.66,132471322.0,8075585074.0,7265625627.0,0.018232610486799583
2025-11-07,60.72,61.0,59.84,59.9,105363369.0,6346313297.0,7265625627.0,0.014501623729201813
2025-11-10,59.5,60.2,57.21,58.4,153527579.0,8911656168.0,7265625627.0,0.021130675716275794
2025-11-11,58.98,59.15,56.23,56.49,108489718.0,6189292993.0,7265625627.0,0.014931916887767826
2025-11-12,56.44,58.46,56.37,57.77,135717529.0,7815417070.0,7265625627.0,0.01867940022888823
2025-11-13,57.2,58.35,56.88,57.38,93995272.0,5397445322.0,7265625627.0,0.012936982556698418
2025-11-14,56.66,58.23,56.1,56.51,101754426.0,5829324295.0,7265625627.0,0.014004909036582818
2025-11-17,56.49,57.44,56.12,56.55,74185638.0,4205657010.0,7265625627.0,0.010210495531770399
2025-11-18,56.12,57.75,55.4,56.61,105402888.0,5974063197.0,7265625627.0,0.014507062902925978
2025-11-19,57.0,57.94,56.41,56.75,93532984.0,5330936920.0,7265625627.0,0.012873355826705327
2025-11-20,58.1,58.2,55.68,55.75,95981221.0,5436030226.0,7265625627.0,0.01321031744923953
2025-11-21,54.0,54.28,52.8,52.85,149999606.0,8020601930.0,7265625627.0,0.020645105280759603
2025-11-24,53.19,53.85,52.2,53.25,95703000.0,5077293741.0,7265625627.0,0.013172024669748374
2025-11-25,54.22,56.39,54.04,55.7,145075983.0,8050188476.0,7265625627.0,0.01996744539945452
2025-11-26,55.32,58.85,54.91,57.6,159153919.0,9136365853.0,7265625627.0,0.021905053627944104
2025-11-27,57.7,59.13,56.8,56.96,126380424.0,7319810271.0,7265625627.0,0.017394293415057622
2025-11-28,56.82,58.18,56.75,57.78,96257755.0,5543542167.0,7265625627.0,0.01324837803950341
2025-12-01,57.85,59.29,56.4,58.61,137736228.0,7969904521.0,7265625627.0,0.01895724264792208
2025-12-02,58.57,61.5,58.18,60.0,181396504.0,10920312512.0,7265625627.0,0.02496639839601799
2025-12-03,60.08,60.4,58.45,58.82,108086644.0,6408961263.0,7265625627.0,0.014876440040942396
2025-12-04,58.61,59.73,57.11,59.63,103890858.0,6085818537.0,7265625627.0,0.01429895556604626
2025-12-05,59.62,59.68,58.71,59.25,71699567.0,4248662542.0,7265625627.0,0.009868326649470512
2025-12-08,59.1,60.71,58.74,60.08,111448052.0,6690195483.0,7265625627.0,0.015339085403168131
2025-12-09,60.07,61.51,59.6,60.6,110658149.0,6714668917.0,7265625627.0,0.015230367580292064
2025-12-10,59.9,59.9,58.02,59.53,95668514.0,5632613696.0,7265625627.0,0.013167278209942925
2025-12-11,59.48,61.3,58.19,58.25,87639849.0,5200843714.0,7265625627.0,0.012062257746162841
2025-12-12,58.23,60.88,57.6,60.38,132191892.0,7900964056.0,7265625627.0,0.018194151307322787
2025-12-15,59.55,59.67,57.29,57.36,122673493.0,7143771178.0,7265625627.0,0.01688409220317236
2025-12-16,56.7,57.89,56.32,57.33,72495956.0,4138588438.0,7265625627.0,0.009977937169043737
2025-12-17,57.15,58.79,57.08,58.66,76178566.0,4427953757.0,7265625627.0,0.010484790974766253
2025-12-18,57.83,58.17,56.96,56.98,59964677.0,3442857271.0,7265625627.0,0.008253202143689256
2025-12-19,57.21,57.87,56.75,56.78,61846149.0,3534311770.0,7265625627.0,0.008512157407363758
2025-12-22,57.1,58.26,56.99,57.73,77726256.0,4485816559.0,7265625627.0,0.010697806354233175
2025-12-23,57.55,58.6,57.43,58.05,77505600.0,4507631681.0,7269267438.000001,0.010662092248090982
2025-12-24,58.18,59.62,57.61,59.29,91859271.0,5404246113.0,7269267438.000001,0.012636661366977208
2025-12-25,59.0,59.95,58.25,59.43,79411049.0,4697050390.0,7269267438.000001,0.010924216185097245
2025-12-26,59.18,59.2,58.37,58.4,74266500.0,4354917584.0,7269267438.000001,0.010216504019617278
2025-12-29,58.1,59.36,57.91,58.22,93055053.0,5441701496.0,7269267438.000001,0.012801159648296322
2025-12-30,57.98,59.38,57.18,58.07,99164728.0,5783619694.0,7269267438.000001,0.013641639800128644
2025-12-31,58.55,58.65,56.4,56.71,104905173.0,6003869905.0,7269111078.999999,0.014431637081879846
2026-01-05,57.12,59.49,57.11,58.55,159455283.0,9358442265.0,7269111078.999999,0.02193600858028655
2026-01-06,58.88,59.5,57.82,59.22,141539975.0,8330556573.0,7269111078.999999,0.019471428275308657
2026-01-07,59.0,59.1,56.8,57.55,187357397.0,10829848832.0,7269111078.999999,0.02577445783450244
2026-01-08,57.02,57.06,54.77,55.16,240111695.0,13264652378.0,7269111078.999999,0.03303178234456582
2026-01-09,54.85,56.3,54.0,55.65,154079007.0,8518973944.0,7269111078.999999,0.02119640287863044
2026-01-12,55.2,55.6,54.0,55.43,188390485.0,10301185319.0,7269111078.999999,0.025916578100484415
2026-01-13,55.65,56.55,54.34,54.58,133498244.0,7385100189.0,7269111078.999999,0.018365140186902353
2026-01-14,54.2,54.8,53.46,53.58,169913878.0,9190861212.0,7269111078.999999,0.023374780788653845
2026-01-15,53.34,57.57,53.23,57.37,262847130.0,14597266865.0,7269111078.999999,0.03615945982162093
2026-01-16,58.28,59.91,57.91,58.08,259990309.0,15284928361.0,7269111078.999999,0.035766451519924566
2026-01-19,58.1,60.48,57.8,57.86,195719959.0,11530425069.0,7269111078.999999,0.026924882131107136
2026-01-20,57.9,58.33,55.31,57.46,177225955.0,10048349855.0,7269111078.999999,0.024380691541775246
2026-01-21,56.65,58.3,56.6,57.06,111719948.0,6424873922.0,7269111078.999999,0.015369134793214516
2026-01-22,57.43,58.35,56.1,56.41,149804210.0,8531018706.0,7269111078.999999,0.020608325883583602
2026-01-23,56.63,56.63,55.0,55.5,144925368.0,8052423541.0,7269111078.999999,0.019937151382743372
2026-01-26,55.38,55.4,54.01,54.09,127111156.0,6917918137.0,7269111078.999999,0.01748647869300224
2026-01-27,54.32,54.79,52.86,53.72,122784313.0,6608414372.0,7269111078.999999,0.016891241812869814
2026-01-28,53.7,54.95,52.82,53.28,151194870.0,8124725548.0,7269111078.999999,0.020799636758446628
2026-01-29,53.0,53.13,51.73,51.89,147260590.0,7686631742.0,7269111078.999999,0.020258404143173227
2026-01-30,51.61,52.5,51.02,51.69,108558812.0,5631865241.0,7269111078.999999,0.014934262363058328
2026-02-02,51.99,53.6,51.99,52.22,138486234.0,7315678565.0,7269111078.999999,0.019051330003757673
2026-02-03,52.83,53.39,51.25,52.46,104663797.0,5464439702.0,7269111078.999999,0.014398431371115936
2026-02-04,52.01,52.05,50.65,51.9,124442380.0,6390867495.0,7269111078.999999,0.017119339441586764
2026-02-05,51.5,52.58,51.42,51.7,75985941.0,3948087323.0,7269111078.999999,0.01045326452907269
2026-02-06,51.37,52.01,50.7,51.17,72491146.0,3723195003.0,7269272739.0,0.009972269386878483
2026-02-09,51.99,52.0,51.33,51.72,77530036.0,4004057333.0,7269272739.0,0.010665446019661308
2026-02-10,51.69,51.98,51.37,51.69,74683050.0,3859138594.0,7269272739.0,0.010273799413154747
2026-02-11,51.39,51.92,51.02,51.15,68945249.0,3542639012.0,7269272739.0,0.009484476848709417
2026-02-12,51.1,51.33,50.3,50.43,97024007.0,4903262372.0,7269272756.000001,0.013347140801659581
2026-02-13,49.91,51.08,49.26,50.8,114492599.0,5776476638.0,7269272756.000001,0.015750213651771244
2026-02-24,51.41,51.49,50.51,50.63,84415339.0,4300015328.0,7269272756.000001,0.011612625063535309
2026-02-25,50.55,51.93,50.47,51.58,124704783.0,6391742056.0,7269272756.000001,0.01715505624645459
2026-02-26,51.59,51.63,51.04,51.16,106425064.0,5454795825.0,7269272756.000001,0.014640400432375794
2026-02-27,50.65,50.69,49.32,50.22,127271550.0,6349492767.0,7269272756.000001,0.017508154429196655
2026-03-02,49.31,49.72,48.38,49.11,128983380.0,6329687455.0,7269272756.000001,0.017743642910295
2026-03-03,49.16,49.74,47.2,47.39,136026519.0,6548505878.0,7269272756.000001,0.018712534742588216
2026-03-04,46.67,47.09,45.8,46.28,119890568.0,5557272421.0,7269272756.000001,0.016492787108730134
2026-03-05,47.0,47.76,46.88,47.0,100873314.0,4765363060.0,7269272756.000001,0.013876672039405862
2026-03-06,46.59,47.42,46.47,47.3,73249601.0,3447363241.0,7269272756.000001,0.010076606485778147
2026-03-09,46.27,46.62,45.43,46.5,97374939.0,4484441010.0,7269272756.000001,0.01339541688260734
2026-03-10,47.2,49.7,47.2,49.39,181409372.0,8875107862.0,7269272756.000001,0.024955642481603972
2026-03-11,49.45,50.88,49.28,50.17,168648425.0,8476553856.0,7269272756.000001,0.023200178430613835
2026-03-12,49.9,50.43,49.28,49.7,86041581.0,4282954480.0,7269272756.000001,0.011836339602057435
2026-03-13,49.35,50.28,49.05,49.33,81983337.0,4071284136.0,7269272756.000001,0.011278065874241903
2026-03-16,49.01,49.27,47.51,49.26,96527204.0,4675886931.0,7269272756.000001,0.013278797926563864
2026-03-17,50.18,51.76,49.76,49.83,185009493.0,9421830949.0,7269272756.000001,0.025450894361790814
2026-03-18,49.66,49.89,48.9,49.34,86120488.0,4245300752.0,7269272756.000001,0.011847194470577105
2026-03-19,48.38,48.8,47.85,48.04,91805865.0,4422841914.0,7269272756.000001,0.012629305307635369
2026-03-20,48.39,49.7,48.22,48.22,100484471.0,4918969446.0,7269272756.000001,0.013823180718739836
2026-03-23,47.53,47.75,45.95,46.3,101744612.0,4757499917.0,7269272756.000001,0.013996532447626317
2026-03-24,46.8,46.94,44.57,46.34,110560688.0,5039460248.0,7269272756.000001,0.015209318966432243
2026-03-25,47.38,50.97,47.0,50.97,260886146.0,13043880637.0,7269272756.000001,0.03588889215701345
2026-03-26,51.71,51.71,49.96,50.19,220019409.0,11164299113.0,7269272756.000001,0.030267045464540822
2026-03-27,48.18,51.29,48.18,50.61,174981118.0,8737181238.0,7269272756.000001,0.02407133751523795
2026-03-30,49.8,50.0,48.1,48.76,159640570.0,7806460835.0,7269272756.000001,0.02196100976789376
2026-03-31,48.4,50.62,48.0,49.26,167150472.0,8302284090.0,7269273007.0,0.022994111218417747
2026-04-01,50.48,51.11,49.8,50.4,110977737.0,5578244766.0,7269273007.0,0.015266689928020749
2026-04-02,50.1,50.9,49.57,49.89,85965881.0,4306449474.0,7269273007.0,0.011825925497256537
2026-04-03,50.3,50.38,48.64,48.8,74514475.0,3668426747.0,7269273007.0,0.010250608957490762
2026-04-07,49.0,49.95,48.11,48.39,79987772.0,3915337449.0,7269273007.0,0.011003544910608693
2026-04-08,49.56,52.57,49.56,52.27,201928715.0,10341801422.0,7269273007.0,0.027778391980264223
2026-04-09,51.5,55.78,51.3,55.09,299603070.0,16300584856.0,7269273007.0,0.04121499766365839
2026-04-10,55.42,59.18,54.9,58.18,386896937.0,22240373573.0,7269273007.0,0.05322360800418897
2026-04-13,57.78,59.52,57.5,58.6,238813216.0,13958472897.0,7269273007.0,0.032852420836311014
2026-04-14,59.0,60.65,58.55,59.14,243274497.0,14486703394.0,7269273007.0,0.033466138466080035
2026-04-15,59.0,60.98,58.45,58.78,198003810.0,11789558135.0,7269273060.0,0.027238460897766853
2026-04-16,58.76,60.65,58.0,60.45,199642241.0,11903948272.0,7269273060.0,0.027463852210828907
2026-04-17,59.85,60.88,59.25,59.75,134342400.0,8048223623.0,7269273060.0,0.01848085756184264
2026-04-20,62.64,65.73,60.91,65.73,392926863.0,25188235807.0,7269273060.0,0.05405311641986936
2026-04-21,64.86,66.0,62.9,65.75,262573277.0,16943576025.0,7269273060.0,0.03612098140113064
2026-04-22,65.39,68.69,64.6,68.03,236665585.0,15963581222.0,7269273060.0,0.032556981013999765
2026-04-23,69.0,70.68,67.3,67.77,232237089.0,15938711239.0,7269273060.0,0.0319477734682868
2026-04-24,67.51,67.8,64.37,66.0,262279111.0,17251346199.0,7269273060.0,0.036080514356135636
2026-04-27,67.98,72.6,67.5,71.97,327349997.0,23372375964.0,7269273060.0,0.04503201273333375
2026-04-28,71.02,72.4,68.95,69.88,215990814.0,15245939862.0,7269273060.0,0.02971284916899242
2026-04-29,68.0,69.77,66.5,68.64,210391849.0,14341701763.0,7269274403.0,0.028942620313407365
2026-04-30,69.48,69.48,66.8,67.0,155047490.0,10467151556.0,7269274403.0,0.0213291563097429
2026-05-06,68.27,71.0,66.87,67.08,213054399.0,14608440724.0,7269274403.0,0.029308894834410616
2026-05-07,67.5,70.3,66.29,69.52,214188521.0,14678541091.0,7269274403.0,0.029464910680989737
2026-05-08,68.13,72.08,67.11,71.29,215071024.0,15166942308.0,7269274403.0,0.029586312481372428
2026-05-11,75.5,78.42,74.46,76.06,270015409.0,20583695884.0,7269274403.0,0.03714475393700446
2026-05-12,77.39,78.78,75.5,77.19,198024613.0,15270074423.0,7269274403.0,0.027241317636637303
2026-05-13,75.75,81.78,75.11,80.15,226366456.0,18021923742.0,7269274403.0,0.03114017210666576
2026-05-14,79.29,79.35,75.22,75.4,221670631.0,16975179746.0,7269274403.0,0.03049418947625879
2026-05-15,76.47,76.8,72.61,74.0,198921177.0,14751129626.0,7269274403.0,0.02736465374286958
2026-05-18,73.08,75.11,71.67,72.9,204511202.0,14953197726.0,7269274403.0,0.028133647275111674
2026-05-19,72.05,72.71,70.04,72.4,143082046.0,10235474979.0,7269274403.0,0.01968312627474217
2026-05-20,72.03,72.6,69.3,70.07,182380377.0,12861203395.0,7269274403.0,0.025089213433012292
2026-05-21,71.01,72.99,67.57,67.87,194798584.0,13796884415.0,7269274403.0,0.026797527951291453
2026-05-22,69.5,72.88,68.9,72.4,186637744.0,13302102231.0,7275950762.0,0.02565132037104349
2026-05-25,73.3,74.93,71.5,74.7,215299602.0,15835830718.0,7275950762.0,0.02959057984895143
2026-05-26,73.7,73.71,71.15,72.45,156425313.0,11298770434.0,7275950762.0,0.021498951562036423
2026-05-27,72.15,74.29,70.69,71.59,165224776.0,11955068270.0,7275950762.0,0.022708341686823525
2026-05-28,71.23,73.35,69.32,72.8,159715750.0,11412577159.0,7275950762.0,0.021951186205677074
2026-05-29,77.0,77.8,71.28,73.29,267669781.0,19878578233.0,7275950762.0,0.036788289222345345
2026-06-01,73.35,75.93,70.67,70.71,230254020.0,16789308026.0,7275950762.0,0.03164590134426751
2026-06-02,70.01,74.83,68.15,74.0,232560683.0,16748451139.0,7275950762.0,0.03196292699156119
2026-06-03,75.0,78.0,73.33,74.8,263847122.0,20073822599.0,7275950762.0,0.03626290647512218
2026-06-04,73.3,75.6,72.5,74.59,145871086.0,10824292100.0,7275950762.0,0.02004838828237249
2026-06-05,73.0,73.39,67.98,68.77,255104538.0,18017428381.0,7275950762.0,0.0350613337479317
2026-06-08,64.98,67.65,64.6,66.14,189971946.0,12545747660.0,7275950762.0,0.02610957003614753
2026-06-09,66.18,69.88,65.16,69.34,171147687.0,11550214648.0,7275950762.0,0.02352238114279861
2026-06-10,68.0,68.05,64.8,65.51,134616156.0,8906551912.0,7275950762.0,0.018501521024998933
2026-06-11,65.04,66.06,63.22,64.58,122484282.0,7910698034.0,7275950762.0,0.01683412738850527
2026-06-12,66.2,67.19,63.7,63.76,137189604.0,8987153483.0,7275950762.0,0.018855213358025744
2026-06-15,65.0,68.38,64.0,68.15,160091391.0,10715165050.0,7275950762.0,0.022002813960219046
2026-06-16,68.15,68.7,66.45,67.26,159415022.0,10757497506.0,7275950762.0,0.021909854425152857
2026-06-17,66.45,67.66,65.6,67.32,151118249.0,10067605183.0,7275950762.0,0.020769553552951875
2026-06-18,67.0,70.77,66.41,69.93,228771532.0,15855359540.0,7275950762.0,0.03144214955312805
2026-06-22,70.7,71.01,66.38,68.4,208719620.0,14229475755.0,7275950762.0,0.02868623315733208
2026-06-23,68.39,71.99,67.78,69.36,258144995.0,18109829043.0,7301528020.0,0.03535492766622294
2026-06-24,68.46,76.3,66.46,75.05,406475770.0,29659436724.0,7301528020.0,0.055669959614836895
2026-06-25,75.1,75.8,73.18,74.42,252368956.0,18757393549.0,7301528020.0,0.03456385503263466
2026-06-26,71.0,71.5,67.05,68.0,340361721.0,23313769531.0,7301528020.0,0.0466151359095928
2026-06-29,66.98,67.52,62.48,65.3,227235979.0,14739681221.0,7301528020.0,0.03112170197492442
2026-06-30,65.24,70.88,64.6,70.4,245170389.0,17001653980.0,7302358846.0,0.033574135997753184
2026-07-01,70.4,70.77,65.5,66.24,208917983.0,14148227157.0,7302358846.0,0.02860965715406312
2026-07-02,64.55,64.9,60.66,60.9,211597717.0,13173882136.0,7302358846.0,0.028976625425071584
2026-07-03,62.49,65.97,62.35,64.44,205775393.0,13275301052.0,7302358846.0,0.02817930443293912
2026-07-06,64.79,65.22,61.26,62.88,130177779.0,8216421561.0,7325075161.0,0.017771528092037827
2026-07-07,62.54,64.9,62.0,63.28,137058392.0,8712510967.0,7325075161.0,0.018710851286512828
2026-07-08,63.0,64.28,60.6,62.47,128144800.0,8007434110.0,7325075161.0,0.017493991144591343
2026-07-09,62.8,64.66,59.7,64.46,190354127.0,11897521866.0,7325075161.0,0.025986644889799786
2026-07-10,64.38,65.66,62.06,62.14,142232648.0,9121289842.0,7325075161.0,0.01941722711014241
2026-07-13,61.88,61.9,58.24,58.98,132193670.0,7940234256.0,7325075161.0,0.018046732230656493
2026-07-14,58.5,61.9,57.41,61.67,139252454.0,8350544315.0,7325075161.0,0.019010378861558277
2026-07-15,62.25,62.25,59.85,60.47,93265788.0,5679723922.0,7325075161.0,0.012732400139259132
2026-07-16,60.86,64.34,60.0,61.58,132591776.0,8285862510.0,7325075161.0,0.018101080614973366
2026-07-17,61.0,61.5,57.09,58.05,143301667.0,8437769036.0,7325075161.0,0.019563166773081526
2026-07-20,58.5,59.88,55.03,56.8,135198675.0,7807511009.0,7325075161.0,0.018456967611721137
2026-07-21,57.29,60.78,56.6,60.42,157939674.0,9326953423.0,7325075161.0,0.021561508998692445
2026-07-22,59.88,61.68,58.8,59.16,106222324.0,6394815668.0,7325075161.0,0.014501192365307936
2026-07-23,59.16,61.98,58.65,61.19,120969574.0,7347104989.0,7325075161.0,0.01651444815802894
2026-07-24,60.0,62.49,59.6,60.59,75736872.0,4614732731.0,7325075161.0,0.010339398618492892
2026-07-27,61.0,63.02,60.35,62.89,105050111.0,6542044110.0,7325075161.0,0.014341164928833144
2026-07-28,61.8,62.68,59.8,60.1,101661230.0,6205260616.0,7325075161.0,0.013878523805634436
2026-07-29,60.55,62.5,59.2,62.35,142637216.0,8756948701.0,7325075161.0,0.019472457669707725
2026-07-30,61.36,61.87,57.02,58.35,166062981.0,9834310136.0,7325075161.0,0.022670481510435384
2026-07-31,60.4,60.83,57.01,57.48,181679979.0,10692923210.0,7325075302.0,0.024802472535728752
2026-08-03,55.9,56.0,53.12,53.71,186121151.0,10068828416.0,7325075302.0,0.02540876964762157
2026-08-04,54.0,56.0,53.6,55.48,129150169.0,7098816661.0,7325075302.0,0.017631241137512608
2026-08-05,52.71,56.51,52.65,55.87,224242015.0,12223426528.0,7325075302.0,0.030612929663504502
2026-08-06,54.15,57.95,53.7,55.9,172057460.0,9587815895.0,7325075302.0,0.023488831569147463
2026-08-07,56.13,58.0,55.88,56.99,162640580.0,9304082329.0,7325075302.0,0.02220326389758662
2026-08-10,57.5,57.86,55.0,55.79,120765115.0,6774076021.0,7325075302.0,0.016486535635616868
2026-08-11,55.31,56.23,54.52,55.63,84667668.0,4698061672.0,7325075302.0,0.011558607182766132
2026-08-12,55.68,57.58,55.3,57.35,112636537.0,6409004525.0,7325075302.0,0.01537684356217421
2026-08-13,57.99,58.75,56.05,56.06,108246912.0,6180124826.0,7325075302.0,0.01477758351104525
2026-08-14,56.6,56.88,55.8,56.58,71704482.0,4039403604.0,7325075302.0,0.00978890715026809
2026-08-17,56.61,58.88,56.31,58.84,126579037.0,7329697613.0,7325075302.0,0.017280236964313463
2026-08-18,58.87,59.5,57.04,57.74,93933424.0,5436167569.0,7325075302.0,0.012823543803618363
2026-08-19,56.6,56.6,53.06,53.5,158335376.0,8628638567.0,7325075302.0,0.021615528779174317
2026-08-20,53.96,54.14,52.8,53.34,88938935.0,4755374038.0,7325075302.0,0.012141709311263542
2026-08-21,52.98,55.22,52.81,54.65,98812265.0,5382824019.0,7325075302.0,0.013489590335408677
2026-08-24,54.83,55.4,52.68,53.72,90877537.0,4897593980.0,7325077791.0,0.012406357938158311
2026-08-25,52.6,55.69,51.88,54.86,133650139.0,7241525078.0,7325077791.0,0.018245558997913993
2026-08-26,54.99,58.0,53.8,57.11,155212974.0,8648872320.0,7325077791.0,0.021189259476630178
2026-08-27,57.7,57.77,56.12,57.18,111096178.0,6333030050.0,7325077791.0,0.01516655265238261
2026-08-28,57.89,58.44,56.5,56.6,108503490.0,6242839362.0,7325077791.0,0.014812605831068915
2026-08-31,55.9,57.7,55.43,57.62,94622210.0,5366099487.0,7325132269.0,0.012917474596389434
2026-09-01,57.55,57.66,56.3,56.92,68784155.0,3913861741.0,7325132269.0,0.009390158767657333
2026-09-02,56.7,57.9,56.41,57.08,91912942.0,5259112015.0,7325132269.0,0.012547615336446015
2026-09-03,57.49,57.99,55.84,56.17,91066773.0,5153795407.0,7325132269.0,0.012432099470120845
2026-09-04,56.98,56.98,54.08,54.3,110834676.0,6129534970.0,7325132269.0,0.015130740569566635
2026-09-07,54.6,56.4,54.54,55.93,106146226.0,5910936143.0,7325132269.0,0.01449069069362903
2026-09-08,55.9,56.39,54.89,55.06,69012396.0,3833654284.0,7325132269.0,0.009421317385907261
2026-09-09,55.53,56.39,55.44,55.86,71668035.0,4011223895.0,7327535288.0,0.009780646859165286
2026-09-10,55.0,55.45,54.31,54.45,77359035.0,4234383066.0,7327535288.0,0.010557306373766315
2026-09-11,53.84,55.92,53.35,55.39,87260082.0,4768096317.0,7327535288.0,0.011908517471475328
2026-09-14,54.49,54.89,52.6,52.78,120543642.0,6420301812.0,7327535288.0,0.016450776047084933
2026-09-15,52.35,53.26,51.55,51.63,86874480.0,4542031044.0,7327535288.0,0.01185589377403214
2026-09-16,51.6,53.18,51.0,52.89,81201524.0,4254564354.0,7327535288.0,0.01108169675183692
