date,open,high,low,close,volume,amount,outstanding_share,turnover
2020-12-01,168.7,177.0,167.0,176.81,40156431.0,6983133537.0,1145667543.0,0.035050683983634506
2020-12-02,171.1,172.5,168.0,169.75,49240138.0,8354836226.0,1145667543.0,0.042979430028245114
2020-12-03,169.75,173.66,166.96,171.09,36558081.0,6251135998.0,1145667543.0,0.031909851355542855
2020-12-04,171.6,178.8,170.4,171.86,39448988.0,6888910897.0,1145667543.0,0.03443318983856384
2020-12-07,171.3,176.66,169.11,175.29,32218589.0,5617848450.0,1145667543.0,0.028122110290070425
2020-12-08,178.1,182.0,176.7,177.97,44574324.0,7995315241.0,1145667543.0,0.0389068576415104
2020-12-09,179.0,181.03,173.0,173.24,31571447.0,5563503434.0,1145667543.0,0.027557250087864277
2020-12-10,168.0,171.66,166.02,169.52,37043628.0,6243808670.0,1145667543.0,0.03233366278580173
2020-12-11,169.35,169.35,162.8,167.0,35487818.0,5902635220.0,1145667543.0,0.03097566847976944
2020-12-14,166.8,170.88,163.0,170.2,30213225.0,5064250844.0,1145667543.0,0.026371721172169054
2020-12-15,170.25,175.05,168.5,174.7,36221802.0,6234488462.0,1145667543.0,0.03161632903132702
2020-12-16,176.0,176.7,170.9,171.87,23815385.0,4110951043.0,1145667543.0,0.020787343715470866
2020-12-17,171.18,172.93,169.01,171.79,18977260.0,3245175545.0,1145667543.0,0.016564369057978978
2020-12-18,172.5,180.09,171.22,176.0,48848510.0,8625943227.0,1145667543.0,0.042637596132022046
2020-12-21,176.5,193.6,175.5,193.6,66779763.0,12342923958.0,1145667543.0,0.058288954250316924
2020-12-22,192.98,192.98,183.66,184.0,58681041.0,11044848426.0,1145667543.0,0.051219955875105035
2020-12-23,183.89,190.8,182.96,186.79,42707945.0,7982526893.0,1145667543.0,0.03727778207643611
2020-12-24,185.0,185.0,180.0,183.0,26045354.0,4739171492.0,1145667543.0,0.02273378010849348
2020-12-25,183.32,186.15,181.1,185.22,21133069.0,3892733283.0,1145667543.0,0.018446074630570207
2020-12-28,184.3,190.37,182.6,187.93,30338431.0,5674752366.0,1145667543.0,0.026481007675714523
2020-12-29,186.0,186.0,178.46,178.6,36117782.0,6530622527.0,1145667543.0,0.03152553480342421
2020-12-30,180.66,191.95,180.66,186.0,51043108.0,9559070847.0,1145667543.0,0.04455315882157273
2020-12-31,188.86,195.83,184.26,194.3,50511942.0,9665582056.0,1145992958.0,0.04407700906657753
2021-01-04,189.0,211.16,187.09,206.76,58950161.0,11803190657.0,1145992958.0,0.051440247157260456
2021-01-05,206.0,221.23,202.01,219.9,54530597.0,11642247813.0,1145992958.0,0.047583710370408754
2021-01-06,219.72,222.18,212.0,216.3,43465214.0,9376648612.0,1145992958.0,0.03792799396940099
2021-01-07,216.6,228.32,214.2,225.04,42860254.0,9516502256.0,1145992958.0,0.03740010241843039
2021-01-08,233.0,234.32,220.7,227.51,42675836.0,9705879746.0,1145992958.0,0.03723917821840577
2021-01-11,234.59,245.0,230.98,234.86,53425466.0,12681067408.0,1145992958.0,0.04661936674832517
2021-01-12,231.8,239.75,220.0,236.99,43312458.0,9980651743.0,1145992958.0,0.03779469821140035
2021-01-13,238.0,249.88,229.69,239.3,48034787.0,11590837002.0,1145992958.0,0.04191542946636501
2021-01-14,232.0,235.45,222.34,223.95,44595502.0,10176085741.0,1145992958.0,0.03891428973335803
2021-01-15,222.0,228.92,216.5,225.2,37705046.0,8420560825.0,1145992958.0,0.032901638475862256
2021-01-18,220.0,224.0,216.26,221.69,26378933.0,5826658748.0,1145992958.0,0.023018407587806485
2021-01-19,222.06,225.2,213.56,216.2,27625013.0,6035553036.0,1145992958.0,0.024105744112260068
2021-01-20,219.9,226.3,218.01,222.0,38140108.0,8483028913.0,1145992958.0,0.033281276061733006
2021-01-21,220.0,239.6,216.81,235.52,58570987.0,13384594648.0,1145992958.0,0.05110937775937014
2021-01-22,235.72,243.66,231.51,242.92,42388678.0,10112061191.0,1145992958.0,0.036988602507625534
2021-01-25,246.5,262.95,245.0,260.0,55938894.0,14213433429.0,1145992958.0,0.048812598375495425
2021-01-26,257.0,262.59,250.99,254.22,39455544.0,10115831948.0,1145992958.0,0.03442913302788375
2021-01-27,250.2,259.44,234.5,257.0,52135100.0,12813494921.0,1145992958.0,0.04549338600735101
2021-01-28,245.97,252.5,242.98,244.36,32646175.0,8081858717.0,1151828966.0,0.028342901562348796
2021-01-29,249.0,250.43,237.5,247.0,33598269.0,8182542031.0,1151828966.0,0.02916949477028519
2021-02-01,245.0,250.13,239.0,246.89,26379450.0,6500021796.0,1151828966.0,0.022902228350454593
2021-02-02,252.0,268.0,250.5,267.5,47109997.0,12220620148.0,1151828966.0,0.040900166943709244
2021-02-03,268.1,273.37,260.3,263.0,38402952.0,10231620474.0,1151828966.0,0.033340845849157086
2021-02-04,258.0,264.89,255.34,259.9,31035090.0,8061146636.0,1151828966.0,0.026944182614001045
2021-02-05,262.0,268.28,247.5,249.0,48055051.0,12356334244.0,1151828966.0,0.04172064813310138
2021-02-08,248.99,252.98,240.01,250.2,37246177.0,9210843639.0,1151828966.0,0.0323365517793377
2021-02-09,253.1,259.02,247.5,257.0,37495428.0,9540424163.0,1151828966.0,0.03255294762226009
2021-02-10,261.0,270.66,253.0,266.95,41893871.0,10995341388.0,1151828966.0,0.0363716074492261
2021-02-18,268.86,268.86,255.33,258.99,47264558.0,12353076536.0,1151828966.0,0.04103435440084253
2021-02-19,254.9,257.66,245.73,257.35,38258702.0,9607262916.0,1151828966.0,0.03321561024191156
2021-02-22,256.6,256.66,239.45,239.52,42713093.0,10558143268.0,1151828966.0,0.037082843252615336
2021-02-23,229.59,235.02,222.9,225.0,47651022.0,10877530627.0,1151828966.0,0.04136987643701956
2021-02-24,225.0,228.59,203.6,208.99,67648518.0,14532205193.0,1151828966.0,0.058731391549324864
2021-02-25,215.77,215.85,205.8,209.25,36953222.0,7788184187.0,1151828966.0,0.032082212803111604
2021-02-26,196.5,204.0,194.0,197.27,50361602.0,9978745768.0,1151828966.0,0.043723159849758456
2021-03-01,201.0,210.99,197.5,210.9,44429351.0,9087918557.0,1151828966.0,0.03857287176436575
2021-03-02,214.65,215.8,205.22,211.4,38792835.0,8178911875.0,1151828966.0,0.03367933620797656
2021-03-03,205.0,210.3,201.97,209.75,26306180.0,5431739317.0,1151828966.0,0.022838616475633934
2021-03-04,205.0,205.1,197.3,198.5,34684991.0,6955695360.0,1151828966.0,0.030112969914667
2021-03-05,187.37,199.51,186.18,196.37,32531909.0,6313240678.0,1151828966.0,0.02824369759772129
2021-03-08,196.37,197.33,176.73,176.73,59132823.0,10922889310.0,1151828966.0,0.05133819754972198
2021-03-09,172.41,178.6,162.03,170.68,59920495.0,10247665525.0,1151828966.0,0.052022042133640874
2021-03-10,180.0,181.88,175.78,177.19,43150717.0,7706833382.0,1151828966.0,0.037462781605372475
2021-03-11,176.95,185.0,174.1,182.97,36782790.0,6671343291.0,1151828966.0,0.03193424639053573
2021-03-12,186.17,187.99,178.9,181.68,30184822.0,5517620553.0,1151828966.0,0.026205993156105434
2021-03-15,178.55,181.0,172.0,174.26,29560239.0,5187723278.0,1151828966.0,0.025663739906329114
2021-03-16,177.58,179.1,173.37,176.47,19705640.0,3474844999.0,1151828966.0,0.017108130270792304
2021-03-17,174.02,179.97,171.48,176.88,21370528.0,3770679571.0,1151828966.0,0.018553560147227623
2021-03-18,178.79,180.63,177.28,178.55,20106437.0,3593541020.0,1151828966.0,0.017456095994724273
2021-03-19,173.0,175.37,169.66,171.15,25822722.0,4438615911.0,1151828966.0,0.02241888575668968
2021-03-22,172.33,175.48,170.01,173.8,18568291.0,3221954916.0,1151828966.0,0.016120701552143464
2021-03-23,175.8,176.18,166.3,168.97,22664897.0,3844462854.0,1151828966.0,0.019677311188577976
2021-03-24,167.99,169.24,162.0,162.74,24826930.0,4082242405.0,1151828966.0,0.0215543546245563
2021-03-25,157.0,163.45,155.6,161.2,25619064.0,4082120998.0,1151828966.0,0.022242073047501393
2021-03-26,163.01,172.0,162.9,170.99,32853032.0,5528686167.0,1151828966.0,0.028522491593600017
2021-03-29,170.01,170.48,164.8,168.1,23472864.0,3941708905.0,1151828966.0,0.020378775575956475
2021-03-30,161.0,169.0,159.1,169.0,33893090.0,5574391479.0,1151828966.0,0.029425453778699293
2021-03-31,169.21,172.64,162.56,164.51,27015303.0,4488285762.0,1151828966.0,0.023454266039008433
2021-04-01,168.0,171.9,167.01,169.07,29995780.0,5089544668.0,1151828966.0,0.026041869830872096
2021-04-02,170.99,178.2,168.58,175.87,34953200.0,6083577385.0,1151828966.0,0.030345824798436262
2021-04-06,176.8,179.24,172.8,176.09,25590985.0,4492985633.0,1151828966.0,0.02221769529626502
2021-04-07,177.15,178.08,169.5,170.99,28170350.0,4848030064.0,1151828966.0,0.024457059886094236
2021-04-08,169.0,171.5,167.12,170.48,16004306.0,2723993028.0,1151828966.0,0.013894689639190754
2021-04-09,171.9,172.1,166.0,166.72,20499577.0,3436476688.0,1151828966.0,0.017797414030304912
2021-04-12,166.73,169.39,162.6,163.46,20126800.0,3320602667.0,1151828966.0,0.017473774834726633
2021-04-13,163.48,167.63,163.48,164.01,15857894.0,2617908978.0,1151828966.0,0.013767577017159334
2021-04-14,167.0,171.0,167.0,170.95,29847317.0,5057752083.0,1151828966.0,0.02591297656252899
2021-04-15,168.5,168.65,163.5,165.5,24991213.0,4136742970.0,1151828966.0,0.021696982570934928
2021-04-16,165.4,166.4,160.33,165.3,23459944.0,3837152368.0,1151828966.0,0.020367558632832645
2021-04-19,165.0,177.0,164.18,176.05,50735050.0,8764759455.0,1151828966.0,0.04404738159710424
2021-04-20,175.0,175.0,169.78,171.24,37567703.0,6460740490.0,1151828966.0,0.0326156956535507
2021-04-21,169.0,170.59,167.17,168.59,23048888.0,3880491430.0,1151828966.0,0.020010686204604444
2021-04-22,170.0,171.78,167.22,168.71,19750844.0,3336754765.0,1151828966.0,0.017147375680774467
2021-04-23,167.18,171.38,166.27,169.25,22882799.0,3878511213.0,1151828966.0,0.019866490317104944
2021-04-26,170.0,173.0,167.25,167.5,31951410.0,5432612154.0,1151828966.0,0.027739717391340547
2021-04-27,166.0,167.4,163.4,164.94,25563921.0,4211994738.0,1151828966.0,0.022194198752247735
2021-04-28,164.86,168.54,162.96,165.5,21841198.0,3621682456.0,1151828966.0,0.018962188523395755
2021-04-29,163.0,164.93,162.2,162.95,27585404.0,4496785166.0,1151828966.0,0.023949218863454073
2021-04-30,161.49,162.2,156.71,158.57,35989914.0,5715463805.0,1151828966.0,0.03124588377472702
2021-05-06,157.0,157.0,150.0,150.0,42315808.0,6423783465.0,1151828966.0,0.036737926592479875
2021-05-07,148.12,149.96,143.39,143.95,37798038.0,5528741180.0,1151828966.0,0.03281566891937322
2021-05-10,143.95,148.35,141.44,147.0,26073875.0,3802268898.0,1151828966.0,0.022636932886440364
2021-05-11,143.7,148.76,140.97,146.56,26963996.0,3893703683.0,1151828966.0,0.023409722099313832
2021-05-12,148.26,155.0,148.26,153.73,38465914.0,5872804588.0,1151828966.0,0.033395508478643345
2021-05-13,150.75,151.0,148.56,148.99,21269609.0,3180710319.0,1151828966.0,0.018465943840485083
2021-05-14,147.9,154.1,146.31,153.53,30027866.0,4532481587.0,1151828966.0,0.02606972639720887
2021-05-17,155.43,160.88,154.45,159.78,36300256.0,5761021602.0,1151828966.0,0.0315153178740254
2021-05-18,160.0,161.8,156.88,158.7,19495212.0,3094498220.0,1151828966.0,0.01692543995286189
2021-05-19,159.9,174.0,159.88,172.78,59649087.0,10150054900.0,1151828966.0,0.051786409927808676
2021-05-20,170.0,177.56,169.1,172.94,49988848.0,8686052330.0,1151828966.0,0.043399540622422586
2021-05-21,174.01,177.99,170.1,173.2,33496551.0,5822862674.0,1151828966.0,0.029081184784165257
2021-05-24,171.91,175.5,169.98,173.47,27172287.0,4685927114.0,1151828966.0,0.02359055710706966
2021-05-25,175.0,178.0,172.7,176.52,33152287.0,5830353652.0,1151828966.0,0.028782300131875656
2021-05-26,178.0,184.58,176.0,176.17,34557799.0,6206769477.0,1151828966.0,0.030002543797808954
2021-05-27,179.0,179.68,174.5,177.45,23402610.0,4146048381.0,1151828966.0,0.02031778214544398
2021-05-28,177.45,185.0,176.07,181.68,37119487.0,6754993796.0,1151828966.0,0.03222656149107471
2021-05-31,175.26,179.11,170.18,178.7,43755316.0,7660152240.0,1151828966.0,0.03798768505705386
2021-06-01,178.73,190.9,178.73,189.46,51360412.0,9530431697.0,1151828966.0,0.0445903111625689
2021-06-02,190.0,191.85,185.2,186.5,29434964.0,5527643767.0,1151828966.0,0.025554978099066143
2021-06-03,186.6,187.5,180.18,183.9,25080057.0,4608194800.0,1151828966.0,0.02177411555041584
2021-06-04,181.61,192.0,180.52,189.4,31984839.0,6004827147.0,1151828966.0,0.027768739929396775
2021-06-07,191.0,192.87,187.0,190.35,25451802.0,4842637640.0,1151828966.0,0.022096858779639336
2021-06-08,194.0,205.6,193.25,202.81,55923856.0,11191285974.0,1151828966.0,0.0485522222923503
2021-06-09,202.9,203.5,197.02,202.0,31655582.0,6342951329.0,1151828966.0,0.027482884121182972
2021-06-10,202.05,216.05,201.0,214.11,44100032.0,9339300343.0,1151828966.0,0.03828696212871591
2021-06-11,214.3,229.95,212.08,227.02,54008511.0,11985830243.0,1151828966.0,0.046889349542543104
2021-06-15,231.54,237.8,224.87,232.32,51810075.0,12090497120.0,1151828966.0,0.04498070158794739
2021-06-16,226.0,231.66,210.66,211.0,61817590.0,13579272748.0,1151828966.0,0.05366907051719343
2021-06-17,210.96,232.1,210.83,232.1,51997758.0,11627218258.0,1151828966.0,0.045143645050510044
2021-06-18,236.0,252.32,234.65,245.0,57189601.0,13931101474.0,1151828966.0,0.049651122421937775
2021-06-21,243.88,249.56,232.13,242.58,43052635.0,10400538803.0,1151828966.0,0.03737762833792114
2021-06-22,243.0,247.0,236.0,237.88,31642808.0,7571777591.0,1151828966.0,0.02747179393298918
2021-06-23,233.0,249.8,232.5,243.3,39450060.0,9605891907.0,1151828966.0,0.03424992873464514
2021-06-24,244.0,251.87,240.18,244.89,31228504.0,7696250340.0,1151828966.0,0.027112101641659878
2021-06-25,247.0,248.66,238.0,244.99,29650236.0,7205570874.0,1151828966.0,0.025741873902483538
2021-06-28,244.99,255.0,243.52,253.63,34727198.0,8732379670.0,1151828966.0,0.030149613375845593
2021-06-29,257.4,259.6,250.0,253.3,30625754.0,7778037779.0,1151828966.0,0.026588803463030813
2021-06-30,250.0,256.5,246.0,251.0,28540731.0,7146112746.0,1155058235.0,0.024709343767416195
2021-07-01,251.0,252.5,235.6,236.6,42260287.0,10182009938.0,1155058235.0,0.03658714835274085
2021-07-02,233.0,243.5,228.89,239.04,37426013.0,8897622556.0,1155058235.0,0.03240184076086865
2021-07-05,236.04,250.0,235.57,249.55,32490116.0,7984671152.0,1155058235.0,0.028128552323597778
2021-07-06,255.0,261.02,241.0,250.5,51791670.0,13098186044.0,1155058235.0,0.04483901194817247
2021-07-07,244.0,258.6,240.88,255.09,38638656.0,9711793850.0,1155058235.0,0.03345169518660676
2021-07-08,253.0,261.54,251.12,251.96,39390995.0,10127585813.0,1155058235.0,0.03410303810352904
2021-07-09,250.88,254.99,241.88,248.82,36494699.0,9057948775.0,1155058235.0,0.03159554894649966
2021-07-12,253.3,272.91,251.5,266.48,56005708.0,14759940060.0,1155058235.0,0.04848734574841588
2021-07-13,266.49,269.73,260.22,265.1,27731391.0,7330680656.0,1155058235.0,0.024008651823516067
2021-07-14,261.0,261.0,245.0,245.29,61271686.0,15300069250.0,1155058235.0,0.05304640419277215
2021-07-15,239.0,243.55,230.0,236.4,55189867.0,13026880867.0,1155058235.0,0.04778102551686496
2021-07-16,235.75,235.75,221.03,222.92,56274148.0,12801309444.0,1155058235.0,0.04871974961504863
2021-07-19,220.0,231.99,214.3,223.97,37218723.0,8367318504.0,1155058235.0,0.03222237794789628
2021-07-20,220.0,229.46,219.11,227.5,24674966.0,5582671898.0,1155058235.0,0.021362529829502493
2021-07-21,231.2,244.99,230.01,241.23,47151119.0,11232169397.0,1155058235.0,0.040821421441144916
2021-07-22,246.3,249.44,240.17,248.96,37477327.0,9242619143.0,1155058235.0,0.032446266226568224
2021-07-23,247.44,262.0,245.08,258.68,46056227.0,11846110497.0,1155058235.0,0.039873510793159275
2021-07-26,250.58,259.74,241.01,248.55,40442824.0,10130659972.0,1155058235.0,0.035013666648591096
2021-07-27,246.0,257.88,237.2,238.71,37770720.0,9406136905.0,1155058235.0,0.03270027333297182
2021-07-28,229.99,241.1,223.99,236.5,33219863.0,7758094419.0,1155058235.0,0.0287603360535324
2021-07-29,246.94,257.3,242.82,257.2,42885105.0,10764228894.0,1155058235.0,0.037128089043926
2021-07-30,257.19,268.3,252.13,264.71,45799399.0,11995907836.0,1155058235.0,0.0396511600993001
2021-08-02,276.0,291.18,273.3,291.18,62225903.0,17648921236.0,1155058235.0,0.05387252444462248
2021-08-03,299.0,299.0,275.01,280.08,48934853.0,13975748745.0,1155058235.0,0.04236570202021026
2021-08-04,283.01,308.09,282.0,308.09,53430639.0,16003136932.0,1155058235.0,0.04625796118409562
2021-08-05,301.0,306.25,294.87,299.46,36882291.0,11063466320.0,1155058235.0,0.031931109516742245
2021-08-06,313.0,317.3,298.5,303.48,45362627.0,13945125845.0,1155058235.0,0.039273021589253464
2021-08-09,295.0,297.4,283.0,293.55,34162079.0,9914944523.0,1155058235.0,0.029576066353052752
2021-08-10,293.56,302.31,282.0,292.0,33103516.0,9604456928.0,1155058235.0,0.028659607798908943
2021-08-11,289.0,298.83,286.16,294.99,26399395.0,7742097441.0,1155058235.0,0.022855466676968025
2021-08-12,293.0,313.38,289.37,308.98,38277898.0,11687505017.0,1155058235.0,0.0331393663454553
2021-08-13,303.0,312.5,297.99,300.02,24690646.0,7475335873.0,1155058235.0,0.02137610490262424
2021-08-16,297.0,297.0,285.0,285.4,30506701.0,8815872753.0,1155058235.0,0.026411396478204407
2021-08-17,283.45,290.5,278.0,280.31,27205840.0,7713091722.0,1155058235.0,0.02355365225373247
2021-08-18,285.41,288.09,278.19,283.66,22172302.0,6281190851.0,1155058235.0,0.019195830416290655
2021-08-19,283.66,298.68,278.57,293.72,36167179.0,10474777901.0,1155058235.0,0.031311996143640324
2021-08-20,289.0,293.6,282.0,285.09,24717320.0,7084185440.0,1155058235.0,0.021399198110561065
2021-08-23,281.5,294.44,275.55,289.8,29582687.0,8526532885.0,1155058235.0,0.02561142469150051
2021-08-24,292.79,302.0,290.05,298.25,27439906.0,8152952115.0,1155058235.0,0.023756296581877535
2021-08-25,297.8,299.8,291.0,296.2,17914538.0,5272706498.0,1155058235.0,0.015509640516090516
2021-08-26,297.0,298.77,282.5,282.5,26368159.0,7570972707.0,1155058235.0,0.022828423884619115
2021-08-27,280.99,296.03,280.0,288.15,26288930.0,7628216261.0,1155058235.0,0.02275983080627965
2021-08-30,277.44,288.0,273.96,281.97,41909234.0,11735714831.0,1155058235.0,0.03628322168535511
2021-08-31,286.88,286.88,266.55,277.0,32966834.0,9041075461.0,1155058235.0,0.028541274371330725
2021-09-01,277.0,277.97,257.6,266.3,28767422.0,7678475359.0,1155058235.0,0.02490560313610508
2021-09-02,267.01,271.99,262.7,267.0,16524443.0,4421950963.0,1155058235.0,0.014306155741143215
2021-09-03,267.01,271.0,250.4,254.11,28796413.0,7420408930.0,1155058235.0,0.024930702303507666
2021-09-06,259.99,279.0,259.0,277.6,39778881.0,10725519555.0,1155058235.0,0.034438853206392665
2021-09-07,277.6,281.11,273.27,275.95,20763353.0,5743962165.0,1155058235.0,0.017976022654823114
2021-09-08,277.9,279.28,268.61,269.59,18257806.0,4971116497.0,1155058235.0,0.01580682726356217
2021-09-09,272.0,279.58,265.8,271.71,21625641.0,5891876584.0,1155058235.0,0.018722554711711137
2021-09-10,271.71,272.53,262.64,265.61,23875736.0,6341377791.0,1155058235.0,0.02067059069103992
2021-09-13,268.33,271.98,259.18,261.36,21349179.0,5623333361.0,1155058235.0,0.018483205740704493
2021-09-14,261.39,276.0,257.06,269.23,35469000.0,9581432835.0,1155058235.0,0.03070754263744979
2021-09-15,267.89,270.0,260.0,261.15,21880911.0,5742276750.0,1155058235.0,0.018943556555830278
2021-09-16,261.15,264.77,250.53,251.0,22080971.0,5613770464.0,1155058235.0,0.019116759944142556
2021-09-17,253.0,257.0,250.49,255.12,13942107.0,3544731220.0,1155058235.0,0.012070479719145936
2021-09-22,248.0,251.44,244.03,247.2,16341286.0,4037944329.0,1155058235.0,0.014147586247025891
2021-09-23,253.83,257.52,248.88,249.92,14978418.0,3773864372.0,1155058235.0,0.012967673443754981
2021-09-24,250.96,257.5,247.0,251.77,15826700.0,4002973167.0,1155058235.0,0.01370207970509816
2021-09-27,254.0,257.49,246.8,252.5,17999094.0,4548951212.0,1155058235.0,0.015582845483111075
2021-09-28,251.9,253.82,246.29,246.86,16244438.0,4060118404.0,1155058235.0,0.014063739392325964
2021-09-29,243.0,244.88,235.0,236.0,24555481.0,5859195957.0,1155058235.0,0.021259084828740258
2021-09-30,238.2,249.7,237.2,249.51,22503801.0,5528259622.0,1155058235.0,0.01948282806710607
2021-10-08,257.98,259.98,250.0,253.0,19410395.0,4939109186.0,1155058235.0,0.01680468950554688
2021-10-11,253.1,263.1,248.0,255.75,21197273.0,5448306886.0,1155058235.0,0.01835169202529429
2021-10-12,255.0,262.9,253.01,257.01,21165134.0,5464868602.0,1155058235.0,0.018323867454180784
2021-10-13,257.01,273.6,254.33,271.2,32197810.0,8631470873.0,1155058235.0,0.027875486295286227
2021-10-14,271.0,275.99,268.14,272.94,17779932.0,4844827928.0,1155058235.0,0.015393104400489382
2021-10-15,275.0,287.5,271.0,283.33,28784505.0,8089636933.0,1155058235.0,0.024920392866598626
2021-10-18,284.25,288.63,280.04,285.92,21621378.0,6155818958.0,1155058235.0,0.01871886398870616
2021-10-19,288.0,294.91,284.0,284.79,19385785.0,5581983586.0,1155058235.0,0.016783383220500565
2021-10-20,286.0,295.0,285.24,290.6,21704509.0,6300647167.0,1155058235.0,0.018790835251696204
2021-10-21,291.0,292.6,284.01,287.01,18062575.0,5184267796.0,1155058235.0,0.015637804616838214
2021-10-22,292.2,301.0,289.0,300.0,33654868.0,10022899339.0,1155058235.0,0.0291369447705812
2021-10-25,303.11,318.65,302.23,317.35,33518976.0,10469605348.0,1155058235.0,0.02901929529120235
2021-10-26,330.5,333.33,317.76,319.01,31324434.0,10148404491.0,1155058235.0,0.02711935472240497
2021-10-27,313.0,326.73,311.28,321.74,21906777.0,7024365486.0,1155058235.0,0.018965950231937874
2021-10-28,319.61,323.8,305.4,307.98,29826714.0,9334453597.0,1155058235.0,0.025822692827258187
2021-10-29,305.13,313.76,293.77,311.31,34715958.0,10585996588.0,1155058235.0,0.03005559109320579
2021-11-01,301.41,308.41,293.82,302.0,28478587.0,8570609748.0,1155058235.0,0.024655542151084703
2021-11-02,310.0,319.8,307.64,313.88,29008740.0,9102548555.0,1155058235.0,0.025114525935568954
2021-11-03,313.13,313.85,299.86,303.01,19724814.0,6017080223.0,1155058235.0,0.01707690002314039
2021-11-04,311.13,329.0,309.03,325.0,34996434.0,11223980651.0,1155058235.0,0.030298415213671024
2021-11-05,324.0,327.0,313.01,314.0,19418326.0,6178126194.0,1155058235.0,0.016811555826014263
2021-11-08,308.09,319.61,307.0,315.0,16984947.0,5344230944.0,1155058235.0,0.014704840401401926
2021-11-09,315.05,329.97,315.05,320.69,20330504.0,6580787589.0,1155058235.0,0.017601280510328554
2021-11-10,314.0,315.6,301.58,310.26,27487850.0,8480095669.0,1155058235.0,0.02379780444576459
2021-11-11,313.0,316.99,308.05,311.99,13885150.0,4327235824.0,1155058235.0,0.01202116878548552
2021-11-12,315.8,316.74,305.5,306.78,14888382.0,4590558598.0,1155058235.0,0.012889724127199525
2021-11-15,306.78,306.78,290.44,294.94,22537224.0,6667949871.0,1155058235.0,0.019511764270482866
2021-11-16,294.0,297.69,288.0,293.51,15180848.0,4462067585.0,1155058235.0,0.01314292867666538
2021-11-17,300.0,303.24,294.0,296.85,16337775.0,4875749072.0,1155058235.0,0.014144546573446144
2021-11-18,294.8,298.88,290.0,295.4,12909722.0,3802420936.0,1155058235.0,0.011176684957360614
2021-11-19,295.72,300.0,288.0,296.82,17515864.0,5144668932.0,1155058235.0,0.015164485624397976
2021-11-22,298.4,311.51,298.2,311.0,28702045.0,8785850015.0,1155058235.0,0.024849002526699443
2021-11-23,307.88,309.73,303.98,308.48,15036257.0,4609989314.0,1155058235.0,0.013017747975278493
2021-11-24,305.43,309.6,301.0,303.2,14193817.0,4319711029.0,1155058235.0,0.012288399467581822
2021-11-25,303.2,304.49,291.3,298.0,17097144.0,5070667610.0,1155058235.0,0.014801975763585634
2021-11-26,295.0,304.77,294.05,297.66,12249393.0,3671367398.0,1155058235.0,0.010605000361735008
2021-11-29,291.8,307.07,289.93,304.46,20015675.0,6053231132.0,1155058235.0,0.017328715032277137
2021-11-30,307.0,308.0,303.0,304.7,13178826.0,4023809747.0,1155058235.0,0.011409663686783722
2021-12-01,305.2,307.5,300.38,305.32,10827864.0,3295906129.0,1155058235.0,0.009374301374510351
2021-12-02,305.0,314.06,303.1,308.8,18007211.0,5567674845.0,1155058235.0,0.015589872834420336
2021-12-03,306.99,309.8,298.86,306.9,21032715.0,6367075409.0,1155058235.0,0.01820922474960754
2021-12-06,301.0,311.51,300.86,301.75,17880086.0,5465317713.0,1155058235.0,0.015479813448540108
2021-12-07,306.01,306.35,291.08,294.8,22767860.0,6727286965.0,1155058235.0,0.019711439051382548
2021-12-08,296.01,301.0,294.5,300.79,15438176.0,4606774780.0,1155058235.0,0.01336571224913175
2021-12-09,300.0,300.63,297.03,299.5,11295711.0,3375316207.0,1155058235.0,0.009779343289994379
2021-12-10,295.99,302.03,292.8,301.42,14487273.0,4325991092.0,1155058235.0,0.01254246111668993
2021-12-13,302.99,303.0,298.0,298.4,14294124.0,4278869484.0,1155058235.0,0.01237524097648635
2021-12-14,295.5,297.07,291.69,293.4,15711128.0,4609509734.0,1155058235.0,0.01360202241231586
2021-12-15,293.41,295.5,291.71,293.35,9815036.0,2877855926.0,1155058235.0,0.008497438226566992
2021-12-16,293.0,293.49,279.0,286.2,27866516.0,7928142188.0,1155058235.0,0.02412563726711147
2021-12-17,284.0,285.88,278.61,278.98,15111815.0,4240478259.0,1155058235.0,0.013083162858883907
2021-12-20,279.23,281.47,268.28,270.5,21784503.0,5964658201.0,1155058235.0,0.018860090634304685
2021-12-21,270.5,276.78,269.41,276.21,14965305.0,4098708738.0,1155058235.0,0.012956320769402592
2021-12-22,280.01,285.18,277.01,279.22,14444230.0,4061024216.0,1155058235.0,0.012505196328910638
2021-12-23,282.03,284.9,277.16,279.99,12302134.0,3451820146.0,1155058235.0,0.010650661262979524
2021-12-24,281.98,282.0,264.96,270.0,20996881.0,5675961284.0,1155058235.0,0.018178201205586834
2021-12-27,269.0,271.54,266.0,267.03,10718995.0,2874395592.0,1155058235.0,0.009280047252336157
2021-12-28,268.15,271.0,266.21,270.85,11854284.0,3183320996.0,1155058235.0,0.010262931894511796
2021-12-29,272.15,272.22,263.0,269.0,14160304.0,3783958092.0,1155058235.0,0.012259385346055734
2021-12-30,268.0,272.98,266.0,267.13,11732673.0,3158736177.0,1155058235.0,0.010157646293911752
2021-12-31,273.0,274.19,267.0,268.12,11629197.0,3136714688.0,1155058235.0,0.010068061200394801
2022-01-04,276.0,279.45,265.22,271.0,24466089.0,6673692548.0,1155058235.0,0.021181693059830874
2022-01-05,264.55,266.48,251.72,253.26,30170891.0,7725244309.0,1155058235.0,0.026120666548037727
2022-01-06,250.0,254.53,247.89,250.02,17590784.0,4396413607.0,1155058235.0,0.015229348154900605
2022-01-07,251.8,252.96,245.0,246.5,16193355.0,4009535493.0,1155058235.0,0.014019513916542917
2022-01-10,245.0,249.47,239.03,246.3,16214182.0,3964485468.0,1155058235.0,0.014037545042047166
2022-01-11,246.28,246.28,237.8,239.09,21244147.0,5100240705.0,1155058235.0,0.01839227352896194
2022-01-12,246.0,256.0,244.31,256.0,32360224.0,8103336077.0,1155058235.0,0.028016097387505316
2022-01-13,257.74,258.56,248.61,255.31,21710390.0,5516666113.0,1155058235.0,0.018795926769874075
2022-01-14,250.8,257.3,250.0,253.14,14954815.0,3798549607.0,1155058235.0,0.012947238976223567
2022-01-17,253.02,267.49,253.02,266.49,24114466.0,6349270849.0,1155058235.0,0.020877272910832932
2022-01-18,266.41,268.96,262.3,266.08,12505443.0,3325099880.0,1155058235.0,0.010826677496481378
2022-01-19,265.95,267.88,250.31,252.97,23188180.0,5960665207.0,1155058235.0,0.020075334123737926
2022-01-20,252.1,253.71,247.0,251.07,14998647.0,3759819344.0,1155058235.0,0.01298518684644502
2022-01-21,251.08,255.74,246.33,250.4,11239432.0,2822719636.0,1155058235.0,0.009730619339725325
2022-01-24,246.08,252.88,244.27,251.4,10837686.0,2706367142.0,1155058235.0,0.009382804841870158
2022-01-25,248.0,251.0,240.0,240.31,17277223.0,4222848973.0,1155058235.0,0.014957880456997044
2022-01-26,245.0,251.38,242.31,249.49,17444584.0,4321964225.0,1155058235.0,0.015102774450155754
2022-01-27,247.0,249.3,241.0,241.27,13264963.0,3242987820.0,1155058235.0,0.011484237415960243
2022-01-28,239.98,242.0,219.76,226.8,32437311.0,7392709579.0,1155058235.0,0.02808283601389154
2022-02-07,240.79,249.28,238.01,244.4,25112453.0,6117950238.0,1155058235.0,0.021741287355957425
2022-02-08,243.0,243.0,230.64,236.97,19903953.0,4669048973.0,1155058235.0,0.017231990904770268
2022-02-09,239.05,246.4,235.03,245.18,19992864.0,4854528826.0,1155058235.0,0.017308966244459528
2022-02-10,246.77,248.0,238.1,240.12,14628460.0,3521519984.0,1155058235.0,0.01266469478051901
2022-02-11,236.05,240.12,228.5,230.19,19943926.0,4646313004.0,1155058235.0,0.017266597817901363
2022-02-14,230.2,235.0,225.0,231.98,13319949.0,3079221402.0,1155058235.0,0.01153184194215108
2022-02-15,232.18,239.96,232.18,238.31,15852428.0,3757722230.0,1155058235.0,0.013724353906710167
2022-02-16,242.0,244.99,240.39,240.6,12872491.0,3117890741.0,1155058235.0,0.011144451950511395
2022-02-17,242.24,248.74,239.0,245.41,19106386.0,4670631745.0,1155058235.0,0.01654149152055524
2022-02-18,241.0,245.39,240.0,242.96,9910466.0,2407158413.0,1155058235.0,0.008580057437536905
2022-02-21,241.0,245.8,239.64,241.89,10953804.0,2657589017.0,1155058235.0,0.009483334838091518
2022-02-22,239.0,239.0,234.3,237.45,12545211.0,2966441430.0,1155058235.0,0.010861106929383522
2022-02-23,241.9,252.52,239.01,252.0,29114890.0,7232161935.0,1155058235.0,0.025206426063877203
2022-02-24,248.11,251.78,241.58,244.86,23821988.0,5865805707.0,1155058235.0,0.020624057972280507
2022-02-25,249.9,252.38,247.83,247.84,14601353.0,3646918800.0,1155058235.0,0.012641226699708349
2022-02-28,246.9,250.19,246.0,249.6,11829090.0,2936223652.0,1155058235.0,0.010241120007252275
2022-03-01,255.0,256.61,249.25,251.78,17651958.0,4476714982.0,1155058235.0,0.015282309986734133
2022-03-02,249.0,249.36,243.96,248.6,12124247.0,2998567642.0,1155058235.0,0.010496654309382071
2022-03-03,249.52,250.86,244.0,245.21,9963340.0,2449485385.0,1155058235.0,0.008625833484490936
2022-03-04,237.31,241.86,230.0,233.8,29170634.0,6857430688.0,1155058235.0,0.025254686834036554
2022-03-07,226.89,227.69,220.02,223.61,23612920.0,5286036163.0,1155058235.0,0.02044305584298094
2022-03-08,221.08,225.49,210.0,216.19,29149934.0,6317187686.0,1155058235.0,0.025236765659698533
2022-03-09,217.0,223.6,210.0,223.59,25113522.0,5484773703.0,1155058235.0,0.021742212850419617
2022-03-10,232.91,233.43,229.0,229.1,24834283.0,5744789050.0,1155058235.0,0.021500459671628593
2022-03-11,222.0,231.79,220.02,229.85,18611604.0,4186645901.0,1155058235.0,0.016113130434501424
2022-03-14,225.0,225.0,219.0,219.0,15084061.0,3336922827.0,1155058235.0,0.013059134633155531
2022-03-15,211.13,222.0,209.43,212.8,19820362.0,4269341883.0,1155058235.0,0.017159621393461603
2022-03-16,221.0,230.0,214.2,229.43,33376627.0,7432043602.0,1155058235.0,0.028896055617490143
2022-03-17,240.38,240.88,234.66,234.9,31584430.0,7518685380.0,1155058235.0,0.02734444813511935
2022-03-18,234.9,238.87,232.05,234.5,15054856.0,3530653259.0,1155058235.0,0.013033850193709064
2022-03-21,240.0,248.87,238.17,245.38,27917768.0,6829415270.0,1155058235.0,0.02417000905586375
2022-03-22,245.0,247.4,242.02,244.8,11507907.0,2815900952.0,1155058235.0,0.00996305350786058
2022-03-23,250.0,251.0,246.27,247.17,14850096.0,3696654258.0,1155058235.0,0.01285657774648912
2022-03-24,243.7,250.0,242.4,247.08,11368127.0,2794432828.0,1155058235.0,0.009842037964432157
2022-03-25,247.1,248.96,234.01,235.31,20802373.0,4984988436.0,1155058235.0,0.01800980450132889
2022-03-28,234.9,234.9,228.88,230.4,14310354.0,3306510716.0,1155058235.0,0.012389292216076014
2022-03-29,232.92,236.5,228.8,231.0,13858731.0,3224438270.0,1155058235.0,0.011998296345638365
2022-03-30,227.0,237.02,222.22,237.02,25125996.0,5807876452.0,1155058235.0,0.021753012305912006
2022-03-31,234.21,235.0,226.89,229.8,16173143.0,3721363312.0,1155058235.0,0.014002015231725524
2022-04-01,226.79,239.56,226.6,235.96,18294805.0,4301758390.0,1155058235.0,0.015838859414737647
2022-04-06,245.0,246.0,239.61,241.9,20529330.0,4976485482.0,1155058235.0,0.017773415554238267
2022-04-07,240.0,245.3,239.01,240.0,12269953.0,2964659964.0,1155058235.0,0.010622800330063012
2022-04-08,240.01,246.5,239.1,243.98,17171897.0,4185742782.0,1155058235.0,0.01486669371263346
2022-04-11,240.0,241.48,229.5,233.0,19307007.0,4519392607.0,1155058235.0,0.016715180598664794
2022-04-12,232.0,238.56,231.2,238.16,12888867.0,3034073575.0,1155058235.0,0.011158629590654362
2022-04-13,235.02,241.95,233.01,237.0,10967251.0,2614119777.0,1155058235.0,0.009494976675353517
2022-04-14,242.0,244.99,240.87,241.29,13163750.0,3198011078.0,1155058235.0,0.011396611531019472
2022-04-15,238.5,240.0,232.75,236.2,12923931.0,3049510858.0,1155058235.0,0.011188986501619981
2022-04-18,234.79,241.0,230.0,239.1,11059238.0,2613800697.0,1155058235.0,0.00957461508423426
2022-04-19,243.16,250.9,243.13,244.86,20778154.0,5140377762.0,1155058235.0,0.017988836727353404
2022-04-20,247.66,248.33,240.86,241.78,13078093.0,3187144240.0,1155058235.0,0.011322453365305863
2022-04-21,237.77,240.77,232.1,234.04,15404876.0,3625535265.0,1155058235.0,0.013336882533892327
2022-04-22,230.01,235.66,229.06,235.4,10816219.0,2522975079.0,1155058235.0,0.009364219631748697
2022-04-25,230.0,236.44,226.62,227.5,16188917.0,3741670660.0,1155058235.0,0.014015671686025424
2022-04-26,228.99,235.85,228.43,231.81,15817620.0,3670084739.0,1155058235.0,0.013694218629591434
2022-04-27,226.61,235.81,218.81,235.01,25434167.0,5794106500.0,1155058235.0,0.022019813572429964
2022-04-28,234.6,235.5,230.0,231.98,14637213.0,3405250082.0,1155058235.0,0.012672272753416628
2022-04-29,233.8,243.83,230.75,243.0,24816310.0,5912448351.0,1155058235.0,0.021484899417214234
2022-05-05,246.2,252.39,241.77,248.8,25325879.0,6282897504.0,1155058235.0,0.021926062455197334
2022-05-06,241.02,246.0,240.1,242.08,14548866.0,3530097270.0,1155058235.0,0.012595785700796289
2022-05-09,231.0,236.89,231.0,232.73,17511635.0,4086613976.0,1155058235.0,0.015160824337138291
2022-05-10,224.1,233.66,222.28,233.33,20969664.0,4792958517.0,1155058235.0,0.018154637891482587
2022-05-11,232.0,256.66,231.5,252.7,45952571.0,11482476078.0,1155058235.0,0.03978376986334373
2022-05-12,249.99,257.7,248.71,254.09,24115606.0,6107994848.0,1155058235.0,0.020878259874057347
2022-05-13,259.8,271.5,255.91,270.08,36712061.0,9733352390.0,1155058235.0,0.031783731666135434
2022-05-16,271.11,273.0,265.3,267.12,20236880.0,5441551550.0,1155058235.0,0.017520224856887843
2022-05-17,268.98,285.0,268.5,282.5,29348903.0,8193618911.0,1155058235.0,0.025409024506889907
2022-05-18,282.5,288.0,279.0,281.42,20530270.0,5812000946.0,1155058235.0,0.0177742293660198
2022-05-19,275.31,285.35,274.3,284.51,17363651.0,4879756543.0,1155058235.0,0.015032706121522955
2022-05-20,287.01,291.61,281.2,287.7,17868336.0,5125699547.0,1155058235.0,0.015469640801270942
2022-05-23,292.7,298.0,287.81,295.2,25558816.0,7496178213.0,1155058235.0,0.022127729343447346
2022-05-24,290.0,292.96,281.0,281.0,29049653.0,8303003901.0,1155058235.0,0.025149946660481582
2022-05-25,281.26,288.65,278.03,287.2,23085773.0,6563211987.0,1155058235.0,0.019986674524683164
2022-05-26,287.37,291.22,282.5,286.64,14309499.0,4106312149.0,1155058235.0,0.012388551993657706
2022-05-27,292.95,297.61,286.65,288.88,15318685.0,4467796259.0,1155058235.0,0.01326226205382623
2022-05-30,292.0,299.7,291.08,298.12,21852350.0,6485731977.0,1155058235.0,0.018918829664029885
2022-05-31,300.0,300.96,293.51,295.91,17701119.0,5242211080.0,1155058235.0,0.015324871477151107
2022-06-01,298.0,304.8,293.12,299.98,21691175.0,6501902117.0,1155058235.0,0.018779291244999434
2022-06-02,296.0,305.0,295.22,301.02,17772777.0,5355773611.0,1155058235.0,0.015386909907620372
2022-06-06,304.0,320.47,302.55,318.23,29475729.0,9260502507.0,1155058235.0,0.02551882503136303
2022-06-07,318.0,319.87,311.11,314.89,20022089.0,6296538086.0,1155058235.0,0.01733426799905028
2022-06-08,318.6,328.06,313.01,327.41,29051340.0,9321932807.0,1155058235.0,0.02515140719290227
2022-06-09,334.03,334.8,321.0,322.41,30754172.0,10050640390.0,1155058235.0,0.026625646281808468
2022-06-10,321.5,350.0,321.06,348.8,43824900.0,14790622515.0,1155058235.0,0.03794172334523029
2022-06-13,346.0,358.86,340.6,348.8,36068132.0,12573534324.0,1155058235.0,0.031226245488825938
2022-06-14,342.0,344.79,327.23,343.59,40478934.0,13634616448.0,1155058235.0,0.035044929141602975
2022-06-15,343.97,346.23,332.52,335.0,30394787.0,10285857695.0,1155058235.0,0.026314506125312373
2022-06-16,335.5,342.7,333.41,336.0,19017245.0,6410739474.0,1155058235.0,0.01646431705670667
2022-06-17,330.1,341.2,327.07,338.0,26214759.0,8830738834.0,1155058235.0,0.022695616727930606
2022-06-20,338.08,348.66,335.02,342.18,24541557.0,8405361560.0,1155058235.0,0.021247030025286995
2022-06-21,339.76,341.8,332.2,341.0,19782739.0,6666969509.0,1155058235.0,0.017127049009784342
2022-06-22,342.42,347.63,338.0,339.88,18678783.0,6412052153.0,1155058235.0,0.016171291138407408
2022-06-23,344.7,354.05,338.0,353.5,32314226.0,11251775974.0,1155058235.0,0.027976274287157477
2022-06-24,352.99,356.28,346.01,351.05,23598355.0,8273168197.0,1155058235.0,0.020430446089153245
2022-06-27,352.07,357.0,348.33,349.69,21715524.0,7630684845.0,1155058235.0,0.01880037156741279
2022-06-28,347.0,358.8,342.71,352.9,26963471.0,9447959128.0,1155058235.0,0.023343819543436267
2022-06-29,349.99,350.0,331.49,331.61,36114602.0,12246017195.0,1155058235.0,0.03126647722657897
2022-06-30,331.0,339.35,330.0,333.49,22014478.0,7372602921.0,1164764604.0,0.018900366584285386
2022-07-01,332.18,333.0,320.1,329.2,23411263.0,7658689348.0,1164764604.0,0.020099565972044254
2022-07-04,332.0,338.21,330.2,336.16,20951206.0,7020823754.0,1164764604.0,0.017987502305659007
2022-07-05,337.0,340.6,329.59,333.89,17375703.0,5819208075.0,1164764604.0,0.014917780760446255
2022-07-06,333.8,340.6,331.99,336.1,18343420.0,6179119713.0,1164764604.0,0.015748607003514332
2022-07-07,337.7,351.95,333.37,349.38,30464874.0,10511816689.0,1164764604.0,0.02615539130857723
2022-07-08,349.38,351.88,338.0,338.0,19047757.0,6547699048.0,1164764604.0,0.016353310303718675
2022-07-11,335.88,335.88,318.88,324.3,25431744.0,8284856773.0,1164764604.0,0.021834234928382146
2022-07-12,320.0,321.0,300.08,309.0,45051469.0,13935271931.0,1164764604.0,0.03867860411046625
2022-07-13,309.0,313.84,296.77,309.88,34106695.0,10439432846.0,1164764604.0,0.029282049680142926
2022-07-14,308.91,323.0,307.0,323.0,27248936.0,8631732044.0,1164764604.0,0.023394371623607475
2022-07-15,335.0,349.89,333.0,338.19,44450784.0,15284697866.0,1164764604.0,0.0381628904650334
2022-07-18,345.0,346.0,328.0,337.1,23891156.0,8007559907.0,1164764604.0,0.020511574543005257
2022-07-19,337.1,337.1,327.62,331.1,15818025.0,5239778187.0,1164764604.0,0.013580447882497638
2022-07-20,332.98,333.86,329.08,331.7,10326348.0,3425066981.0,1164764604.0,0.008865609381103754
2022-07-21,329.0,331.0,322.94,324.5,13200328.0,4303073903.0,1164764604.0,0.011333043564912451
2022-07-22,326.01,334.66,326.0,329.62,14177374.0,4687025063.0,1164764604.0,0.012171879151643588
2022-07-25,326.0,327.0,320.0,322.95,11501710.0,3705167359.0,1164764604.0,0.009874707696732172
2022-07-26,322.48,327.68,320.0,325.0,10765616.0,3493834391.0,1164764604.0,0.00924273966003864
2022-07-27,324.0,329.8,321.01,325.8,9105572.0,2961812249.0,1164764604.0,0.007817521213067358
2022-07-28,329.02,331.45,324.0,325.43,10906517.0,3572559082.0,1164764604.0,0.009363709167109957
2022-07-29,323.0,327.8,317.96,320.36,11485364.0,3695131506.0,1164764604.0,0.00986067395983472
2022-08-01,317.98,332.08,316.32,330.54,18758376.0,6141512246.0,1164764604.0,0.01610486439541564
2022-08-02,324.9,330.48,321.3,326.6,15664266.0,5110091378.0,1164764604.0,0.01344843923502332
2022-08-03,326.7,334.85,318.89,321.99,18872311.0,6197191078.0,1164764604.0,0.016202682443464775
2022-08-04,328.0,331.47,322.1,326.8,18663677.0,6098858889.0,1164764604.0,0.01602356127229979
2022-08-05,330.0,331.89,318.28,324.49,15756385.0,5115620394.0,1164764604.0,0.01352752731830096
2022-08-08,322.11,324.9,319.0,321.35,12948786.0,4158491944.0,1164764604.0,0.0111170840490273
2022-08-09,321.18,323.8,318.15,319.72,11610661.0,3719885520.0,1164764604.0,0.009968246768597717
2022-08-10,319.7,319.7,305.0,308.35,25849901.0,7998810821.0,1164764604.0,0.02219324051505947
2022-08-11,311.43,315.89,305.6,315.02,16544481.0,5159742999.0,1164764604.0,0.014204141285873072
2022-08-12,315.02,316.28,310.0,311.93,10133763.0,3165436406.0,1164764604.0,0.008700266959692055
2022-08-15,312.2,319.23,311.22,315.21,13511926.0,4265356112.0,1164764604.0,0.011600563713558727
2022-08-16,315.8,321.89,315.5,318.92,15724331.0,5029761317.0,1164764604.0,0.0135000075946676
2022-08-17,319.99,329.6,316.72,327.93,21087113.0,6808620194.0,1164764604.0,0.01810418425112101
2022-08-18,327.0,330.0,323.84,326.04,14279044.0,4659424799.0,1164764604.0,0.01225916717503548
2022-08-19,325.03,327.44,317.0,319.39,12428923.0,3993178340.0,1164764604.0,0.01067075953142546
2022-08-22,316.0,326.09,312.22,323.09,14766765.0,4747212897.0,1164764604.0,0.012677896417257542
2022-08-23,324.0,325.55,318.98,321.61,9299975.0,2989844195.0,1164764604.0,0.007984424464876681
2022-08-24,321.68,322.96,309.3,309.5,18678283.0,5854016197.0,1164764604.0,0.016036101145120305
2022-08-25,309.56,311.08,302.66,309.58,14022073.0,4308297637.0,1164764604.0,0.01203854663152178
2022-08-26,312.99,317.93,310.0,315.73,12212655.0,3849213721.0,1164764604.0,0.010485084246258568
2022-08-29,313.67,316.87,311.49,313.55,8591166.0,2696123151.0,1164764604.0,0.007375881762286107
2022-08-30,315.5,318.5,310.0,310.85,11024737.0,3454778560.0,1164764604.0,0.009465206070084184
2022-08-31,291.0,296.6,284.0,287.98,40805974.0,11841919126.0,1164764604.0,0.035033665909717154
2022-09-01,285.0,294.6,284.03,286.7,19258233.0,5566420145.0,1164764604.0,0.01653401291030303
2022-09-02,288.7,289.6,278.1,282.0,16166192.0,4561284362.0,1164764604.0,0.013879364074494145
2022-09-05,269.0,270.88,261.1,268.76,35120827.0,9364600412.0,1164764604.0,0.030152725176734507
2022-09-06,268.77,274.45,267.21,272.94,18990284.0,5154529158.0,1164764604.0,0.01630396728642348
2022-09-07,272.0,285.05,270.6,282.7,19087317.0,5345727757.0,1164764604.0,0.0163872742479046
2022-09-08,283.0,284.99,277.0,278.26,11642911.0,3267426059.0,1164764604.0,0.009995934766575376
2022-09-09,280.99,281.49,276.99,279.7,7609826.0,2125233636.0,1164764604.0,0.006533359593746721
2022-09-13,282.0,286.69,279.37,284.8,11152411.0,3162351107.0,1164764604.0,0.009574819634543085
2022-09-14,282.0,283.8,276.26,278.33,10515106.0,2935617133.0,1164764604.0,0.009027666160088772
2022-09-15,280.0,280.5,266.91,269.5,15239523.0,4126260385.0,1164764604.0,0.013083779286960544
2022-09-16,268.0,271.45,264.36,265.98,10447636.0,2797971959.0,1164764604.0,0.008969740292691793
2022-09-19,268.0,273.9,266.68,270.35,11094999.0,3006108121.0,1164764604.0,0.009525528988344842
2022-09-20,273.8,277.49,272.01,274.21,11124502.0,3058894059.0,1164764604.0,0.009550858569874605
2022-09-21,271.8,272.61,267.0,270.0,8375363.0,2258898398.0,1164764604.0,0.007190605699415639
2022-09-22,267.49,269.38,261.3,268.55,9279950.0,2468839436.0,1164764604.0,0.007967232149853344
2022-09-23,267.09,269.77,264.28,266.4,7964412.0,2125444095.0,1164764604.0,0.006837786770518999
2022-09-26,266.4,276.0,263.58,272.95,14360640.0,3911414127.0,1164764604.0,0.012329220814817961
2022-09-27,272.96,274.83,270.06,273.96,8309593.0,2262822665.0,1164764604.0,0.007134139354392675
2022-09-28,273.0,273.0,265.5,265.62,8562018.0,2293531516.0,1164764604.0,0.007350856963369742
2022-09-29,270.0,271.8,264.0,264.57,8835668.0,2355802796.0,1164764604.0,0.007585797138457686
2022-09-30,263.0,263.55,249.0,252.01,21403588.0,5421385039.0,1164764604.0,0.018375891511895566
2022-10-10,252.27,256.4,249.44,251.2,11747850.0,2967008054.0,1164764604.0,0.010086029365638243
2022-10-11,252.0,257.38,249.33,255.01,13282039.0,3370369988.0,1164764604.0,0.011403195937090821
2022-10-12,254.0,263.25,249.95,262.34,14487143.0,3708582158.0,1164764604.0,0.012437829025923938
2022-10-13,260.0,263.0,258.08,258.18,9618660.0,2497932932.0,1164764604.0,0.008258029104737458
2022-10-14,262.08,269.1,259.95,264.54,14569451.0,3854443049.0,1164764604.0,0.012508493948018359
2022-10-17,263.0,263.0,256.69,260.66,10967836.0,2842978645.0,1164764604.0,0.009416354139140718
2022-10-18,279.0,279.0,272.5,273.67,24414179.0,6717206761.0,1164764604.0,0.020960612055137624
2022-10-19,273.67,276.44,266.88,267.5,13400403.0,3642369174.0,1164764604.0,0.011504816470195552
2022-10-20,264.0,265.58,257.4,263.51,12841678.0,3355270263.0,1164764604.0,0.011025127271123702
2022-10-21,263.52,270.88,262.01,266.3,10478554.0,2794657482.0,1164764604.0,0.008996284711962281
2022-10-24,264.9,266.31,253.57,255.57,16741256.0,4324097663.0,1164764604.0,0.014373081000665436
2022-10-25,253.0,260.59,250.03,257.91,11324267.0,2897739554.0,1164764604.0,0.00972236532696009
2022-10-26,260.0,264.04,255.29,257.87,12641527.0,3279130696.0,1164764604.0,0.010853289116605058
2022-10-27,258.99,260.72,255.0,255.0,9776582.0,2516238985.0,1164764604.0,0.00839361186494297
2022-10-28,253.0,253.0,235.81,239.89,26316393.0,6372054067.0,1164764604.0,0.022593743757000365
2022-10-31,237.5,251.0,237.11,246.67,18794233.0,4625511532.0,1164764604.0,0.016135649156453935
2022-11-01,247.11,262.2,247.0,261.82,21928271.0,5620272304.0,1164764604.0,0.01882635420469903
2022-11-02,261.0,271.6,258.36,267.56,18731929.0,4980989815.0,1164764604.0,0.016082158519988815
2022-11-03,265.02,271.76,264.1,267.98,10238397.0,2747240766.0,1164764604.0,0.008790099703270172
2022-11-04,268.98,283.02,268.0,280.2,22488689.0,6270505264.0,1164764604.0,0.019307496916346884
2022-11-07,275.0,282.03,272.99,278.88,13584206.0,3781158420.0,1164764604.0,0.0116626191707316
2022-11-08,279.45,282.6,273.5,276.41,10563449.0,2925766812.0,1164764604.0,0.009069170683692927
2022-11-09,278.15,278.88,268.64,269.63,11194636.0,3038705770.0,1164764604.0,0.009611071594685924
2022-11-10,264.63,264.97,255.8,260.26,15549677.0,4039239830.0,1164764604.0,0.013350059700131478
2022-11-11,270.5,272.97,265.16,268.8,16609959.0,4467701122.0,1164764604.0,0.014260356936464734
2022-11-14,269.23,272.54,262.76,263.79,11523697.0,3071390410.0,1164764604.0,0.009893584472283638
2022-11-15,263.99,268.3,260.1,267.0,11284835.0,2985500714.0,1164764604.0,0.009688511276223501
2022-11-16,265.78,266.6,260.1,261.08,10354941.0,2719934793.0,1164764604.0,0.008890157688892132
2022-11-17,259.91,259.91,253.58,257.0,11126057.0,2842104513.0,1164764604.0,0.009552193603575542
2022-11-18,257.77,259.56,253.5,254.68,10118376.0,2595461705.0,1164764604.0,0.008687056565122062
2022-11-21,252.84,254.6,248.51,254.2,8251507.0,2082807825.0,1164764604.0,0.007084270050500264
2022-11-22,255.0,255.25,250.0,250.49,8014551.0,2013576333.0,1164764604.0,0.006880833236584171
2022-11-23,250.49,251.5,247.2,251.5,8846881.0,2209509306.0,1164764604.0,0.007595423976328182
2022-11-24,253.35,255.0,248.28,249.39,8531406.0,2137710348.0,1164764604.0,0.007324575258126576
2022-11-25,249.0,249.0,245.0,245.05,8782164.0,2160628974.0,1164764604.0,0.007539861676634535
2022-11-28,240.0,245.13,237.22,245.11,9910928.0,2387430973.0,1164764604.0,0.008508953625448597
2022-11-29,246.28,249.68,243.0,248.3,12358078.0,3051509362.0,1164764604.0,0.01060993608284477
2022-11-30,248.36,260.0,246.48,259.52,21287338.0,5434244563.0,1164764604.0,0.018276085937790055
2022-12-01,268.0,270.95,264.92,266.66,25798585.0,6927128718.0,1164764604.0,0.022149183544385935
2022-12-02,264.92,267.57,260.48,262.08,11607538.0,3062453852.0,1164764604.0,0.009965565540142392
2022-12-05,265.95,267.59,261.9,263.36,10523309.0,2776465999.0,1164764604.0,0.009034708784814686
2022-12-06,260.55,271.63,260.01,267.6,12300679.0,3283672654.0,1164764604.0,0.010560656597699976
2022-12-07,267.65,278.28,267.65,273.74,19266593.0,5284876703.0,1164764604.0,0.0165411903262129
2022-12-08,273.75,275.0,270.87,274.29,9458065.0,2587392486.0,1164764604.0,0.008120151460234449
2022-12-09,275.48,277.7,271.45,274.7,10099232.0,2768392889.0,1164764604.0,0.008670620626105496
2022-12-12,271.96,273.47,268.0,269.88,8012821.0,2168695196.0,1164764604.0,0.0068793479579329665
2022-12-13,272.0,275.0,269.5,269.8,6138433.0,1667300818.0,1164764604.0,0.0052701060617051515
2022-12-14,269.41,269.44,263.6,266.4,9436462.0,2507895817.0,1164764604.0,0.008101604365030997
2022-12-15,266.33,272.28,263.51,271.46,9712345.0,2610706544.0,1164764604.0,0.00833846166568434
2022-12-16,270.07,271.37,267.55,270.51,5619664.0,1512400641.0,1164764604.0,0.004824720789678117
2022-12-19,268.99,275.0,265.61,266.5,8403891.0,2264390155.0,1164764604.0,0.007215098201936775
2022-12-20,265.9,265.9,258.68,261.6,8490821.0,2218820935.0,1164764604.0,0.007289731307803375
2022-12-21,261.58,262.85,259.6,260.8,4196630.0,1095313222.0,1164764604.0,0.0036029855179218685
2022-12-22,263.0,263.5,258.51,259.19,5920995.0,1543323319.0,1164764604.0,0.005083426281727909
2022-12-23,256.1,256.4,250.5,252.18,9081868.0,2294101018.0,1164764604.0,0.007797170319918135
2022-12-26,252.2,263.5,252.19,262.42,9354753.0,2430254725.0,1164764604.0,0.008031453709937773
2022-12-27,263.46,263.98,259.8,262.12,5553654.0,1453871979.0,1164764604.0,0.004768048394437645
2022-12-28,257.5,259.2,253.0,254.62,10256378.0,2612261022.0,1164764604.0,0.008805537157274399
2022-12-29,253.99,258.86,252.13,254.76,7225577.0,1841122254.0,1164764604.0,0.006203465468633008
2022-12-30,258.5,260.37,256.51,256.97,7488973.0,1931977379.0,1164764604.0,0.0064296021481779165
2023-01-03,256.41,261.92,250.0,260.48,12137430.0,3108609041.0,1164764604.0,0.010420500381208356
2023-01-04,260.0,260.48,256.5,259.1,7267459.0,1881537612.0,1164764604.0,0.006239422948673327
2023-01-05,262.52,267.59,261.06,265.08,11893600.0,3143084205.0,1164764604.0,0.0102111619456458
2023-01-06,267.91,271.2,265.1,266.2,13885523.0,3726792589.0,1164764604.0,0.01192131264318537
2023-01-09,268.0,268.0,262.29,263.38,11416882.0,3020383480.0,1164764604.0,0.009801879247353915
2023-01-10,262.05,269.58,257.31,266.59,17351254.0,4568518535.0,1164764604.0,0.014896790253080184
2023-01-11,264.9,271.0,261.41,268.99,12836375.0,3429408754.0,1164764604.0,0.011020574419859345
2023-01-12,271.51,284.45,270.7,277.3,22347919.0,6213489747.0,1164764604.0,0.01918663987835262
2023-01-13,277.41,279.93,275.0,278.58,12841101.0,3556565563.0,1164764604.0,0.01102463189205911
2023-01-16,278.58,278.77,272.0,273.8,16499989.0,4536354778.0,1164764604.0,0.014165943009717352
2023-01-17,273.81,274.5,268.93,269.99,11166571.0,3020383061.0,1164764604.0,0.009586976597376066
2023-01-18,269.85,272.5,266.49,269.0,8610817.0,2315435133.0,1164764604.0,0.00739275298238716
2023-01-19,267.88,270.85,266.52,270.5,8123863.0,2185520061.0,1164764604.0,0.006974682242318552
2023-01-20,271.0,271.88,267.02,270.07,10464935.0,2819530181.0,1164764604.0,0.008984592220661267
2023-01-30,285.0,288.0,281.0,281.99,28185441.0,8014418508.0,1164764604.0,0.02419840103588862
2023-01-31,285.0,288.8,280.39,285.8,18711017.0,5339962478.0,1164764604.0,0.016064204677703274
2023-02-01,287.98,304.33,286.14,304.33,27298697.0,8144001077.0,1164764604.0,0.023437093560580075
2023-02-02,305.87,306.13,299.96,302.62,14802993.0,4485489933.0,1164764604.0,0.012708999697590399
2023-02-03,299.95,299.95,292.8,295.0,15294828.0,4517779880.0,1164764604.0,0.013131260983957579
2023-02-06,291.69,291.69,287.61,289.98,10044660.0,2906251550.0,1164764604.0,0.008623768240814433
2023-02-07,291.99,292.48,287.6,289.0,7683474.0,2223584358.0,1164764604.0,0.00659658953715939
2023-02-08,289.0,289.0,282.8,285.66,9290144.0,2653105085.0,1164764604.0,0.007975984132842003
2023-02-09,284.0,288.82,282.3,288.33,9064889.0,2602093564.0,1164764604.0,0.007782593125572006
2023-02-10,285.88,285.9,280.0,281.86,12970811.0,3659502384.0,1164764604.0,0.011135993449196538
2023-02-13,279.01,283.29,277.06,282.32,9346144.0,2628940179.0,1164764604.0,0.00802406251692724
2023-02-14,284.0,284.5,279.1,281.97,7364368.0,2068766543.0,1164764604.0,0.006322623450875401
2023-02-15,283.0,283.9,278.56,279.0,9083216.0,2549250814.0,1164764604.0,0.007798327635306472
2023-02-16,280.0,281.79,274.85,277.02,10334815.0,2883947589.0,1164764604.0,0.008872878661068928
2023-02-17,276.49,278.1,271.28,271.66,10099650.0,2764372531.0,1164764604.0,0.00867097949690099
2023-02-20,271.59,273.3,267.0,272.8,13070148.0,3524868435.0,1164764604.0,0.011221278492765737
2023-02-21,272.0,276.56,270.28,274.75,11369006.0,3115649014.0,1164764604.0,0.009760775663131329
2023-02-22,271.9,272.62,268.9,270.42,8508796.0,2301668445.0,1164764604.0,0.007305163610552163
2023-02-23,269.9,271.67,268.5,270.44,10035821.0,2705234150.0,1164764604.0,0.008616179583012123
2023-02-24,269.02,269.88,267.0,267.58,6686761.0,1790064872.0,1164764604.0,0.005740868993646033
2023-02-27,265.0,265.89,258.0,259.81,16970381.0,4428436083.0,1164764604.0,0.014569794567692753
2023-02-28,261.0,262.0,257.57,260.8,12033003.0,3122819224.0,1164764604.0,0.01033084535594284
2023-03-01,260.75,266.54,257.76,265.5,14365761.0,3781045101.0,1164764604.0,0.012333617411334041
2023-03-02,266.12,268.13,262.0,263.71,11490496.0,3043464760.0,1164764604.0,0.009865080000319102
2023-03-03,264.99,265.23,262.08,263.79,6398161.0,1686348718.0,1164764604.0,0.005493093607092476
2023-03-06,264.0,264.63,258.0,264.27,11212447.0,2932174905.0,1164764604.0,0.00962636309645275
2023-03-07,264.18,266.99,260.5,260.68,10593288.0,2789608646.0,1164764604.0,0.0090947887355272
2023-03-08,258.5,259.79,255.0,256.99,12089760.0,3104294281.0,1164764604.0,0.010379573656755799
2023-03-09,256.5,259.83,254.01,256.07,9673143.0,2481897868.0,1164764604.0,0.008304805079739528
2023-03-10,252.0,253.0,242.3,243.14,28346408.0,6951755744.0,1164764604.0,0.024336598058228767
2023-03-13,241.72,242.95,237.0,240.49,16734341.0,4010230472.0,1164764604.0,0.014367144178773482
2023-03-14,240.0,242.5,233.03,239.98,19856816.0,4715842057.0,1164764604.0,0.01704792189924755
2023-03-15,241.5,242.48,237.41,238.62,12071459.0,2895736124.0,1164764604.0,0.01036386146912823
2023-03-16,235.0,239.62,234.0,234.79,11837025.0,2793057411.0,1164764604.0,0.010162589899581118
2023-03-17,236.78,240.98,235.53,237.91,13500262.0,3213067916.0,1164764604.0,0.01159054967298783
2023-03-20,237.91,239.36,234.6,235.57,8632333.0,2041533811.0,1164764604.0,0.007411225384386767
2023-03-21,236.89,239.51,234.79,239.51,10887269.0,2585297268.0,1164764604.0,0.009347183939665804
2023-03-22,242.2,247.58,242.08,243.2,15533932.0,3800940796.0,1164764604.0,0.01333654194732037
2023-03-23,242.99,245.5,239.5,245.49,9746104.0,2374450293.0,1164764604.0,0.00836744520440458
2023-03-24,245.5,247.63,243.49,246.02,8101826.0,1990565427.0,1164764604.0,0.006955762539638438
2023-03-27,245.99,245.99,240.3,243.65,9249536.0,2246213086.0,1164764604.0,0.007941120436039624
2023-03-28,244.5,245.67,242.4,245.01,8184504.0,1998797291.0,1164764604.0,0.007026745122484852
2023-03-29,246.55,250.25,246.55,247.7,14430262.0,3588758349.0,1164764604.0,0.012388994265831932
2023-03-30,250.0,257.2,250.0,257.2,20926722.0,5317797712.0,1164764604.0,0.017966481749302883
2023-03-31,258.97,260.86,255.0,256.02,16700761.0,4304295452.0,1164764604.0,0.0143383143191738
2023-04-03,256.0,258.24,252.26,255.92,13369125.0,3412119593.0,1164764604.0,0.011477962975598801
2023-04-04,255.81,255.81,247.99,250.92,13774433.0,3448255051.0,1164764604.0,0.011825937148756282
2023-04-06,248.0,250.88,245.68,250.0,8194227.0,2036216982.0,1164764604.0,0.007035092731921651
2023-04-07,250.05,252.13,248.33,249.28,6872291.0,1718631441.0,1164764604.0,0.0059001543972055665
2023-04-10,249.28,251.2,246.0,251.0,9805791.0,2436804939.0,1164764604.0,0.008418689034956286
2023-04-11,252.15,254.49,248.6,249.83,8745512.0,2194591845.0,1164764604.0,0.007508394374250747
2023-04-12,248.8,248.8,243.33,243.4,11232970.0,2751446164.0,1164764604.0,0.009643982965677415
2023-04-13,240.58,243.0,237.77,242.82,8096464.0,1952037226.0,1164764604.0,0.006951159034362277
2023-04-14,243.4,247.47,242.99,246.06,10550644.0,2589957803.0,1164764604.0,0.009058177046046292
2023-04-17,245.0,249.68,244.21,249.44,9039385.0,2244153587.0,1164764604.0,0.0077606968557914725
2023-04-18,250.4,252.18,248.44,249.0,7843220.0,1961474846.0,1164764604.0,0.006733738279017964
2023-04-19,249.0,253.2,246.09,250.85,11192747.0,2793037791.0,1164764604.0,0.00960944980776562
2023-04-20,249.93,249.93,245.0,245.02,10030830.0,2470721410.0,1164764604.0,0.008611894597030526
2023-04-21,244.5,248.95,243.0,243.0,10405248.0,2553937672.0,1164764604.0,0.00893334839010956
2023-04-24,244.1,258.6,243.18,253.49,26701734.0,6747607047.0,1164764604.0,0.022924575410603738
2023-04-25,251.0,251.8,242.2,244.3,18741873.0,4589549733.0,1164764604.0,0.016090695867334238
2023-04-26,243.0,254.54,241.0,251.0,17449204.0,4353221180.0,1164764604.0,0.0149808844981007
2023-04-27,250.0,258.99,249.55,258.92,24246438.0,6228404693.0,1164764604.0,0.020816599265408308
2023-04-28,261.47,262.97,254.0,255.86,19194480.0,4933612984.0,1164764604.0,0.016479278245649712
2023-05-04,255.0,257.61,251.4,252.52,11812427.0,3002183827.0,1164764604.0,0.010141471469371678
2023-05-05,252.55,253.8,247.95,250.07,10243959.0,2560075787.0,1164764604.0,0.008794874917060925
2023-05-08,253.0,259.1,252.52,254.03,12162620.0,3104234524.0,1164764604.0,0.010442127068620983
2023-05-09,250.04,253.36,249.0,250.11,8988483.0,2253697879.0,1164764604.0,0.007716995321743139
2023-05-10,251.0,262.18,249.2,259.79,25369089.0,6542224183.0,1164764604.0,0.021780442943473925
2023-05-11,260.77,269.8,258.68,263.75,21423687.0,5669565808.0,1164764604.0,0.0183931473590693
2023-05-12,266.0,268.25,259.52,260.1,10457353.0,2750523184.0,1164764604.0,0.008978082750873154
2023-05-15,260.1,266.55,258.7,264.9,13692627.0,3615695776.0,1164764604.0,0.011755703215033482
2023-05-16,264.39,267.42,263.2,265.13,8163931.0,2162966661.0,1164764604.0,0.007009082326131538
2023-05-17,264.99,265.8,259.01,261.0,8955605.0,2336687603.0,1164764604.0,0.007688768159029667
2023-05-18,262.3,263.88,256.56,259.08,10069665.0,2610927791.0,1164764604.0,0.008645236097851065
2023-05-19,258.18,260.92,256.3,259.18,6010582.0,1557739695.0,1164764604.0,0.0051603405352108386
2023-05-22,260.92,266.0,257.08,265.1,12016521.0,3160916357.0,1164764604.0,0.010316694857255466
2023-05-23,265.04,266.88,262.93,262.93,9061940.0,2401159869.0,1164764604.0,0.0077800612835243746
2023-05-24,261.6,265.0,259.52,261.91,6809295.0,1787131273.0,1164764604.0,0.005846069649279967
2023-05-25,261.96,263.85,255.14,255.6,13207895.0,3413072494.0,1164764604.0,0.011339540156561969
2023-05-26,253.0,253.0,242.8,246.99,18581340.0,4583193890.0,1164764604.0,0.015952871452470752
2023-05-29,250.0,250.55,242.0,244.93,12472291.0,3051361333.0,1164764604.0,0.010707992805729183
2023-05-30,245.95,255.0,245.83,252.2,16688058.0,4201064907.0,1164764604.0,0.014327408252869607
2023-05-31,252.2,254.9,249.65,253.66,11838117.0,2995495154.0,1164764604.0,0.010163527428070779
2023-06-01,253.66,257.88,253.23,255.45,8673571.0,2217698926.0,1164764604.0,0.0074466299630101054
2023-06-02,257.88,259.59,255.6,259.06,11067975.0,2854069098.0,1164764604.0,0.009502327733853424
2023-06-05,259.0,259.06,251.67,258.32,10479452.0,2682476684.0,1164764604.0,0.00899705568319279
2023-06-06,257.95,265.0,256.18,260.88,12898111.0,3371155485.0,1164764604.0,0.011073577404143026
2023-06-07,262.0,263.44,255.5,256.55,10049028.0,2598158541.0,1164764604.0,0.008627518354773081
2023-06-08,256.19,258.84,254.47,255.0,6445426.0,1650438582.0,1164764604.0,0.005533672621802989
2023-06-09,258.8,259.1,252.5,258.0,10748401.0,2753073835.0,1164764604.0,0.009227959849645294
2023-06-12,256.5,263.0,255.5,260.51,10289121.0,2682484320.0,1164764604.0,0.008833648416740522
2023-06-13,260.5,262.0,257.13,261.22,8151147.0,2117925896.0,1164764604.0,0.006998106717878937
2023-06-14,262.68,265.39,261.5,263.0,12577600.0,3318766726.0,1164764604.0,0.010798405065544041
2023-06-15,263.5,275.01,263.29,271.88,24396107.0,6622887119.0,1164764604.0,0.02094509647375926
2023-06-16,273.86,275.86,270.0,271.08,15229682.0,4146755899.0,1164764604.0,0.013075330369500137
2023-06-19,271.08,274.99,267.88,269.21,12356475.0,3342857529.0,1164764604.0,0.010608559839100331
2023-06-20,269.01,269.2,264.9,268.25,10236616.0,2734002025.0,1164764604.0,0.008788570638947748
2023-06-21,267.01,273.28,266.25,267.78,10781176.0,2906861071.0,1164764604.0,0.00925609858247375
2023-06-26,262.43,268.69,262.3,262.89,10151222.0,2681452522.0,1164764604.0,0.0087152562544732
2023-06-27,262.02,263.85,257.08,260.05,9902865.0,2570404964.0,1164764604.0,0.008502031196682896
2023-06-28,260.0,262.5,258.1,260.25,5726951.0,1489543301.0,1164764604.0,0.004916831246702273
2023-06-29,260.25,260.78,255.23,255.7,8348505.0,2148587117.0,1164764604.0,0.007167546962991331
2023-06-30,254.13,260.0,253.7,258.27,7572436.0,1952424866.0,1164764604.0,0.0065012586869440964
2023-07-03,258.88,269.27,258.88,267.48,16256506.0,4313305226.0,1164764604.0,0.013956902488427611
2023-07-04,268.5,275.0,266.51,271.5,15712002.0,4271284305.0,1164764604.0,0.013489422623285691
2023-07-05,271.51,272.48,265.69,267.0,9303313.0,2493339683.0,1164764604.0,0.00798729027998519
2023-07-06,267.0,272.0,266.8,268.1,8371185.0,2249759123.0,1164764604.0,0.007187018708545851
2023-07-07,267.0,267.66,264.11,264.4,6219150.0,1650354364.0,1164764604.0,0.005339405042566008
2023-07-10,267.0,269.5,262.75,263.55,6887762.0,1824432454.0,1164764604.0,0.005913436909351685
2023-07-11,265.0,270.69,263.8,269.33,10240520.0,2744333129.0,1164764604.0,0.008791922389152546
2023-07-12,270.5,271.15,264.66,265.61,8703195.0,2328017076.0,1164764604.0,0.007472063428191195
2023-07-13,267.5,269.5,265.01,267.83,8275301.0,2213414441.0,1164764604.0,0.007104698212481051
2023-07-14,267.8,267.8,263.5,264.41,10272203.0,2718639361.0,1164764604.0,0.008819123593491343
2023-07-17,267.0,267.0,262.35,264.49,7892663.0,2086663751.0,1164764604.0,0.006776187199452362
2023-07-18,265.25,267.57,260.5,265.48,9845648.0,2603934532.0,1164764604.0,0.00845290796628638
2023-07-19,265.49,265.9,262.74,264.83,5025000.0,1328126187.0,1164764604.0,0.004314176429076995
2023-07-20,265.5,269.5,264.0,264.95,9127051.0,2434017185.0,1164764604.0,0.007835961848991765
2023-07-21,264.0,264.8,261.55,264.32,7528703.0,1979318622.0,1164764604.0,0.006463712044601245
2023-07-24,261.01,262.77,257.49,257.5,9595037.0,2491708306.0,1164764604.0,0.008237747753536645
2023-07-25,262.68,266.99,262.65,264.59,17388284.0,4604657752.0,1164764604.0,0.014928582084556547
2023-07-26,263.76,263.76,260.6,262.09,6586488.0,1723363551.0,1164764604.0,0.005654780354228553
2023-07-27,264.5,265.77,260.8,261.63,11265069.0,2962230532.0,1164764604.0,0.009671541323726558
2023-07-28,260.0,267.65,258.22,267.0,17330825.0,4584230666.0,1164764604.0,0.014879251086857375
2023-07-31,270.0,276.58,269.88,272.0,21506016.0,5874722583.0,1164764604.0,0.018463830310557754
2023-08-01,271.76,272.76,266.5,268.5,12033993.0,3239067594.0,1164764604.0,0.010331695313090061
2023-08-02,270.7,272.0,266.36,268.0,8739351.0,2346829431.0,1164764604.0,0.007503104893458799
2023-08-03,267.28,268.48,265.51,268.23,6616988.0,1766952896.0,1164764604.0,0.005680965902703548
2023-08-04,268.99,270.07,266.65,268.3,8805315.0,2358257628.0,1164764604.0,0.007559737795740915
2023-08-07,267.93,267.93,265.19,266.99,6420380.0,1710317723.0,1164764604.0,0.005512169564520867
2023-08-08,265.2,266.5,262.51,263.3,9171188.0,2419517105.0,1164764604.0,0.007873855342534087
2023-08-09,262.0,263.5,260.23,262.9,7249937.0,1897124688.0,1164764604.0,0.006224379565710086
2023-08-10,263.0,264.87,260.74,262.7,6001610.0,1575799641.0,1164764604.0,0.005152637691246325
2023-08-11,262.69,262.7,259.01,259.25,8612528.0,2242256361.0,1164764604.0,0.007394221948729479
2023-08-14,255.0,256.99,243.49,245.82,25289035.0,6237439722.0,1164764604.0,0.021711713176338934
2023-08-15,245.82,246.13,241.9,244.54,11502129.0,2804377793.0,1164764604.0,0.009875067426070238
2023-08-16,243.28,245.5,242.21,244.2,7997936.0,1953463842.0,1164764604.0,0.0068665685517345955
2023-08-17,243.37,246.34,240.4,246.01,8683555.0,2118628433.0,1164764604.0,0.007455201652058444
2023-08-18,245.56,245.56,240.0,240.29,9846650.0,2385483843.0,1164764604.0,0.008453768225944475
2023-08-21,239.8,239.88,234.05,234.41,12787920.0,3022536162.0,1164764604.0,0.010978973739487021
2023-08-22,237.97,238.5,230.9,234.54,11211589.0,2620973083.0,1164764604.0,0.009625626466925156
2023-08-23,234.54,234.54,230.03,230.09,8123755.0,1882331986.0,1164764604.0,0.006974589519720673
2023-08-24,231.01,237.0,231.01,234.9,10681059.0,2501734161.0,1164764604.0,0.009170143875697652
2023-08-25,233.28,234.33,231.5,232.6,6677526.0,1554437027.0,1164764604.0,0.005732940352984834
2023-08-28,248.0,248.0,234.25,235.53,13352736.0,3189524811.0,1164764604.0,0.011463892321370713
2023-08-29,236.81,247.5,236.81,246.71,21322346.0,5201525920.0,1164764604.0,0.01830614179618391
2023-08-30,249.33,251.47,247.84,249.8,15218735.0,3798606951.0,1164764604.0,0.013065931903954046
2023-08-31,250.51,250.99,248.0,249.4,8873396.0,2214559039.0,1164764604.0,0.007618188232649968
2023-09-01,253.0,254.47,248.0,249.12,7777183.0,1949444069.0,1164764604.0,0.006677042703128022
2023-09-04,251.6,253.0,248.88,252.45,9651160.0,2427791469.0,1164764604.0,0.008285931738358353
2023-09-05,252.2,252.2,248.69,249.03,7457050.0,1864915960.0,1164764604.0,0.006402194893621612
2023-09-06,250.0,252.3,249.3,250.45,6592856.0,1653726027.0,1164764604.0,0.005660247553333103
2023-09-07,250.42,250.42,248.11,248.4,6091302.0,1517662852.0,1164764604.0,0.005229642091699414
2023-09-08,247.01,247.01,242.69,244.05,6763440.0,1651599178.0,1164764604.0,0.005806701179597315
2023-09-11,243.7,248.5,242.2,247.01,7651344.0,1876707032.0,1164764604.0,0.006569004564290486
2023-09-12,248.7,253.37,247.1,251.99,11953240.0,3004363229.0,1164764604.0,0.010262365424696577
2023-09-13,252.0,254.28,250.4,251.55,9147897.0,2305291960.0,1164764604.0,0.007853859027467493
2023-09-14,246.8,246.95,242.0,243.63,15258025.0,3722930909.0,1164764604.0,0.013099664041645276
2023-09-15,244.0,246.84,241.51,244.29,8225595.0,2010812284.0,1164764604.0,0.0070620234953499665
2023-09-18,244.5,251.2,244.29,247.38,9640522.0,2395846503.0,1164764604.0,0.008276798562467306
2023-09-19,246.0,248.28,243.8,247.17,6239693.0,1533948927.0,1164764604.0,0.005357042082642134
2023-09-20,245.0,246.28,244.0,244.0,5449710.0,1332673933.0,1164764604.0,0.004678808045234864
2023-09-21,243.0,243.87,238.55,239.68,9296462.0,2232606210.0,1164764604.0,0.007981408404817905
2023-09-22,239.52,245.66,238.5,245.05,9676396.0,2356419361.0,1164764604.0,0.008307597918729337
2023-09-25,246.83,246.98,244.35,245.8,6478680.0,1592828380.0,1164764604.0,0.00556222259652389
2023-09-26,245.0,245.0,238.3,238.5,11846263.0,2846103700.0,1164764604.0,0.010170521115870036
2023-09-27,239.11,242.22,237.79,237.83,7573367.0,1808518866.0,1164764604.0,0.0065020579900795135
2023-09-28,238.8,239.5,236.05,236.7,8525768.0,2022931184.0,1164764604.0,0.007319734795100281
2023-10-09,236.7,238.51,229.66,237.97,9179071.0,2162900147.0,1164764604.0,0.007880623233636657
2023-10-10,237.96,240.02,237.0,237.91,6393661.0,1524841111.0,1164764604.0,0.005489230165514199
2023-10-11,241.96,242.5,238.0,238.59,7668373.0,1838352974.0,1164764604.0,0.006583624685765262
2023-10-12,240.4,245.5,239.0,244.45,13934094.0,3391600251.0,1164764604.0,0.011963012914496154
2023-10-13,241.9,242.77,239.8,240.36,6644523.0,1598611952.0,1164764604.0,0.005704605872449743
2023-10-16,240.4,241.08,236.5,237.51,6602221.0,1573224653.0,1164764604.0,0.005668287804528785
2023-10-17,237.52,239.99,236.5,238.0,4916359.0,1169236112.0,1164764604.0,0.004220903505409063
2023-10-18,245.6,251.0,244.0,249.07,30786284.0,7646061771.0,1164764604.0,0.026431335476949296
2023-10-19,246.95,247.97,240.34,240.6,14775328.0,3595894522.0,1164764604.0,0.012685248117309719
2023-10-20,240.0,241.8,238.21,239.2,8565861.0,2050294971.0,1164764604.0,0.007354156342477591
2023-10-23,240.0,240.0,236.2,238.65,7353683.0,1747793907.0,1164764604.0,0.006313449923483423
2023-10-24,239.3,240.5,234.67,235.55,11077892.0,2614866694.0,1164764604.0,0.009510841900549375
2023-10-25,237.97,240.01,236.22,237.4,8367573.0,1993861828.0,1164764604.0,0.007183917652772353
2023-10-26,236.06,238.8,235.7,238.61,7319935.0,1738279510.0,1164764604.0,0.006284475828731485
2023-10-27,238.0,243.5,237.52,241.95,10320556.0,2490630305.0,1164764604.0,0.008860636702521225
2023-10-30,239.51,244.99,238.7,244.6,11729547.0,2849732929.0,1164764604.0,0.010070315460925528
2023-10-31,243.5,243.99,237.5,238.54,12720475.0,3044814889.0,1164764604.0,0.010921069335654366
2023-11-01,238.0,238.0,235.42,236.2,9339042.0,2206820551.0,1164764604.0,0.008017965147574144
2023-11-02,237.86,237.88,234.8,234.8,8541416.0,2015702321.0,1164764604.0,0.007333169269281813
2023-11-03,235.51,239.15,234.88,238.65,9067942.0,2154652391.0,1164764604.0,0.007785214256047225
2023-11-06,240.51,243.43,240.0,242.9,14354786.0,3472633480.0,1164764604.0,0.012324194906595908
2023-11-07,243.0,244.3,240.51,240.97,9451293.0,2287202177.0,1164764604.0,0.008114337409930427
2023-11-08,240.36,240.86,239.18,240.0,8012814.0,1921682141.0,1164764604.0,0.006879341948134956
2023-11-09,240.0,240.75,238.34,239.3,7318274.0,1750698708.0,1164764604.0,0.006283049789517814
2023-11-10,239.0,239.0,235.66,236.96,8190190.0,1940054003.0,1164764604.0,0.007031626795554649
2023-11-13,237.88,238.18,235.1,237.12,6973846.0,1649215951.0,1164764604.0,0.005987343688201569
2023-11-14,237.3,238.2,236.6,237.63,5521655.0,1310694854.0,1164764604.0,0.004740575890645798
2023-11-15,239.9,240.0,238.3,238.64,7869167.0,1881360641.0,1164764604.0,0.006756014883158314
2023-11-16,239.8,239.8,237.22,238.3,6169007.0,1471253077.0,1164764604.0,0.005296355142330544
2023-11-17,237.0,238.59,236.0,236.76,5946229.0,1408060178.0,1164764604.0,0.005105090745013746
2023-11-20,235.8,236.5,234.58,235.0,7677094.0,1804923944.0,1164764604.0,0.006591112035543965
2023-11-21,235.69,236.68,233.66,234.2,8238634.0,1937039109.0,1164764604.0,0.00707321803195867
2023-11-22,233.5,233.5,229.88,230.0,10557108.0,2440478827.0,1164764604.0,0.009063726665237845
2023-11-23,230.5,231.28,227.12,228.83,10576394.0,2425947586.0,1164764604.0,0.009080284517299772
2023-11-24,228.8,228.8,215.4,216.85,28065948.0,6162803841.0,1164764604.0,0.02409581120821903
2023-11-27,212.0,212.0,205.0,208.9,21548087.0,4487132027.0,1164764604.0,0.018499950055144362
2023-11-28,208.92,211.77,207.01,209.91,12221143.0,2562912238.0,1164764604.0,0.010492371555617774
2023-11-29,209.88,209.9,201.39,201.98,21924630.0,4464902232.0,1164764604.0,0.018823228251190916
2023-11-30,201.6,202.73,198.45,199.15,18724215.0,3745049006.0,1164764604.0,0.016075535722581077
2023-12-01,200.48,200.82,192.81,197.05,19418985.0,3799477664.0,1164764604.0,0.016672025345989997
2023-12-04,197.05,199.29,193.6,196.39,11761315.0,2317283540.0,1164764604.0,0.010097589641383024
2023-12-05,197.0,199.96,195.61,196.34,15237247.0,3021632365.0,1164764604.0,0.013081825244064508
2023-12-06,196.35,201.24,196.0,201.19,17634737.0,3523669818.0,1164764604.0,0.01514017247728795
2023-12-07,201.19,201.2,197.3,199.45,10316924.0,2051259486.0,1164764604.0,0.008857518475896269
2023-12-08,199.03,200.36,198.32,198.55,7770019.0,1547061882.0,1164764604.0,0.006670892104135404
2023-12-11,196.75,199.58,194.64,199.19,10108635.0,1989856428.0,1164764604.0,0.00867869350191895
2023-12-12,198.18,198.73,196.12,196.33,7979721.0,1572793711.0,1164764604.0,0.006850930198768299
2023-12-13,195.82,195.82,191.72,191.8,11753492.0,2270646821.0,1164764604.0,0.01009087326283483
2023-12-14,193.0,196.18,191.11,191.18,9249670.0,1787086925.0,1164764604.0,0.007941235480744399
2023-12-15,193.08,194.39,191.08,193.28,10184134.0,1966549057.0,1164764604.0,0.008743512607634151
2023-12-18,191.06,192.5,188.31,189.06,10051147.0,1906643036.0,1164764604.0,0.008629337606485163
2023-12-19,188.53,188.68,186.16,188.0,7936972.0,1487629709.0,1164764604.0,0.006814228362317233
2023-12-20,188.33,189.33,184.87,184.88,8492482.0,1585187697.0,1164764604.0,0.007291157347017046
2023-12-21,183.33,189.98,182.85,189.68,13314943.0,2494208947.0,1164764604.0,0.01143144542191119
2023-12-22,189.9,195.38,188.04,192.25,11799766.0,2267509852.0,1164764604.0,0.01013060146185555
2023-12-25,193.0,194.2,190.21,192.18,5376986.0,1032287275.0,1164764604.0,0.0046163713951596005
2023-12-26,192.16,192.16,190.0,191.75,4138033.0,790091023.0,1164764604.0,0.0035526774987746793
2023-12-27,193.0,193.5,190.7,191.45,6136402.0,1174486108.0,1164764604.0,0.005268362361739489
2023-12-28,191.03,198.66,190.66,198.05,13877780.0,2722971140.0,1164764604.0,0.011914664948043012
2023-12-29,198.97,199.8,197.15,198.0,8036729.0,1591969846.0,1164764604.0,0.00689987399376707
2024-01-02,199.61,199.62,192.37,192.6,11392832.0,2212162400.0,1164262051.0,0.009785453360963321
2024-01-03,192.5,193.87,190.7,193.17,8448596.0,1624093056.0,1164262051.0,0.0072566103075706965
2024-01-04,194.34,194.65,191.1,193.02,8987036.0,1731882120.0,1164262051.0,0.007719083510693247
2024-01-05,192.47,197.5,191.13,192.68,11240188.0,2187835615.0,1164262051.0,0.009654345420213305
2024-01-08,192.8,193.66,189.15,189.4,8107839.0,1543893919.0,1164262051.0,0.006963929635116141
2024-01-09,191.0,196.0,190.2,192.86,11218651.0,2167747852.0,1164262051.0,0.009635847007436301
2024-01-10,191.7,193.3,189.6,190.29,7141623.0,1364589162.0,1164262051.0,0.006134033995066631
2024-01-11,190.2,198.7,188.81,196.78,15986174.0,3120354836.0,1164262051.0,0.013730735263825927
2024-01-12,196.78,198.25,195.29,195.87,8702264.0,1711086656.0,1164262051.0,0.007474489091631485
2024-01-15,194.72,197.0,192.42,194.61,7021993.0,1364639692.0,1164262051.0,0.00603128221345763
2024-01-16,193.9,196.55,193.07,195.3,8380860.0,1633959523.0,1164262051.0,0.007198430965607416
2024-01-17,194.2,194.55,186.8,186.8,16079471.0,3050944390.0,1164262051.0,0.013810869285131411
2024-01-18,185.65,191.0,184.91,190.48,11459165.0,2150839668.0,1164262051.0,0.00984242764775986
2024-01-19,189.49,192.96,188.7,189.34,8090516.0,1540978199.0,1164262051.0,0.006949050682405176
2024-01-22,188.87,191.3,184.56,185.34,13223973.0,2487370789.0,1164262051.0,0.011358244467937227
2024-01-23,185.0,188.96,184.3,187.85,11072562.0,2072060504.0,1164262051.0,0.009510369242465328
2024-01-24,189.28,189.85,184.08,188.7,9664121.0,1805379382.0,1164262051.0,0.008300640729206419
2024-01-25,188.88,190.9,185.66,189.9,13076908.0,2470818453.0,1164262051.0,0.011231928403719825
2024-01-26,189.0,189.0,185.5,185.86,11585464.0,2160578276.0,1164262051.0,0.009950907521248411
2024-01-29,185.9,186.0,178.31,178.44,14604252.0,2647388166.0,1164262051.0,0.012543784268718727
2024-01-30,173.08,175.48,170.3,171.97,19076118.0,3296016841.0,1164262051.0,0.01638472883627468
2024-01-31,171.09,175.28,170.32,170.73,12536841.0,2155163736.0,1164262051.0,0.01076805774888217
2024-02-01,170.0,173.0,168.36,170.89,11665074.0,1996429637.0,1164262051.0,0.010019285598101144
2024-02-02,170.96,171.88,163.01,167.0,14799171.0,2485326236.0,1164262051.0,0.012711202763406053
2024-02-05,165.0,171.78,162.77,168.0,18621620.0,3122618403.0,1164262051.0,0.015994354521824055
2024-02-06,166.0,176.11,165.5,175.87,17618975.0,3054635573.0,1164262051.0,0.01513316953418419
2024-02-07,177.25,183.0,176.1,179.56,16009370.0,2880398922.0,1164262051.0,0.01375065861353923
2024-02-08,181.49,183.35,180.7,181.17,11924566.0,2168509150.0,1164262051.0,0.010242166692419317
2024-02-19,183.88,185.35,181.84,183.5,11968707.0,2192419553.0,1164262051.0,0.010280079978317527
2024-02-20,183.5,183.68,177.0,179.02,11335736.0,2023820072.0,1164262051.0,0.009736412855047184
2024-02-21,177.1,185.6,176.66,183.0,14769298.0,2700340931.0,1164262051.0,0.012685544450507904
2024-02-22,182.9,183.64,181.26,182.99,8090613.0,1476863326.0,1164262051.0,0.006949133996981922
2024-02-23,182.99,183.99,180.83,182.68,9117490.0,1660682308.0,1164262051.0,0.007831132168371259
2024-02-26,186.0,190.13,185.55,186.0,15546076.0,2912982360.0,1164262051.0,0.013352729298912793
2024-02-27,187.45,193.93,187.2,193.7,20634265.0,3958101887.0,1164262051.0,0.017723041803412692
2024-02-28,196.0,196.52,188.0,188.0,16829153.0,3223632043.0,1164262051.0,0.014454781022489928
2024-02-29,187.01,191.61,186.19,191.2,12236289.0,2323915657.0,1164262051.0,0.010509909680118914
2024-03-01,190.9,192.98,188.77,192.18,12215828.0,2336111334.0,1164262051.0,0.01049233545790457
2024-03-04,190.0,191.7,188.1,189.27,12686510.0,2401200046.0,1164262051.0,0.01089661042297427
2024-03-05,187.5,191.65,185.5,190.82,14962443.0,2826124074.0,1164262051.0,0.012851439233245266
2024-03-06,190.0,192.98,189.0,191.65,10010040.0,1914828109.0,1164262051.0,0.008597755111404898
2024-03-07,192.06,193.96,188.8,188.89,10132688.0,1935953172.0,1164262051.0,0.008703099092937797
2024-03-08,188.3,190.15,187.25,188.09,6714968.0,1263993368.0,1164262051.0,0.0057675743997946385
2024-03-11,188.0,199.9,188.0,198.74,27808046.0,5440726383.0,1164262051.0,0.02388469672795339
2024-03-12,201.0,206.66,197.77,205.1,24502892.0,4958824423.0,1164262051.0,0.021045856453840564
2024-03-13,206.92,210.4,205.83,206.36,17781291.0,3691839469.0,1164262051.0,0.015272584883040218
2024-03-14,208.42,215.36,208.42,212.08,21135219.0,4497086170.0,1164262051.0,0.01815331778773231
2024-03-15,210.0,211.38,206.18,209.47,14662802.0,3057950744.0,1164262051.0,0.012594073634372885
2024-03-18,211.85,218.25,211.61,218.03,19698182.0,4250885884.0,1164262051.0,0.01691902779368354
2024-03-19,218.03,219.85,214.39,216.8,14697268.0,3194716173.0,1164262051.0,0.012623676935425597
2024-03-20,217.01,220.78,217.01,218.48,9680523.0,2118610339.0,1164262051.0,0.008314728622894882
2024-03-21,218.92,219.8,217.0,218.95,8866709.0,1938901108.0,1164262051.0,0.007615733066610105
2024-03-22,218.95,218.97,215.2,216.95,10467161.0,2266796544.0,1164262051.0,0.0089903823550803
2024-03-25,216.37,217.79,212.85,214.2,9910940.0,2133902462.0,1164262051.0,0.00851263681701844
2024-03-26,216.0,219.99,215.27,219.6,13134627.0,2864082717.0,1164262051.0,0.011281504012536091
2024-03-27,219.61,219.7,210.01,211.98,18884898.0,4058093220.0,1164262051.0,0.016220487461374795
2024-03-28,209.85,211.84,206.01,208.38,15943531.0,3327175192.0,1164262051.0,0.01369410862984488
2024-03-29,208.43,208.52,201.17,203.06,14138108.0,2873380486.0,1164262051.0,0.012143407051579663
2024-04-01,203.06,212.98,203.06,212.01,14290927.0,2995671851.0,1164262051.0,0.012274665302133085
2024-04-02,212.01,217.3,211.8,212.34,10758479.0,2301699126.0,1164262051.0,0.009240599219702644
2024-04-03,210.5,211.11,207.55,208.16,8363379.0,1747159207.0,1164262051.0,0.007183416304616803
2024-04-08,207.0,215.0,206.39,212.0,12822718.0,2722271578.0,1164262051.0,0.011013601266988303
2024-04-09,211.75,214.99,211.35,212.08,8420846.0,1791256313.0,1164262051.0,0.0072327754673161635
2024-04-10,214.3,214.5,210.0,211.84,7241085.0,1537375543.0,1164262051.0,0.006219463216017852
2024-04-11,209.0,215.44,207.8,212.98,10085395.0,2130444828.0,1164262051.0,0.008662478512751938
2024-04-12,212.0,217.19,209.54,210.6,11491789.0,2453371047.0,1164262051.0,0.009870448830767568
2024-04-15,210.0,215.5,209.09,213.62,11333192.0,2418635357.0,1164262051.0,0.009734227779962228
2024-04-16,212.4,215.35,210.71,211.63,9832304.0,2090984650.0,1164262051.0,0.00844509532158581
2024-04-17,211.0,213.18,209.6,213.0,9692162.0,2046775945.0,1164262051.0,0.008324725513191187
2024-04-18,212.0,216.5,209.4,213.6,13399756.0,2863779538.0,1164262051.0,0.011509226800350294
2024-04-19,212.19,212.87,207.06,210.13,11177043.0,2342512356.0,1164262051.0,0.00960010934857826
2024-04-22,210.0,211.53,208.1,208.56,6469478.0,1353615963.0,1164262051.0,0.005556719807575348
2024-04-23,208.55,208.56,203.99,205.04,8729994.0,1793533843.0,1164262051.0,0.0074983067536227715
2024-04-24,206.89,208.8,204.5,207.42,7497892.0,1546983916.0,1164262051.0,0.00644003812849518
2024-04-25,207.4,211.51,206.62,208.94,9468384.0,1980120669.0,1164262051.0,0.008132519643552308
2024-04-26,210.0,219.76,210.0,219.37,25345378.0,5502292294.0,1164262051.0,0.021769478768315535
2024-04-29,221.08,225.4,218.73,221.38,19167593.0,4256800048.0,1164347566.0,0.016462088778051345
2024-04-30,223.5,224.38,218.5,218.5,11555966.0,2542063035.0,1164347566.0,0.009924842321523778
2024-05-06,225.0,228.39,223.5,226.3,18677887.0,4226418539.0,1164347566.0,0.016041504740861887
2024-05-07,226.3,231.99,224.04,229.88,14419048.0,3301364340.0,1164347566.0,0.012383800525761567
2024-05-08,228.54,228.88,226.0,226.23,9113178.0,2070673827.0,1164347566.0,0.007826853652734823
2024-05-09,226.3,228.4,226.15,228.15,7900735.0,1796491173.0,1164347566.0,0.0067855468854048345
2024-05-10,227.0,229.52,226.0,227.8,8061330.0,1833828036.0,1162470566.0,0.006934653001786198
2024-05-13,225.2,227.36,222.58,225.7,8248116.0,1857506899.0,1162470566.0,0.007095333199171943
2024-05-14,225.71,227.57,224.11,224.91,6261853.0,1414943425.0,1162470566.0,0.005386676603388511
2024-05-15,224.5,226.0,218.3,219.14,9973351.0,2204936673.0,1162470566.0,0.008579443894495992
2024-05-16,219.15,219.96,216.61,218.31,8715722.0,1901165662.0,1162470566.0,0.007497585104447281
2024-05-17,219.39,220.33,217.66,219.59,7148666.0,1564639158.0,1162470566.0,0.00614954581138186
2024-05-20,218.48,224.0,218.48,222.87,7595857.0,1688534368.0,1162470566.0,0.00653423598167904
2024-05-21,221.98,221.99,217.42,218.78,8408043.0,1838619341.0,1162470566.0,0.007232908295417434
2024-05-22,218.19,219.5,215.16,216.92,8839817.0,1916325810.0,1162470566.0,0.007604336194435739
2024-05-23,215.85,215.85,213.51,214.95,6228723.0,1336506237.0,1162470566.0,0.005358176957058541
2024-05-24,213.98,214.0,208.8,209.3,10287552.0,2166851356.0,1162470566.0,0.008849731168161035
2024-05-27,210.0,210.8,206.6,208.35,7604551.0,1580461907.0,1162470566.0,0.006541714880718967
2024-05-28,208.8,208.91,206.58,207.38,6094646.0,1265112511.0,1162470566.0,0.005242838982987204
2024-05-29,211.0,226.0,210.99,224.7,30264777.0,6633165251.0,1162470566.0,0.026034875966055214
2024-05-30,224.42,229.38,223.9,227.86,22379181.0,5070762671.0,1162470566.0,0.01925139582415887
2024-05-31,228.8,231.6,226.99,229.02,18542984.0,4264400522.0,1162470566.0,0.01595135786001484
2024-06-03,229.01,240.48,225.99,237.1,27014589.0,6370453739.0,1162470566.0,0.02323894452911249
2024-06-04,236.9,239.8,235.95,238.15,15742916.0,3744672010.0,1162470566.0,0.013542636227057812
2024-06-05,238.48,246.3,238.48,240.79,19443395.0,4732184009.0,1162470566.0,0.016725924568484946
2024-06-06,241.2,243.8,237.5,238.5,17586542.0,4227834836.0,1162470566.0,0.015128591221465818
2024-06-07,239.03,241.39,232.13,235.5,18259398.0,4304211409.0,1162470566.0,0.015707406737040772
2024-06-11,234.63,246.0,234.33,244.63,22159693.0,5386278076.0,1162470566.0,0.01906258416180836
2024-06-12,241.63,247.55,241.63,242.9,18733197.0,4573251957.0,1162470566.0,0.016114986089032727
2024-06-13,248.8,258.28,248.11,252.99,29251928.0,7423395270.0,1162470566.0,0.025163585948377466
2024-06-14,251.48,253.93,246.53,253.05,20260976.0,5066109117.0,1162470566.0,0.01742923785994595
2024-06-17,252.0,259.87,250.87,257.21,20864880.0,5371512600.0,1162470566.0,0.017948738325302253
2024-06-18,255.6,257.3,253.0,255.64,12878911.0,3282495367.0,1162470566.0,0.011078913631607599
2024-06-19,256.0,258.0,253.41,254.0,9910811.0,2529117364.0,1162470566.0,0.008525644682860727
2024-06-20,252.88,253.77,249.3,251.5,11619994.0,2921098948.0,1162470566.0,0.009995946856515935
2024-06-21,251.99,254.37,247.81,250.67,11633012.0,2916085594.0,1162470566.0,0.010007145419628629
2024-06-24,250.0,253.98,247.78,249.94,10842302.0,2719528810.0,1162470566.0,0.009326947552149892
2024-06-25,252.0,258.74,250.36,254.01,19574643.0,4998561939.0,1162470566.0,0.016838828932551227
2024-06-26,252.0,254.3,249.38,252.72,11191676.0,2814435214.0,1162470566.0,0.009627491935997974
2024-06-27,251.02,252.36,248.42,249.5,8291084.0,2074271452.0,1162470566.0,0.007132295855480611
2024-06-28,248.0,252.13,246.88,250.25,9298207.0,2324520984.0,1162470566.0,0.007998660157043494
2024-07-01,250.25,251.85,242.5,246.8,12927332.0,3179627870.0,1162457516.0,0.011120692001272242
2024-07-02,246.87,247.7,243.05,243.97,10262737.0,2515326295.0,1162457516.0,0.008828483500467126
2024-07-03,243.96,245.38,240.0,243.1,9657403.0,2340645421.0,1162457516.0,0.00830774705060275
2024-07-04,245.0,249.69,244.5,244.63,9919634.0,2449191851.0,1162457516.0,0.008533330348392706
2024-07-05,243.17,244.5,238.88,242.03,9566478.0,2308221433.0,1162457516.0,0.008229529138336269
2024-07-08,241.8,248.22,241.18,244.99,10537466.0,2591239967.0,1162457516.0,0.009064818158911539
2024-07-09,245.2,253.51,241.51,252.6,14076255.0,3506898661.0,1162457516.0,0.012109048981365096
2024-07-10,252.49,256.53,251.5,252.5,10928256.0,2767913672.0,1162457516.0,0.009400993885440197
2024-07-11,255.0,256.26,251.68,253.06,10035945.0,2546645362.0,1162457516.0,0.008633386478099902
2024-07-12,253.52,264.0,251.89,262.62,18886322.0,4891988725.0,1162457516.0,0.016246892243415113
2024-07-15,262.3,264.8,260.61,261.71,9871552.0,2590423502.0,1162457516.0,0.008491967976574208
2024-07-16,260.61,262.2,256.35,258.99,11758768.0,3043326156.0,1162457516.0,0.01011543891983404
2024-07-17,259.0,261.52,256.62,259.51,10519171.0,2726321475.0,1162457516.0,0.009049079949344145
2024-07-18,257.9,262.9,257.51,261.43,9532204.0,2487441704.0,1162457516.0,0.008200045050076479
2024-07-19,260.5,266.0,259.74,264.06,13621379.0,3593320512.0,1162457516.0,0.011717743498163248
2024-07-22,264.1,270.1,264.1,265.61,10074955.0,2688874276.0,1162457516.0,0.008666944693744833
2024-07-23,264.99,265.41,253.0,253.23,16741049.0,4318283785.0,1162457516.0,0.01440142867122208
2024-07-24,253.23,255.15,248.49,249.99,11864005.0,2976544505.0,1162457516.0,0.010205968679891094
2024-07-25,249.97,254.54,247.5,250.39,10110420.0,2533958369.0,1162457516.0,0.008697453335576352
2024-07-26,252.97,257.63,251.15,254.95,12484165.0,3180235007.0,1162457516.0,0.010739459144242824
2024-07-29,252.93,253.0,246.58,249.1,7885932.0,1960649994.0,1162457516.0,0.006783845337535759
2024-07-30,247.59,247.8,241.62,243.91,11039339.0,2686057414.0,1162457516.0,0.009496552646488287
2024-07-31,242.61,248.02,242.57,247.05,8749003.0,2153504528.0,1162457516.0,0.007526299137455962
2024-08-01,248.0,248.74,240.0,244.2,10363488.0,2519341335.0,1162457516.0,0.008915154194761988
2024-08-02,241.99,242.26,234.6,234.78,14567117.0,3453944603.0,1162457516.0,0.012531311294820687
2024-08-05,230.84,236.67,230.01,231.18,10526835.0,2457359662.0,1162457516.0,0.009055672878457263
2024-08-06,234.0,234.62,225.98,228.94,12910151.0,2955783827.0,1162457516.0,0.011105912106296708
2024-08-07,229.04,231.0,226.47,228.95,8202186.0,1882919963.0,1162457516.0,0.007055901731551968
2024-08-08,227.8,227.8,223.5,226.45,8535741.0,1925911439.0,1162457516.0,0.007342841250122727
2024-08-09,228.06,235.88,228.04,231.62,11985218.0,2790790707.0,1162457516.0,0.01031024173790107
2024-08-12,232.01,233.49,229.5,230.4,5377901.0,1242071532.0,1162457516.0,0.004626320468472071
2024-08-13,230.36,230.39,226.0,228.73,6043650.0,1378452593.0,1162457516.0,0.005199028710138255
2024-08-14,228.6,228.6,225.2,226.6,5632985.0,1276584732.0,1162457516.0,0.004845755584585166
2024-08-15,226.57,232.5,224.88,231.49,8854538.0,2039684342.0,1162457516.0,0.007617085250967571
2024-08-16,232.11,238.32,230.5,235.11,10221858.0,2406276094.0,1162457516.0,0.008793317484129029
2024-08-19,235.25,238.98,235.01,235.42,7018242.0,1662452527.0,1162457516.0,0.006037418059069954
2024-08-20,236.0,237.33,233.43,236.48,6248422.0,1475807676.0,1162457516.0,0.005375183104756149
2024-08-21,234.66,243.13,232.0,241.0,11104338.0,2658947674.0,1162457516.0,0.009552467808208485
2024-08-22,241.0,242.77,239.62,240.52,6248845.0,1506260848.0,1162457516.0,0.005375546989022178
2024-08-23,239.8,241.3,238.15,239.34,4978602.0,1193437030.0,1162457516.0,0.004282824904544727
2024-08-26,239.5,243.0,237.71,239.41,5651342.0,1354660288.0,1162457516.0,0.004861547129435051
2024-08-27,237.51,241.28,236.5,240.8,5092646.0,1219258016.0,1162457516.0,0.004380930855455022
2024-08-28,240.27,240.28,232.8,236.85,8904070.0,2098577190.0,1162457516.0,0.0076596949801991734
2024-08-29,233.33,236.5,231.3,234.85,7938487.0,1858678051.0,1162457516.0,0.006829055591912057
2024-08-30,237.98,251.79,237.26,249.42,19302792.0,4764660206.0,1162457516.0,0.016605159099853075
2024-09-02,248.02,250.42,241.0,241.1,10113482.0,2468600915.0,1162457516.0,0.008700087410334229
2024-09-03,240.4,247.45,240.4,247.08,10181990.0,2497421913.0,1162457516.0,0.008759021176994137
2024-09-04,245.5,251.9,245.44,250.32,10060596.0,2506778351.0,1162457516.0,0.008654592414369146
2024-09-05,250.0,255.6,249.6,252.85,10012555.0,2542189363.0,1162457516.0,0.00861326531265681
2024-09-06,252.86,255.1,251.42,251.6,7814152.0,1982245013.0,1162457516.0,0.006722096844354698
2024-09-09,249.48,253.96,248.58,249.98,7085126.0,1774845244.0,1162457516.0,0.0060949547854271865
2024-09-10,250.0,252.8,248.62,249.65,6124829.0,1533462724.0,1162457516.0,0.0052688626600957
2024-09-11,250.0,260.6,249.44,258.1,15536148.0,4001603969.0,1162457516.0,0.013364916813011513
2024-09-12,258.7,260.0,257.0,257.01,7725108.0,1995755899.0,1162457516.0,0.006645497055739282
2024-09-13,257.2,258.0,254.85,254.99,5699161.0,1458587906.0,1162457516.0,0.004902683256426207
2024-09-18,255.02,259.33,254.1,258.43,6681981.0,1715595538.0,1162457516.0,0.005748150713492398
2024-09-19,259.01,259.38,253.3,255.36,9104323.0,2326365319.0,1162457516.0,0.007831961920920644
2024-09-20,255.38,258.8,252.88,256.1,8989793.0,2292829765.0,1162457516.0,0.007733437890215336
2024-09-23,255.95,256.96,248.79,250.0,10758273.0,2712153560.0,1162457516.0,0.009254766606025368
2024-09-24,253.0,255.5,246.76,254.29,15649454.0,3949080823.0,1162457516.0,0.013462387902010863
2024-09-25,258.0,269.66,257.66,262.8,20571034.0,5442651982.0,1162457516.0,0.01769615983110044
2024-09-26,264.0,269.7,262.1,269.61,14906641.0,3960197854.0,1162457516.0,0.012823385624700971
2024-09-27,273.0,291.99,271.5,283.99,30992240.0,8683447958.0,1162457516.0,0.026660965732875866
2024-09-30,290.0,308.08,290.0,307.31,38880459.0,11640545413.0,1162457516.0,0.03344677845413836
2024-10-08,338.04,338.04,307.31,327.38,44343939.0,14484952068.0,1162457516.0,0.03814671795713178
2024-10-09,315.0,320.71,300.5,305.69,32591858.0,10166970123.0,1162457516.0,0.028037031505588374
2024-10-10,310.0,322.0,309.98,315.89,25016687.0,7918647496.0,1162457516.0,0.02152051722808939
2024-10-11,314.02,314.02,296.01,300.05,18641849.0,5671879377.0,1162457516.0,0.016036585202826456
2024-10-14,300.99,309.98,300.2,307.0,17236482.0,5268100405.0,1162457516.0,0.014827623171391668
2024-10-15,305.5,308.38,298.0,298.0,12214902.0,3695577335.0,1162457516.0,0.010507826593122565
2024-10-16,293.0,295.98,287.0,289.79,15032187.0,4362898827.0,1162457516.0,0.012931386130759896
2024-10-17,292.51,297.85,289.12,289.42,10245654.0,3005198740.0,1162457516.0,0.008813787909647788
2024-10-18,289.45,306.2,288.08,300.3,19109242.0,5674148205.0,1162457516.0,0.016438658391366108
2024-10-21,303.0,308.6,300.9,306.45,15781602.0,4819617233.0,1162457516.0,0.01357606775540862
2024-10-22,305.0,310.12,303.0,304.75,10373266.0,3174859559.0,1162457516.0,0.008923565684958761
2024-10-23,304.75,311.8,302.68,308.88,12669500.0,3911383612.0,1162457516.0,0.010898892927799695
2024-10-24,308.88,309.97,302.58,303.68,9688514.0,2959755261.0,1162457516.0,0.008334510179208993
2024-10-25,304.0,311.8,304.0,308.14,13982037.0,4306245201.0,1162457516.0,0.012027998277401133
2024-10-28,309.0,309.0,301.75,305.1,10932439.0,3323177977.0,1162457516.0,0.009404592296515376
2024-10-29,309.0,310.28,303.8,305.4,11854561.0,3635542203.0,1162457516.0,0.01019784451202258
2024-10-30,303.0,307.51,301.5,305.55,10844820.0,3301164357.0,1162457516.0,0.00932921835915077
2024-10-31,302.01,302.99,293.0,293.19,24085199.0,7127704551.0,1162457516.0,0.020719207943940034
2024-11-01,293.2,295.6,290.1,290.31,14304086.0,4174457395.0,1162457516.0,0.012305039799837296
2024-11-04,296.0,308.92,295.61,306.98,21731889.0,6600399617.0,1162457516.0,0.018694781272333396
2024-11-05,304.06,308.44,300.5,307.5,16781998.0,5124245709.0,1162457516.0,0.014436654904814604
2024-11-06,308.0,309.75,298.0,300.36,18486120.0,5611830834.0,1162457516.0,0.015902619876905676
2024-11-07,295.03,301.88,294.0,301.78,15067592.0,4484370172.0,1162457516.0,0.012961843157801906
2024-11-08,307.12,307.52,297.0,297.9,16671572.0,5022195686.0,1162457516.0,0.014341661325711623
2024-11-11,295.0,299.47,292.6,299.29,18085930.0,5349190917.0,1162457516.0,0.015558357833354144
2024-11-12,300.15,310.0,299.31,300.81,24655746.0,7520312654.0,1162457516.0,0.02121001899909433
2024-11-13,298.0,301.33,295.3,300.57,14511579.0,4326957544.0,1162457516.0,0.012483534925159363
2024-11-14,300.0,300.3,294.0,294.75,12458290.0,3690676831.0,1162457516.0,0.010717200266267624
2024-11-15,294.79,295.79,288.02,290.0,15323594.0,4471450174.0,1162457516.0,0.01318206798019447
2024-11-18,290.01,292.95,286.66,288.68,11620595.0,3364288894.0,1162457516.0,0.009996576081323216
2024-11-19,288.68,291.48,282.02,287.99,13194669.0,3785016710.0,1162457516.0,0.011350667717649305
2024-11-20,288.01,290.4,285.5,288.46,10601693.0,3049973686.0,1162457516.0,0.00912006921034007
2024-11-21,288.47,288.49,284.0,286.0,9553294.0,2727230001.0,1162457516.0,0.008218187648588442
2024-11-22,285.5,285.86,278.0,278.49,12514178.0,3529973029.0,1162457516.0,0.010765277722201075
2024-11-25,283.0,289.36,280.89,283.0,17453315.0,4981714332.0,1162457516.0,0.015014152998947103
2024-11-26,280.0,286.0,277.88,281.01,9520645.0,2686423189.0,1162457516.0,0.008190101460877819
2024-11-27,279.28,281.0,277.0,281.0,11000281.0,3068303752.0,1162457516.0,0.009462953139011748
2024-11-28,281.2,281.56,273.0,274.58,15858922.0,4365779157.0,1162457516.0,0.013642582014154227
2024-11-29,273.0,277.88,272.05,274.83,12800460.0,3516186179.0,1162457516.0,0.011011550808365198
2024-12-02,276.61,284.0,274.08,282.4,15135721.0,4255616768.0,1162457516.0,0.013020450891041424
2024-12-03,284.8,285.88,280.58,282.65,9144971.0,2585320048.0,1162457516.0,0.007866929220319136
2024-12-04,281.34,283.33,278.8,279.98,8501286.0,2389151937.0,1162457516.0,0.007313201457247923
2024-12-05,277.19,278.48,274.31,275.26,9026771.0,2486214937.0,1162457516.0,0.00776524808498894
2024-12-06,275.67,281.98,274.01,280.28,12469840.0,3469413045.0,1162457516.0,0.010727136113247859
2024-12-09,279.23,283.99,277.68,280.49,9215268.0,2590143544.0,1162457516.0,0.007927401967952866
2024-12-10,293.0,294.0,282.0,282.55,17592915.0,5057037511.0,1162457516.0,0.015134243409201718
2024-12-11,282.03,283.87,279.4,280.77,9335988.0,2623997226.0,1162457516.0,0.008031250924442386
2024-12-12,280.1,283.68,278.4,283.68,10013395.0,2816818035.0,1162457516.0,0.00861398791970992
2024-12-13,281.33,281.62,276.42,276.51,11235863.0,3130392699.0,1162457516.0,0.009665611728041854
2024-12-16,276.52,278.18,273.58,274.95,7149026.0,1967314539.0,1162457516.0,0.006149924536252902
2024-12-17,274.92,285.66,273.98,282.8,17568207.0,4960329886.0,1162457516.0,0.015112988438882442
2024-12-18,283.25,286.88,282.63,284.65,8410638.0,2397657885.0,1162457516.0,0.007235221833259668
2024-12-19,281.81,286.94,280.0,285.4,8672852.0,2465377214.0,1162457516.0,0.007460790506859263
2024-12-20,285.01,286.75,280.2,280.2,9670711.0,2730666917.0,1162457516.0,0.008319195210915563
2024-12-23,280.5,283.29,278.88,280.7,8151596.0,2291275853.0,1162457516.0,0.007012381861532048
2024-12-24,279.89,288.51,279.13,288.42,14228738.0,4072070488.0,1162457516.0,0.012240221947173509
2024-12-25,288.73,291.36,285.7,285.92,8339103.0,2405517152.0,1162457516.0,0.007173684100469096
2024-12-26,285.92,286.8,284.0,284.86,6760455.0,1928774414.0,1162457516.0,0.005815657696689537
2024-12-27,286.8,287.55,283.0,286.28,7868319.0,2249658028.0,1162457516.0,0.0067686938160757696
2024-12-30,287.2,289.5,283.33,284.99,8294681.0,2371257354.0,1162457516.0,0.007135470230810568
2024-12-31,285.0,286.5,282.0,282.66,7761976.0,2201903440.0,1162413941.0,0.006677462929705176
2025-01-02,283.0,283.08,269.42,271.1,16878404.0,4624073918.0,1162413941.0,0.014520132118752695
2025-01-03,271.5,274.59,268.24,270.73,9936476.0,2693072230.0,1162413941.0,0.008548139048858844
2025-01-06,271.94,273.89,269.03,271.28,8244683.0,2236590144.0,1162413941.0,0.007092725499237625
2025-01-07,271.28,277.73,267.5,274.03,9572218.0,2627167273.0,1162413941.0,0.008234775635747472
2025-01-08,272.99,273.99,265.81,269.18,10908247.0,2933447142.0,1162413941.0,0.009384132979871066
2025-01-09,269.0,271.7,266.66,269.39,6561288.0,1766873664.0,1162413941.0,0.005644536570471155
2025-01-10,269.0,270.39,264.78,266.02,8054821.0,2147363100.0,1162413941.0,0.0069293912571889915
2025-01-13,263.0,268.47,262.21,266.0,6721375.0,1787448697.0,1162413941.0,0.005782256013049658
2025-01-14,266.34,277.15,266.01,276.3,12578973.0,3438827617.0,1162413941.0,0.010821423037286164
2025-01-15,276.2,277.31,274.5,274.69,6233583.0,1718769123.0,1162413941.0,0.0053626189261265925
2025-01-16,274.7,277.33,270.53,272.76,7257175.0,1984685718.0,1162413941.0,0.006243193361701088
2025-01-17,273.52,279.2,272.48,276.6,8614153.0,2376770800.0,1162413941.0,0.007410572685139536
2025-01-20,279.0,286.43,278.92,284.43,13579709.0,3863727458.0,1162413941.0,0.011682334941989482
2025-01-21,285.0,287.43,283.0,286.05,7644144.0,2184132797.0,1162413941.0,0.006576094565266402
2025-01-22,285.0,286.3,279.8,282.5,8105689.0,2287303620.0,1162413941.0,0.006973151916112472
2025-01-23,284.98,285.0,277.0,277.11,9617392.0,2690601164.0,1162413941.0,0.00827363786752795
2025-01-24,276.51,280.5,276.0,279.08,6814367.0,1898979251.0,1162413941.0,0.005862255053597985
2025-01-27,279.09,280.12,274.5,274.5,6340768.0,1755529340.0,1162413941.0,0.005454827902825367
2025-02-05,282.73,286.75,281.6,282.8,14535090.0,4128876836.0,1162413941.0,0.012504228904460464
2025-02-06,282.81,311.08,282.45,311.08,38145868.0,11416508784.0,1162413941.0,0.032816079242119135
2025-02-07,320.0,330.0,314.0,326.9,48707526.0,15691989048.0,1162413941.0,0.04190204907392796
2025-02-10,326.91,332.0,321.58,330.13,27271140.0,8908518537.0,1162413941.0,0.02346078194531908
2025-02-11,339.3,340.3,326.01,329.9,28036356.0,9315885530.0,1162413941.0,0.024119081001283346
2025-02-12,327.5,346.94,322.65,345.05,27935722.0,9451048634.0,1162413941.0,0.02403250771060737
2025-02-13,341.2,346.35,339.5,341.3,19983985.0,6859997621.0,1162413941.0,0.017191797427006255
2025-02-14,341.52,359.6,341.52,356.05,24364461.0,8574633633.0,1162413941.0,0.020960227798919696
2025-02-17,356.05,358.8,344.5,348.5,23201509.0,8111345839.0,1162413941.0,0.019959764918201374
2025-02-18,351.4,363.48,348.84,356.22,25179738.0,8977762526.0,1162413941.0,0.021661593268864625
2025-02-19,353.52,360.0,353.0,358.5,16191782.0,5784129670.0,1162413941.0,0.013929445810044702
2025-02-20,363.48,367.66,358.2,362.78,15693717.0,5695876655.0,1162413941.0,0.01350097107963023
2025-02-21,366.0,386.5,365.23,383.0,23929245.0,9089497618.0,1162413941.0,0.020585820727007265
2025-02-24,385.0,388.66,373.48,376.28,19940747.0,7586289374.0,1162413941.0,0.01715460069486555
2025-02-25,370.0,380.0,368.81,372.49,16110252.0,6008878409.0,1162413941.0,0.013859307284409109
2025-02-26,372.49,375.8,365.0,372.1,13852896.0,5125594765.0,1162413941.0,0.011917351910011203
2025-02-27,382.0,383.99,371.01,375.5,16844614.0,6350435990.0,1162413941.0,0.014491063300143266
2025-02-28,371.1,374.77,359.01,361.82,23930429.0,8762214822.0,1162413941.0,0.020586839297034892
2025-03-03,369.0,370.0,357.79,360.21,15207822.0,5524500397.0,1162413941.0,0.013082965941476092
2025-03-04,340.03,348.0,338.03,344.84,26345330.0,9062924960.0,1162413941.0,0.022664327285455362
2025-03-05,347.0,355.19,347.0,353.96,13906886.0,4885879812.0,1162413941.0,0.011963798359159563
2025-03-06,360.18,362.17,357.0,358.93,11460099.0,4120637645.0,1162413941.0,0.00985887952284977
2025-03-07,358.9,361.0,355.24,356.4,8758413.0,3131517605.0,1162413941.0,0.007534676496107165
2025-03-10,355.9,357.39,349.0,351.0,9917660.0,3484351089.0,1162413941.0,0.008531952044095452
2025-03-11,345.0,351.77,344.88,350.38,9536997.0,3314689326.0,1162413941.0,0.008204475758261746
2025-03-12,354.45,359.88,351.0,351.0,12951056.0,4593312533.0,1162413941.0,0.011141518131534522
2025-03-13,351.87,357.36,351.13,354.5,10221085.0,3624758941.0,1162413941.0,0.008792982120643717
2025-03-14,357.0,377.18,355.62,375.94,22469718.0,8292987454.0,1162413941.0,0.0193302206791066
2025-03-17,382.32,383.0,375.96,380.25,13306887.0,5060211613.0,1162413941.0,0.011447631975707697
2025-03-18,388.55,390.0,380.01,384.57,17333878.0,6672881109.0,1162413941.0,0.014911966717370951
2025-03-19,384.53,399.0,382.54,397.07,18835150.0,7404859765.0,1162413941.0,0.01620347910125417
2025-03-20,400.0,403.4,395.99,399.99,15941284.0,6372989565.0,1162413941.0,0.013713947706344654
2025-03-21,393.01,393.31,370.0,372.0,28210676.0,10685254371.0,1162413941.0,0.02426904479116188
2025-03-24,377.0,378.5,367.86,375.36,14789405.0,5522974120.0,1162413941.0,0.012723010692109378
2025-03-25,377.98,379.6,368.98,369.59,12308536.0,4595791802.0,1162413941.0,0.010588771835798209
2025-03-26,369.59,379.0,368.0,376.01,12020484.0,4503762855.0,1162413941.0,0.01034096682431306
2025-03-27,376.1,391.28,376.09,386.5,14439437.0,5554865371.0,1162413941.0,0.01242194066218619
2025-03-28,386.5,390.8,381.5,382.5,11493982.0,4428715749.0,1162413941.0,0.009888028347381976
2025-03-31,380.0,383.28,374.0,374.9,11578391.0,4370400299.0,1162413941.0,0.009960643615508738
2025-04-01,377.77,377.87,364.36,365.5,15407199.0,5663384880.0,1162413941.0,0.013254485735731554
2025-04-02,365.0,365.67,358.88,360.5,11710041.0,4226638863.0,1162413941.0,0.010073899311570628
2025-04-03,355.5,361.53,354.26,357.51,10102322.0,3618676870.0,1162413941.0,0.00869081283669842
2025-04-07,333.34,337.7,321.76,321.76,27349840.0,8911483834.0,1162413941.0,0.023528485882121745
2025-04-08,321.76,335.88,318.0,327.51,27464351.0,8924529993.0,1162413941.0,0.02362699726086647
2025-04-09,319.8,328.0,313.66,324.6,21193856.0,6822376377.0,1162413941.0,0.01823262372590557
2025-04-10,334.5,347.06,334.0,336.4,21089578.0,7165511481.0,1162413941.0,0.01814291557950267
2025-04-11,337.0,357.55,336.4,354.98,18994493.0,6621821827.0,1162413941.0,0.01634055849645045
2025-04-14,363.2,363.7,355.6,359.0,14206917.0,5115484103.0,1162413941.0,0.01222190864966579
2025-04-15,364.6,365.0,357.33,359.97,11651557.0,4195947009.0,1162413941.0,0.010023586769766727
2025-04-16,356.62,357.0,348.1,352.15,13182793.0,4618462218.0,1162413941.0,0.011340876545801853
2025-04-17,349.94,353.45,346.67,349.68,8528864.0,2985985219.0,1162413941.0,0.0073372003717219695
2025-04-18,347.9,347.9,344.0,346.0,7386013.0,2553879767.0,1162413941.0,0.006354029953947361
2025-04-21,346.0,349.87,345.24,348.76,7495341.0,2609226235.0,1162413941.0,0.006448082507984993
2025-04-22,348.76,356.93,346.78,354.84,11212206.0,3956085869.0,1162413941.0,0.00964562244526625
2025-04-23,377.0,378.0,367.23,371.99,24792689.0,9216822110.0,1162413941.0,0.021328623243000146
2025-04-24,372.48,374.6,363.35,366.0,15089211.0,5557113199.0,1162413941.0,0.012980927419899207
2025-04-25,370.0,375.3,368.1,370.83,13386942.0,4975314905.0,1162413941.0,0.011516501590202453
2025-04-28,367.13,367.13,356.56,360.0,17978320.0,6459136360.0,1162413941.0,0.015466366468844682
2025-04-29,359.1,360.63,353.0,355.0,11898307.0,4237606410.0,1162413941.0,0.010235860548750938
2025-04-30,354.9,354.93,349.3,353.09,13047947.0,4599074535.0,1162413941.0,0.011224871398888359
2025-05-06,360.0,362.3,355.92,359.96,14829353.0,5326196143.0,1162413941.0,0.012757377107196962
2025-05-07,365.0,365.68,358.14,359.2,10883990.0,3937980382.0,1162413941.0,0.009363265198485777
2025-05-08,356.52,361.98,355.7,359.28,8338169.0,2994908337.0,1162413941.0,0.007173149517483291
2025-05-09,360.75,366.0,359.3,363.22,14372616.0,5218995471.0,1162413941.0,0.012364455976530653
2025-05-12,365.0,370.28,360.58,370.28,16137017.0,5890708994.0,1162413941.0,0.013882332644873192
2025-05-13,376.0,376.58,366.03,366.5,13177107.0,4874657844.0,1162413941.0,0.011335985000888766
2025-05-14,366.5,373.1,363.36,373.1,13569307.0,5012059707.0,1162413941.0,0.011673386322540672
2025-05-15,373.0,385.0,369.28,376.8,20880137.0,7894571015.0,1162413941.0,0.01796273794001237
2025-05-16,375.03,390.99,373.58,389.17,22932794.0,8858484484.0,1162413941.0,0.019728595116702923
2025-05-19,388.0,388.0,377.0,382.81,16137281.0,6159126224.0,1162413941.0,0.013882559758460433
2025-05-20,383.5,394.8,381.5,394.8,17209991.0,6705400029.0,1162413941.0,0.014805389365164194
2025-05-21,393.94,404.0,391.01,400.0,19947886.0,7967115092.0,1162413941.0,0.017160742224787202
2025-05-22,399.98,405.56,398.0,398.8,14636280.0,5868800084.0,1162413941.0,0.01259128051011563
2025-05-23,399.0,416.98,398.13,405.0,23557418.0,9627525188.0,1162413941.0,0.020265945864116234
2025-05-26,401.81,403.0,380.0,381.0,30955063.0,12014228946.0,1162413941.0,0.02662998258036205
2025-05-27,375.88,381.0,368.88,372.41,23027544.0,8594833865.0,1162413941.0,0.01981010652727538
2025-05-28,372.41,372.95,362.07,362.88,17775388.0,6513230209.0,1162413941.0,0.015291788383670117
2025-05-29,359.59,366.0,355.08,361.13,19206113.0,6942900395.0,1162413941.0,0.01652261068331423
2025-05-30,357.02,358.8,351.3,352.3,19055991.0,6733498591.0,1162413941.0,0.016393463918375355
2025-06-03,351.25,357.99,349.0,356.0,18189270.0,6453885813.0,1162413941.0,0.015647842268952966
2025-06-04,359.5,364.32,358.15,360.52,14690410.0,5311224037.0,1162413941.0,0.012637847398287527
2025-06-05,362.39,362.74,356.03,360.75,10861275.0,3908084318.0,1162413941.0,0.009343723966916876
2025-06-06,361.0,362.38,357.5,359.96,8969768.0,3228098168.0,1162413941.0,0.007716500709104968
2025-06-09,356.12,356.41,345.11,348.14,25509134.0,8932441523.0,1162413941.0,0.02194496564455777
2025-06-10,349.6,355.0,348.23,353.13,17178588.0,6042960183.0,1162413941.0,0.014778374031906075
2025-06-11,354.01,365.98,354.01,361.99,20310674.0,7326544794.0,1162413941.0,0.017472841028151435
2025-06-12,359.89,359.89,353.01,353.24,14404696.0,5117764844.0,1162413941.0,0.012392053718495449
2025-06-13,349.5,349.91,341.49,346.0,21023987.0,7256548254.0,1162413941.0,0.018086489036696782
2025-06-16,345.99,347.04,340.8,344.43,10228405.0,3508947839.0,1162413941.0,0.00879927936101723
2025-06-17,344.0,346.4,342.4,343.74,7004530.0,2408912944.0,1162413941.0,0.0060258482395472235
2025-06-18,342.82,349.2,341.97,346.95,10289697.0,3565398002.0,1162413941.0,0.008852007565521791
2025-06-19,344.03,345.29,340.35,340.5,10038121.0,3437688887.0,1162413941.0,0.008635582081340507
2025-06-20,340.03,342.97,339.8,340.25,7353816.0,2507526430.0,1162413941.0,0.0063263315593700365
2025-06-23,336.85,339.71,333.6,338.2,9459334.0,3185477391.0,1162413941.0,0.008137663930511997
2025-06-24,341.23,346.2,341.23,343.38,14471259.0,4979495319.0,1162413941.0,0.012449316452236183
2025-06-25,345.99,349.73,343.02,349.27,12573827.0,4352301720.0,1162413941.0,0.010816996042892435
2025-06-26,344.31,344.31,336.83,337.44,20493214.0,6967640374.0,1162413941.0,0.017629876309269075
2025-06-27,334.0,336.72,333.44,334.24,13861749.0,4633461708.0,1162413941.0,0.011924967957692448
2025-06-30,334.24,334.24,328.59,331.91,14400344.0,4768270278.0,1162413941.0,0.012388309785420923
2025-07-01,330.3,333.35,328.79,331.34,8851804.0,2931303337.0,1162413941.0,0.007615018787872572
2025-07-02,332.0,333.86,328.93,330.66,9327011.0,3083342650.0,1162413941.0,0.00802382926685839
2025-07-03,330.98,335.25,330.67,334.56,12349781.0,4123732531.0,1162413941.0,0.01062425403241099
2025-07-04,332.55,334.99,329.77,331.0,10410355.0,3454495463.0,1162413941.0,0.008955807077678535
2025-07-07,329.2,330.49,328.44,328.59,8820772.0,2901015557.0,1162413941.0,0.007588322618026826
2025-07-08,327.0,329.78,325.72,326.88,11691814.0,3825413668.0,1162413941.0,0.010058219010984831
2025-07-09,326.9,328.21,325.78,325.8,12163311.0,3969384130.0,1162413941.0,0.010463837855846913
2025-07-10,325.81,326.09,318.85,321.23,21002206.0,6741345468.0,1162413941.0,0.01806775130547062
2025-07-11,319.9,326.85,319.02,323.91,16826983.0,5456832018.0,1162413941.0,0.014475895725686243
2025-07-14,323.91,323.91,317.56,318.49,17230914.0,5502331854.0,1162413941.0,0.014823388977231821
2025-07-15,318.2,325.0,318.0,323.05,16279094.0,5252631322.0,1162413941.0,0.01400455846735238
2025-07-16,323.06,325.91,323.06,323.72,11075835.0,3594544238.0,1162413941.0,0.009528305373274941
2025-07-17,325.0,328.72,324.1,328.02,15689135.0,5138610961.0,1162413941.0,0.013497029282445607
2025-07-18,329.13,329.5,325.25,329.11,13686649.0,4482466755.0,1162413941.0,0.011774333150397066
2025-07-21,327.99,334.12,327.26,334.12,15394503.0,5102459146.0,1162413941.0,0.013243563636854215
2025-07-22,335.0,342.01,333.21,341.69,21416417.0,7227731007.0,1162413941.0,0.018424088222458786
2025-07-23,342.09,343.0,337.0,338.07,15890735.0,5395840274.0,1162413941.0,0.01367046147633909
2025-07-24,338.08,346.54,337.63,342.72,18906327.0,6489370096.0,1162413941.0,0.016264711161099194
2025-07-25,341.0,341.4,335.0,337.93,15704076.0,5307866611.0,1162413941.0,0.013509882707093239
2025-07-28,337.93,339.1,335.53,337.0,11705670.0,3947000994.0,1162413941.0,0.010070139033200051
2025-07-29,112.01,112.5,109.77,111.42,38735984.0,4322742015.0,3487241823.0,0.01110791449692934
2025-07-30,108.05,111.16,107.12,108.7,52483427.0,5743878668.0,3487241823.0,0.015050125475625785
2025-07-31,108.2,108.2,105.0,105.24,59949943.0,6344900791.0,3487241823.0,0.017191220466731594
2025-08-01,104.95,106.24,104.36,105.8,36233692.0,3816659558.0,3487241823.0,0.010390358294346484
2025-08-04,104.0,105.14,102.57,104.88,41293694.0,4293903590.0,3487241823.0,0.011841362341908343
2025-08-05,104.88,105.21,103.78,104.86,33834986.0,3539636640.0,3487241823.0,0.009702506369602003
2025-08-06,104.86,105.0,103.9,104.35,30561960.0,3184784993.0,3487241823.0,0.008763934809002777
2025-08-07,104.27,106.43,104.16,105.33,42876298.0,4526612773.0,3487241823.0,0.012295189200017804
2025-08-08,105.0,105.03,103.91,103.93,32661461.0,3405317252.0,3487241823.0,0.009365986833658137
2025-08-11,103.88,105.66,103.23,105.52,35669790.0,3741329572.0,3487241823.0,0.010228653993749719
2025-08-12,105.4,106.43,104.7,105.67,31219504.0,3302639096.0,3487241823.0,0.008952491850175886
2025-08-13,106.29,107.65,105.84,106.83,45983014.0,4908744877.0,3487241823.0,0.013186069774892121
2025-08-14,107.37,107.5,105.79,106.37,41954793.0,4478119017.0,3487241823.0,0.01203093881338782
2025-08-15,105.85,106.64,105.32,106.07,36135346.0,3831047052.0,3487241823.0,0.010362156636706522
2025-08-18,105.66,109.49,105.66,108.37,61925173.0,6680761816.0,3487241823.0,0.017757636591639373
2025-08-19,108.67,108.92,107.18,107.63,38973519.0,4205349329.0,3487241823.0,0.01117602993372909
2025-08-20,107.18,108.26,106.01,108.25,38505345.0,4130459252.0,3487241823.0,0.011041776554192239
2025-08-21,107.8,108.83,107.0,107.1,44946378.0,4843670255.0,3487241823.0,0.012888804471074388
2025-08-22,107.11,110.97,107.11,110.66,76312005.0,8351469726.0,3487241823.0,0.021883198491336745
2025-08-25,111.31,112.49,110.31,111.61,61162758.0,6803182883.0,3487241823.0,0.017539006786567782
2025-08-26,111.75,114.69,110.71,113.75,69291585.0,7850511029.0,3487241823.0,0.01987002580176385
2025-08-27,113.96,114.06,110.66,110.68,68974693.0,7761766931.0,3487241823.0,0.019779153984985916
2025-08-28,109.39,110.19,107.11,109.32,76252199.0,8278465956.0,3487241823.0,0.021866048547904214
2025-08-29,108.88,116.59,108.12,114.06,114490194.0,12973326091.0,3487241823.0,0.03283115992842347
2025-09-01,108.5,111.48,108.5,109.7,132986738.0,14546890247.0,3487241823.0,0.03813522111454672
2025-09-02,108.79,111.1,108.6,110.02,77322410.0,8495472755.0,3487241823.0,0.022172941804615424
2025-09-03,110.5,110.73,107.01,107.21,73522327.0,7975948716.0,3487241823.0,0.02108323160013902
2025-09-04,106.59,107.09,103.71,104.0,81574074.0,8588835881.0,3487241823.0,0.023392147186920224
2025-09-05,103.86,107.5,103.11,107.26,78752385.0,8307907948.0,3487241823.0,0.02258300083481191
2025-09-08,106.15,107.13,105.51,106.25,55592345.0,5910440232.0,3487241823.0,0.015941637495094932
2025-09-09,106.0,107.2,105.27,105.49,38163622.0,4049249507.0,3487241823.0,0.010943784210287043
2025-09-10,105.52,106.45,105.02,105.2,32236895.0,3401353898.0,3487241823.0,0.0092442384658794
2025-09-11,105.25,106.6,104.89,106.59,53778149.0,5683446689.0,3487241823.0,0.01542139941236877
2025-09-12,106.6,107.58,105.9,105.91,45591018.0,4859782579.0,3487241823.0,0.013073661166629108
2025-09-15,106.0,110.85,106.0,108.7,97480407.0,10620465041.0,3487241823.0,0.027953440554959758
2025-09-16,109.0,109.0,107.22,107.8,53316021.0,5753437964.0,3487241823.0,0.015288879781251694
2025-09-17,108.2,112.0,108.2,110.99,98123971.0,10827682692.0,3487241823.0,0.02813798869720656
2025-09-18,110.99,112.8,108.56,109.71,93401380.0,10362193293.0,3487241823.0,0.026783740486241582
2025-09-19,109.8,110.8,109.0,109.09,47297748.0,5188176204.0,3487241823.0,0.013563082344347072
2025-09-22,108.87,108.91,107.15,107.99,49155923.0,5293961578.0,3487241823.0,0.014095931826635471
2025-09-23,107.45,107.69,104.64,105.6,65096262.0,6888232046.0,3487241823.0,0.018666976740947396
2025-09-24,105.0,105.83,104.0,105.71,54816227.0,5758922305.0,3487241823.0,0.015719078223500646
2025-09-25,105.34,108.8,104.87,107.5,69348204.0,7421942405.0,3487241823.0,0.019886261842415393
2025-09-26,107.45,111.23,107.0,107.29,75661207.0,8250492997.0,3487241823.0,0.021696575930289307
2025-09-29,107.0,109.14,106.39,108.61,61398368.0,6621874267.0,3487241823.0,0.017606570211176318
2025-09-30,108.19,109.98,107.76,109.21,56775550.0,6200518750.0,3487241823.0,0.016280932863771747
2025-10-09,108.67,112.48,108.07,110.6,100872197.0,11196004667.0,3487241823.0,0.02892606883030033
2025-10-10,110.55,110.55,107.58,107.79,59010253.0,6420415513.0,3487241823.0,0.016921755357142035
2025-10-13,105.0,105.98,104.1,105.69,74442980.0,7841774365.0,3487241823.0,0.02134723766760697
2025-10-14,106.68,109.36,105.62,105.99,76778627.0,8244228529.0,3487241823.0,0.02201700682000567
2025-10-15,106.45,107.51,105.5,107.1,47579133.0,5063179652.0,3487241823.0,0.01364377218872326
2025-10-16,107.0,109.3,106.51,106.96,52309638.0,5628738804.0,3487241823.0,0.015000289815003174
2025-10-17,106.6,106.63,104.26,104.43,62572494.0,6576614911.0,3487241823.0,0.017943262089627675
2025-10-20,105.22,105.63,104.08,104.52,35561452.0,3721699722.0,3487241823.0,0.010197587034387893
2025-10-21,104.69,105.07,104.24,104.76,29907419.0,3133789475.0,3487241823.0,0.008576238906847958
2025-10-22,104.1,104.32,103.37,103.78,35787419.0,3715302136.0,3487241823.0,0.010262385236367935
2025-10-23,103.3,103.73,102.0,103.69,37860342.0,3889661811.0,3487241823.0,0.010856815764910032
2025-10-24,103.98,104.37,103.61,103.76,30554268.0,3173964302.0,3487241823.0,0.008761729054314568
2025-10-27,104.0,104.97,103.88,104.01,34598784.0,3607756848.0,3487241823.0,0.009921532763172529
2025-10-28,104.02,104.32,103.5,103.72,26541583.0,2755526047.0,3487241823.0,0.007611053189642822
2025-10-29,103.73,105.18,103.0,104.52,39734040.0,4128608369.0,3487241823.0,0.011394116616156446
2025-10-30,104.0,104.86,103.5,103.61,35898945.0,3733925603.0,3487241823.0,0.010294366385270322
2025-10-31,101.0,101.32,100.0,100.79,63705259.0,6418551106.0,3487241823.0,0.01826809330509684
2025-11-03,100.79,100.99,98.5,99.6,55167021.0,5472679665.0,3487241823.0,0.015819671763554668
2025-11-04,99.0,99.54,97.71,97.8,43501704.0,4274197474.0,3487241823.0,0.012474530361813684
2025-11-05,96.66,96.66,94.73,95.8,58721510.0,5617215879.0,3487241823.0,0.016838955535777307
2025-11-06,95.58,97.75,95.4,97.52,40200367.0,3897723836.0,3487241823.0,0.011527840350749314
2025-11-07,97.0,98.15,96.83,97.2,32256073.0,3145817991.0,3487241823.0,0.009249737941101769
2025-11-10,97.35,100.35,97.35,99.39,55487690.0,5513238813.0,3487241823.0,0.015911626671265694
2025-11-11,99.5,99.78,98.14,98.71,31985788.0,3161124110.0,3487241823.0,0.009172231128061922
2025-11-12,98.8,98.99,97.54,97.77,26064335.0,2555847684.0,3487241823.0,0.007474197753678409
2025-11-13,97.01,100.5,97.01,99.83,57999022.0,5759429264.0,3487241823.0,0.0166317751804504
2025-11-14,99.0,100.5,98.33,98.37,34298466.0,3396134916.0,3487241823.0,0.009835413699671036
2025-11-17,97.8,98.59,97.25,98.08,20724759.0,2029207779.0,3487241823.0,0.005943023183339471
2025-11-18,97.54,97.85,96.02,96.49,30475645.0,2949162765.0,3487241823.0,0.008739183155867995
2025-11-19,96.4,96.66,95.01,95.17,34829235.0,3327809284.0,3487241823.0,0.009987616795108619
2025-11-20,95.17,95.5,93.5,93.61,39181087.0,3692348085.0,3487241823.0,0.011235552046199464
2025-11-21,92.49,94.39,91.7,92.7,45171313.0,4182916493.0,3487241823.0,0.012953306737168024
2025-11-24,93.1,94.41,92.2,93.93,32730213.0,3064736739.0,3487241823.0,0.009385702128292008
2025-11-25,94.0,95.38,93.7,93.91,27748887.0,2620855758.0,3487241823.0,0.007957259177434452
2025-11-26,94.75,95.44,94.45,95.09,30657697.0,2914626393.0,3487241823.0,0.008791388310898908
2025-11-27,94.6,95.16,94.22,94.29,20227996.0,1915349541.0,3487241823.0,0.005800571634174278
2025-11-28,94.6,95.23,94.2,95.17,21935062.0,2080615710.0,3487241823.0,0.006290089163111072
2025-12-01,95.39,96.3,95.14,95.77,23371272.0,2237016414.0,3487241823.0,0.0067019361392879236
2025-12-02,96.42,97.8,96.25,96.62,35921746.0,3483571735.0,3487241823.0,0.01030090479045049
2025-12-03,96.64,96.65,94.89,95.05,23157284.0,2207429346.0,3487241823.0,0.00664057303031491
2025-12-04,94.92,95.29,94.2,95.24,16614164.0,1576759405.0,3487241823.0,0.0047642706882045785
2025-12-05,95.29,96.22,94.71,95.98,21161847.0,2021250209.0,3487241823.0,0.006068362354577095
2025-12-08,96.21,97.15,96.21,96.53,24780498.0,2397261754.0,3487241823.0,0.007106045194962093
2025-12-09,96.21,96.66,95.7,96.03,16322702.0,1568057388.0,3487241823.0,0.00468069116754224
2025-12-10,95.6,96.65,94.9,96.47,19840224.0,1902988180.0,3487241823.0,0.005689374298376554
2025-12-11,96.98,97.12,95.85,96.23,25090767.0,2422448208.0,3487241823.0,0.007195017803042677
2025-12-12,96.2,97.7,95.65,97.0,55462088.0,5390456375.0,3487241823.0,0.015904285052502364
2025-12-15,96.55,97.16,95.53,95.53,29330099.0,2824248327.0,3487241823.0,0.008410686866208762
2025-12-16,95.5,95.7,94.14,94.25,25876771.0,2450336536.0,3487241823.0,0.007420411979843361
2025-12-17,94.5,95.7,93.68,95.21,27282500.0,2584139145.0,3487241823.0,0.007823518237266793
2025-12-18,94.39,94.6,93.5,93.53,25279734.0,2376126962.0,3487241823.0,0.007249205900568255
2025-12-19,94.0,95.27,93.73,94.23,27206794.0,2573037718.0,3487241823.0,0.0078018088165146444
2025-12-22,94.7,95.36,94.25,94.37,20623482.0,1952361858.0,3487241823.0,0.005913981033370969
2025-12-23,94.5,95.5,94.5,94.81,23661741.0,2247679864.0,3487241823.0,0.006785230907687471
2025-12-24,94.8,94.8,94.05,94.42,19280995.0,1819358259.0,3487241823.0,0.005529010025296431
2025-12-25,94.43,95.23,94.12,94.84,18220163.0,1725723851.0,3487241823.0,0.005224806286684639
2025-12-26,95.28,101.45,95.25,100.01,102095895.0,10178557962.0,3487241823.0,0.029276975954644027
2025-12-29,100.5,101.3,99.6,100.21,51916696.0,5209488142.0,3487241823.0,0.014887609932177623
2025-12-30,99.26,100.15,98.74,99.75,31875638.0,3174697986.0,3487241823.0,0.009140644560341407
2025-12-31,99.98,100.2,97.38,97.72,40285887.0,3955310311.0,3486613500.0,0.011554445882802897
2026-01-05,98.4,99.48,97.9,98.11,38262521.0,3762797878.0,3486613500.0,0.01097412173732477
2026-01-06,98.22,100.5,98.12,99.99,52178486.0,5185026166.0,3486613500.0,0.014965377148915417
2026-01-07,99.96,99.96,97.06,97.6,56084881.0,5502570731.0,3486613500.0,0.01608577520852254
2026-01-08,97.2,97.2,96.33,96.88,30065475.0,2908439429.0,3486613500.0,0.008623116671807759
2026-01-09,97.05,97.95,96.9,97.01,35034058.0,3412630185.0,3486613500.0,0.01004816220667992
2026-01-12,97.01,98.0,96.3,97.47,42525719.0,4125432529.0,3486613500.0,0.012196854913801028
2026-01-13,99.0,99.6,96.88,97.19,49872272.0,4905229942.0,3486613500.0,0.01430392901306669
2026-01-14,96.81,97.74,95.51,96.1,51474973.0,4975154616.0,3486613500.0,0.01476360170119229
2026-01-15,96.08,96.64,95.6,95.67,29563546.0,2835803090.0,3486613500.0,0.008479157784480556
2026-01-16,96.7,97.44,95.6,95.86,38458802.0,3705328916.0,3486613500.0,0.011030417337625751
2026-01-19,96.81,97.3,95.77,96.19,33492715.0,3227653862.0,3486613500.0,0.009606087683650625
2026-01-20,96.22,96.26,94.68,94.74,38914947.0,3699337566.0,3486613500.0,0.01116124485837045
2026-01-21,94.01,94.94,94.0,94.1,30833393.0,2910327666.0,3486613500.0,0.008843364198526736
2026-01-22,94.72,95.13,93.89,94.12,29101425.0,2741536605.0,3486613500.0,0.008346616279665068
2026-01-23,94.24,94.36,93.51,93.65,38330272.0,3598066421.0,3486613500.0,0.01099355348678596
2026-01-26,93.65,93.66,92.5,92.63,37545961.0,3485372554.0,3486613500.0,0.01076860426313384
2026-01-27,92.67,92.99,91.8,91.81,36298092.0,3340756010.0,3486613500.0,0.010410701386890172
2026-01-28,91.8,93.5,90.01,93.34,71556618.0,6553150013.0,3486613500.0,0.020523243542767217
2026-01-29,92.66,92.92,91.61,92.31,37182481.0,3423462525.0,3486613500.0,0.010664354107502882
2026-01-30,92.27,92.27,90.7,90.89,32917560.0,3001871204.0,3486613500.0,0.009441126755231115
2026-02-02,88.0,89.09,86.97,87.05,64697385.0,5676850727.0,3486613500.0,0.01855593830517779
2026-02-03,87.2,87.4,85.88,87.37,37782685.0,3275997179.0,3486613500.0,0.010836499371094616
2026-02-04,86.99,89.33,86.45,89.14,37650471.0,3322530225.0,3486613500.0,0.01079857890758468
2026-02-05,88.5,91.23,88.33,90.11,35424031.0,3184480193.0,3486613500.0,0.010160010852937959
2026-02-06,89.39,90.66,89.0,89.82,24708779.0,2217096985.0,3486613500.0,0.007086755959615255
2026-02-09,90.5,90.65,89.83,90.06,20817951.0,1875980039.0,3486613500.0,0.005970822690843135
2026-02-10,90.0,91.57,89.84,90.81,26760481.0,2434219975.0,3486613500.0,0.00767520718886679
2026-02-11,90.88,92.95,90.88,92.28,39694959.0,3662117779.0,3486613500.0,0.011384961080429476
2026-02-12,92.29,92.35,91.08,91.16,23031332.0,2106032227.0,3486613500.0,0.006605645277286972
2026-02-13,90.05,91.09,89.88,90.27,21733887.0,1963579417.0,3486613500.0,0.00623352344617492
2026-02-24,91.98,91.99,90.61,90.87,20644458.0,1879888761.0,3486613500.0,0.005921062945462696
2026-02-25,90.89,92.79,90.89,91.45,32478010.0,2985714580.0,3486613500.0,0.009315058867293436
2026-02-26,91.4,91.4,89.61,89.85,29101894.0,2619922211.0,3486613500.0,0.00834675079414452
2026-02-27,89.4,89.94,89.1,89.32,21934083.0,1962319079.0,3486613500.0,0.006290941912546372
2026-03-02,88.0,97.25,87.72,96.79,143513688.0,13507227574.0,3486613500.0,0.041161341226952745
2026-03-03,96.39,96.99,93.99,95.21,86574145.0,8272503576.0,3486613500.0,0.02483043933604915
2026-03-04,95.2,96.8,93.7,95.99,70096892.0,6674964518.0,3486613500.0,0.020104577694086252
2026-03-05,96.8,96.82,93.89,94.47,55243997.0,5235746090.0,3486613500.0,0.015844600211638027
2026-03-06,96.0,96.0,93.25,93.62,50354037.0,4743654925.0,3486613500.0,0.01444210463821126
2026-03-09,93.62,98.0,93.0,97.52,109340899.0,10562485735.0,3486613500.0,0.031360200664627726
2026-03-10,97.18,97.49,96.08,96.6,50746243.0,4907397251.0,3486613500.0,0.014554593734005791
2026-03-11,96.75,100.34,95.67,99.22,90374375.0,8925093668.0,3486613500.0,0.025920388078575385
2026-03-12,99.23,100.69,98.7,99.1,50252357.0,4995016177.0,3486613500.0,0.014412941669617237
2026-03-13,99.0,100.79,98.3,99.67,51976482.0,5199004697.0,3486613500.0,0.014907440127791624
2026-03-16,99.67,105.0,98.79,104.62,108781426.0,11184164655.0,3486613500.0,0.031199737510337753
2026-03-17,104.63,106.66,102.71,102.87,84138860.0,8793237613.0,3486613500.0,0.02413197218447069
2026-03-18,102.82,102.82,100.05,101.69,61799648.0,6257459330.0,3486613500.0,0.017724834714257832
2026-03-19,100.99,103.88,100.47,102.31,53105939.0,5450382395.0,3486613500.0,0.015231381109492062
2026-03-20,102.0,104.45,101.56,103.03,62878324.0,6495105104.0,3486613500.0,0.01803421113352541
2026-03-23,103.87,111.82,103.18,107.63,178244551.0,19284919429.0,3486613500.0,0.05112254369461944
2026-03-24,108.4,108.4,104.93,106.64,92144617.0,9784806491.0,3486613500.0,0.026428113411480797
2026-03-25,106.72,107.66,105.28,106.6,66266489.0,7061311678.0,3486613500.0,0.01900597499550782
2026-03-26,106.62,107.68,102.7,103.14,82812067.0,8655663075.0,3486613500.0,0.023751433016593323
2026-03-27,103.99,105.89,102.75,105.3,65845464.0,6893710026.0,3486613500.0,0.018885220286102834
2026-03-30,103.51,108.0,103.25,106.05,72755723.0,7713482118.0,3486613500.0,0.02086716035488304
2026-03-31,107.0,108.49,105.1,105.25,58865901.0,6283345063.0,3486613500.0,0.016883403049979585
2026-04-01,105.9,106.5,102.37,102.65,71519811.0,7383168512.0,3486613500.0,0.020512686880837235
2026-04-02,102.49,103.48,100.5,101.65,60434947.0,6153958208.0,3486613500.0,0.01733342310525672
2026-04-03,101.8,102.3,99.0,99.01,49174516.0,4921224066.0,3486613500.0,0.014103804737749108
2026-04-07,99.5,99.77,97.45,97.98,37969746.0,3731963030.0,3486613500.0,0.010890150571607665
2026-04-08,98.5,101.28,98.11,101.22,56281840.0,5621410290.0,3486613500.0,0.016142265266855648
2026-04-09,100.21,100.21,98.81,99.03,37906293.0,3764528220.0,3486613500.0,0.010871951536928312
2026-04-10,99.39,102.2,99.03,101.67,60573135.0,6130392652.0,3486613500.0,0.017373056979214933
2026-04-13,101.57,104.99,100.81,104.25,66313598.0,6887089022.0,3486613500.0,0.019019486387005614
2026-04-14,103.0,104.19,102.5,103.82,54334283.0,5614541232.0,3486613500.0,0.01558368399594621
2026-04-15,103.82,104.77,102.5,103.03,42871917.0,4431952620.0,3486613500.0,0.012296148397291526
2026-04-16,103.28,105.97,103.28,105.54,64366146.0,6763624067.0,3486613500.0,0.018460935231278144
2026-04-17,104.99,105.46,103.12,103.78,44204763.0,4595671718.0,3486613500.0,0.01267842363370646
2026-04-20,103.78,103.95,102.62,102.91,38367696.0,3957213043.0,3486613500.0,0.011004287111261401
2026-04-21,102.91,103.19,101.33,101.53,43225769.0,4398233495.0,3486613500.0,0.012397637134141768
2026-04-22,101.11,102.38,100.6,101.62,34373337.0,3485648244.0,3486613500.0,0.009858659986258872
2026-04-23,101.57,101.59,99.01,99.98,49216375.0,4915554212.0,3486613500.0,0.01411581037014857
2026-04-24,99.91,99.91,98.7,99.46,33773878.0,3348015919.0,3486613500.0,0.009686728397053474
2026-04-27,100.0,104.0,99.88,102.34,60167020.0,6169037082.0,3486613500.0,0.017256578625649215
2026-04-28,101.85,103.3,101.34,101.48,36155004.0,3687912785.0,3486613500.0,0.010369662137773517
2026-04-29,101.47,105.64,101.0,105.4,105655781.0,11021927729.0,3486613500.0,0.030303267339497193
2026-04-30,104.54,105.45,102.37,102.98,60097853.0,6206126903.0,3486613500.0,0.017236740751448362
2026-05-06,101.7,101.89,100.2,100.75,67048711.0,6746578445.0,3486613500.0,0.01923032507044443
2026-05-07,101.05,101.26,100.01,100.46,46884596.0,4708289851.0,3486613500.0,0.013447029904519098
2026-05-08,100.47,101.0,99.8,100.02,38215750.0,3823821998.0,3486613500.0,0.010960707288031783
2026-05-11,100.02,100.73,99.0,100.44,48281004.0,4812920715.0,3486613500.0,0.01384753543804038
2026-05-12,99.97,100.1,99.1,99.23,35344129.0,3514548836.0,3486613500.0,0.010137094059895081
2026-05-13,99.23,99.25,97.81,98.6,45619352.0,4481395884.0,3486613500.0,0.013084143682688086
2026-05-14,99.0,100.0,98.45,98.73,33917988.0,3361151176.0,3486613500.0,0.009728060767274607
2026-05-15,98.0,98.03,96.26,96.3,46621723.0,4507893858.0,3486613500.0,0.013371634969003591
2026-05-18,95.34,95.94,94.3,94.51,35461317.0,3359745463.0,3486613500.0,0.010170704897459956
2026-05-19,94.51,96.08,93.8,96.0,29618439.0,2822346576.0,3486613500.0,0.008494901714801483
2026-05-20,95.3,95.49,93.3,93.36,41500993.0,3900216299.0,3486613500.0,0.011902951961839188
2026-05-21,93.41,96.2,93.41,93.51,37394974.0,3540792199.0,3486613500.0,0.010725299491899518
2026-05-22,93.55,94.19,92.61,93.75,26859177.0,2510615944.0,3486613500.0,0.007703514312670447
2026-05-25,95.0,97.21,95.0,95.96,40599516.0,3900848662.0,3486613500.0,0.011644398210469845
2026-05-26,95.8,96.92,94.51,96.55,38652435.0,3720039551.0,3486613500.0,0.011085953461718655
2026-05-27,96.0,97.27,94.66,95.22,36237356.0,3467882770.0,3486613500.0,0.010393281618395615
2026-05-28,95.22,95.99,94.03,95.88,31458976.0,2991315170.0,3486613500.0,0.009022788445005448
2026-05-29,98.9,99.5,96.13,96.18,60629393.0,5901286621.0,3486613500.0,0.017389192406901424
2026-06-01,96.18,96.22,93.6,93.65,44598076.0,4207350430.0,3486613500.0,0.012791230229562295
2026-06-02,96.0,96.88,94.31,96.76,55496417.0,5321331038.0,3486613500.0,0.015916997109085937
2026-06-03,96.0,96.0,94.5,94.82,37043374.0,3514157745.0,3486613500.0,0.010624456653999647
2026-06-04,93.6,94.39,93.1,93.44,31871174.0,2982999607.0,3486613500.0,0.009141011471446433
2026-06-05,93.52,94.0,92.3,93.01,33996897.0,3159266076.0,3486613500.0,0.009750692756739456
2026-06-08,91.0,92.02,90.3,91.19,31684395.0,2885879183.0,3486613500.0,0.009087441151707811
2026-06-09,91.22,91.92,90.03,91.89,28192695.0,2562232961.0,3486613500.0,0.008085982286249967
2026-06-10,91.0,91.0,90.1,90.31,24128660.0,2182297137.0,3486613500.0,0.006920371300116861
2026-06-11,90.1,90.8,88.88,89.8,31508734.0,2821436895.0,3486613500.0,0.009037059599522574
2026-06-12,89.9,91.78,89.25,91.6,38535178.0,3497028505.0,3486613500.0,0.01105232283417706
2026-06-15,91.61,91.9,90.4,90.82,31297908.0,2847656617.0,3486613500.0,0.008976592329491067
2026-06-16,90.35,90.5,89.5,89.64,33601868.0,3017362613.0,3486613500.0,0.009637393992766906
2026-06-17,89.0,89.3,87.0,87.47,49526711.0,4335318668.0,3486613500.0,0.01420481822834679
2026-06-18,87.0,89.33,86.08,88.13,43578976.0,3820166910.0,3486613500.0,0.012498940877731358
2026-06-22,87.0,87.9,84.6,87.59,63724220.0,5467321886.0,3486613500.0,0.018276823628429133
2026-06-23,86.91,88.32,84.75,85.0,46621668.0,4016365834.0,3486613500.0,0.013371619194384465
2026-06-24,84.5,84.7,82.78,83.3,45573530.0,3803649806.0,3486613500.0,0.013071001417277826
2026-06-25,82.8,83.81,81.34,82.2,55643208.0,4579273325.0,3486613500.0,0.01595909842028662
2026-06-26,81.51,81.8,78.2,78.2,66320802.0,5267490278.0,3486613500.0,0.019021552575299788
2026-06-29,78.2,80.95,77.6,79.64,52370729.0,4160734873.0,3486613500.0,0.015020514605361334
2026-06-30,79.58,80.55,78.58,79.7,38204309.0,3031865049.0,3487068722.0,0.010955995435067884
2026-07-01,79.9,81.65,78.55,80.66,50317661.0,4035250997.0,3487068722.0,0.014429787598547936
2026-07-02,81.9,85.67,81.9,83.57,82504621.0,6956783955.0,3487068722.0,0.023660164905691814
2026-07-03,83.73,88.88,83.6,88.47,83898162.0,7298140284.0,3487068722.0,0.024059795974390893
2026-07-06,88.52,88.95,86.61,87.54,48582828.0,4263991762.0,3487068722.0,0.013932282921036163
2026-07-07,87.66,88.81,85.87,86.26,38946958.0,3378987289.0,3487068722.0,0.011168967721881336
2026-07-08,86.01,88.34,85.28,87.8,40380908.0,3527472657.0,3487068722.0,0.011580187033664088
2026-07-09,86.5,87.77,85.8,86.87,37739280.0,3270884062.0,3487068722.0,0.010822637294728946
2026-07-10,86.84,90.83,84.88,90.0,70933247.0,6283278804.0,3487068722.0,0.020341797840828443
2026-07-13,89.0,89.0,86.78,86.98,42458495.0,3714908442.0,3487068722.0,0.01217598458330584
2026-07-14,86.89,90.68,86.5,90.18,54707491.0,4883296438.0,3487068722.0,0.01568867589412538
2026-07-15,89.65,93.48,89.45,91.76,51415427.0,4733650609.0,3487068722.0,0.014744598142164174
2026-07-16,91.74,94.76,91.15,94.14,60720397.0,5673387682.0,3487068722.0,0.017413019885990075
2026-07-17,94.14,95.95,91.9,93.47,68734582.0,6442145672.0,3487068722.0,0.01971127829123409
2026-07-20,93.49,95.28,92.77,93.92,43989030.0,4119522143.0,3487068722.0,0.012614901943994438
2026-07-21,93.93,96.8,93.35,94.3,67159285.0,6390715245.0,3487068722.0,0.019259524361045846
2026-07-22,92.63,93.0,90.51,91.57,60354971.0,5516076311.0,3487068722.0,0.017308225277930155
2026-07-23,90.77,92.87,90.01,92.65,33801437.0,3104427202.0,3487068722.0,0.00969336703539736
2026-07-24,91.53,93.08,91.31,91.89,24303385.0,2244617938.0,3487068722.0,0.0069695744298554725
2026-07-27,92.32,93.2,91.53,92.4,26533222.0,2448353958.0,3487068722.0,0.007609033292805865
2026-07-28,92.02,94.61,92.02,93.35,36401500.0,3407827193.0,3487068722.0,0.010438997020718882
2026-07-29,93.55,96.27,93.1,94.85,51445729.0,4891877966.0,3487068722.0,0.014753287962301307
2026-07-30,94.92,96.66,94.75,96.2,48036113.0,4604080480.0,3487068722.0,0.013775499374858606
2026-07-31,93.72,95.86,93.13,95.77,43613050.0,4139523707.0,3487068722.0,0.012507080725092747
2026-08-03,96.03,96.59,94.1,94.45,36389711.0,3462874207.0,3487068722.0,0.010435616244215792
2026-08-04,94.45,94.49,90.8,91.15,66771530.0,6134764120.0,3487068722.0,0.01914832638047447
2026-08-05,91.08,91.18,89.15,90.82,51559762.0,4654039885.0,3487068722.0,0.014785989640728393
2026-08-06,90.5,91.15,89.23,89.45,36737226.0,3299953313.0,3487068722.0,0.010535274446478202
2026-08-07,89.77,90.28,88.55,90.04,40701576.0,3634152434.0,3487068722.0,0.011672146219319621
2026-08-10,90.04,91.8,89.4,91.15,38573716.0,3510272595.0,3487068722.0,0.011061931689684664
2026-08-11,91.18,91.66,89.93,90.12,24222760.0,2191435223.0,3487068722.0,0.0069464532910343945
2026-08-12,90.0,91.14,89.4,90.41,20818762.0,1881110809.0,3487068722.0,0.005970275798883438
2026-08-13,90.37,90.7,89.7,89.71,22665355.0,2039695173.0,3487068722.0,0.0064998303179411784
2026-08-14,89.3,89.68,88.69,88.9,20585614.0,1832060379.0,3487068722.0,0.005903415057502271
2026-08-17,88.9,90.44,88.61,89.88,24625494.0,2210303467.0,3487068722.0,0.007061946856578183
2026-08-18,89.88,90.38,89.23,89.53,20636902.0,1852332012.0,3487068722.0,0.005918123112917532
2026-08-19,89.53,89.53,88.44,88.66,21960557.0,1951515197.0,3487068722.0,0.00629771270679305
2026-08-20,89.05,91.0,88.89,90.48,35807372.0,3237942078.0,3487068722.0,0.010268616667658551
2026-08-21,90.35,91.08,89.72,90.47,17886205.0,1612726254.0,3487068722.0,0.005129295240772143
2026-08-24,90.01,91.49,89.4,90.66,27364741.0,2472854418.0,3487068722.0,0.00784749116854371
2026-08-25,90.49,91.5,89.91,91.36,27450227.0,2492097984.0,3487068722.0,0.0078720063148787
2026-08-26,91.2,93.23,91.06,92.09,28282255.0,2607485071.0,3487068722.0,0.008110610158488296
2026-08-27,91.7,92.18,91.17,91.49,17701439.0,1619597741.0,3487068722.0,0.005076309190100326
2026-08-28,91.38,92.48,90.9,92.32,25031828.0,2300830571.0,3487068722.0,0.007178472807855376
2026-08-31,91.56,92.54,88.1,88.2,64039960.0,5692862194.0,3487068722.0,0.018364983631085432
2026-09-01,88.4,89.86,88.25,88.71,28858870.0,2567976994.0,3487068722.0,0.008275968241729421
2026-09-02,88.48,89.0,86.6,86.8,34679998.0,3029600050.0,3487068722.0,0.009945315324932676
2026-09-03,86.96,87.86,86.96,87.31,20373433.0,1780039741.0,3487068722.0,0.00584256710269675
2026-09-04,87.38,88.55,87.26,87.4,20343142.0,1788632384.0,3487068722.0,0.005833880437071581
2026-09-07,86.89,87.34,86.2,86.51,21926512.0,1897313756.0,3487068722.0,0.0062879494922669895
2026-09-08,86.39,86.7,85.43,86.57,19726735.0,1701147768.0,3487068722.0,0.005657111050190539
2026-09-09,86.57,86.58,85.5,85.88,18185775.0,1561326834.0,3487068722.0,0.005215204072482286
2026-09-10,85.11,85.19,83.48,83.52,33073158.0,2783701703.0,3487068722.0,0.009484515688303089
2026-09-11,83.17,84.48,82.66,84.0,27293535.0,2283119588.0,3487068722.0,0.007827071152284563
2026-09-14,84.01,85.95,83.75,85.43,28959884.0,2468319297.0,3487068722.0,0.00830493641186117
2026-09-15,85.75,85.99,84.2,84.3,19356195.0,1643049339.0,3487068722.0,0.005550849880841551
2026-09-16,84.11,84.55,83.45,83.96,17642347.0,1481032772.0,3487068722.0,0.005059363151834092
