date,open,high,low,close,volume,amount,outstanding_share,turnover
2020-12-01,30.21,31.65,30.05,31.3,227756383.0,7047064632.0,9814661700.0,0.023205729342662927
2020-12-02,31.3,31.6,30.8,31.08,156773587.0,4885400051.0,9814661700.0,0.015973407111933364
2020-12-03,31.03,31.23,30.82,30.9,95761478.0,2969043286.0,9814661700.0,0.009756982046564071
2020-12-04,30.95,30.97,30.18,30.3,122822708.0,3728786979.0,9814661700.0,0.012514206984841871
2020-12-07,30.31,30.49,29.98,30.01,89856976.0,2706322161.0,9814661700.0,0.009155381891563313
2020-12-08,29.99,30.23,29.82,30.01,74325594.0,2234187122.0,9814661700.0,0.007572914510135383
2020-12-09,30.1,30.28,29.29,29.29,109933791.0,3279290970.0,9814661700.0,0.011200976086623547
2020-12-10,29.2,29.48,28.85,29.16,105444462.0,3067176193.0,9814661700.0,0.010743565618772169
2020-12-11,29.13,29.25,28.53,28.75,101138981.0,2921226964.0,9814661700.0,0.01030488712616554
2020-12-14,28.8,28.93,28.62,28.84,54477222.0,1569747354.0,9814661700.0,0.0055505960027129615
2020-12-15,28.8,28.89,28.44,28.81,72795506.0,2085014875.0,9814661700.0,0.0074170163195742145
2020-12-16,28.87,28.96,28.56,28.61,59936753.0,1721769491.0,9814661700.0,0.0061068587825090295
2020-12-17,28.52,29.27,28.41,29.22,98178231.0,2839885026.0,9814661700.0,0.010003221099306969
2020-12-18,29.05,29.25,28.75,28.81,66384473.0,1920950651.0,9814661700.0,0.006763806540575922
2020-12-21,28.7,29.11,28.52,29.03,66578392.0,1924521516.0,9814661700.0,0.006783564633715292
2020-12-22,28.96,28.96,28.0,28.01,122566471.0,3487570026.0,9814661700.0,0.01248809941151614
2020-12-23,28.02,28.36,27.9,28.2,77782008.0,2185111673.0,9814661700.0,0.007925082939944837
2020-12-24,28.19,28.4,27.9,28.06,61188990.0,1717372551.0,9814661700.0,0.006234447184256998
2020-12-25,27.9,28.24,27.7,28.02,75959697.0,2127687338.0,9814661700.0,0.007739410620745084
2020-12-28,27.9,28.26,27.77,27.98,74036266.0,2070095196.0,9814661700.0,0.007543435348362542
2020-12-29,28.09,28.52,28.0,28.15,81814054.0,2308756897.0,9814661700.0,0.008335901582832957
2020-12-30,28.09,28.5,27.96,28.5,105013574.0,2966992163.0,9814661700.0,0.010699663137650481
2020-12-31,28.8,29.76,28.77,29.4,216591275.0,6349142520.0,9814661700.0,0.022068134554245514
2021-01-04,29.44,29.49,28.7,29.18,194546207.0,5663123706.0,9814661700.0,0.019821998245746972
2021-01-05,28.96,29.38,28.63,29.14,165552219.0,4797399390.0,9814661700.0,0.016867847722148183
2021-01-06,29.38,29.97,29.27,29.62,205744273.0,6100119937.0,9814661700.0,0.020962951071456695
2021-01-07,29.7,29.87,29.0,29.75,172968682.0,5094446902.0,9814661700.0,0.0176234991370105
2021-01-08,29.8,30.53,29.61,30.06,220741504.0,6643557631.0,9814661700.0,0.022490994671777634
2021-01-11,30.29,30.43,29.25,29.28,172541863.0,5148428767.0,9814661700.0,0.017580011239714966
2021-01-12,29.0,32.21,28.8,32.03,516156790.0,15965170575.0,9814661700.0,0.05259038016562507
2021-01-13,31.89,31.97,30.8,30.95,355977649.0,11164422407.0,9814661700.0,0.036269986666988226
2021-01-14,30.82,31.15,30.2,30.2,210335841.0,6434610778.0,9814661700.0,0.021430778505590265
2021-01-15,30.01,30.9,30.0,30.18,167939781.0,5107971640.0,9814661700.0,0.017111112551133578
2021-01-18,30.02,31.0,29.86,30.35,169553350.0,5167176626.0,9814661700.0,0.017275516485708315
2021-01-19,30.33,31.43,30.04,30.45,214391455.0,6580405965.0,9814661700.0,0.021843998453864182
2021-01-20,30.58,31.7,30.46,31.1,216623713.0,6739778462.0,9814661700.0,0.02207143960957921
2021-01-21,31.22,31.79,30.66,31.17,239859806.0,7486003626.0,9814661700.0,0.02443892752818979
2021-01-22,30.8,31.09,30.08,30.33,198893424.0,6066479145.0,9814661700.0,0.020264929151862666
2021-01-25,30.16,30.27,29.61,29.97,190174497.0,5692128786.0,9814661700.0,0.019376571787492178
2021-01-26,29.72,29.96,28.7,28.78,189734986.0,5533012476.0,9814661700.0,0.019331790722852932
2021-01-27,28.77,28.97,28.57,28.71,100688886.0,2896690373.0,9814661700.0,0.010259027674891738
2021-01-28,28.5,28.88,28.23,28.5,130052690.0,3710540069.0,9814661700.0,0.013250858152349764
2021-01-29,28.67,28.78,28.0,28.35,122964454.0,3483745647.0,9814661700.0,0.012528649255429762
2021-02-01,28.49,28.53,28.18,28.3,88647664.0,2513717502.0,9814661700.0,0.00903216704861055
2021-02-02,28.45,28.49,27.88,28.16,143519640.0,4034528314.0,9814661700.0,0.014622983897651817
2021-02-03,28.15,28.38,27.87,27.97,95817587.0,2690715494.0,9814661700.0,0.009762698901786906
2021-02-04,27.76,27.96,26.57,27.09,179866566.0,4893990086.0,9814661700.0,0.01832631337664955
2021-02-05,27.1,27.45,26.92,27.02,92497185.0,2513992576.0,9814661700.0,0.009424388514583238
2021-02-08,27.02,27.48,26.97,27.32,92630256.0,2523128967.0,9814661700.0,0.009437946903457712
2021-02-09,27.33,28.05,27.06,27.99,139532636.0,3854607120.0,9814661700.0,0.014216754511263491
2021-02-10,27.91,28.09,27.55,27.87,115793272.0,3223799526.0,9814661700.0,0.011797989124780531
2021-02-18,28.2,28.35,27.82,27.94,131078310.0,3677901070.0,9814661700.0,0.013355356914645362
2021-02-19,27.84,28.67,27.62,28.62,139274422.0,3911897777.0,9814661700.0,0.014190445504606644
2021-02-22,28.75,28.75,27.73,27.77,167624304.0,4751289722.0,9814661700.0,0.017078969110061123
2021-02-23,27.8,28.05,27.51,27.6,98655537.0,2740894350.0,9814661700.0,0.010051853035342014
2021-02-24,27.65,27.88,27.18,27.42,95863434.0,2643981239.0,9814661700.0,0.00976737017843417
2021-02-25,27.58,28.27,27.31,27.73,137927539.0,3838408238.0,9814661700.0,0.014053213775060632
2021-02-26,27.19,27.55,27.13,27.25,109779777.0,2998556041.0,9814661700.0,0.011185283849365893
2021-03-01,26.3,26.3,25.01,25.62,280313799.0,7174752280.0,9814661700.0,0.028560719418377914
2021-03-02,25.62,25.67,25.05,25.16,149000872.0,3772426528.0,9814661700.0,0.015181457757224582
2021-03-03,25.05,25.45,25.01,25.37,97033697.0,2456529414.0,9814661700.0,0.009886606381960164
2021-03-04,25.18,25.3,24.78,24.81,128801316.0,3213067352.0,9814661700.0,0.01312335768027542
2021-03-05,24.81,25.19,24.54,25.05,114981679.0,2875252557.0,9814661700.0,0.011715297227208555
2021-03-08,25.16,25.32,24.54,24.54,120373647.0,3001137173.0,9814661700.0,0.012264676122254932
2021-03-09,24.51,24.75,23.7,23.75,130534180.0,3147410023.0,9814661700.0,0.013299916389374888
2021-03-10,23.98,24.05,23.65,23.69,87628625.0,2089672290.0,9814661700.0,0.008928338813756567
2021-03-11,23.76,24.1,23.76,24.03,79347041.0,1899214313.0,9814661700.0,0.00808454162001325
2021-03-12,24.06,24.06,23.39,23.78,115645517.0,2740710972.0,9814661700.0,0.011782934606905503
2021-03-15,23.55,23.6,23.15,23.26,89762651.0,2095722683.0,9814661700.0,0.009145771269935876
2021-03-16,23.39,23.46,23.17,23.4,60211576.0,1405967220.0,9814661700.0,0.006134860053301684
2021-03-17,23.41,23.75,23.32,23.64,75368773.0,1774038247.0,9814661700.0,0.0076792023305296405
2021-03-18,23.64,23.82,23.5,23.55,68655765.0,1623037548.0,9814661700.0,0.006995224807391986
2021-03-19,23.41,23.99,23.23,23.98,121014211.0,2858344897.0,9814661700.0,0.012329942151750376
2021-03-22,23.88,24.37,23.82,24.15,105306921.0,2536783204.0,9814661700.0,0.010729551788830378
2021-03-23,24.1,24.3,23.7,24.06,76063192.0,1827226025.0,9814661700.0,0.007749955558835003
2021-03-24,23.94,24.51,23.9,24.04,93133097.0,2256002316.0,9814661700.0,0.00948918055932585
2021-03-25,23.9,24.15,23.87,23.9,47595215.0,1141050223.0,9814661700.0,0.004849399444914133
2021-03-26,23.87,24.08,23.84,23.98,53854248.0,1291467343.0,9814661700.0,0.0054871221898560195
2021-03-29,23.95,24.55,23.85,24.26,79638946.0,1933718385.0,9814661700.0,0.008114283348146376
2021-03-30,24.16,24.45,24.12,24.26,53652829.0,1302583247.0,9814661700.0,0.005466599933852024
2021-03-31,24.25,24.25,23.89,23.89,54736785.0,1313456130.0,9814661700.0,0.005577042456797059
2021-04-01,23.89,24.17,23.76,24.16,58431613.0,1400948481.0,9814661700.0,0.00595350250330075
2021-04-02,24.19,24.35,24.05,24.13,61462331.0,1486654621.0,9814661700.0,0.006262297456467603
2021-04-06,24.5,24.58,24.13,24.15,72629237.0,1766795732.0,9814661700.0,0.007400075440195763
2021-04-07,24.12,24.23,23.93,24.05,59422033.0,1428625210.0,9814661700.0,0.006054414794551706
2021-04-08,23.9,24.25,23.89,23.99,60919847.0,1467351775.0,9814661700.0,0.006207024639473819
2021-04-09,23.91,23.93,23.6,23.6,68648453.0,1628840396.0,9814661700.0,0.006994479799543167
2021-04-12,23.6,23.68,23.25,23.3,59000998.0,1386702568.0,9814661700.0,0.006011516219657373
2021-04-13,23.3,23.43,23.2,23.37,46245147.0,1078853329.0,9814661700.0,0.00471184320087161
2021-04-14,23.37,23.75,23.35,23.58,50417531.0,1190093273.0,9814661700.0,0.005136960655505834
2021-04-15,23.52,23.56,23.24,23.38,48101445.0,1123290223.0,9814661700.0,0.0049009784005087
2021-04-16,23.41,23.76,23.38,23.67,51971974.0,1226250915.0,9814661700.0,0.005295340337609395
2021-04-19,23.6,24.07,23.51,24.02,84798817.0,2026806627.0,9814661700.0,0.008640014255407296
2021-04-20,23.89,24.15,23.74,23.77,62818308.0,1500891625.0,9814661700.0,0.0064004557589590685
2021-04-21,23.63,23.77,23.56,23.6,40765320.0,963694035.0,9814661700.0,0.004153512494475485
2021-04-22,23.73,23.76,23.43,23.48,54543894.0,1286346764.0,9814661700.0,0.005557389104914334
2021-04-23,23.42,23.55,23.33,23.4,49375978.0,1155874943.0,9814661700.0,0.005030838505620627
2021-04-26,23.39,23.6,23.02,23.05,71499774.0,1667558787.0,9814661700.0,0.007284996282653329
2021-04-27,23.06,23.09,22.69,22.75,70618507.0,1611466439.0,9814661700.0,0.0071952054139573654
2021-04-28,22.76,22.88,22.59,22.88,48516953.0,1102788248.0,9814661700.0,0.004943313838315996
2021-04-29,23.0,23.96,22.92,23.79,159256538.0,3762356956.0,9814661700.0,0.01622639097178459
2021-04-30,23.6,24.08,23.53,23.85,106939646.0,2550243520.0,9814661700.0,0.010895907497249752
2021-05-06,24.12,24.39,23.83,24.0,98138630.0,2364329450.0,9814661700.0,0.009999186217493366
2021-05-07,23.91,24.06,23.32,23.44,83755798.0,1982046012.0,9814661700.0,0.008533742737154149
2021-05-10,23.53,23.93,23.44,23.77,66267619.0,1567994299.0,9814661700.0,0.006751900475591532
2021-05-11,23.53,24.08,23.27,23.87,68055603.0,1610726663.0,9814661700.0,0.006934075272304088
2021-05-12,23.75,23.99,23.65,23.94,57021920.0,1360121546.0,9814661700.0,0.005809871164484457
2021-05-13,23.74,23.95,23.55,23.63,55686038.0,1321510279.0,9814661700.0,0.005673760309028278
2021-05-14,23.83,25.68,23.8,25.44,332616383.0,8260003590.0,9814661700.0,0.033889745073943815
2021-05-17,25.0,25.05,24.58,24.89,212858427.0,5282182312.0,9814661700.0,0.02168780071146008
2021-05-18,24.72,25.2,24.61,24.77,92557501.0,2301327778.0,9814661700.0,0.009430534014228937
2021-05-19,24.71,25.08,24.67,24.78,80658372.0,2003739445.0,9814661700.0,0.008218151013804175
2021-05-20,24.77,25.27,24.7,25.06,110911508.0,2771628425.0,9814661700.0,0.01130059408975859
2021-05-21,25.08,25.15,24.6,24.61,82748062.0,2049817658.0,9814661700.0,0.008431066146681347
2021-05-24,24.79,25.47,24.77,25.23,140013126.0,3529483788.0,9814661700.0,0.014265710859906664
2021-05-25,25.23,26.55,25.14,26.23,291182720.0,7609292958.0,9814661700.0,0.029668136192610692
2021-05-26,26.28,26.56,25.83,25.88,194085708.0,5075432827.0,9814661700.0,0.019775078747747362
2021-05-27,25.87,26.21,25.73,25.92,111909739.0,2898121527.0,9814661700.0,0.011402302231160958
2021-05-28,25.92,26.5,25.72,26.18,139290043.0,3632519021.0,9814661700.0,0.014192037103021086
2021-05-31,26.18,26.18,25.83,26.11,92405431.0,2401854963.0,9814661700.0,0.009415039847985794
2021-06-01,25.99,25.99,25.43,25.77,104695173.0,2688762186.0,9814661700.0,0.010667221774949207
2021-06-02,25.77,25.91,25.14,25.2,97646648.0,2484072248.0,9814661700.0,0.009949058967564822
2021-06-03,25.32,25.65,25.15,25.18,78228892.0,1985269578.0,9814661700.0,0.007970615227624198
2021-06-04,25.06,26.45,25.0,25.54,136771857.0,3497660080.0,9814661700.0,0.01393546320603185
2021-06-07,25.77,26.6,25.57,26.06,136612391.0,3569513962.0,9814661700.0,0.013919215473315805
2021-06-08,25.92,26.44,25.8,25.92,109286352.0,2852858224.0,9814661700.0,0.011135009574502195
2021-06-09,25.97,26.15,25.57,25.73,72410243.0,1869766952.0,9814661700.0,0.007377762495878997
2021-06-10,25.6,26.06,25.6,25.66,81987740.0,2115225804.0,9814661700.0,0.008353598168340332
2021-06-11,25.62,25.75,24.81,24.94,129016416.0,3247154543.0,9814661700.0,0.013145273871232871
2021-06-15,24.9,24.98,24.5,24.58,79246445.0,1950889196.0,9814661700.0,0.008074292056342604
2021-06-16,24.52,24.79,24.5,24.65,64021985.0,1576132967.0,9814661700.0,0.006523096460879543
2021-06-17,24.58,24.73,24.39,24.54,59939235.0,1472184418.0,9814661700.0,0.006107111669473029
2021-06-18,24.48,24.8,24.36,24.65,75679518.0,1862777564.0,9814661700.0,0.007710863635778704
2021-06-21,24.7,24.95,24.49,24.5,76188065.0,1879519795.0,9814661700.0,0.00776267866675425
2021-06-22,24.59,24.79,24.46,24.66,60920940.0,1500322603.0,9814661700.0,0.006207136003475291
2021-06-23,24.68,24.95,24.52,24.76,72418519.0,1790898068.0,9814661700.0,0.007378605724128015
2021-06-24,24.79,25.24,24.75,25.0,86781281.0,2169644850.0,9814661700.0,0.008842004304641493
2021-06-25,25.08,25.86,24.9,25.51,165826722.0,4221097987.0,9814661700.0,0.016895816388658613
2021-06-28,25.59,25.59,25.06,25.13,94077611.0,2371759538.0,9814661700.0,0.009585415562515007
2021-06-29,25.14,25.25,24.77,24.8,78454857.0,1957833732.0,9814661700.0,0.007993638435851538
2021-06-30,24.81,25.03,24.63,24.94,74681831.0,1853722672.0,9814661700.0,0.007609210921656118
2021-07-01,25.25,25.35,24.51,24.67,105500229.0,2624412771.0,9814661700.0,0.010749247628168377
2021-07-02,24.48,24.48,23.61,23.65,122945369.0,2936774813.0,9814661700.0,0.012526704715660246
2021-07-05,23.65,23.79,23.28,23.53,67815947.0,1594505061.0,9814661700.0,0.00690965711023947
2021-07-06,23.59,23.73,23.4,23.68,60057390.0,1414267899.0,9814661700.0,0.006119150291242336
2021-07-07,23.58,23.82,23.54,23.64,60338682.0,1428018731.0,9814661700.0,0.006147810677977826
2021-07-08,23.79,23.86,23.49,23.6,66194556.0,1567128504.0,9814661700.0,0.006744456204741117
2021-07-09,23.5,23.68,23.35,23.51,62946431.0,1478749899.0,9814661700.0,0.006413510004119653
2021-07-12,23.82,24.08,23.62,23.89,104790330.0,2502105932.0,9814661700.0,0.010676917167710426
2021-07-13,23.8,23.96,23.58,23.72,61632113.0,1464278743.0,9814661700.0,0.006279596269731844
2021-07-14,23.68,23.68,23.28,23.32,80289208.0,1878814834.0,9814661700.0,0.008180537491169971
2021-07-15,23.31,23.73,23.21,23.67,72788660.0,1711742526.0,9814661700.0,0.007416318791711384
2021-07-16,23.84,24.08,23.66,23.83,91080316.0,2172917760.0,9814661700.0,0.009280026024738071
2021-07-19,23.68,23.83,23.4,23.8,65180561.0,1536306775.0,9814661700.0,0.00664114189488569
2021-07-20,23.57,23.84,23.52,23.61,45967742.0,1085840749.0,9814661700.0,0.00468357885427676
2021-07-21,23.68,24.03,23.65,23.82,84450681.0,2013428701.0,9814661700.0,0.008604543241668738
2021-07-22,23.77,24.24,23.69,24.13,101471856.0,2441415802.0,9814661700.0,0.010338803221307159
2021-07-23,24.09,24.84,23.85,24.24,140422333.0,3413292957.0,9814661700.0,0.014307404299019293
2021-07-26,24.21,24.38,23.44,23.5,123681267.0,2949757785.0,9814661700.0,0.012601684172160513
2021-07-27,23.5,23.66,22.83,22.91,101892586.0,2368717730.0,9814661700.0,0.010381670720244998
2021-07-28,22.9,23.22,22.86,22.87,82213193.0,1889236200.0,9814661700.0,0.008376569209716113
2021-07-29,23.28,23.32,22.87,23.02,85800342.0,1979421197.0,9814661700.0,0.008742058017139806
2021-07-30,22.93,22.97,22.47,22.59,89686085.0,2032185292.0,9814661700.0,0.009137970084083489
2021-08-02,22.58,23.7,22.07,23.27,147751759.0,3392800772.0,9814661700.0,0.015054187654781824
2021-08-03,23.11,23.8,23.0,23.33,112313014.0,2620644794.0,9814661700.0,0.01144339126839186
2021-08-04,23.32,23.4,23.12,23.26,69389557.0,1612431665.0,9814661700.0,0.007069989686959867
2021-08-05,23.14,23.39,22.81,22.87,77863492.0,1794024580.0,9814661700.0,0.007933385212859655
2021-08-06,23.0,23.23,22.9,23.08,60133417.0,1386423868.0,9814661700.0,0.0061268965592568515
2021-08-09,23.0,23.8,22.96,23.52,112829321.0,2655103100.0,9814661700.0,0.011495996953211338
2021-08-10,23.42,23.84,23.25,23.77,108177014.0,2549716976.0,9814661700.0,0.011021980920646506
2021-08-11,23.73,24.08,23.6,23.7,101874079.0,2428059535.0,9814661700.0,0.01037978507196025
2021-08-12,23.76,24.05,23.63,23.74,72611386.0,1727545062.0,9814661700.0,0.007398256630689573
2021-08-13,23.68,24.15,23.61,24.1,110272444.0,2641504162.0,9814661700.0,0.011235480892836072
2021-08-16,24.12,24.5,23.91,24.01,121335413.0,2939197476.0,9814661700.0,0.012362668903809491
2021-08-17,23.88,24.64,23.82,23.91,183934860.0,4468568717.0,9814661700.0,0.018740825269606593
2021-08-18,23.96,25.4,23.9,25.25,316218764.0,7855653035.0,9814661700.0,0.03221901820620063
2021-08-19,25.07,25.33,24.5,24.64,198178309.0,4914386696.0,9814661700.0,0.020192067241604467
2021-08-20,24.34,24.49,23.9,24.24,136330033.0,3302682015.0,9814661700.0,0.013890446473565157
2021-08-23,24.39,24.73,24.25,24.43,116459641.0,2848711691.0,9814661700.0,0.011865884383972196
2021-08-24,24.56,25.35,24.4,25.14,220882177.0,5515599058.0,9814661700.0,0.02250532761613169
2021-08-25,25.06,25.47,24.88,24.92,135368551.0,3396550359.0,9814661700.0,0.01379248262831107
2021-08-26,24.81,25.0,24.56,24.58,104462404.0,2584003710.0,9814661700.0,0.010643505318171079
2021-08-27,24.65,25.18,24.6,24.73,103832997.0,2578768899.0,9814661700.0,0.010579376057353053
2021-08-30,25.15,25.28,24.28,24.34,138613143.0,3418390264.0,9814661700.0,0.014123068857279104
2021-08-31,24.25,26.13,24.19,25.68,306285509.0,7787736124.0,9814661700.0,0.031206934926753513
2021-09-01,25.7,27.6,25.56,26.89,437522304.0,11646798443.0,9814661700.0,0.044578439621612224
2021-09-02,26.8,27.2,26.55,27.09,260435655.0,7004440992.0,9814661700.0,0.02653536749004808
2021-09-03,28.1,28.23,26.48,26.59,282581190.0,7711825432.0,9814661700.0,0.028791740218615993
2021-09-06,26.62,27.39,26.62,26.82,180082562.0,4861495805.0,9814661700.0,0.018348320859597228
2021-09-07,26.82,27.38,26.3,27.15,209608191.0,5642029407.0,9814661700.0,0.021356639424464318
2021-09-08,27.0,27.63,26.86,26.9,156658662.0,4251631335.0,9814661700.0,0.015961697589637756
2021-09-09,26.61,26.87,26.36,26.73,119915271.0,3193017867.0,9814661700.0,0.012217972933290203
2021-09-10,26.81,27.98,26.81,27.27,215249192.0,5887666065.0,9814661700.0,0.02193139188893286
2021-09-13,27.25,27.59,27.06,27.19,121574166.0,3316633770.0,9814661700.0,0.012386995060665209
2021-09-14,27.25,27.41,26.32,26.48,160229628.0,4290873196.0,9814661700.0,0.016325537537376353
2021-09-15,26.42,26.64,26.01,26.24,108905216.0,2857648545.0,9814661700.0,0.011096176244159288
2021-09-16,26.28,26.33,25.31,25.48,134773468.0,3487369505.0,9814661700.0,0.013731850584315097
2021-09-17,25.5,26.1,25.5,25.95,107762295.0,2781670928.0,9814661700.0,0.010979725872772569
2021-09-22,25.51,25.97,25.3,25.69,89572723.0,2290076453.0,9814661700.0,0.00912641981332887
2021-09-23,25.82,26.29,25.76,26.2,104000718.0,2711282463.0,9814661700.0,0.010596464878662094
2021-09-24,26.26,26.45,26.01,26.04,81694657.0,2140439502.0,9814661700.0,0.008323736415693268
2021-09-27,26.02,26.25,25.38,25.65,95222937.0,2458101849.0,9814661700.0,0.009702110975460315
2021-09-28,25.6,26.06,25.51,25.86,71104682.0,1836158848.0,9814661700.0,0.0072447409980519245
2021-09-29,25.61,25.8,25.16,25.61,94426335.0,2408742004.0,9814661700.0,0.009620946486622152
2021-09-30,25.65,25.77,25.07,25.28,83429037.0,2112289889.0,9814661700.0,0.008500449587579773
2021-10-08,25.4,25.85,25.4,25.75,75130570.0,1928003141.0,9814661700.0,0.007654932212283996
2021-10-11,25.85,26.14,25.65,25.66,58934508.0,1525344367.0,9814661700.0,0.006004741661141514
2021-10-12,25.49,25.65,24.55,24.86,112569024.0,2814644340.0,9814661700.0,0.011469475713054888
2021-10-13,24.84,25.06,24.68,24.71,60036326.0,1491566055.0,9814661700.0,0.00611700411436494
2021-10-14,24.8,24.85,24.41,24.76,49316357.0,1215383760.0,9814661700.0,0.005024763818400384
2021-10-15,24.7,25.12,24.6,24.96,62077888.0,1547360032.0,9814661700.0,0.006325015563195622
2021-10-18,24.96,25.21,24.8,24.98,48679776.0,1214138617.0,9814661700.0,0.004959903610330247
2021-10-19,24.9,25.22,24.86,25.05,51162748.0,1281873537.0,9814661700.0,0.005212889609837495
2021-10-20,25.18,25.23,24.98,25.0,50328726.0,1261270363.0,9814661700.0,0.005127912457746761
2021-10-21,25.0,25.39,24.88,25.16,63257028.0,1591270026.0,9814661700.0,0.006445156229888189
2021-10-22,25.2,25.57,25.12,25.46,69222132.0,1754717788.0,9814661700.0,0.007052931024611882
2021-10-25,25.46,25.73,25.18,25.65,80874465.0,2058553023.0,9814661700.0,0.008240168379924903
2021-10-26,25.65,25.71,25.25,25.26,60900289.0,1550328524.0,9814661700.0,0.00620503190649964
2021-10-27,25.09,25.26,24.56,24.67,80214794.0,1994918674.0,9814661700.0,0.00817295556911554
2021-10-28,24.61,25.06,24.58,24.75,64838831.0,1610473942.0,9814661700.0,0.006606323578121903
2021-10-29,25.0,26.14,24.81,25.88,164183024.0,4208839254.0,9814661700.0,0.0167283426590241
2021-11-01,25.8,26.1,25.73,25.98,97959391.0,2540040719.0,9814661700.0,0.009980923845801022
2021-11-02,25.9,26.09,25.25,25.53,89883688.0,2300876823.0,9814661700.0,0.009158103534021963
2021-11-03,25.5,25.66,25.25,25.39,57029540.0,1449182234.0,9814661700.0,0.005810647553954916
2021-11-04,25.6,25.76,25.3,25.44,63036712.0,1605802620.0,9814661700.0,0.006422708589130484
2021-11-05,25.3,25.67,25.23,25.36,54523818.0,1386543786.0,9814661700.0,0.0055553435937583055
2021-11-08,25.27,25.68,25.02,25.46,56821193.0,1441756439.0,9814661700.0,0.005789419415240772
2021-11-09,25.53,25.63,25.25,25.58,56357529.0,1435080522.0,9814661700.0,0.00574217744051229
2021-11-10,25.49,25.57,24.77,25.01,105743048.0,2649688785.0,9814661700.0,0.010773988063185101
2021-11-11,24.9,25.93,24.9,25.75,145557939.0,3719322568.0,9814661700.0,0.014830662884692194
2021-11-12,25.69,25.69,25.08,25.34,108859945.0,2756837665.0,9814661700.0,0.011091563655220026
2021-11-15,25.38,25.5,25.05,25.22,64213673.0,1619936939.0,9814661700.0,0.0065426272410387815
2021-11-16,25.06,25.15,23.95,24.01,228149064.0,5565688292.0,9814661700.0,0.02324573897437545
2021-11-17,23.91,24.14,23.86,24.04,67813735.0,1628413109.0,9814661700.0,0.0069094317331385964
2021-11-18,24.0,24.16,23.7,24.08,78501160.0,1878985477.0,9814661700.0,0.00799835617360097
2021-11-19,24.01,24.44,23.93,24.3,79663696.0,1928681033.0,9814661700.0,0.00811680508559964
2021-11-22,24.28,24.52,24.24,24.29,69691326.0,1699313815.0,9814661700.0,0.007100736442092548
2021-11-23,24.28,24.5,24.2,24.21,64603990.0,1572556787.0,9814661700.0,0.006582396008616374
2021-11-24,24.2,24.33,24.05,24.19,51681849.0,1248099643.0,9814661700.0,0.0052657799707961405
2021-11-25,24.15,24.24,24.02,24.09,45110508.0,1086929612.0,9814661700.0,0.0045962366690642025
2021-11-26,24.03,24.08,23.91,23.92,47073822.0,1128056855.0,9814661700.0,0.004796275555784057
2021-11-29,23.7,23.81,23.62,23.8,63221801.0,1499468699.0,9814661700.0,0.0064415670078572344
2021-11-30,23.95,23.99,23.72,23.77,61879933.0,1476947411.0,9814661700.0,0.0063048462485467026
2021-12-01,23.7,24.29,23.65,24.23,84245897.0,2034164816.0,9814661700.0,0.008583678131259482
2021-12-02,24.19,24.55,24.1,24.4,73973221.0,1803837004.0,9814661700.0,0.007537011795322502
2021-12-03,24.5,24.9,24.45,24.78,104571887.0,2584044237.0,9814661700.0,0.010654660363892114
2021-12-06,25.01,26.5,25.01,25.91,316417033.0,8215428684.0,9814661700.0,0.03223921951380148
2021-12-07,26.2,26.5,26.01,26.15,183699377.0,4821063398.0,9814661700.0,0.018716832287759853
2021-12-08,26.35,26.62,26.06,26.49,141808680.0,3737147807.0,9814661700.0,0.014448656951670582
2021-12-09,26.4,27.24,26.35,26.88,189588187.0,5090108069.0,9814661700.0,0.01931683361027105
2021-12-10,26.57,26.63,26.25,26.44,121397597.0,3207991786.0,9814661700.0,0.012369004730952673
2021-12-13,27.0,27.27,26.66,26.67,154817858.0,4166017710.0,9814661700.0,0.0157741410485906
2021-12-14,26.5,26.64,26.21,26.32,91013687.0,2401177775.0,9814661700.0,0.009273237303737122
2021-12-15,26.47,26.76,26.31,26.4,67840263.0,1798785313.0,9814661700.0,0.006912134628134967
2021-12-16,26.45,26.78,26.39,26.65,59021070.0,1569049267.0,9814661700.0,0.0060135613232598735
2021-12-17,26.75,26.82,26.27,26.29,66580324.0,1764408204.0,9814661700.0,0.006783761482069219
2021-12-20,26.3,26.5,25.81,25.88,74911893.0,1952963391.0,9814661700.0,0.007632651566584307
2021-12-21,25.83,26.28,25.83,26.11,53078849.0,1385647973.0,9814661700.0,0.005408118040380342
2021-12-22,26.12,26.23,25.87,25.88,39866680.0,1035741773.0,9814661700.0,0.004061951518919903
2021-12-23,25.91,26.06,25.72,25.93,44802878.0,1158008777.0,9814661700.0,0.004564892746124912
2021-12-24,25.92,26.2,25.68,25.69,49996091.0,1293655211.0,9814661700.0,0.00509402081581681
2021-12-27,25.81,26.05,25.64,26.0,45189583.0,1171037662.0,9814661700.0,0.0046042934928669016
2021-12-28,26.1,26.28,25.84,26.05,54914212.0,1430073410.0,9814661700.0,0.005595120206741308
2021-12-29,26.13,26.13,25.83,25.88,48599317.0,1262206536.0,9814661700.0,0.004951705773006929
2021-12-30,25.85,26.62,25.85,26.37,78134617.0,2057978148.0,9814661700.0,0.007961009700415859
2021-12-31,26.46,26.69,26.39,26.41,67051136.0,1778955655.0,9814661700.0,0.006831731754951879
2022-01-04,26.41,26.59,26.07,26.44,60626175.0,1595586728.0,9814661700.0,0.0061771028745697875
2022-01-05,26.31,26.44,25.71,25.94,98236320.0,2556421423.0,9814661700.0,0.010009139693526065
2022-01-06,25.82,26.02,25.38,25.42,89895862.0,2296422305.0,9814661700.0,0.009159343923183821
2022-01-07,25.54,25.98,25.5,25.72,57216655.0,1472192683.0,9814661700.0,0.005829712398543498
2022-01-10,25.95,26.09,25.74,25.83,45867051.0,1188399863.0,9814661700.0,0.004673319611209829
2022-01-11,25.83,26.44,25.72,25.96,65887859.0,1719747122.0,9814661700.0,0.006713207343662187
2022-01-12,25.9,26.23,25.7,26.17,60587666.0,1573836749.0,9814661700.0,0.006173179254869274
2022-01-13,26.66,26.84,26.34,26.36,114438216.0,3040495243.0,9814661700.0,0.011659924661488841
2022-01-14,25.51,25.8,25.01,25.03,185099533.0,4704172333.0,9814661700.0,0.01885949191707749
2022-01-17,24.88,26.1,24.79,25.67,161964314.0,4151338076.0,9814661700.0,0.016502281887107735
2022-01-18,25.63,26.03,25.54,25.7,131025343.0,3369833619.0,9814661700.0,0.013349960192718615
2022-01-27,24.81,24.9,23.88,24.15,224922039.0,5455226610.0,9814661700.0,0.022916942618613132
2022-01-28,24.2,25.36,24.18,24.6,179878654.0,4456353055.0,9814661700.0,0.01832754500341056
2022-02-07,24.96,25.4,24.79,25.28,117847182.0,2962016431.0,9814661700.0,0.012007258691351531
2022-02-08,25.2,25.43,24.97,25.37,84622762.0,2135107603.0,9814661700.0,0.008622076296323082
2022-02-09,25.33,25.42,25.03,25.31,79955449.0,2020199321.0,9814661700.0,0.008146531326698708
2022-02-10,25.22,25.41,25.1,25.33,62934537.0,1589715087.0,9814661700.0,0.006412298143704739
2022-02-11,25.3,26.17,25.25,25.69,115987512.0,2996549412.0,9814661700.0,0.011817779924090506
2022-02-14,25.4,25.58,24.72,24.8,99627731.0,2492266420.0,9814661700.0,0.010150908308943548
2022-02-15,24.61,24.76,24.31,24.69,80511183.0,1975261948.0,11366683345.000002,0.0070830848855673815
2022-02-16,24.76,24.92,24.52,24.54,68418174.0,1688144918.0,11366683345.000002,0.006019185361585349
2022-02-17,24.63,24.7,24.22,24.31,62812713.0,1535516980.0,11366683345.000002,0.00552603702359934
2022-02-18,24.23,24.7,24.23,24.64,51114941.0,1253203058.0,11366683345.000002,0.004496909032174679
2022-02-21,24.8,24.85,24.3,24.52,62934157.0,1540352871.0,11366683345.000002,0.005536721230796281
2022-02-22,24.3,24.35,23.73,24.03,106578687.0,2555568164.0,11366683345.000002,0.009376410318220224
2022-02-23,24.03,24.26,23.91,24.25,76322818.0,1839487956.0,11366683345.000002,0.006714607566997371
2022-02-24,24.0,24.03,23.23,23.46,133845636.0,3157525864.0,11366683345.000002,0.01177525861656701
2022-02-25,23.6,23.76,23.27,23.32,72758608.0,1707564915.0,11366683345.000002,0.006401041164923908
2022-02-28,23.25,23.38,23.01,23.33,61445364.0,1425287540.0,11366683345.000002,0.005405742566676559
2022-03-01,23.38,23.46,23.12,23.37,76805831.0,1787849859.0,11366683345.000002,0.00675710131696292
2022-03-02,23.21,23.29,22.97,23.06,68857750.0,1590911543.0,11366683345.000002,0.006057857680207945
2022-03-03,23.12,23.23,23.01,23.2,57813871.0,1337785438.0,11366683345.000002,0.005086256847775326
2022-03-04,23.0,23.03,22.66,22.73,79029058.0,1802673006.0,11366683345.000002,0.006952692848152883
2022-03-07,22.58,22.58,21.58,21.74,141964499.0,3128219482.0,11366683345.000002,0.012489527040660248
2022-03-08,21.77,21.88,21.04,21.1,118329068.0,2541319587.0,11366683345.000002,0.010410166660624958
2022-03-09,21.2,21.28,20.0,20.76,138208606.0,2869523129.0,11366683345.000002,0.012159097056292631
2022-03-10,21.2,21.28,20.58,20.66,123467455.0,2583539701.0,11366683345.000002,0.0108622235046524
2022-03-11,20.37,21.09,19.95,20.9,154696788.0,3162146916.0,11366683345.000002,0.013609668124347662
2022-03-14,20.5,20.92,20.44,20.52,81273814.0,1681293879.0,11366683345.000002,0.007150178423484532
2022-03-15,20.35,20.65,19.49,19.61,156699377.0,3151440343.0,11366683345.000002,0.013785848716277402
2022-03-16,19.85,21.17,19.38,20.83,231060591.0,4703705299.0,11366683345.000002,0.020327881404529437
2022-03-17,21.05,21.33,20.66,20.72,162889429.0,3407112854.0,11366683345.000002,0.014330427272054878
2022-03-18,20.8,21.45,20.61,21.45,145058017.0,3054310032.0,11366683345.000002,0.01276168365012195
2022-03-21,21.08,21.11,20.66,20.81,118243508.0,2467372297.0,11366683345.000002,0.010402639398942452
2022-03-22,20.7,21.06,20.69,20.85,66478956.0,1386652930.0,11366683345.000002,0.005848579922765499
2022-03-23,20.93,20.95,20.74,20.84,54951473.0,1146055819.0,11366683345.000002,0.004834433346308724
2022-03-24,20.68,20.89,20.62,20.68,54081859.0,1121941210.0,11366683345.000002,0.004757927828066894
2022-03-25,20.62,20.83,20.33,20.37,61637117.0,1266244931.0,11366683345.000002,0.005422612307319448
2022-03-28,20.18,20.6,20.06,20.46,65002636.0,1323383427.0,11366683345.000002,0.005718698588413962
2022-03-29,20.57,20.62,20.18,20.25,53234744.0,1085804758.0,11366683345.000002,0.004683401691084937
2022-03-30,20.43,21.16,20.43,21.07,134041292.0,2799762310.0,11366683345.000002,0.011792471729140087
2022-03-31,20.89,21.02,20.8,20.9,68817480.0,1437739412.0,11366683345.000002,0.006054314870157051
2022-04-01,20.71,21.31,20.68,21.12,100026755.0,2105149936.0,11366683345.000002,0.008799994859010474
2022-04-06,20.91,21.14,20.83,21.12,66707020.0,1401218930.0,11366683345.000002,0.005868644174850108
2022-04-07,21.0,21.18,20.68,20.68,72482520.0,1516140868.0,11366683345.000002,0.0063767519337013774
2022-04-08,20.77,21.11,20.57,21.08,95096452.0,1987247835.0,11366683345.000002,0.00836624449838582
2022-04-11,20.98,21.0,20.39,20.47,88909651.0,1832635640.0,11366683345.000002,0.007821951953918884
2022-04-12,20.47,21.4,20.44,21.1,115696931.0,2423728062.0,11366683345.000002,0.010178600695416836
2022-04-13,20.8,21.06,20.64,20.7,92859147.0,1931557542.0,11366683345.000002,0.008169414435288817
2022-04-14,20.9,21.2,20.82,20.97,99287343.0,2088214902.0,11366683345.000002,0.008734944045368757
2022-04-15,20.9,21.1,20.74,20.88,77065140.0,1611278731.0,11366683345.000002,0.0067799143919936465
2022-04-18,20.66,20.66,20.1,20.29,92584262.0,1882755877.0,11366683345.000002,0.00814523103968812
2022-04-19,20.31,20.42,20.11,20.22,57387434.0,1163116380.0,11366683345.000002,0.005048740451210308
2022-04-20,20.16,20.27,19.87,19.91,71213321.0,1426214527.0,11366683345.000002,0.006265092361469315
2022-04-21,19.85,20.24,19.71,19.84,83654466.0,1670154355.0,11366683345.000002,0.007359619641097689
2022-04-22,19.68,20.02,19.63,19.88,73904089.0,1470291950.0,11366683345.000002,0.006501816471601548
2022-04-25,19.49,19.95,19.21,19.23,105141543.0,2057375930.0,11366683345.000002,0.009249975547726493
2022-04-26,19.23,19.31,18.21,18.33,145888606.0,2740075636.0,11366683345.000002,0.01283475588894396
2022-04-27,18.1,18.99,18.01,18.81,103662752.0,1930097268.0,11366683345.000002,0.009119876823664606
2022-04-28,18.65,18.84,18.45,18.77,78335859.0,1462246037.0,11366683345.000002,0.006891707688369671
2022-04-29,19.28,19.88,18.93,19.69,157135792.0,3059354435.0,11366683345.000002,0.013824242941466404
2022-05-05,19.47,19.67,19.37,19.38,81889220.0,1595800945.0,11366683345.000002,0.007204319634365602
2022-05-06,19.0,19.16,18.8,18.8,66916313.0,1265980645.0,11366683345.000002,0.005887057021733193
2022-05-09,18.75,18.89,18.65,18.73,42202096.0,791761664.0,11366683345.000002,0.003712788921718659
2022-05-10,18.51,19.18,18.48,19.01,69568652.0,1315714502.0,11366683345.000002,0.006120400286386265
2022-05-11,19.05,19.52,18.96,19.13,97680157.0,1883547827.0,11366683345.000002,0.008593549590080534
2022-05-12,19.01,19.37,18.98,19.09,53280922.0,1018389172.0,11366683345.000002,0.004687464265769074
2022-05-13,19.2,19.34,19.08,19.29,56155815.0,1078771324.0,11366683345.000002,0.004940387032484892
2022-05-16,19.43,19.47,18.99,19.07,59129590.0,1134387156.0,11366683345.000002,0.005202009082623915
2022-05-17,19.14,19.45,19.0,19.32,60007350.0,1154783362.0,11366683345.000002,0.00527923125670569
2022-05-18,19.38,19.59,19.3,19.52,77286235.0,1504432616.0,11366683345.000002,0.006799365536473471
2022-05-19,19.25,19.44,19.2,19.37,48800851.0,940895894.0,11366683345.000002,0.004293323700397321
2022-05-20,19.56,19.86,19.52,19.75,92175256.0,1816395798.0,11366683345.000002,0.008109248159934553
2022-05-23,19.66,19.8,19.5,19.7,57712688.0,1133136155.0,11366683345.000002,0.005077355130631555
2022-05-24,19.68,19.74,19.23,19.24,62809226.0,1224046504.0,11366683345.000002,0.005525730249855921
2022-05-25,19.25,19.44,19.21,19.31,43326343.0,835603947.0,11366683345.000002,0.003811696137295711
2022-05-26,19.33,19.75,19.21,19.62,66040447.0,1289281158.0,11366683345.000002,0.005810001474972908
2022-05-27,19.68,19.8,19.5,19.61,55147402.0,1084452030.0,11366683345.000002,0.0048516704764418675
2022-05-30,19.68,19.76,19.45,19.5,51413910.0,1006754836.0,11366683345.000002,0.004523211251645894
2022-05-31,19.48,19.82,19.43,19.79,74046278.0,1456466211.0,11366683345.000002,0.006514325749434343
2022-06-01,19.8,19.9,19.5,19.61,58577822.0,1151985191.0,11366683345.000002,0.005153466514554337
2022-06-02,19.48,19.77,19.34,19.68,73083518.0,1431501513.0,11366683345.000002,0.006429625580459943
2022-06-06,19.6,20.07,19.48,19.96,106521297.0,2114788181.0,11366683345.000002,0.009371361352021546
2022-06-07,19.93,20.42,19.88,20.11,121889407.0,2462366349.0,11366683345.000002,0.01072339250601337
2022-06-08,20.18,20.46,20.05,20.36,112341851.0,2274137709.0,11366683345.000002,0.009883432800071548
2022-06-09,20.37,20.76,20.15,20.23,112643288.0,2302461290.0,11366683345.000002,0.009909952145323881
2022-06-10,20.1,20.93,20.04,20.79,137841552.0,2821335822.0,11366683345.000002,0.012126804962912423
2022-06-13,20.48,20.58,20.11,20.27,119970788.0,2439449279.0,11366683345.000002,0.01055459929327344
2022-06-14,20.0,21.15,19.61,21.11,204170769.0,4153409395.0,11366683345.000002,0.01796221138594584
2022-06-15,21.2,22.75,21.19,21.87,387078232.0,8513421375.0,11366683345.000002,0.0340537534346172
2022-06-16,21.79,21.79,20.8,20.82,245636172.0,5205614911.0,11366683345.000002,0.021610188701882936
2022-06-17,20.6,21.25,20.45,20.82,147740014.0,3071579908.0,11366683345.000002,0.012997636119157675
2022-06-20,20.79,21.07,20.57,20.72,112338363.0,2328711843.0,11366683345.000002,0.009883125938351719
2022-06-21,20.67,21.19,20.65,21.01,130347041.0,2721466192.0,11366683345.000002,0.011467464786668602
2022-06-22,21.05,21.24,20.68,20.76,108703754.0,2273574971.0,11366683345.000002,0.009563366084955362
2022-06-23,20.73,22.3,20.72,21.77,218982535.0,4717812248.0,11366683345.000002,0.019265297391813634
2022-06-24,21.84,21.98,21.49,21.63,135348461.0,2930563834.0,11366683345.000002,0.01190747176567889
2022-06-27,21.75,22.03,21.6,21.8,114777407.0,2504562260.0,11366683345.000002,0.01009770427452688
2022-06-28,21.75,21.99,21.3,21.75,130724162.0,2817082078.0,11366683345.000002,0.011500642538573328
2022-06-29,21.58,21.85,21.37,21.41,102487381.0,2212563602.0,11366683345.000002,0.009016471902077078
2022-06-30,21.44,21.95,21.44,21.66,105079372.0,2282859792.0,11366683345.000002,0.009244505966309206
2022-07-01,21.7,21.74,21.25,21.34,76240524.0,1637094316.0,11366683345.000002,0.006707367636271563
2022-07-04,21.34,21.47,20.9,21.44,97443865.0,2063687975.0,11366683345.000002,0.00857276146809032
2022-07-05,21.45,21.65,20.91,21.16,97833758.0,2072638883.0,11366683345.000002,0.008607062854709972
2022-07-06,21.05,21.22,20.85,20.92,78223168.0,1640435211.0,11366683345.000002,0.006881793538693849
2022-07-07,20.93,21.07,20.84,20.89,56550116.0,1183417275.0,11366683345.000002,0.004975076219122034
2022-07-08,20.96,21.02,20.63,20.67,70928516.0,1476542956.0,11366683345.000002,0.0062400362398764425
2022-07-11,20.52,20.58,20.15,20.2,101975391.0,2072625943.0,11366683345.000002,0.008971428859664426
2022-07-12,20.25,20.43,20.12,20.22,72840383.0,1475160291.0,11366683345.000002,0.0064082354358926666
2022-07-13,20.22,20.39,20.15,20.22,54402374.0,1102259333.0,11366683345.000002,0.004786125587278775
2022-07-14,20.18,20.22,20.0,20.02,56537824.0,1136079835.0,11366683345.000002,0.004973994813084149
2022-07-15,20.0,20.16,19.57,19.57,84482229.0,1680384788.0,11366683345.000002,0.007432443258583622
2022-07-18,19.65,19.97,19.65,19.87,62230230.0,1234444120.0,11366683345.000002,0.005474792260081209
2022-07-19,19.87,20.08,19.7,19.96,56733751.0,1127763566.0,11366683345.000002,0.004991231767264472
2022-07-20,20.02,20.09,19.93,19.98,47160729.0,943903049.0,11366683345.000002,0.00414903165405282
2022-07-21,19.94,19.99,19.76,19.77,42683240.0,848576662.0,11366683345.000002,0.003755118243772981
2022-07-22,19.84,20.05,19.73,19.88,47138943.0,937888911.0,11366683345.000002,0.004147114999973635
2022-07-25,19.87,19.88,19.61,19.66,46347869.0,912775390.0,11366683345.000002,0.004077519149012591
2022-07-26,19.7,19.91,19.68,19.83,34384560.0,680693832.0,11366683345.000002,0.0030250301654725998
2022-07-27,19.75,19.88,19.73,19.81,32673454.0,647004596.0,11366683345.000002,0.0028744932016050626
2022-07-28,19.91,20.12,19.85,19.87,59537617.0,1189440910.0,11366683345.000002,0.005237905833471601
2022-07-29,19.88,20.08,19.59,19.6,58242166.0,1152065653.0,11366683345.000002,0.0051239367045110545
2022-08-01,19.55,19.56,19.24,19.34,56155971.0,1086370171.0,11366683345.000002,0.00494040075680493
2022-08-02,19.1,19.1,18.6,18.8,95612427.0,1800256410.0,11366683345.000002,0.008411638126794319
2022-08-03,18.8,18.99,18.7,18.75,56153809.0,1057628963.0,11366683345.000002,0.004940210551805426
2022-08-04,18.81,19.03,18.79,18.84,61983348.0,1170035869.0,11366683345.000002,0.005453072467903784
2022-08-05,18.87,19.33,18.83,19.3,70252170.0,1340690461.0,11366683345.000002,0.006180533746539412
2022-08-08,19.22,19.48,19.19,19.43,47086263.0,911638245.0,11366683345.000002,0.004142480402668417
2022-08-09,19.4,19.64,19.34,19.38,50554449.0,984708370.0,11366683345.000002,0.004447598957899886
2022-08-10,19.41,19.69,19.28,19.48,48722345.0,950413303.0,11366683345.000002,0.004286417024314491
2022-08-11,19.61,20.25,19.51,20.17,139731113.0,2794285676.0,11366683345.000002,0.012293041757116001
2022-08-12,20.0,20.16,19.94,20.06,74175036.0,1486937917.0,11366683345.000002,0.006525653416097692
2022-08-15,19.96,20.19,19.89,19.95,50225495.0,1005543300.0,11366683345.000002,0.0044186587657597835
2022-08-16,20.0,20.11,19.91,19.94,37111055.0,742068576.0,11366683345.000002,0.003264897408822819
2022-08-17,19.99,20.28,19.81,20.2,77617825.0,1562602114.0,11366683345.000002,0.006828537634431655
2022-08-18,20.1,20.2,19.97,20.02,37190218.0,746336598.0,11366683345.000002,0.0032718618854073473
2022-08-19,20.04,20.18,19.96,19.98,37306157.0,748570008.0,11366683345.000002,0.003282061782464478
2022-08-22,19.92,20.12,19.9,19.95,36270255.0,725333782.0,11366683345.000002,0.003190926842873179
2022-08-23,19.95,20.18,19.81,19.9,51528235.0,1028794272.0,11366683345.000002,0.004533269154776476
2022-08-24,19.89,20.15,19.5,19.54,76814972.0,1523222370.0,11366683345.000002,0.006757905509331314
2022-08-25,19.56,20.28,19.51,20.12,96157089.0,1913109809.0,11366683345.000002,0.008459555534490874
2022-08-26,19.7,19.72,19.34,19.4,64858949.0,1264575447.0,11366683345.000002,0.0057060575219182365
2022-08-29,19.28,19.5,19.21,19.37,39991409.0,773930982.0,11366683345.000002,0.003518300614716385
2022-08-30,19.36,19.5,19.0,19.25,60910384.0,1169277160.0,11366683345.000002,0.005358676946586479
2022-08-31,19.15,19.76,19.12,19.52,88923112.0,1730202291.0,11366683345.000002,0.007823136204380644
2022-09-01,19.38,19.5,19.17,19.3,53011085.0,1025710175.0,11366683345.000002,0.004663724975088588
2022-09-02,19.3,19.48,19.1,19.24,44617925.0,859353525.0,11366683345.000002,0.003925324885524027
2022-09-05,19.16,19.34,19.08,19.27,43061279.0,825521886.0,11366683345.000002,0.003788376758022548
2022-09-06,19.3,19.5,19.28,19.48,59981828.0,1163733943.0,11366683345.000002,0.0052769859227568714
2022-09-07,19.4,19.45,19.3,19.37,31908676.0,617375997.0,11366683345.000002,0.0028072107783345657
2022-09-08,19.4,19.54,19.31,19.31,37476782.0,727404073.0,11366683345.000002,0.003297072757506292
2022-09-09,19.35,19.92,19.32,19.78,100742074.0,1984218133.0,11366683345.000002,0.008862926056993979
2022-09-13,19.86,20.0,19.72,19.83,62230131.0,1237405554.0,11366683345.000002,0.0054747835504165695
2022-09-14,19.6,19.74,19.54,19.58,52353243.0,1027554616.0,11366683345.000002,0.004605850397251476
2022-09-15,19.6,19.8,19.41,19.53,61597212.0,1208139228.0,11366683345.000002,0.005419101608658387
2022-09-16,19.39,19.47,18.36,18.42,191865438.0,3568153682.0,11366683345.000002,0.016879632534533315
2022-09-19,18.35,18.56,18.31,18.42,65878315.0,1214639439.0,11366683345.000002,0.005795737683585483
2022-09-20,18.46,18.57,18.32,18.42,44783614.0,826409453.0,11366683345.000002,0.003939901609003606
2022-09-21,18.31,18.55,18.24,18.43,48107051.0,883134038.0,11366683345.000002,0.004232285666791397
2022-09-22,18.28,18.48,18.26,18.39,32702348.0,600874336.0,11366683345.000002,0.0028770351920100923
2022-09-23,18.37,18.5,18.25,18.36,37678620.0,693021349.0,11366683345.000002,0.0033148297402490886
2022-09-26,18.24,18.31,18.0,18.02,47775469.0,867140318.0,11366683345.000002,0.004203114272644497
2022-09-27,18.1,18.18,17.83,18.07,59660975.0,1072756775.0,11366683345.000002,0.005248758427518242
2022-09-28,17.96,18.0,17.65,17.72,54425384.0,970287343.0,11366683345.000002,0.004788149924484414
2022-09-29,17.85,17.87,17.32,17.4,56827620.0,998002671.0,11366683345.000002,0.004999490024941835
2022-09-30,17.39,17.57,17.36,17.42,41239914.0,720565494.0,11366683345.000002,0.003628139603109529
2022-10-10,17.28,17.61,17.25,17.33,44461082.0,775291356.0,11366683345.000002,0.003911526401371744
2022-10-11,17.41,17.65,17.27,17.39,39316492.0,685117715.0,11366683345.000002,0.0034589238396699608
2022-10-12,17.39,17.82,17.3,17.79,56254789.0,988898508.0,11366683345.000002,0.0049490944097378645
2022-10-13,17.72,17.77,17.59,17.71,41440444.0,732435144.0,11366683345.000002,0.00364578151270739
2022-10-14,17.87,18.2,17.82,18.07,62160623.0,1122144653.0,11366683345.000002,0.005468668486075433
2022-10-17,18.0,18.25,17.96,18.18,39546042.0,718127458.0,11366683345.000002,0.0034791188247005746
2022-10-18,18.22,18.3,18.1,18.17,37594828.0,683828853.0,11366683345.000002,0.003307458020860349
2022-10-19,18.16,18.27,18.06,18.1,43564045.0,789800042.0,11366683345.000002,0.003832608306024733
2022-10-20,18.05,18.36,18.02,18.1,46229114.0,839249616.0,11366683345.000002,0.004067071510383488
2022-10-21,18.39,18.5,18.14,18.2,70202020.0,1286407733.0,11366683345.000002,0.006176121729552763
2022-10-24,18.32,18.55,17.66,17.76,85251766.0,1538595727.0,11366683345.000002,0.007500144361591696
2022-10-25,17.8,17.97,17.46,17.53,73666778.0,1298643943.0,11366683345.000002,0.006480938701649033
2022-10-26,17.5,17.84,17.45,17.53,69515314.0,1222304306.0,11366683345.000002,0.006115707800602937
2022-10-27,17.58,17.81,17.55,17.6,51271482.0,905111219.0,11366683345.000002,0.0045106809474509905
2022-10-28,17.52,17.64,17.15,17.22,59471142.0,1033364039.0,11366683345.000002,0.005232057601583516
2022-10-31,17.19,17.44,17.04,17.21,61830415.0,1064433273.0,11366683345.000002,0.005439617971516562
2022-11-01,17.28,17.9,17.26,17.9,83409411.0,1472122077.0,11366683345.000002,0.0073380605818222505
2022-11-02,17.7,18.02,17.67,17.91,65151125.0,1161990071.0,11366683345.000002,0.005731762117632915
2022-11-03,17.85,17.88,17.65,17.73,37755465.0,670310454.0,11366683345.000002,0.0033215902875140747
2022-11-04,17.71,18.39,17.71,18.25,86270559.0,1566133757.0,11366683345.000002,0.007589774112775725
2022-11-07,18.15,18.4,18.11,18.27,59813022.0,1093059799.0,11366683345.000002,0.0052621349768057595
2022-11-08,18.3,18.39,18.12,18.28,37208130.0,678142380.0,11366683345.000002,0.0032734377188722496
2022-11-09,18.27,18.41,18.2,18.25,33356453.0,610214925.0,11366683345.000002,0.0029345810020011596
2022-11-10,18.16,18.55,18.12,18.43,61765177.0,1135083188.0,11366683345.000002,0.005433878566448266
2022-11-11,19.0,19.2,18.71,18.96,124793778.0,2365374902.0,11366683345.000002,0.010978908641357948
2022-11-14,19.14,19.52,19.0,19.2,134059198.0,2584313144.0,11366683345.000002,0.011794047034746527
2022-11-15,19.11,20.09,19.11,19.8,142483317.0,2808436508.0,11366683345.000002,0.012535170786003802
2022-11-16,19.71,19.87,19.4,19.43,73020755.0,1428915772.0,11366683345.000002,0.006424103917007639
2022-11-17,19.36,19.49,19.24,19.46,51361801.0,994845908.0,11366683345.000002,0.004518626888871073
2022-11-18,19.45,19.5,19.12,19.15,56586483.0,1089377396.0,11366683345.000002,0.004978275657242741
2022-11-21,19.0,19.0,18.7,18.85,46038106.0,866142945.0,11366683345.000002,0.004050267312166423
2022-11-22,18.94,19.33,18.82,19.16,53508775.0,1021392562.0,11366683345.000002,0.004707509954831067
2022-11-23,19.13,19.42,19.08,19.22,48763730.0,939238707.0,11366683345.000002,0.004290057928063095
2022-11-24,19.38,19.49,19.07,19.1,40616459.0,781955002.0,11366683345.000002,0.0035732902701003317
2022-11-25,19.1,19.45,19.06,19.35,54237450.0,1048979348.0,11366683345.000002,0.004771616165753229
2022-11-28,19.0,19.05,18.75,19.01,53679828.0,1013846304.0,11366683345.000002,0.004722558583776576
2022-11-29,19.05,19.91,19.05,19.74,121273259.0,2376980932.0,11366683345.000002,0.010669186016635707
2022-11-30,19.65,20.09,19.62,19.82,105567645.0,2100630625.0,11366683345.000002,0.009287462472193992
2022-12-01,20.18,20.96,19.93,19.97,197949708.0,4043440760.0,11366683345.000002,0.017414904769655126
2022-12-02,20.0,20.13,19.74,19.83,58584964.0,1164943796.0,11366683345.000002,0.0051540948420781395
2022-12-05,20.14,20.88,20.14,20.83,168080567.0,3464055945.0,11366683345.000002,0.014787124959712685
2022-12-06,20.63,21.26,20.63,20.9,125161813.0,2623225949.0,11366683345.000002,0.01101128703959686
2022-12-07,20.84,20.98,20.5,20.59,76081404.0,1572242846.0,11366683345.000002,0.006693368829832568
2022-12-08,20.55,20.72,20.4,20.51,63247457.0,1296641378.0,11366683345.000002,0.005564284240206393
2022-12-09,20.55,20.76,20.26,20.64,84404958.0,1730139478.0,11366683345.000002,0.007425645233367762
2022-12-12,20.44,20.55,20.16,20.24,69433652.0,1410994404.0,11366683345.000002,0.006108523470968566
2022-12-13,20.3,20.5,20.21,20.3,59767149.0,1216271655.0,11366683345.000002,0.005258099234926826
2022-12-14,20.35,20.7,20.16,20.54,59059350.0,1209323882.0,11366683345.000002,0.005195829619550292
2022-12-15,20.45,20.6,20.25,20.27,43305946.0,881017355.0,11366683345.000002,0.0038099016824507123
2022-12-16,20.22,20.58,20.19,20.41,59449899.0,1209081446.0,11366683345.000002,0.005230188718695233
2022-12-19,20.46,20.6,19.86,19.96,68277182.0,1376290870.0,11366683345.000002,0.006006781391515925
2022-12-20,19.9,20.1,19.56,19.71,48812040.0,967149200.0,11366683345.000002,0.004294308068454421
2022-12-21,19.84,19.85,19.67,19.74,29533481.0,583451980.0,11366683345.000002,0.0025982496479935147
2022-12-22,20.0,20.06,19.77,19.87,46856350.0,933124631.0,11366683345.000002,0.004122253482200792
2022-12-23,19.73,19.97,19.68,19.79,35493718.0,703233961.0,11366683345.000002,0.003122609904991595
2022-12-26,19.75,19.91,19.62,19.67,34223769.0,674190443.0,11366683345.000002,0.003010884350451657
2022-12-27,19.8,20.17,19.7,20.14,59665274.0,1194599236.0,11366683345.000002,0.005249136638106988
2022-12-28,20.06,20.15,19.96,20.05,31369783.0,628623837.0,11366683345.000002,0.0027598009065501945
2022-12-29,19.9,19.98,19.63,19.78,48367877.0,954677744.0,11366683345.000002,0.0042552322020368545
2022-12-30,19.85,20.15,19.85,19.91,44871281.0,897017212.0,11366683345.000002,0.003947614236983039
2023-01-03,19.78,19.97,19.36,19.9,69294429.0,1365455659.0,11366683345.000002,0.006096275131169319
2023-01-04,19.94,20.2,19.9,20.15,49264467.0,989875833.0,11366683345.000002,0.004334110971928372
2023-01-05,20.3,20.55,20.21,20.44,78058636.0,1591291319.0,11366683345.000002,0.00686731860392122
2023-01-06,20.34,20.51,20.25,20.41,50333737.0,1026057457.0,11366683345.000002,0.004428181508385284
2023-01-09,20.55,20.9,20.5,20.65,78613352.0,1626914351.0,11366683345.000002,0.006916120526448957
2023-01-10,20.6,20.76,20.41,20.44,47981044.0,986290681.0,11366683345.000002,0.004221200023233338
2023-01-11,20.5,20.58,20.19,20.34,55266759.0,1125438269.0,11366683345.000002,0.004862171076870092
2023-01-12,20.39,20.47,20.22,20.46,38784306.0,789388196.0,11366683345.000002,0.0034121040256708227
2023-01-13,20.46,20.75,20.27,20.75,82863902.0,1704679743.0,11366683345.000002,0.007290068658106001
2023-01-16,20.78,21.99,20.66,21.54,236624301.0,5085505441.0,11366683345.000002,0.0208173566394006
2023-01-17,21.37,21.67,21.3,21.63,80704744.0,1732795031.0,11366683345.000002,0.007100113687560457
2023-01-18,21.51,21.7,21.38,21.38,59336899.0,1274724374.0,11366683345.000002,0.005220247384308566
2023-01-19,21.33,21.63,21.26,21.62,67817960.0,1454364179.0,11366683345.000002,0.005966380688332617
2023-01-20,21.64,21.7,21.35,21.67,71077974.0,1534298760.0,11366683345.000002,0.006253185018237173
2023-01-30,22.25,22.29,21.46,21.61,127823154.0,2779462653.0,11366683345.000002,0.011245422267897267
2023-01-31,21.73,21.83,21.29,21.41,82906282.0,1786535983.0,11366683345.000002,0.007293797098383054
2023-02-01,21.49,22.18,21.41,22.09,100556616.0,2188098234.0,11366683345.000002,0.008846610127855196
2023-02-02,22.47,22.49,21.4,21.43,194369152.0,4207608079.0,11366683345.000002,0.017099900305175605
2023-02-03,21.3,21.38,21.06,21.36,81982031.0,1739508783.0,11366683345.000002,0.007212484813000655
2023-02-06,21.16,21.16,20.8,20.85,78873041.0,1652494588.0,11366683345.000002,0.006938967032515674
2023-02-07,20.95,21.03,20.83,20.9,41628582.0,870715019.0,11366683345.000002,0.003662333218626316
2023-02-08,20.91,20.98,20.81,20.87,30749474.0,642319285.0,11366683345.000002,0.0027052283473284347
2023-02-09,20.84,21.17,20.8,21.17,50569213.0,1064504321.0,11366683345.000002,0.00444889784162453
2023-02-10,21.1,21.1,20.88,20.96,38988599.0,818068365.0,11366683345.000002,0.0034300769905014007
2023-02-13,20.82,21.03,20.75,20.93,47059216.0,982251453.0,11366683345.000002,0.004140100904693584
2023-02-14,21.0,21.02,20.76,20.92,37826103.0,789200109.0,11366683345.000002,0.003327804765199078
2023-02-15,20.89,20.96,20.71,20.75,44150235.0,917073306.0,11366683345.000002,0.0038841791980965923
2023-02-16,20.77,21.05,20.4,20.57,75467200.0,1570985449.0,11366683345.000002,0.006639333366596919
2023-02-17,20.55,20.65,20.23,20.24,53464914.0,1094081583.0,11366683345.000002,0.004703651221490062
2023-02-20,20.47,21.1,20.41,21.04,96545541.0,2006356648.0,11366683345.000002,0.008493730147102993
2023-02-21,20.93,21.17,20.89,21.09,71727165.0,1509584143.0,11366683345.000002,0.0063102985121470355
2023-02-22,21.0,21.1,20.73,20.8,69016739.0,1442714213.0,11366683345.000002,0.006071844961737165
2023-02-23,20.81,21.18,20.81,21.03,69463259.0,1461387798.0,11366683345.000002,0.006111128188554283
2023-02-24,21.05,21.09,20.59,20.59,76029528.0,1576456261.0,11366683345.000002,0.0066888049655613934
2023-02-27,20.38,20.54,20.3,20.44,37436202.0,765068167.0,11366683345.000002,0.003293502674768142
2023-02-28,20.5,20.67,20.35,20.65,41840610.0,858376722.0,11366683345.000002,0.003680986680992123
2023-03-01,20.61,21.0,20.53,20.9,57092049.0,1189825667.0,11366683345.000002,0.005022753539194329
2023-03-02,20.84,20.99,20.78,20.88,39571172.0,826551674.0,11366683345.000002,0.0034813296718964764
2023-03-03,20.92,21.23,20.85,21.17,71036141.0,1496285928.0,11366683345.000002,0.0062495047010566645
2023-03-06,21.18,21.19,20.63,20.69,87747883.0,1829806799.0,11366683345.000002,0.007719743775443406
2023-03-07,20.65,21.16,20.47,20.51,120109755.0,2501219156.0,11366683345.000002,0.010566825111111598
2023-03-08,20.39,20.45,20.25,20.36,67684041.0,1376618833.0,11366683345.000002,0.005954598975414669
2023-03-09,20.44,20.51,20.26,20.28,44234894.0,900495809.0,11366683345.000002,0.003891627193033237
2023-03-10,20.12,20.16,19.91,19.99,58713024.0,1176959572.0,11366683345.000002,0.005165361101206958
2023-03-13,20.0,20.18,19.95,20.13,44613133.0,895084584.0,11366683345.000002,0.003924903302564904
2023-03-14,20.03,20.05,19.69,19.86,56896129.0,1129415983.0,11366683345.000002,0.00500551720084888
2023-03-15,20.04,20.1,19.94,20.05,49521098.0,992407890.0,11366683345.000002,0.0043566884461317765
2023-03-16,19.85,20.09,19.83,19.91,47292320.0,944159544.0,11366683345.000002,0.00416060855788712
2023-03-17,20.05,20.5,20.05,20.16,88154824.0,1785662524.0,11366683345.000002,0.007755544983909287
2023-03-20,20.16,20.42,20.01,20.05,65184520.0,1316058836.0,11366683345.000002,0.005734700089861612
2023-03-21,20.13,20.35,20.05,20.21,43853465.0,885654386.0,11366683345.000002,0.0038580704387520697
2023-03-22,20.3,20.38,20.17,20.3,53998250.0,1094844207.0,11366683345.000002,0.004750572208361277
2023-03-23,20.16,20.5,20.13,20.49,50900685.0,1037667741.0,11366683345.000002,0.004478059558366275
2023-03-24,20.46,20.59,20.37,20.52,42871624.0,878613153.0,11366683345.000002,0.003771691591888891
2023-03-27,20.52,20.59,20.27,20.4,51391665.0,1049583840.0,11366683345.000002,0.004521254216394289
2023-03-28,20.44,20.49,20.3,20.39,38034140.0,775246859.0,11366683345.000002,0.003346107113710573
2023-03-29,20.48,20.49,20.1,20.21,48101074.0,973412021.0,11366683345.000002,0.004231759831785829
2023-03-30,20.17,20.62,20.06,20.48,57689081.0,1173840730.0,11366683345.000002,0.0050752782715088466
2023-03-31,20.41,20.59,20.37,20.48,39027074.0,799826390.0,11366683345.000002,0.0034334618828954448
2023-04-03,20.48,21.05,20.47,21.0,128558535.0,2680201165.0,11366683345.000002,0.011310118448628252
2023-04-04,21.0,21.15,20.9,21.07,99253593.0,2088420959.0,11366683345.000002,0.008731974841514332
2023-04-06,21.05,21.08,20.81,20.89,56680174.0,1186593277.0,11366683345.000002,0.004986518255119034
2023-04-07,20.9,21.35,20.83,21.17,78999864.0,1667342293.0,11366683345.000002,0.006950124464824702
2023-04-10,21.32,21.46,21.05,21.12,84966504.0,1807635650.0,11366683345.000002,0.0074750480347792235
2023-04-11,21.25,21.71,21.24,21.34,116138994.0,2496887124.0,11366683345.000002,0.01021749181137235
2023-04-12,21.34,21.48,21.23,21.34,61283348.0,1306727741.0,11366683345.000002,0.005391488980552752
2023-04-13,21.22,21.23,20.93,20.94,64718439.0,1362170050.0,11366683345.000002,0.005693695956478674
2023-04-14,21.01,21.13,20.82,20.95,48102498.0,1008174941.0,11366683345.000002,0.0042318851101943835
2023-04-17,20.95,21.78,20.91,21.78,162422806.0,3496576628.0,11366683345.000002,0.01428937545545745
2023-04-18,21.77,21.92,21.6,21.73,99057868.0,2156498959.0,11366683345.000002,0.008714755658568931
2023-04-19,21.71,21.73,21.42,21.48,65868389.0,1420881184.0,11366683345.000002,0.005794864429734845
2023-04-20,21.41,21.59,21.33,21.55,56848392.0,1220398232.0,11366683345.000002,0.0050013174709407715
2023-04-21,21.52,21.54,20.8,20.81,95291729.0,2011565963.0,11366683345.000002,0.008383424267899318
2023-04-24,20.79,20.9,20.49,20.62,71296672.0,1474860985.0,11366683345.000002,0.006272425283261024
2023-04-25,20.6,20.9,20.49,20.72,74554055.0,1540111176.0,11366683345.000002,0.0065589981472295505
2023-04-26,20.6,20.76,20.48,20.63,65194027.0,1343921020.0,11366683345.000002,0.005735536481596249
2023-04-27,20.6,21.1,20.53,21.03,88640057.0,1848054657.0,11366683345.000002,0.0077982340415061495
2023-04-28,20.78,21.23,20.53,21.02,126827870.0,2658143470.0,11366683345.000002,0.011157860754147715
2023-05-04,20.83,21.46,20.52,21.27,107027240.0,2253852597.0,11366683345.000002,0.009415872401079894
2023-05-05,21.37,22.23,21.35,21.93,218306583.0,4787990388.0,11366683345.000002,0.01920582956118234
2023-05-08,21.8,22.98,21.65,22.69,283876218.0,6358561217.0,11366683345.000002,0.024974410686374227
2023-05-09,22.88,23.91,22.7,22.74,402373594.0,9384941676.0,11366683345.000002,0.03539938448069787
2023-05-10,22.5,22.66,21.77,21.89,210339984.0,4656419690.0,11366683345.000002,0.0185049567772577
2023-05-11,21.92,22.11,21.72,21.8,83092668.0,1820599631.0,11366683345.000002,0.007310194669630782
2023-05-12,21.76,21.88,21.43,21.5,85129080.0,1838150021.0,11366683345.000002,0.007489350887692912
2023-05-15,21.47,21.9,21.08,21.82,112291816.0,2414280250.0,11366683345.000002,0.009879030900372107
2023-05-16,21.8,22.15,21.68,21.8,80485515.0,1760859552.0,11366683345.000002,0.00708082670706263
2023-05-17,21.7,21.9,21.55,21.66,48331983.0,1048547411.0,11366683345.000002,0.0042520743767583144
2023-05-18,21.67,22.02,21.6,21.67,60472352.0,1316619074.0,11366683345.000002,0.005320140463541697
2023-05-19,21.6,21.6,21.21,21.29,76675284.0,1634752012.0,11366683345.000002,0.006745616260501183
2023-05-22,21.27,21.46,21.21,21.3,48494921.0,1032995598.0,11366683345.000002,0.004266409077132604
2023-05-23,21.28,21.32,20.85,20.85,77384570.0,1625452016.0,11366683345.000002,0.006808016696800133
2023-05-24,20.84,20.84,20.26,20.28,109007651.0,2233926547.0,11366683345.000002,0.00959010185217753
2023-05-25,20.21,20.36,20.1,20.32,66011739.0,1336241724.0,11366683345.000002,0.005807475848180232
2023-05-26,20.32,20.49,20.16,20.37,45769269.0,930327420.0,11366683345.000002,0.004026615997896437
2023-05-29,20.36,20.44,20.22,20.35,50016271.0,1017562180.0,11366683345.000002,0.004400251989249023
2023-05-30,20.39,20.46,20.1,20.36,65588311.0,1330113854.0,11366683345.000002,0.005770224172634413
2023-05-31,20.3,20.3,19.95,20.05,98247798.0,1970325164.0,11366683345.000002,0.008643488607714002
2023-06-01,20.05,20.31,19.96,20.1,75012546.0,1508997266.0,11366683345.000002,0.006599334539656782
2023-06-02,20.15,20.27,20.11,20.19,88261978.0,1782217067.0,11366683345.000002,0.007764972008200162
2023-06-05,20.2,20.22,19.98,20.0,61300447.0,1231346310.0,11366683345.000002,0.005392993289195916
2023-06-06,20.0,20.21,19.8,19.83,74098024.0,1482148342.0,11366683345.000002,0.006518878176772152
2023-06-07,19.85,20.04,19.81,19.87,47680278.0,949185852.0,11366683345.000002,0.004194739710152451
2023-06-08,19.88,20.29,19.74,20.2,77134635.0,1548094659.0,11366683345.000002,0.006786028312641447
2023-06-09,20.18,20.3,20.08,20.18,51067840.0,1030974935.0,11366683345.000002,0.004492765255263649
2023-06-12,20.15,20.17,19.83,19.85,89754722.0,1788103755.0,11366683345.000002,0.007896298267117775
2023-06-13,19.81,20.0,19.81,19.98,50998973.0,1016642731.0,11366683345.000002,0.004486706583801644
2023-06-14,20.0,20.26,19.98,20.0,75619125.0,1521827733.0,11366683345.000002,0.006652699182762356
2023-06-15,20.13,20.36,20.03,20.3,83087922.0,1679572453.0,11366683345.000002,0.007309777133586542
2023-06-16,20.33,20.43,20.22,20.39,70242566.0,1428084238.0,11366683345.000002,0.006179688821092956
2023-06-19,20.38,20.38,20.09,20.15,67958305.0,1371655372.0,11366683345.000002,0.005978727737664446
2023-06-20,20.15,20.21,20.0,20.06,60137878.0,1207409414.0,11366683345.000002,0.005290714641615627
2023-06-21,20.02,20.09,19.82,19.85,51231779.0,1022579949.0,11366683345.000002,0.00450718802002485
2023-06-26,19.66,19.66,19.28,19.29,83398003.0,1618562464.0,11366683345.000002,0.00733705694693125
2023-06-27,19.3,19.56,19.3,19.49,37666567.0,731925831.0,11366683345.000002,0.0033137693605733145
2023-06-28,19.47,19.54,19.36,19.5,38411665.0,747052105.0,11366683345.000002,0.0033793204080851424
2023-06-29,19.49,19.57,19.37,19.44,29588577.0,575913727.0,11366683345.000002,0.002603096796306504
2023-06-30,19.42,19.91,19.42,19.78,51832942.0,1022917693.0,11366683345.000002,0.004560076182891148
2023-07-03,19.8,20.39,19.78,20.24,87162947.0,1757998859.0,11366683345.000002,0.007668283205790315
2023-07-04,20.18,20.41,20.16,20.28,46244364.0,938334579.0,11366683345.000002,0.0040684131506436355
2023-07-05,20.26,20.34,20.15,20.15,34373312.0,695068835.0,11366683345.000002,0.0030240406068072793
2023-07-06,20.0,20.23,19.97,20.05,42141342.0,845509328.0,11366683345.000002,0.0037074440028750525
2023-07-07,19.97,20.24,19.92,20.13,41507406.0,834597709.0,11366683345.000002,0.0036516725891073895
2023-07-10,20.16,20.29,20.02,20.12,33942821.0,684436063.0,11366683345.000002,0.0029861675538740886
2023-07-11,20.2,20.3,20.15,20.24,35391125.0,716118203.0,11366683345.000002,0.0031135841411090172
2023-07-12,20.27,20.31,20.06,20.08,31557168.0,637090767.0,11366683345.000002,0.0027762863662320132
2023-07-13,20.19,20.54,20.18,20.47,80379278.0,1643443226.0,11366683345.000002,0.007071480357140184
2023-07-14,20.53,20.58,20.39,20.5,44511052.0,911724353.0,11366683345.000002,0.003915922582604503
2023-07-17,20.44,20.44,20.2,20.28,34943894.0,708736502.0,11366683345.000002,0.003074238363064032
2023-07-18,20.38,20.39,20.2,20.29,27426249.0,556363980.0,11366683345.000002,0.0024128629405396704
2023-07-19,20.14,20.43,20.14,20.41,38718239.0,787116076.0,11366683345.000002,0.003406291688158222
2023-07-20,20.5,20.55,20.29,20.3,44111794.0,902068661.0,11366683345.000002,0.003880797296900505
2023-07-21,20.3,20.57,20.27,20.36,44541499.0,909156710.0,11366683345.000002,0.003918601200375042
2023-07-24,20.16,20.6,20.15,20.39,39666069.0,809092394.0,11366683345.000002,0.003489678369323835
2023-07-25,21.3,21.75,20.99,21.58,259002492.0,5533914221.0,11366683345.000002,0.022786109557097013
2023-07-26,21.55,21.8,21.44,21.78,128430179.0,2778443919.0,11366683345.000002,0.011298826148481924
2023-07-27,21.77,21.97,21.47,21.52,91624331.0,1988769914.0,11366683345.000002,0.008060779755979028
2023-07-28,21.47,23.67,21.46,23.67,441337721.0,10176122551.0,11366683345.000002,0.03882730851248148
2023-07-31,24.3,24.87,23.9,24.1,446501705.0,10869042988.0,11366683345.000002,0.03928161728868853
2023-08-01,23.9,24.27,23.38,23.67,273839909.0,6526470476.0,11366683345.000002,0.02409145224587058
2023-08-02,23.68,24.59,23.65,23.85,223960826.0,5398448771.0,11366683345.000002,0.019703269564425432
2023-08-03,24.46,24.84,23.79,24.43,263385730.0,6391229794.0,11366683345.000002,0.023171731102710678
2023-08-04,25.0,26.1,24.49,24.7,467781268.0,11765352796.0,11366683345.000002,0.041153716858468525
2023-08-07,24.28,24.88,23.91,24.77,191968937.0,4694751561.0,11366683345.000002,0.016888738005043806
2023-08-08,24.42,25.4,23.88,24.9,248817953.0,6180883719.0,11366683345.000002,0.021890110373264732
2023-08-09,24.64,25.2,24.53,24.91,163923647.0,4073148150.0,11366683345.000002,0.014421414059370892
2023-08-10,24.9,25.2,24.75,25.2,187211147.0,4681327784.0,11366683345.000002,0.016470164718923996
2023-08-11,24.98,24.98,23.98,24.1,280168751.0,6841019604.0,11366683345.000002,0.024648241047661557
2023-08-14,23.5,24.23,23.5,23.75,193848614.0,4625763875.0,11366683345.000002,0.017054105240405987
2023-08-15,23.73,24.14,23.63,24.11,149124726.0,3567792836.0,11366683345.000002,0.013119458110495993
2023-08-16,23.76,24.64,23.44,24.01,145308338.0,3500021811.0,11366683345.000002,0.01278370599317509
2023-08-17,23.8,24.23,23.5,23.95,133095469.0,3171207800.0,11366683345.000002,0.01170926161663035
2023-08-18,24.26,24.83,23.97,23.97,160076731.0,3906812258.0,11366683345.000002,0.014082976198190201
2023-08-21,23.67,23.76,22.89,22.94,211663789.0,4904903314.0,11366683345.000002,0.018621420389361605
2023-08-22,23.23,23.47,22.9,23.22,127726698.0,2960309535.0,11366683345.000002,0.011236936415245936
2023-08-23,23.11,23.24,22.79,22.8,75234309.0,1729103031.0,11366683345.000002,0.006618844452378821
2023-08-24,23.01,23.92,22.95,23.56,155638416.0,3652547198.0,11366683345.000002,0.013692509175815347
2023-08-25,22.99,23.64,22.83,23.43,134360545.0,3140901213.0,11366683345.000002,0.011820558462121914
2023-08-28,25.77,25.77,23.66,23.79,505635393.0,12580601070.0,11366683345.000002,0.04448398689864268
2023-08-29,23.37,23.75,22.9,23.38,251146131.0,5863110757.0,11366683345.000002,0.022094935116713236
2023-08-30,23.38,23.38,22.53,22.56,231633510.0,5279777694.0,11366683345.000002,0.020378284761657532
2023-08-31,22.56,22.72,22.18,22.2,121641395.0,2724111212.0,11366683345.000002,0.010701573300492078
2023-09-01,22.32,22.65,22.21,22.38,99838612.0,2237552330.0,11366683345.000002,0.008783442713209496
2023-09-04,22.51,22.76,22.3,22.57,99220964.0,2237230617.0,11366683345.000002,0.00872910425921608
2023-09-05,22.47,22.47,22.24,22.38,64690750.0,1444051083.0,11366683345.000002,0.005691259977648299
2023-09-06,22.24,22.32,21.96,22.13,97795653.0,2165464958.0,11366683345.000002,0.008603710513587812
2023-09-07,22.13,22.42,22.01,22.12,85782404.0,1902128417.0,11366683345.000002,0.007546827988107377
2023-09-08,22.03,22.32,21.78,22.25,73570094.0,1624646995.0,11366683345.000002,0.0064724327903761085
2023-09-11,22.3,22.78,22.11,22.6,112708154.0,2535351116.0,11366683345.000002,0.00991565882316747
2023-09-12,22.51,22.62,22.36,22.39,65593393.0,1472288763.0,11366683345.000002,0.005770671268752582
2023-09-13,22.44,22.46,22.18,22.28,55895303.0,1245310858.0,11366683345.000002,0.004917468121832331
2023-09-14,22.27,22.38,22.16,22.29,55979679.0,1245730184.0,11366683345.000002,0.004924891219444803
2023-09-15,22.34,22.38,21.95,22.05,74910246.0,1655739492.0,11366683345.000002,0.006590334552862481
2023-09-18,21.95,22.15,21.82,22.14,59728433.0,1316765339.0,11366683345.000002,0.005254693140217851
2023-09-19,22.14,22.15,21.96,22.02,47937179.0,1056327476.0,11366683345.000002,0.00421734093798669
2023-09-20,21.99,22.05,21.73,21.9,39326742.0,863974539.0,11366683345.000002,0.003459825597877601
2023-09-21,21.82,22.03,21.72,21.73,49302907.0,1075917809.0,11366683345.000002,0.004337492785148049
2023-09-22,21.69,22.65,21.67,22.61,127837680.0,2845536840.0,11366683345.000002,0.01124670021323621
2023-09-25,22.48,22.48,21.85,21.9,103685407.0,2283798077.0,11366683345.000002,0.009121869929244518
2023-09-26,21.87,22.14,21.83,21.98,57162593.0,1256759752.0,11366683345.000002,0.005028959747096746
2023-09-27,21.91,22.18,21.91,22.03,58367837.0,1287934747.0,11366683345.000002,0.005134992787995185
2023-09-28,22.07,22.16,21.65,21.66,85442572.0,1857947584.0,11366683345.000002,0.007516930788573841
2023-10-09,21.42,21.74,21.09,21.68,70771449.0,1518711509.0,11366683345.000002,0.006226218049008208
2023-10-10,21.81,21.86,21.41,21.43,40555403.0,875088891.0,11366683345.000002,0.0035679187823807537
2023-10-11,21.58,21.67,21.45,21.51,39384579.0,848855684.0,11366683345.000002,0.0034649138895317746
2023-10-12,21.88,21.98,21.65,21.76,57707114.0,1259034623.0,11366683345.000002,0.005076864750119419
2023-10-13,21.58,21.64,21.46,21.52,37522825.0,808262917.0,11366683345.000002,0.0033011234553750116
2023-10-16,21.47,21.71,21.32,21.51,42436710.0,913187508.0,11366683345.000002,0.0037334294192920524
2023-10-17,21.59,22.19,21.51,21.95,85770886.0,1878763551.0,11366683345.000002,0.007545814675811222
2023-10-18,21.81,22.04,21.76,21.86,46929087.0,1026300485.0,11366683345.000002,0.004128652622371437
2023-10-19,21.7,21.93,21.52,21.56,79091678.0,1716268486.0,11366683345.000002,0.006958201930978485
2023-10-20,21.43,21.75,21.4,21.53,65423351.0,1408421601.0,11366683345.000002,0.0057557115839580895
2023-10-23,21.36,21.47,21.05,21.18,54602624.0,1157653821.0,11366683345.000002,0.004803742863481695
2023-10-24,21.3,21.78,21.25,21.62,76561297.0,1645720767.0,11366683345.000002,0.006735588093397352
2023-10-25,21.92,22.1,21.73,21.84,78453063.0,1716120460.0,11366683345.000002,0.006902018875586086
2023-10-26,21.71,21.9,21.51,21.8,53043193.0,1151839754.0,11366683345.000002,0.004666549721676969
2023-10-27,21.66,22.18,21.4,22.03,92986343.0,2036093789.0,11366683345.000002,0.008180604682798963
2023-10-30,21.86,21.88,21.33,21.6,102883741.0,2219521625.0,11366683345.000002,0.009051342232143442
2023-10-31,21.58,21.86,21.5,21.71,67283393.0,1459095668.0,11366683345.000002,0.005919351402500075
2023-11-01,21.93,22.04,21.5,21.73,58170119.0,1262852979.0,11366683345.000002,0.005117598268063655
2023-11-02,21.73,21.87,21.48,21.53,48260339.0,1044968156.0,11366683345.000002,0.004245771394804347
2023-11-03,21.53,21.9,21.42,21.86,89510265.0,1944098923.0,11366683345.000002,0.007874791817735817
2023-11-06,22.55,23.04,22.26,22.83,193512623.0,4386204004.0,11366683345.000002,0.017024545958265188
2023-11-07,22.61,22.92,22.58,22.79,96608033.0,2201868370.0,11366683345.000002,0.00849922796894805
2023-11-08,22.78,22.82,22.41,22.58,91889393.0,2074489489.0,11366683345.000002,0.00808409895929937
2023-11-09,22.47,22.61,22.3,22.46,61013594.0,1370665767.0,11366683345.000002,0.005367756991914337
2023-11-10,22.35,22.55,22.3,22.46,56773178.0,1273422338.0,11366683345.000002,0.004994700413201314
2023-11-13,22.46,22.48,22.21,22.29,53295812.0,1187792909.0,11366683345.000002,0.004688774234521441
2023-11-14,22.31,22.95,22.3,22.62,110552708.0,2503959004.0,11366683345.000002,0.009726030421057708
2023-11-15,22.89,22.92,22.52,22.6,72854276.0,1653764168.0,11366683345.000002,0.006409457692163763
2023-11-16,22.6,22.7,22.42,22.43,46210073.0,1041928836.0,11366683345.000002,0.00406539635155113
2023-11-17,22.33,22.52,22.24,22.52,48463924.0,1084784401.0,11366683345.000002,0.00426368207233629
2023-11-20,22.51,22.52,22.07,22.35,58828187.0,1309022862.0,11366683345.000002,0.005175492728569539
2023-11-21,22.47,22.84,22.36,22.44,74422236.0,1681355682.0,11366683345.000002,0.006547401184773656
2023-11-22,22.31,22.48,22.2,22.21,36460255.0,814714390.0,11366683345.000002,0.003207642360868459
2023-11-23,22.21,22.29,21.92,22.24,49874640.0,1103374760.0,11366683345.000002,0.004387791802253289
2023-11-24,22.19,22.24,22.03,22.05,46539972.0,1030017515.0,11366683345.000002,0.004094419681399156
2023-11-27,22.0,22.01,21.51,21.69,82089881.0,1776390368.0,11366683345.000002,0.007221973068873239
2023-11-28,21.68,21.78,21.52,21.61,46339788.0,1002729416.0,11366683345.000002,0.004076808211639329
2023-11-29,21.66,21.66,21.3,21.4,49881325.0,1068905926.0,11366683345.000002,0.004388379924557491
2023-11-30,21.4,21.5,21.28,21.45,47745435.0,1021759159.0,11366683345.000002,0.004200471989131495
2023-12-01,21.41,21.62,21.31,21.56,49445465.0,1061627029.0,11366683345.000002,0.0043500345262763185
2023-12-04,21.51,21.62,21.4,21.41,37454414.0,805841197.0,11366683345.000002,0.003295104901156195
2023-12-05,21.34,21.48,21.1,21.13,47729212.0,1015731747.0,11366683345.000002,0.00419904474782393
2023-12-06,21.09,21.18,20.95,20.95,46364681.0,976104843.0,11366683345.000002,0.004078998208425942
2023-12-07,20.9,21.13,20.82,21.03,43100353.0,904550113.0,11366683345.000002,0.0037918143482864827
2023-12-08,21.02,21.16,20.95,20.95,46835044.0,985080412.0,11366683345.000002,0.004120379056798647
2023-12-11,20.8,21.25,20.59,21.21,71746851.0,1499788017.0,11366683345.000002,0.006312030415764168
2023-12-12,21.07,21.2,21.03,21.13,41815143.0,882611587.0,11366683345.000002,0.003678746185745882
2023-12-13,21.12,21.12,20.7,20.71,66797748.0,1391965532.0,11366683345.000002,0.005876626098622086
2023-12-14,20.8,20.87,20.48,20.5,54777009.0,1131395763.0,11366683345.000002,0.004819084629826995
2023-12-15,20.57,20.81,20.44,20.46,58935207.0,1212153705.0,11366683345.000002,0.005184907964021408
2023-12-18,20.4,20.59,20.32,20.44,42235914.0,863807557.0,11366683345.000002,0.003715764107968998
2023-12-19,20.43,20.64,20.36,20.64,48547223.0,996618096.0,11366683345.000002,0.004271010419354652
2023-12-20,20.61,20.62,20.14,20.16,61428051.0,1248872128.0,11366683345.000002,0.005404219431081546
2023-12-21,20.11,20.35,20.03,20.27,53244409.0,1076501136.0,11366683345.000002,0.004684251983092434
2023-12-22,20.2,20.39,20.02,20.28,53062026.0,1073349240.0,11366683345.000002,0.004668206581415943
2023-12-25,20.18,20.3,19.99,20.01,49795694.0,1000339778.0,11366683345.000002,0.00438084641654984
2023-12-26,20.0,20.05,19.73,19.85,40262336.0,799476197.0,11366683345.000002,0.003542135799684318
2023-12-27,19.83,20.08,19.62,19.9,63184178.0,1253913602.0,11366683345.000002,0.00555871718092627
2023-12-28,19.83,20.45,19.81,20.37,87207998.0,1761385734.0,11366683345.000002,0.007672246631059817
2023-12-29,20.33,20.54,20.28,20.37,64438237.0,1314516775.0,11366683345.000002,0.00566904479030334
2024-01-02,20.38,20.4,20.06,20.07,58776514.0,1183083968.0,11366683345.000002,0.005170946723509697
2024-01-03,20.0,20.25,19.98,20.18,54751355.0,1101533870.0,11366683345.000002,0.0048168276829919894
2024-01-04,20.12,20.16,19.84,20.0,50391805.0,1006917540.0,11366683345.000002,0.004433290122590285
2024-01-05,19.95,20.18,19.66,19.79,69614777.0,1387740195.0,11366683345.000002,0.006124458198320646
2024-01-08,19.72,19.86,19.4,19.42,62567092.0,1222235532.0,11366683345.000002,0.005504428169675557
2024-01-09,19.42,19.56,19.33,19.46,45845833.0,892306220.0,11366683345.000002,0.004033351823790073
2024-01-10,19.45,19.63,19.26,19.46,52596063.0,1024533120.0,11366683345.000002,0.004627212829249445
2024-01-11,19.48,19.66,19.34,19.6,44793313.0,874928732.0,11366683345.000002,0.00394075489220906
2024-01-12,19.5,19.73,19.45,19.52,39747110.0,778895688.0,11366683345.000002,0.003496808065607285
2024-01-15,19.36,19.69,19.33,19.48,33855797.0,659832780.0,11366683345.000002,0.0029785114947266083
2024-01-16,19.45,19.62,19.22,19.58,58008393.0,1127694935.0,11366683345.000002,0.005103370195098893
2024-01-17,19.5,19.53,19.22,19.22,56149064.0,1088333238.0,11366683345.000002,0.004939793103737596
2024-01-18,19.07,19.54,18.78,19.49,112136644.0,2140221938.0,11366683345.000002,0.009865379424801772
2024-01-19,19.3,19.58,19.25,19.47,69114136.0,1343840467.0,11366683345.000002,0.006080413600190776
2024-01-22,19.4,19.57,18.92,19.13,98447057.0,1907709426.0,11366683345.000002,0.008661018699294115
2024-01-23,19.05,19.95,18.94,19.78,115286960.0,2254756633.0,11366683345.000002,0.010142532918427137
2024-01-24,19.88,20.62,19.61,20.52,145399272.0,2920645095.0,11366683345.000002,0.012791706040087631
2024-01-25,20.34,20.7,20.13,20.56,154279390.0,3154344626.0,11366683345.000002,0.013572946946557168
2024-01-26,20.4,21.08,20.31,20.83,148255677.0,3064826716.0,11366683345.000002,0.013043002298926097
2024-01-29,20.72,20.89,20.53,20.58,89354435.0,1849438738.0,11366683345.000002,0.007861082453687373
2024-01-30,20.45,20.8,20.28,20.44,90056671.0,1848202280.0,11366683345.000002,0.007922862656292285
2024-01-31,20.35,20.72,20.25,20.5,79319770.0,1627214289.0,11366683345.000002,0.006978268646402588
2024-02-01,20.3,20.78,20.28,20.44,76505057.0,1572022998.0,11366683345.000002,0.006730640300070749
2024-02-02,20.44,20.52,19.67,20.18,102218152.0,2061606711.0,11366683345.000002,0.008992786101054175
2024-02-05,20.08,20.52,19.76,20.18,99699061.0,2008152346.0,11366683345.000002,0.008771165517147603
2024-02-06,20.16,21.22,20.0,21.14,121024553.0,2509414266.0,11366683345.000002,0.010647305755485528
2024-02-07,21.02,21.28,20.9,21.18,112172568.0,2367112733.0,11366683345.000002,0.009868539889372627
2024-02-08,21.3,21.53,21.08,21.25,100939581.0,2149633923.0,11366683345.000002,0.008880302013902894
2024-02-19,21.12,21.12,20.55,20.85,95223930.0,1979888090.0,11366683345.000002,0.008377459555243728
2024-02-20,20.73,21.17,20.68,20.99,88862866.0,1858586985.0,11366683345.000002,0.007817835977553573
2024-02-21,20.9,21.71,20.81,21.38,128712979.0,2749494326.0,11366683345.000002,0.011323705877371741
2024-02-22,21.27,21.8,21.23,21.73,109404058.0,2365138039.0,11366683345.000002,0.009624976317135188
2024-02-23,21.74,21.78,21.46,21.52,77753585.0,1679100350.0,11366683345.000002,0.006840481311921335
2024-02-26,21.54,21.63,21.31,21.34,64641353.0,1386960298.0,11366683345.000002,0.005686914206898757
2024-02-27,21.32,21.47,21.23,21.46,81028401.0,1728538412.0,11366683345.000002,0.0071285878686541335
2024-02-28,21.52,21.74,21.0,21.0,117292456.0,2512179783.0,11366683345.000002,0.010318969257782203
2024-02-29,21.0,21.35,20.95,21.3,96392297.0,2037055653.0,11366683345.000002,0.008480248290052105
2024-03-01,21.3,21.44,21.1,21.32,72393608.0,1537955150.0,11366683345.000002,0.00636892977509087
2024-03-04,21.33,21.36,21.06,21.16,59070856.0,1250669911.0,11366683345.000002,0.005196841876129522
2024-03-05,21.03,21.24,21.02,21.18,79044486.0,1672330722.0,11366683345.000002,0.0069540501482141
2024-03-06,21.17,21.4,21.03,21.1,65445062.0,1385700082.0,11366683345.000002,0.005757621639806487
2024-03-07,21.07,21.2,20.71,20.81,89248571.0,1868871438.0,11366683345.000002,0.007851768918966044
2024-03-08,20.8,20.9,20.71,20.8,46543289.0,967921209.0,11366683345.000002,0.004094711499152789
2024-03-11,20.89,21.2,20.87,21.19,75836858.0,1598127873.0,11366683345.000002,0.006671854550550074
2024-03-12,21.3,21.45,21.16,21.4,82088824.0,1749861586.0,11366683345.000002,0.0072218800778073395
2024-03-13,21.4,21.43,21.05,21.07,63546808.0,1345066748.0,11366683345.000002,0.00559062006666642
2024-03-14,21.01,21.16,20.71,20.8,67506033.0,1410848005.0,11366683345.000002,0.005938938470534123
2024-03-15,20.71,20.89,20.59,20.87,60880390.0,1262584774.0,11366683345.000002,0.0053560381821298984
2024-03-18,20.89,21.43,20.87,21.26,102678963.0,2177023126.0,11366683345.000002,0.00903332659875377
2024-03-19,21.22,21.22,20.81,20.83,72465689.0,1522354516.0,11366683345.000002,0.006375271202736227
2024-03-20,20.77,20.97,20.74,20.84,47950221.0,999311219.0,11366683345.000002,0.004218488326332451
2024-03-21,20.87,21.17,20.8,20.83,68056123.0,1423455162.0,11366683345.000002,0.005987333414186879
2024-03-22,20.83,20.87,20.44,20.5,76624905.0,1576797500.0,11366683345.000002,0.00674118409691653
2024-03-25,19.8,19.92,19.5,19.5,179974202.0,3533742867.0,11366683345.000002,0.015833484274827395
2024-03-26,19.41,19.62,19.41,19.6,76399835.0,1490546285.0,11366683345.000002,0.006721383246204963
2024-03-27,19.52,19.54,19.32,19.35,68782249.0,1335178798.0,11366683345.000002,0.006051215373238674
2024-03-28,19.3,19.53,19.23,19.31,103701495.0,2007001601.0,11366683345.000002,0.009123285293736665
2024-03-29,19.28,19.28,19.1,19.2,86723088.0,1661488228.0,11366683345.000002,0.007629585989843547
2024-04-01,19.3,19.44,19.3,19.41,90708676.0,1757060951.0,11366683345.000002,0.0079802237158213
2024-04-02,19.42,19.47,19.28,19.31,68856339.0,1331754403.0,11366683345.000002,0.006057733545492727
2024-04-03,19.28,19.29,19.13,19.16,53094835.0,1018810156.0,11366683345.000002,0.004671092999468086
2024-04-08,19.0,19.07,18.78,18.92,72459954.0,1371551741.0,11366683345.000002,0.006374766658022001
2024-04-09,18.9,19.05,18.88,18.93,44879326.0,850475059.0,11366683345.000002,0.003948322007205523
2024-04-10,18.89,18.91,18.35,18.41,97599833.0,1813346733.0,11366683345.000002,0.008586482972883414
2024-04-11,18.34,18.52,18.29,18.34,61275915.0,1126874595.0,11366683345.000002,0.005390835051893494
2024-04-12,18.35,18.42,17.9,17.94,105756734.0,1909255553.0,11366683345.000002,0.009304097843679306
2024-04-15,17.5,17.92,17.26,17.74,179911656.0,3165646153.0,11366683345.000002,0.01582798170225617
2024-04-16,17.51,18.0,17.48,17.63,124925193.0,2217573728.0,11366683345.000002,0.010990470061344
2024-04-17,17.58,18.11,17.45,18.1,120547541.0,2145695272.0,11366683345.000002,0.010605339951959397
2024-04-18,18.01,18.53,17.98,18.21,134937611.0,2464131258.0,11366683345.000002,0.011871326657424358
2024-04-19,18.1,18.3,18.06,18.13,78230986.0,1420736104.0,11366683345.000002,0.00688248133827115
2024-04-22,18.13,18.55,18.13,18.28,77961623.0,1429239753.0,11366683345.000002,0.006858783748409241
2024-04-23,18.32,18.43,18.2,18.27,66568808.0,1217707087.0,11366683345.000002,0.005856484779201878
2024-04-24,18.25,18.33,18.05,18.27,54856952.0,998853309.0,11366683345.000002,0.004826117728011714
2024-04-25,18.25,18.32,18.11,18.18,51667856.0,940710872.0,11366683345.000002,0.004545552509187102
2024-04-26,18.55,19.27,18.37,19.16,225574137.0,4248412847.0,11366683345.000002,0.019845202875227976
2024-04-29,19.17,19.52,19.05,19.38,188665203.0,3638439646.0,11366683345.000002,0.016598087346472126
2024-04-30,19.25,19.36,18.95,19.01,102240996.0,1955881347.0,11366683345.000002,0.008994795834175671
2024-05-06,19.25,19.45,19.12,19.21,107831815.0,2079020102.0,11366683345.000002,0.009486656021559117
2024-05-07,19.2,19.25,19.07,19.12,65979247.0,1262187135.0,11366683345.000002,0.005804617318650218
2024-05-08,19.03,19.1,18.75,18.78,78310260.0,1478924663.0,11366683345.000002,0.006889455580237244
2024-05-09,18.83,19.02,18.82,18.91,74266702.0,1404596262.0,11366683345.000002,0.00653371786174272
2024-05-10,18.94,19.14,18.85,19.06,90579371.0,1720456371.0,11366683345.000002,0.007968847926061408
2024-05-13,19.03,19.13,18.76,18.98,81422538.0,1542516577.0,11366683345.000002,0.007163262627159953
2024-05-14,19.01,19.03,18.83,19.01,66901854.0,1266821447.0,11366683345.000002,0.005885784970813752
2024-05-15,19.06,19.09,18.74,18.75,77412096.0,1459083366.0,11366683345.000002,0.006810438335475596
2024-05-16,18.8,18.98,18.74,18.78,60508935.0,1139557602.0,11366683345.000002,0.0053233589045670725
2024-05-17,18.78,19.22,18.73,19.19,101014101.0,1918998124.0,11366683345.000002,0.008886858016013464
2024-05-20,19.19,19.51,19.15,19.29,132560646.0,2568987458.0,11366683345.000002,0.01166220980883672
2024-05-21,19.23,19.36,19.15,19.24,56540133.0,1088790431.0,11366683345.000002,0.004974197950615997
2024-05-22,19.2,19.36,19.15,19.31,64484219.0,1243525648.0,11366683345.000002,0.0056730901216110186
2024-05-23,19.21,19.27,18.84,18.87,86317822.0,1640457685.0,11366683345.000002,0.007593932141865256
2024-05-24,18.8,18.92,18.52,18.59,72645880.0,1360105854.0,11366683345.000002,0.006391123760120898
2024-05-27,18.6,18.76,18.54,18.73,58370293.0,1087384826.0,11366683345.000002,0.005135208858059377
2024-05-28,18.68,18.91,18.6,18.62,47092170.0,881360400.0,11366683345.000002,0.0041430000793252495
2024-05-29,18.56,18.8,18.56,18.65,37977769.0,709786485.0,11366683345.000002,0.0033411477954741944
2024-05-30,18.59,18.68,18.45,18.56,47548869.0,882503726.0,11366683345.000002,0.004183178818024862
2024-05-31,18.64,18.84,18.58,18.62,51955219.0,971574137.0,11366683345.000002,0.004570833674438037
2024-06-03,18.55,18.56,18.35,18.43,58595707.0,1079851030.0,11366683345.000002,0.005155039972656156
2024-06-04,18.43,18.61,18.43,18.56,48649749.0,901981204.0,11366683345.000002,0.0042800302888177265
2024-06-05,18.52,18.67,18.52,18.54,45134222.0,838900165.0,11366683345.000002,0.003970746842336707
2024-06-06,18.58,18.68,18.43,18.49,59233268.0,1098537259.0,11366683345.000002,0.005211130300911888
2024-06-07,18.55,18.6,18.2,18.38,57164346.0,1052028679.0,11366683345.000002,0.005029113969744355
2024-06-11,18.28,18.48,18.28,18.34,45270974.0,832296170.0,11366683345.000002,0.003982777792425605
2024-06-12,18.31,18.38,18.27,18.28,41591118.0,761921767.0,11366683345.000002,0.003659037270383289
2024-06-13,18.3,18.36,18.2,18.26,46159590.0,842708376.0,11366683345.000002,0.004060955038419784
2024-06-14,18.24,18.77,18.2,18.63,121165400.0,2242525169.0,11366683345.000002,0.010659696968975427
2024-06-17,18.51,18.67,18.46,18.66,59644131.0,1108331617.0,11366683345.000002,0.005247276552859755
2024-06-18,18.65,18.89,18.6,18.71,57472966.0,1077622166.0,11366683345.000002,0.00505626524955332
2024-06-19,18.74,18.74,18.52,18.53,46344891.0,861542371.0,11366683345.000002,0.004077257155262117
2024-06-20,18.53,18.6,18.36,18.38,42317417.0,780553079.0,11366683345.000002,0.0037229344493540997
2024-06-21,18.4,18.59,18.25,18.44,60417022.0,1111691879.0,11366683345.000002,0.005315272728748651
2024-06-24,18.41,18.57,18.4,18.42,51976654.0,960506542.0,11366683345.000002,0.004572719448797137
2024-06-25,18.43,18.46,18.0,18.12,74915915.0,1362945574.0,11366683345.000002,0.006590833291133614
2024-06-26,18.09,18.45,18.02,18.4,51017306.0,933106619.0,11366683345.000002,0.004488319455335368
2024-06-27,18.36,18.46,18.25,18.4,54151268.0,996013882.0,11366683345.000002,0.004764034182743391
2024-06-28,18.36,18.6,18.13,18.23,70738608.0,1300681101.0,11366683345.000002,0.006223328815710929
2024-07-01,18.19,18.28,18.0,18.2,46620988.0,845784492.0,11366683345.000002,0.004101547178272344
2024-07-02,18.15,18.39,18.13,18.19,40020689.0,730763530.0,11366683345.000002,0.003520876564015868
2024-07-03,18.19,18.43,18.07,18.38,43434363.0,794590716.0,11366683345.000002,0.0038211993491580804
2024-07-04,18.35,18.45,18.03,18.04,52014443.0,946439321.0,11366683345.000002,0.004576043989373577
2024-07-05,18.1,18.1,17.7,17.81,78678398.0,1401453947.0,11366683345.000002,0.006921843040046435
2024-07-08,17.7,17.78,17.45,17.5,60217254.0,1058986203.0,11366683345.000002,0.005297697857175592
2024-07-09,17.47,17.91,17.35,17.86,64141161.0,1131167617.0,11366683345.000002,0.005642909110177204
2024-07-10,17.81,18.45,17.76,18.17,91748765.0,1669558470.0,11366683345.000002,0.008071727012643368
2024-07-11,18.26,18.45,18.18,18.32,55823833.0,1023550001.0,11366683345.000002,0.0049111804477737905
2024-07-12,18.33,18.41,18.23,18.36,36218180.0,664064595.0,11366683345.000002,0.0031863454712963146
2024-07-15,18.36,18.55,18.32,18.46,53440139.0,986784181.0,11366683345.000002,0.004701471605919888
2024-07-16,18.49,18.85,18.4,18.73,84941179.0,1588630417.0,11366683345.000002,0.007472820032183274
2024-07-17,18.7,18.91,18.66,18.85,83777183.0,1578637964.0,11366683345.000002,0.007370415842265199
2024-07-18,18.86,19.0,18.64,18.97,88410384.0,1668453861.0,11366683345.000002,0.007778028235377044
2024-07-19,18.96,19.44,18.92,19.39,159109624.0,3066945339.0,11366683345.000002,0.01399789359575935
2024-07-22,19.99,20.24,19.57,20.19,370449492.0,7364394033.0,11366683345.000002,0.032590816578254904
2024-07-23,19.85,19.87,19.18,19.2,257122946.0,5022003950.0,11366683345.000002,0.02262075384664461
2024-07-24,19.07,19.3,18.76,18.88,168789715.0,3198694067.0,11366683345.000002,0.014849513255266985
2024-07-25,18.84,19.34,18.79,19.02,130620674.0,2490783477.0,11366683345.000002,0.011491538035803352
2024-07-26,18.92,19.54,18.87,19.26,113424535.0,2186433087.0,11366683345.000002,0.009978683452098926
2024-07-29,19.05,19.19,18.86,18.88,95943051.0,1821926953.0,11366683345.000002,0.008440725239539959
2024-07-30,18.82,18.97,18.74,18.92,70006292.0,1320638610.0,11366683345.000002,0.006158902282678131
2024-07-31,18.92,20.12,18.88,19.8,225317640.0,4428709175.0,11366683345.000002,0.01982263718986358
2024-08-01,19.55,19.82,19.51,19.58,126438939.0,2483167598.0,11366683345.000002,0.011123644000834966
2024-08-02,19.48,19.65,19.15,19.21,97703187.0,1890702077.0,11366683345.000002,0.008595575686814383
2024-08-05,19.12,19.42,19.09,19.12,96617014.0,1859377630.0,11366683345.000002,0.008500018085090764
2024-08-06,19.32,19.37,18.93,19.11,75060005.0,1433376713.0,11366683345.000002,0.006603509812122771
2024-08-07,19.12,19.22,18.93,18.97,57245073.0,1088904006.0,11366683345.000002,0.005036216041434907
2024-08-08,18.93,19.22,18.85,19.07,64732498.0,1233211162.0,11366683345.000002,0.0056949328168339145
2024-08-09,19.14,19.2,18.88,18.89,53998402.0,1027402387.0,11366683345.000002,0.004750585580775673
2024-08-12,18.82,18.92,18.72,18.87,45072581.0,848463355.0,11366683345.000002,0.003965323888416986
2024-08-13,18.85,19.08,18.8,19.06,47472446.0,898005759.0,11366683345.000002,0.004176455396805109
2024-08-14,18.99,19.07,18.83,18.85,46502325.0,879791557.0,11366683345.000002,0.004091107633473007
2024-08-15,18.84,19.3,18.81,19.15,83514500.0,1597152698.0,11366683345.000002,0.00734730593482544
2024-08-16,19.1,19.21,19.0,19.1,45332130.0,865184296.0,11366683345.000002,0.0039881580777862335
2024-08-19,19.07,19.22,19.01,19.04,43305842.0,826900172.0,11366683345.000002,0.0038098925329040204
2024-08-20,19.06,19.08,18.87,18.93,41658617.0,788835154.0,11366683345.000002,0.003664975590115728
2024-08-21,18.9,18.98,18.79,18.92,37924159.0,716968058.0,11366683345.000002,0.0033364313801072104
2024-08-22,19.0,19.09,18.64,18.73,50241548.0,944929814.0,11366683345.000002,0.004420071051077564
2024-08-23,18.71,19.2,18.69,19.1,68655877.0,1305618025.0,11366683345.000002,0.006040097618290781
2024-08-26,18.63,18.72,18.37,18.46,58841279.0,1089938097.0,11366683345.000002,0.005176644515735825
2024-08-27,18.4,18.51,18.26,18.46,40210254.0,739365132.0,11366683345.000002,0.00353755381227258
2024-08-28,18.41,18.53,18.33,18.43,33370073.0,614642147.0,11366683345.000002,0.0029357792407121897
2024-08-29,18.5,18.95,18.46,18.79,86632408.0,1629341686.0,11366683345.000002,0.007621608288939273
2024-08-30,18.75,19.48,18.72,19.29,142158143.0,2735400700.0,11366683345.000002,0.012506563144695395
2024-09-02,19.19,19.2,18.91,18.92,65395420.0,1243771468.0,11366683345.000002,0.005753254314836373
2024-09-03,18.91,19.25,18.91,19.12,50871883.0,971650931.0,11366683345.000002,0.004475525661791011
2024-09-04,19.05,19.29,19.05,19.12,46710930.0,894498620.0,11245203200.999998,0.004153853795709637
2024-09-05,19.05,19.18,18.97,19.11,52389478.0,999567984.0,11245203200.999998,0.004658828930307029
2024-09-06,19.44,19.58,19.04,19.06,117612817.0,2270723933.0,11245203200.999998,0.010458932124013649
2024-09-09,18.79,19.2,18.75,18.98,72901485.0,1386724718.0,11245203200.999998,0.006482896191108144
2024-09-10,19.04,19.06,18.75,18.88,53073412.0,1001496950.0,11245203200.999998,0.00471964899622982
2024-09-11,18.85,19.08,18.82,19.0,46040786.0,874378090.0,12176550974.0,0.0037811023908419276
2024-09-12,19.02,19.04,18.84,18.88,34125596.0,645613092.0,12176550974.0,0.0028025666769569426
2024-09-13,18.91,19.08,18.84,18.92,46149992.0,876310760.0,12176550974.0,0.0037900709403296423
2024-09-18,18.8,19.01,18.77,18.94,37932607.0,716767636.0,12176550974.0,0.003115217690214221
2024-09-19,19.07,19.5,18.95,19.34,98938852.0,1906649056.0,12176550974.0,0.008125359324759478
2024-09-20,19.3,19.36,19.13,19.29,62919701.0,1211200793.0,12176550974.0,0.005167284326600315
2024-09-23,19.32,19.47,19.17,19.31,53651089.0,1037305241.0,12176550974.0,0.004406098994252032
2024-09-24,19.71,20.83,19.4,20.82,286916339.0,5812378580.0,12176550974.0,0.02356302204233683
2024-09-25,21.29,21.78,21.05,21.16,300731823.0,6440028901.0,12176550974.0,0.024697619518214815
2024-09-26,21.01,22.49,21.01,22.48,309320312.0,6741430788.0,12176550974.0,0.025402949707226348
2024-09-27,23.4,24.73,22.7,24.73,279934718.0,6591736856.0,12176550974.0,0.022989655986964706
2024-09-30,27.2,27.2,26.44,27.2,394917453.0,10719669520.0,12176550974.0,0.032432620192963356
2024-10-08,29.92,29.92,29.92,29.92,147521340.0,4413838493.0,12176550974.0,0.012115199149167541
2024-10-09,31.0,32.89,28.77,30.35,1351455140.0,42197359701.0,12176550974.0,0.11098833675362561
2024-10-10,29.1,29.74,27.48,27.75,774670412.0,22003292806.0,12176550974.0,0.06361985538056845
2024-10-11,27.2,28.84,26.68,28.17,485999047.0,13374058536.0,12176550974.0,0.03991270171970127
2024-10-14,27.97,27.98,26.07,27.46,450419082.0,12170846100.0,12176550974.0,0.0369906948988887
2024-10-15,27.0,27.79,26.66,26.72,278100853.0,7580601663.0,12176550974.0,0.022839049710695194
2024-10-16,26.11,27.14,26.07,26.41,259489205.0,6871284447.0,12176550974.0,0.02131056697040687
2024-10-17,26.5,26.99,26.14,26.16,206519367.0,5484875177.0,12176550974.0,0.01696041575656118
2024-10-18,26.12,28.78,26.1,27.91,571182902.0,15746269660.0,12176550974.0,0.04690843106718965
2024-10-21,27.44,27.9,27.2,27.46,363397689.0,10009390464.0,12176550974.0,0.029844057629779194
2024-10-22,27.48,27.91,27.32,27.67,223802073.0,6179374320.0,12176550974.0,0.018379759053107382
2024-10-23,27.68,28.19,27.47,27.57,279364960.0,7763427776.0,12176550974.0,0.022942864576062177
2024-10-24,27.4,27.71,27.11,27.28,162902254.0,4461535778.0,12176550974.0,0.01337835766037832
2024-10-25,27.28,27.89,27.2,27.5,166572085.0,4581169511.0,12176550974.0,0.013679742757671963
2024-10-28,27.51,27.61,27.34,27.49,134573195.0,3691356706.0,12176550974.0,0.011051831942177027
2024-10-29,27.52,27.96,27.2,27.23,186891626.0,5145710569.0,12176550974.0,0.015348486315957666
2024-10-30,27.25,27.78,27.17,27.46,194475316.0,5331028926.0,12176550974.0,0.01597129732510082
2024-10-31,27.4,28.8,27.2,28.12,409520352.0,11535642433.0,12176550974.0,0.033631884174297716
2024-11-01,28.12,28.62,27.84,27.95,272158167.0,7672169096.0,12176550974.0,0.02235100625629755
2024-11-04,28.01,29.07,28.01,29.06,274289684.0,7846310564.0,12176550974.0,0.02252605722143138
2024-11-05,29.23,30.99,28.69,30.47,427442377.0,12816061523.0,12176550974.0,0.03510373158316316
2024-11-06,31.01,33.0,30.59,31.08,545096360.0,17240261829.0,12176550974.0,0.04476607219597059
2024-11-07,30.5,34.19,30.5,34.19,480450523.0,15537735137.0,12176550974.0,0.03945702884387235
2024-11-08,36.49,36.49,34.55,34.88,745430253.0,26491205205.0,12176550974.0,0.06121850551865476
2024-11-11,33.55,35.6,33.1,34.88,513305843.0,17642461682.0,12176550974.0,0.0421552740259567
2024-11-12,34.89,35.1,33.18,33.93,414565034.0,14166082324.0,12176550974.0,0.03404617899479094
2024-11-13,33.0,33.49,32.47,32.92,364705539.0,12011916259.0,12176550974.0,0.029951464891720004
2024-11-14,32.93,33.63,32.59,32.67,255445067.0,8452182996.0,12176550974.0,0.020978441887644497
2024-11-15,32.67,33.0,31.11,31.13,302257008.0,9658174454.0,12176550974.0,0.024822875430439602
2024-11-18,31.05,31.41,30.38,30.67,245026383.0,7563239700.0,12176550974.0,0.020122806821339885
2024-11-19,30.7,31.52,30.48,31.3,219410612.0,6795769179.0,12176550974.0,0.018019110047541118
2024-11-20,31.34,32.16,31.01,31.74,217290426.0,6873427378.0,12176550974.0,0.01784498964148138
2024-11-21,31.52,32.12,31.38,31.89,190430590.0,6042276754.0,12176550974.0,0.015639123952802172
2024-11-22,31.89,31.98,30.24,30.33,230577943.0,7164401757.0,12176550974.0,0.018936227794910228
2024-11-25,30.33,30.5,29.14,29.66,231810113.0,6880269269.0,12176550974.0,0.01903741983218178
2024-11-26,29.68,30.25,29.59,29.72,136519265.0,4077617099.0,12176550974.0,0.011211653060994281
2024-11-27,29.69,30.29,29.49,30.28,178303390.0,5342614122.0,12176550974.0,0.014643176904586741
2024-11-28,30.36,30.41,29.81,29.87,128196740.0,3858994298.0,12176550974.0,0.010528165181892007
2024-11-29,29.88,31.88,29.75,30.75,293290911.0,9039101215.0,12176550974.0,0.024086534161130674
2024-12-02,30.6,31.46,30.49,31.27,193238036.0,6024240988.0,12176550974.0,0.015869685628763994
2024-12-03,31.27,31.46,30.7,31.08,154230920.0,4787944453.0,12176550974.0,0.012666223820630474
2024-12-04,31.0,31.2,30.62,30.8,117878574.0,3643248466.0,12176550974.0,0.009680785162539082
2024-12-05,30.7,31.25,30.65,30.9,115893331.0,3584769689.0,12176550974.0,0.009517746958679959
2024-12-06,30.9,31.64,30.65,31.24,205417748.0,6420319586.0,12176550974.0,0.01686994522821927
2024-12-09,31.15,31.38,30.75,31.12,125857170.0,3912475318.0,12176550974.0,0.010336027851296867
2024-12-10,33.0,33.0,31.39,31.48,306678393.0,9869463926.0,12176550974.0,0.025185981946352094
2024-12-11,31.43,31.72,31.16,31.34,131147987.0,4119760433.0,12176550974.0,0.010770536523850962
2024-12-12,31.28,31.98,31.04,31.66,169464117.0,5331870964.0,12176550974.0,0.013917251064102514
2024-12-13,31.34,31.35,30.37,30.42,201322645.0,6204088515.0,12176550974.0,0.016533634641687493
2024-12-16,30.3,30.35,29.95,30.03,126345331.0,3801767876.0,12176550974.0,0.010376118103540081
2024-12-17,30.01,30.65,29.91,30.23,119716603.0,3621328203.0,12176550974.0,0.009831733407565497
2024-12-18,30.4,30.5,30.18,30.29,69869446.0,2116480629.0,12176550974.0,0.005738032563505778
2024-12-19,30.0,30.39,29.88,30.33,92146787.0,2782391123.0,12176550974.0,0.007567560567582444
2024-12-20,30.09,30.56,30.03,30.34,97771248.0,2964895280.0,12176550974.0,0.00802946977422147
2024-12-23,30.1,30.53,29.88,29.92,104588907.0,3149338369.0,12176550974.0,0.008589370440227584
2024-12-24,29.92,30.38,29.9,30.32,108200942.0,3264728040.0,12176550974.0,0.00888600903745537
2024-12-25,30.34,30.39,29.9,30.09,94086226.0,2833858815.0,12176550974.0,0.007726837115115583
2024-12-26,30.09,30.33,29.95,30.15,81141198.0,2447344066.0,12176550974.0,0.00666372589194238
2024-12-27,30.16,30.76,29.92,30.22,179264402.0,5429064622.0,12176550974.0,0.014722100074378582
2024-12-30,30.1,30.54,30.0,30.51,120669105.0,3662919134.0,12176550974.0,0.009909957693082293
2024-12-31,30.53,30.57,29.15,29.17,198081281.0,5903231591.0,12176550974.0,0.016267437423204106
2025-01-02,28.98,29.0,27.17,27.45,282848733.0,7898902462.0,12176550974.0,0.023228969648626547
2025-01-03,27.34,27.57,26.84,26.97,183954608.0,4998126763.0,12176550974.0,0.015107283531501602
2025-01-06,26.8,27.11,26.52,27.06,123687710.0,3329164147.0,12176550974.0,0.010157860814947055
2025-01-07,27.1,27.32,26.81,27.16,97972405.0,2650426338.0,12176550974.0,0.008045989805257312
2025-01-08,27.12,27.28,26.5,26.98,119233601.0,3199334778.0,12176550974.0,0.009792066838515582
2025-01-09,26.93,27.12,26.8,26.89,63000753.0,1699066076.0,12176550974.0,0.0051739407271010045
2025-01-10,26.93,27.08,26.46,26.46,80024977.0,2145973115.0,12176550974.0,0.0065720561734495635
2025-01-13,26.16,26.59,26.16,26.51,66066389.0,1745282889.0,12176550974.0,0.005425706272742451
2025-01-14,26.62,27.76,26.55,27.7,166624923.0,4556431362.0,12176550974.0,0.013684082081681925
2025-01-15,27.49,27.66,27.28,27.37,88863984.0,2439628711.0,12176550974.0,0.0072979601686673804
2025-01-16,27.55,27.79,27.02,27.25,88458384.0,2422135499.0,12176550974.0,0.007264650243642958
2025-01-17,27.11,27.59,27.11,27.31,67056250.0,1835393759.0,12176550974.0,0.005506998668439196
2025-01-20,27.55,27.85,27.32,27.4,90952804.0,2509191200.0,12176550974.0,0.007469504640041923
2025-01-21,27.6,27.64,27.25,27.42,72906952.0,2001896776.0,12176550974.0,0.00598748793116168
2025-01-22,27.35,27.43,27.1,27.23,70067082.0,1906375662.0,12176550974.0,0.005754263432199385
2025-01-23,27.82,28.5,27.43,27.45,162452767.0,4530428409.0,12176550974.0,0.013341443512771188
2025-01-24,27.43,27.74,27.34,27.54,96903722.0,2672866999.0,12176550974.0,0.007958224147947463
2025-01-27,27.63,27.65,26.92,26.93,88625976.0,2413270221.0,12176550974.0,0.007278413746982931
2025-02-05,27.27,27.27,26.84,26.95,78652890.0,2123929188.0,12176550974.0,0.006459373443920508
2025-02-06,26.9,27.46,26.84,27.37,104484162.0,2841760897.0,12176550974.0,0.008580768250640101
2025-02-07,27.35,28.67,27.23,28.14,215736565.0,6040036146.0,12176550974.0,0.017717378710987358
2025-02-10,28.16,28.3,27.96,28.15,108905279.0,3061349664.0,12176550974.0,0.008943852757036058
2025-02-11,28.11,28.13,27.83,27.97,89039231.0,2488585227.0,12176550974.0,0.007312352339354646
2025-02-12,27.97,28.35,27.71,28.27,115983826.0,3249412218.0,12176550974.0,0.009525178866138257
2025-02-13,28.27,28.57,28.0,28.12,147661669.0,4172564748.0,12176550974.0,0.012126723676950462
2025-02-14,28.0,28.37,27.96,28.24,98633225.0,2779540098.0,12176550974.0,0.008100259688528118
2025-02-17,28.5,28.63,28.1,28.29,120864874.0,3429274427.0,12176550974.0,0.009926035234285712
2025-02-18,28.19,28.23,27.46,27.54,111498104.0,3107292513.0,12176550974.0,0.009156788670131345
2025-02-19,27.55,28.16,27.5,27.99,100071844.0,2792111250.0,12176550974.0,0.008218406362662018
2025-02-20,27.93,28.06,27.72,27.89,71257049.0,1988990232.0,12176550974.0,0.005851989545492129
2025-02-21,27.89,28.61,27.71,28.46,184740434.0,5232423977.0,12176550974.0,0.015171819540234941
2025-02-24,28.46,28.68,28.11,28.35,119793301.0,3405197278.0,12176550974.0,0.009838032235547557
2025-02-25,28.1,28.22,27.72,27.83,103860361.0,2906055926.0,12176550974.0,0.008529538555028268
2025-02-26,27.88,28.45,27.76,28.45,139382674.0,3916115612.0,12176550974.0,0.011446810701783869
2025-02-27,28.23,28.5,27.83,28.24,144479996.0,4062952243.0,12176550974.0,0.011865428585524845
2025-02-28,28.16,28.58,27.3,27.33,159499112.0,4442533958.0,12176550974.0,0.013098874413663667
2025-03-03,27.43,27.8,27.21,27.36,106508981.0,2931519667.0,12176550974.0,0.008747056635940956
2025-03-04,27.22,27.49,27.16,27.36,64173120.0,1755293975.0,12176550974.0,0.005270221439307876
2025-03-05,27.36,27.48,27.12,27.34,78185646.0,2134914467.0,12176550974.0,0.006421001001592818
2025-03-06,27.51,28.1,27.5,28.0,156284409.0,4359222945.0,12176550974.0,0.012834866731450189
2025-03-07,27.8,27.89,27.52,27.58,95791193.0,2653091475.0,12176550974.0,0.007866857635182434
2025-03-10,27.5,27.5,27.14,27.24,90443787.0,2465622786.0,12176550974.0,0.0074277015875119515
2025-03-11,27.0,27.31,26.91,27.3,77948559.0,2112824030.0,12176550974.0,0.006401530217090191
2025-03-12,27.3,27.72,27.19,27.3,97578618.0,2674523652.0,12176550974.0,0.00801365002358672
2025-03-13,27.25,27.45,26.98,27.1,86042862.0,2338986157.0,12176550974.0,0.007066275350361786
2025-03-14,27.23,28.46,27.14,28.07,261208380.0,7293137589.0,12176550974.0,0.021451754323350315
2025-03-17,28.18,28.18,27.83,27.86,104001952.0,2908938808.0,12176550974.0,0.00854116672463905
2025-03-18,27.96,28.11,27.84,27.95,68407227.0,1912300538.0,12176550974.0,0.005617947737915822
2025-03-19,27.93,28.09,27.83,27.93,67762255.0,1893145480.0,12176550974.0,0.005564979372622795
2025-03-20,27.93,27.95,27.61,27.68,64119108.0,1777878916.0,12176550974.0,0.005265785700475482
2025-03-21,27.6,27.71,27.05,27.09,97701264.0,2668760589.0,12176550974.0,0.008023722333903647
2025-03-24,27.09,27.2,27.0,27.19,66879005.0,1812137629.0,12176550974.0,0.00549244241187866
2025-03-25,27.2,27.22,27.0,27.02,53905068.0,1459856180.0,12176550974.0,0.004426957035296849
2025-03-26,27.02,27.11,26.94,26.98,56408101.0,1523533196.0,12176550974.0,0.004632518774852213
2025-03-27,26.94,27.16,26.71,26.9,72547231.0,1953678394.0,12176550974.0,0.005957945821842867
2025-03-28,26.98,27.03,26.73,26.8,65897568.0,1769583853.0,12176550974.0,0.005411841837701652
2025-03-31,26.72,26.84,26.3,26.52,79783870.0,2115699502.0,12176550974.0,0.0065522552461989144
2025-04-01,26.52,26.66,26.39,26.44,59639770.0,1580113214.0,12176550974.0,0.004897919790862446
2025-04-02,26.4,26.61,26.35,26.54,45671867.0,1211260842.0,12176550974.0,0.003750804895205623
2025-04-03,26.3,26.72,26.3,26.44,55867758.0,1479533337.0,12176550974.0,0.004588143072639512
2025-04-07,25.0,25.17,23.8,24.02,227729985.0,5537982335.0,12176550974.0,0.018702339068448925
2025-04-08,24.11,24.59,23.88,24.5,171895621.0,4187725099.0,12176550974.0,0.014116938480119731
2025-04-09,24.44,25.12,24.15,24.89,142335172.0,3510522520.0,12176550974.0,0.011689284782195008
2025-04-10,25.25,25.4,24.7,25.14,122731517.0,3093831094.0,12176550974.0,0.010079333405827534
2025-04-11,25.13,25.59,25.03,25.36,93228996.0,2355030858.0,12176550974.0,0.007656437048476811
2025-04-14,25.44,25.49,25.21,25.23,63510014.0,1608059450.0,12176550974.0,0.00521576381814603
2025-04-15,25.19,25.21,24.94,25.11,56251565.0,1409537552.0,12176550974.0,0.004619663246194366
2025-04-16,25.09,25.25,24.77,25.15,66204342.0,1651630526.0,12176550974.0,0.005437035671378778
2025-04-17,25.05,25.25,24.97,25.17,48169473.0,1210732279.0,12176550974.0,0.003955920942051156
2025-04-18,25.06,25.25,25.0,25.15,47629384.0,1196730534.0,12176550974.0,0.003911566099604126
2025-04-21,25.07,25.28,24.99,25.23,44137123.0,1112592222.0,12176550974.0,0.003624763949516071
2025-04-22,25.2,25.3,25.08,25.08,45949114.0,1157699163.0,12176550974.0,0.003773573822186013
2025-04-23,25.23,25.28,25.04,25.13,48372379.0,1216639786.0,12176550974.0,0.003972584609819907
2025-04-24,25.12,25.25,24.95,25.0,51916077.0,1302315279.0,12176550974.0,0.004263611026706486
2025-04-25,25.1,25.33,25.08,25.2,67011322.0,1690527144.0,12176550974.0,0.005503308953667261
2025-04-28,25.2,25.21,25.0,25.13,44065597.0,1106437411.0,12176550974.0,0.00361888987235311
2025-04-29,25.14,25.2,24.96,25.01,46258639.0,1158492283.0,12176550974.0,0.003798993581907868
2025-04-30,25.08,25.28,25.02,25.08,51451423.0,1293711645.0,12176550974.0,0.004225451288288591
2025-05-06,25.28,25.68,25.2,25.51,81902958.0,2086441329.0,12176550974.0,0.006726285478940911
2025-05-07,26.28,26.42,25.61,25.67,117323426.0,3040010228.0,12176550974.0,0.009635193598787952
2025-05-08,25.64,26.2,25.55,25.86,83674744.0,2170080322.0,12176550974.0,0.006871793513505313
2025-05-09,25.8,25.88,25.54,25.55,47695837.0,1223488810.0,12176550974.0,0.003917023556329096
2025-05-12,25.78,26.38,25.65,26.3,131458156.0,3436067273.0,12176550974.0,0.01079600917211255
2025-05-13,26.5,26.55,26.06,26.09,79642618.0,2088033654.0,12176550974.0,0.0065406549169840485
2025-05-14,26.05,27.74,26.01,27.07,273905637.0,7367935399.0,12176550974.0,0.02249451733786172
2025-05-15,26.8,27.01,26.52,26.58,99456456.0,2657150207.0,12176550974.0,0.008167867585194244
2025-05-16,26.47,26.68,26.13,26.21,71479998.0,1878231801.0,12176550974.0,0.005870299245872479
2025-05-19,26.18,26.24,26.02,26.11,49274631.0,1285903214.0,12176550974.0,0.004046682110986415
2025-05-20,26.16,26.28,26.06,26.09,50524073.0,1320882683.0,12176550974.0,0.004149292612323606
2025-05-21,26.09,26.2,26.03,26.04,53649225.0,1400914012.0,12176550974.0,0.004405945913137028
2025-05-22,26.0,26.07,25.86,25.99,44399458.0,1153132884.0,12176550974.0,0.003646308227576431
2025-05-23,25.93,26.15,25.66,25.67,66448183.0,1720713753.0,12176550974.0,0.005457061128548108
2025-05-26,25.65,25.77,25.53,25.62,45069898.0,1154448356.0,12176550974.0,0.0037013681539407647
2025-05-27,25.59,25.63,25.42,25.51,43510492.0,1110726854.0,12176550974.0,0.0035733018399796337
2025-05-28,25.54,25.58,25.36,25.42,35473327.0,902758248.0,12176550974.0,0.0029132491684832986
2025-05-29,25.41,25.79,25.41,25.7,54271635.0,1392291072.0,12176550974.0,0.004457061372788041
2025-05-30,25.58,25.65,25.37,25.52,54977072.0,1402145833.0,12176550974.0,0.004514995429936596
2025-06-03,25.4,25.78,25.36,25.59,54994639.0,1407063923.0,12176550974.0,0.004516438120895432
2025-06-04,25.58,26.05,25.56,25.89,63914301.0,1653640823.0,12176550974.0,0.005248965912964444
2025-06-05,25.92,26.23,25.86,26.18,85204555.0,2221904942.0,12176550974.0,0.006997429336265512
2025-06-06,26.18,26.28,25.95,25.98,50405365.0,1313321249.0,12176550974.0,0.0041395437104996425
2025-06-09,26.08,26.53,26.08,26.43,90876994.0,2399507281.0,12176550974.0,0.007463278739114652
2025-06-10,26.43,26.49,25.82,25.95,73534370.0,1920532860.0,12176550974.0,0.006039014673121673
2025-06-11,26.05,26.7,26.0,26.38,103266558.0,2730197606.0,12176550974.0,0.008480772447017228
2025-06-12,26.17,26.68,26.06,26.44,74801514.0,1978379473.0,12176550974.0,0.006143078952301029
2025-06-13,26.35,26.44,26.18,26.3,73726526.0,1937850752.0,12176550974.0,0.006054795496477179
2025-06-16,26.2,26.75,26.17,26.68,78096124.0,2072284895.0,12176550974.0,0.006413649001819553
2025-06-17,26.67,26.72,26.52,26.7,51496764.0,1371101918.0,12176550974.0,0.004229174920711008
2025-06-18,26.7,26.71,26.25,26.38,52304769.0,1381128495.0,12176550974.0,0.00429553238118773
2025-06-19,26.35,26.42,25.86,25.91,65214670.0,1698490899.0,12176550974.0,0.005355758797318693
2025-06-20,25.91,26.05,25.88,25.88,41992436.0,1089208101.0,12176550974.0,0.0034486313973196856
2025-06-23,25.78,26.3,25.75,26.23,55235775.0,1439115622.0,12176550974.0,0.004536241429772871
2025-06-24,26.28,27.07,26.26,26.91,136424965.0,3659696310.0,12176550974.0,0.011203908667676227
2025-06-25,26.94,28.2,26.85,28.03,285636122.0,7881370307.0,12176550974.0,0.023457884142225906
2025-06-26,27.98,28.06,27.55,27.57,166940228.0,4633306781.0,12176550974.0,0.01370997652426039
2025-06-27,27.65,28.46,27.5,27.58,177658492.0,4968291923.0,12176550974.0,0.01459021461654828
2025-06-30,27.61,27.85,27.35,27.62,96862649.0,2670400296.0,12176550974.0,0.00795485102528837
2025-07-01,27.63,27.78,27.31,27.39,70762348.0,1940654049.0,12176550974.0,0.005811362195345416
2025-07-02,27.4,27.52,27.23,27.28,57525052.0,1573744149.0,12176550974.0,0.004724248444640067
2025-07-03,27.39,27.75,27.36,27.67,72598917.0,2000459020.0,12176550974.0,0.005962190537781754
2025-07-04,27.6,28.05,27.35,27.66,102139372.0,2830151537.0,12176550974.0,0.008388202227222903
2025-07-07,27.53,27.91,27.49,27.79,57222377.0,1588782683.0,12176550974.0,0.004699391241590839
2025-07-08,27.72,28.08,27.71,28.02,84580324.0,2365303710.0,12176550974.0,0.006946164326877149
2025-07-09,28.02,28.26,27.76,27.81,80770210.0,2261446228.0,12176550974.0,0.006633258479553423
2025-07-10,27.78,28.42,27.72,28.23,142197216.0,4006903003.0,12176550974.0,0.011677955137183496
2025-07-11,28.33,29.29,28.16,28.66,246501548.0,7099768618.0,12176550974.0,0.020243954837978573
2025-07-14,28.77,28.82,28.38,28.41,100929723.0,2880998854.0,12176550974.0,0.008288859728465832
2025-07-15,28.45,28.62,28.08,28.24,94326837.0,2669330265.0,12176550974.0,0.0077465973083356305
2025-07-16,28.24,28.33,27.9,28.08,76152358.0,2140328874.0,12176550974.0,0.006254017099144449
2025-07-17,28.07,28.38,28.01,28.25,63999706.0,1801602017.0,12176550974.0,0.005255979803858702
2025-07-18,28.3,28.46,28.16,28.34,66669830.0,1886801282.0,12176550974.0,0.005475263902098128
2025-07-21,28.45,29.01,28.34,28.9,132900464.0,3827828697.0,12176550974.0,0.010914458805599051
2025-07-22,28.9,29.08,28.54,28.93,112187441.0,3231521991.0,12176550974.0,0.009213400513786574
2025-07-23,29.01,30.06,29.0,29.78,288781318.0,8542345798.0,12176550974.0,0.02371618355777599
2025-07-24,29.56,30.28,29.48,30.04,209784096.0,6293474532.0,12176550974.0,0.017228531827111128
2025-07-25,30.09,30.22,29.61,29.7,121393484.0,3625225120.0,12176550974.0,0.009969447363149518
2025-07-28,29.73,30.43,29.64,29.96,125792547.0,3779720808.0,12176550974.0,0.010330720683434803
2025-07-29,29.8,29.99,29.45,29.95,122993105.0,3656078962.0,12176550974.0,0.010100816336466806
2025-07-30,29.9,30.33,29.45,29.78,126880860.0,3797224729.0,12176550974.0,0.010420098455705771
2025-07-31,29.59,29.9,28.85,29.02,141339521.0,4146844446.0,12176550974.0,0.011607516882391035
2025-08-01,29.0,29.2,28.7,28.75,96389080.0,2786733536.0,12176550974.0,0.007915959141945443
2025-08-04,28.65,28.99,28.6,28.91,71371756.0,2055044707.0,12176550974.0,0.00586140986494424
2025-08-05,28.96,29.28,28.88,29.18,91358852.0,2654420805.0,12176550974.0,0.007502851357093986
2025-08-06,29.1,29.26,28.96,29.16,73924034.0,2153758084.0,12176550974.0,0.0060710158531628875
2025-08-07,29.21,29.45,28.94,29.11,88005636.0,2566335297.0,12176550974.0,0.007227468286209631
2025-08-08,29.1,29.11,28.82,28.88,65456137.0,1894690752.0,12176550974.0,0.005375589289591554
2025-08-11,28.89,29.65,28.89,29.38,126773499.0,3724263635.0,12176550974.0,0.010411281426956888
2025-08-12,29.44,29.57,29.31,29.48,82051260.0,2415805698.0,12176550974.0,0.006738464789840743
2025-08-13,29.65,30.06,29.32,29.62,200047866.0,5945238503.0,12176550974.0,0.01642894333766208
2025-08-14,29.71,30.2,29.57,29.65,186187703.0,5562185689.0,12176550974.0,0.015290676596152523
2025-08-15,29.65,31.51,29.51,31.1,400806610.0,12313562406.0,12176550974.0,0.032916267574933405
2025-08-18,31.19,32.3,30.9,31.7,356648188.0,11284010952.0,12176550974.0,0.029289754443728246
2025-08-19,31.5,31.83,30.94,31.02,196858262.0,6158371746.0,12176550974.0,0.016166996912372143
2025-08-20,30.9,31.16,30.35,31.15,185823025.0,5718792645.0,12176550974.0,0.015260727392902877
2025-08-21,31.35,31.42,30.72,30.88,137901268.0,4284970507.0,12176550974.0,0.011325150142635127
2025-08-22,30.87,32.22,30.86,32.2,270491980.0,8561038378.0,12176550974.0,0.02221417054612332
2025-08-25,32.5,32.53,31.63,32.14,251449182.0,8054612646.0,12176550974.0,0.020650279585484203
2025-08-26,31.94,32.09,31.63,31.68,139998282.0,4459689621.0,12176550974.0,0.011497367546765218
2025-08-27,31.67,32.08,30.87,30.89,209491695.0,6604013663.0,12176550974.0,0.01720451837694578
2025-08-28,30.9,31.5,30.69,31.5,163948378.0,5092858422.0,12176550974.0,0.01346427065842134
2025-08-29,31.7,32.08,31.35,31.48,248687107.0,7870324453.0,12176550974.0,0.02042344400569665
2025-09-01,31.49,31.55,30.9,31.17,170874307.0,5328087689.0,12176550974.0,0.014033063004857422
2025-09-02,31.2,31.33,30.66,30.78,170084591.0,5255366923.0,12176550974.0,0.013968207529634081
2025-09-03,30.97,31.07,29.52,29.79,188476082.0,5681134739.0,12176550974.0,0.015478609862714316
2025-09-04,29.76,29.91,29.2,29.56,181580653.0,5367895398.0,12176550974.0,0.014912322330660002
2025-09-05,29.57,29.85,29.33,29.83,133373060.0,3946998043.0,12176550974.0,0.010953270781256946
2025-09-08,29.8,29.8,29.35,29.45,155119817.0,4576095541.0,12176550974.0,0.012739224541598013
2025-09-09,29.45,29.74,29.38,29.52,117928405.0,3481157225.0,12176550974.0,0.00968487753648852
2025-09-10,29.57,29.69,29.34,29.48,88404843.0,2609280738.0,12176550974.0,0.007260253185714624
2025-09-11,29.39,30.33,29.3,30.33,186399077.0,5582043266.0,12176550974.0,0.015308035698943727
2025-09-12,30.36,30.43,29.7,29.78,147984324.0,4443482473.0,12176550974.0,0.012153221738732402
2025-09-15,29.86,30.15,29.42,29.59,172454102.0,5134931803.0,12176550974.0,0.014162803766701499
2025-09-16,29.6,29.86,29.21,29.28,208344421.0,6137333282.0,12176550974.0,0.017110298428912075
2025-09-17,29.29,29.51,28.96,28.99,302415262.0,8823722234.0,12176550974.0,0.024835872049953446
2025-09-18,29.01,29.19,28.15,28.35,372997884.0,10712761661.0,12176550974.0,0.030632474236460254
2025-09-19,28.25,28.6,28.14,28.31,166230032.0,4717340586.0,12176550974.0,0.01365165163394322
2025-09-22,28.45,28.88,28.36,28.78,155923418.0,4470772780.0,12176550974.0,0.01280522032330302
2025-09-23,28.63,28.81,28.25,28.5,149735724.0,4261899074.0,12176550974.0,0.012297055571789043
2025-09-24,28.35,28.87,28.34,28.69,155819804.0,4449992755.0,12176550974.0,0.012796711017160317
2025-09-25,28.63,28.84,28.55,28.71,132806322.0,3815540272.0,12176550974.0,0.010906727388040743
2025-09-26,28.67,28.99,28.51,28.72,126643060.0,3641096137.0,12176550974.0,0.010400569116034155
2025-09-29,28.72,31.49,28.62,30.41,593771449.0,17972866572.0,12176550974.0,0.04876351688321688
2025-09-30,30.28,30.6,29.74,29.9,295038797.0,8855514217.0,12176550974.0,0.024230079406720513
2025-10-09,29.6,30.25,29.35,29.65,380798468.0,11325172371.0,12176550974.0,0.03127309767873518
2025-10-10,29.64,30.27,29.54,29.68,267585628.0,7995783962.0,12176550974.0,0.021975486208809264
2025-10-13,28.9,29.49,28.81,29.2,211049326.0,6135452947.0,12176550974.0,0.017332438918922395
2025-10-14,29.2,29.71,28.93,29.03,195512452.0,5727412730.0,12176550974.0,0.016056472183089306
2025-10-15,29.14,29.73,29.06,29.69,196485192.0,5779800802.0,12176550974.0,0.016136358515604732
2025-10-16,29.6,29.98,29.5,29.65,159731518.0,4745901327.0,12176550974.0,0.013117960770752488
2025-10-17,29.66,29.93,29.05,29.09,173989890.0,5124858639.0,12176550974.0,0.014288930450955462
2025-10-20,29.4,29.54,29.12,29.23,122730684.0,3594768008.0,12176550974.0,0.01007926499565114
2025-10-21,29.31,30.11,29.21,29.36,306867820.0,9070647644.0,12176550974.0,0.02520153865041423
2025-10-22,29.22,29.23,29.02,29.19,122694826.0,3574148771.0,12176550974.0,0.010076320155188799
2025-10-23,29.2,29.58,28.85,29.52,140360535.0,4096658104.0,12176550974.0,0.011527117596740247
2025-10-24,29.55,30.06,29.5,29.87,299094343.0,8892004443.0,12176550974.0,0.02456314137218673
2025-10-27,30.25,30.63,29.83,29.99,461214211.0,13902244215.0,12176550974.0,0.03787724553404395
2025-10-28,29.98,30.34,29.8,30.0,226331603.0,6798411079.0,12176550974.0,0.018587496860422537
2025-10-29,29.95,30.46,29.85,30.3,313670198.0,9477951609.0,12176550974.0,0.025760184363352544
2025-10-30,30.19,30.23,29.62,29.68,245220842.0,7339678554.0,12176550974.0,0.020138776778712477
2025-10-31,29.72,29.87,29.37,29.38,167153229.0,4938189521.0,12176550974.0,0.013727469244526976
2025-11-03,29.35,29.38,28.93,29.22,139351693.0,4059197676.0,12176550974.0,0.011444266385247426
2025-11-04,29.18,29.25,28.96,29.08,119758945.0,3482779128.0,12176550974.0,0.009835210746927885
2025-11-05,28.93,29.17,28.92,29.06,94055879.0,2735028199.0,12176550974.0,0.007724344865868255
2025-11-06,29.12,29.43,29.1,29.19,162561807.0,4753244677.0,12176550974.0,0.013350398429498662
2025-11-07,29.09,29.12,28.95,29.0,96072134.0,2787864865.0,12176550974.0,0.007889929932140733
2025-11-10,29.0,29.46,28.96,29.3,162194018.0,4737134777.0,12176550974.0,0.013320193735182076
2025-11-11,29.34,29.4,29.0,29.06,104299540.0,3038989818.0,12176550974.0,0.008565606157499423
2025-11-12,29.07,29.11,28.81,28.9,108630812.0,3144600711.0,12176550974.0,0.008921312137727186
2025-11-13,28.88,29.12,28.86,29.08,117874907.0,3418473434.0,12176550974.0,0.009680484009937837
2025-11-14,28.95,28.96,28.62,28.64,120170706.0,3463551862.0,12176550974.0,0.009869026644457424
2025-11-17,28.61,28.61,28.26,28.29,107770905.0,3058387828.0,12176550974.0,0.008850692222298251
2025-11-18,28.27,28.43,28.17,28.22,91515389.0,2589358392.0,12176550974.0,0.007515706967876895
2025-11-19,28.22,28.42,28.2,28.3,84481274.0,2392792474.0,12176550974.0,0.006938029839516031
2025-11-20,28.85,28.94,28.28,28.3,152864285.0,4380360233.0,12176550974.0,0.012553988836937792
2025-11-21,28.01,28.25,27.3,27.3,169503916.0,4693752816.0,12176550974.0,0.013920519559433004
2025-11-24,27.4,27.5,27.26,27.39,89138879.0,2441061829.0,12176550974.0,0.007320535937502658
2025-11-25,27.47,27.65,27.4,27.47,80225905.0,2207852490.0,12176550974.0,0.006588557397846278
2025-11-26,27.52,27.72,27.44,27.6,68169452.0,1881110589.0,12176550974.0,0.005598420451370748
2025-11-27,27.53,27.81,27.52,27.58,64864740.0,1794367924.0,12176550974.0,0.005327020774478958
2025-11-28,27.61,27.64,27.41,27.59,74659823.0,2055903546.0,12176550974.0,0.006131442570184078
2025-12-01,27.5,27.73,27.48,27.67,70798737.0,1956001679.0,12176550974.0,0.005814350644215519
2025-12-02,27.66,27.69,27.35,27.37,65292152.0,1793505908.0,12176550974.0,0.005362122011349123
2025-12-03,27.45,27.57,27.03,27.15,78110536.0,2129256756.0,12176550974.0,0.006414832588208734
2025-12-04,27.14,27.38,27.02,27.2,69237557.0,1882466793.0,12176550974.0,0.005686138640394936
2025-12-05,27.2,28.09,27.16,27.86,163790521.0,4536315644.0,12176550974.0,0.013451306642556992
2025-12-08,28.38,29.06,28.38,28.7,314621670.0,9057705852.0,12176550974.0,0.025838324060055793
2025-12-09,28.52,28.83,28.38,28.53,130128521.0,3717964325.0,12176550974.0,0.010686812815702667
2025-12-10,28.42,28.57,28.16,28.52,99289687.0,2815735192.0,12176550974.0,0.008154171670780048
2025-12-11,28.55,28.58,28.15,28.29,74225023.0,2103229398.0,12176550974.0,0.006095734593358095
2025-12-12,28.26,28.56,28.08,28.41,106756984.0,3023765536.0,12176550974.0,0.008767423897617069
2025-12-15,28.26,28.94,28.18,28.55,119324123.0,3418024767.0,12176550974.0,0.009799500963350544
2025-12-16,28.44,28.79,28.28,28.48,100161602.0,2851192434.0,12176550974.0,0.008225777743949845
2025-12-17,28.48,29.15,28.4,28.97,161703772.0,4662507508.0,12176550974.0,0.013279932252185224
2025-12-18,28.9,28.9,28.47,28.53,113593828.0,3248014078.0,12176550974.0,0.009328900132931845
2025-12-19,28.58,28.94,28.47,28.68,98348153.0,2821714142.0,12176550974.0,0.008076848132939948
2025-12-22,28.62,28.79,28.6,28.65,75331310.0,2160286841.0,12176550974.0,0.006186588481488009
2025-12-23,28.68,28.88,28.59,28.63,94064657.0,2702038440.0,12176550974.0,0.007725065759659834
2025-12-24,28.61,28.83,28.55,28.74,78951922.0,2266348143.0,12176550974.0,0.0064839314653699735
2025-12-25,28.75,29.02,28.7,28.96,104494796.0,3020073434.0,12176550974.0,0.00858164156854619
2025-12-26,28.96,29.4,28.9,29.1,141352575.0,4122805470.0,12176550974.0,0.011608588942946432
2025-12-29,29.03,29.14,28.86,28.94,90671097.0,2628004106.0,12176550974.0,0.007446369435286364
2025-12-30,28.86,29.02,28.75,28.83,85434793.0,2463949229.0,12176550974.0,0.0070163376462205745
2025-12-31,28.8,29.07,28.68,28.71,85634753.0,2470416840.0,12176550974.0,0.0070327593735575655
2026-01-05,28.83,29.36,28.8,29.33,185177013.0,5402908222.0,12176550974.0,0.015207673617545684
2026-01-06,29.36,30.25,29.33,30.19,334935799.0,10055094452.0,12176550974.0,0.02750662315750759
2026-01-07,30.21,30.21,29.4,29.5,229502122.0,6829635012.0,12176550974.0,0.018847875928909984
2026-01-08,29.29,29.29,28.45,28.54,315027225.0,9039903881.0,12176550974.0,0.02587163028945244
2026-01-09,28.54,28.67,28.35,28.57,232677161.0,6628564036.0,12176550974.0,0.0191086262026763
2026-01-12,28.57,28.85,28.41,28.78,217308310.0,6227140485.0,12176550974.0,0.017846458366084773
2026-01-13,28.85,29.15,28.48,28.55,215969109.0,6226326714.0,12176550974.0,0.017736476401334696
2026-01-14,28.49,29.13,28.15,28.23,321882341.0,9209655922.0,12176550974.0,0.02643460711389455
2026-01-15,28.38,28.8,28.23,28.28,207814142.0,5904891817.0,12176550974.0,0.017066749233320296
2026-01-16,28.5,28.57,27.99,28.08,209581279.0,5914162078.0,12176550974.0,0.017211875468472866
2026-01-19,27.74,27.97,27.7,27.91,159433764.0,4437182144.0,12176550974.0,0.013093507705131872
2026-01-20,27.93,28.15,27.91,28.05,138513336.0,3884362839.0,12176550974.0,0.011375416264898066
2026-01-21,28.03,28.11,27.79,27.94,141050126.0,3943890400.0,12176550974.0,0.011583750300161146
2026-01-22,27.9,28.22,27.82,27.92,172592474.0,4825498273.0,12176550974.0,0.014174167575738677
2026-01-23,28.0,28.06,27.7,27.77,188106135.0,5240083934.0,12176550974.0,0.015448227942514586
2026-01-26,27.77,28.44,27.71,28.07,263751164.0,7423210356.0,12176550974.0,0.02166058061623321
2026-01-27,28.09,28.14,27.8,27.86,141523812.0,3957139689.0,12176550974.0,0.011622651792136292
2026-01-28,27.89,28.18,27.77,27.94,171879381.0,4805814919.0,12176550974.0,0.014115604769117768
2026-01-29,27.9,28.58,27.7,28.56,297781177.0,8387338386.0,12176550974.0,0.02445529753341794
2026-01-30,28.5,28.52,28.08,28.08,190709529.0,5390994670.0,12176550974.0,0.01566203183538695
2026-02-02,28.09,28.6,27.83,27.86,181833606.0,5128515409.0,12176550974.0,0.014933096111391517
2026-02-03,28.07,28.1,27.71,27.97,132291749.0,3686657439.0,12176550974.0,0.010864468048667981
2026-02-04,27.85,28.39,27.84,28.38,157219253.0,4440800888.0,12176550974.0,0.012911640852627535
2026-02-05,28.29,28.49,28.13,28.29,115684169.0,3276268367.0,12176550974.0,0.009500569516525231
2026-02-06,28.2,28.36,28.1,28.16,107402653.0,3027616780.0,12176550974.0,0.0088204495040781
2026-02-09,28.01,28.1,27.88,28.06,97053435.0,2718596599.0,12176550974.0,0.00797051933730935
2026-02-10,28.06,28.18,27.98,28.09,75629809.0,2124582776.0,12176550974.0,0.00621110273027959
2026-02-11,28.11,28.15,27.95,28.04,83665980.0,2346138810.0,12176550974.0,0.006871073769464598
2026-02-12,28.03,28.03,27.77,27.87,95785415.0,2671181327.0,12176550974.0,0.007866383116575946
2026-02-13,27.87,28.0,27.62,27.62,109046516.0,3032551539.0,12176550974.0,0.008955451854375
2026-02-24,27.76,27.8,27.61,27.63,84792805.0,2346720145.0,12176550974.0,0.006963614342111651
2026-02-25,27.64,27.89,27.61,27.74,101623021.0,2823641661.0,12176550974.0,0.008345796869490442
2026-02-26,27.75,27.78,27.33,27.38,132628852.0,3647542589.0,12176550974.0,0.010892152653341326
2026-02-27,27.36,27.49,27.18,27.37,87758758.0,2400314701.0,12176550974.0,0.007207193415227927
2026-03-02,27.11,27.2,26.86,27.07,130969370.0,3544085955.0,12176550974.0,0.010755867591705775
2026-03-03,27.06,27.38,26.75,26.8,160721145.0,4345572179.0,12176550974.0,0.013199233949184796
2026-03-04,26.6,26.65,26.05,26.14,150080106.0,3949873435.0,12176550974.0,0.01232533796478648
2026-03-05,26.33,26.44,26.1,26.21,81899057.0,2150433698.0,12176550974.0,0.006725965109075229
2026-03-06,26.18,26.58,26.11,26.43,77673336.0,2046673145.0,12176550974.0,0.0063789275112346765
2026-03-09,26.01,26.01,25.63,25.88,126946526.0,3279905456.0,12176550974.0,0.010425491280007186
2026-03-10,26.1,26.27,26.0,26.13,90837752.0,2371463279.0,12176550974.0,0.007460055987443526
2026-03-11,26.14,26.2,25.94,26.1,88402598.0,2304795581.0,12176550974.0,0.007260068814951113
2026-03-12,26.0,26.08,25.8,25.93,91861750.0,2381053286.0,12176550974.0,0.007544151886371432
2026-03-13,25.73,25.95,25.66,25.75,80647744.0,2080610907.0,12176550974.0,0.006623200951747603
2026-03-16,25.66,25.69,25.36,25.5,115669803.0,2943468144.0,12176550974.0,0.009499389707888887
2026-03-17,25.5,26.55,25.5,25.91,221171782.0,5770156338.0,12176550974.0,0.018163746242450544
2026-03-18,25.9,26.02,25.75,25.97,85965852.0,2224720654.0,12176550974.0,0.007059950899360477
2026-03-19,25.75,25.84,25.5,25.61,107159437.0,2749163310.0,12176550974.0,0.008800475375072331
2026-03-20,25.62,25.71,25.3,25.3,100896257.0,2571973337.0,12176550974.0,0.00828611133115107
2026-03-23,25.0,25.0,24.09,24.29,199265633.0,4887377310.0,12176550974.0,0.01636470240427542
2026-03-24,24.5,24.61,24.08,24.36,127910113.0,3112452255.0,12176550974.0,0.010504625921832897
2026-03-25,24.4,24.85,24.36,24.66,113477202.0,2792003965.0,12176550974.0,0.009319322215486337
2026-03-26,24.58,24.62,24.05,24.13,113838924.0,2763937440.0,12176550974.0,0.009349028657053607
2026-03-27,24.05,24.37,24.01,24.26,94772015.0,2297623177.0,12176550974.0,0.007783157579051909
2026-03-30,23.99,24.17,23.88,24.1,90949319.0,2185349332.0,12176550974.0,0.0074692184342019085
2026-03-31,24.1,24.44,24.03,24.04,102248550.0,2478632393.0,12176550974.0,0.008397168477208889
2026-04-01,24.43,24.6,24.25,24.51,117145939.0,2865740077.0,12176550974.0,0.009620617467962484
2026-04-02,24.47,24.47,24.08,24.13,78873570.0,1911165159.0,12176550974.0,0.006477496802535867
2026-04-03,24.22,24.26,23.95,23.98,71023358.0,1710796826.0,12176550974.0,0.005832797657699026
2026-04-07,23.99,24.08,23.77,23.92,71443585.0,1708575461.0,12176550974.0,0.005867308826000895
2026-04-08,24.45,24.77,24.33,24.7,152745978.0,3749420200.0,12176550974.0,0.01254427286726357
2026-04-09,24.48,24.48,24.1,24.15,98740799.0,2393489061.0,12176550974.0,0.008109094209915143
2026-04-10,25.01,26.5,25.01,25.9,425932882.0,11036902941.0,12176550974.0,0.034979764213156406
2026-04-13,25.62,26.28,25.49,26.09,215163868.0,5591240528.0,12176550974.0,0.017670345934528504
2026-04-14,26.3,26.37,25.88,26.19,145346411.0,3792758895.0,12176550974.0,0.011936582970855307
2026-04-15,26.33,26.39,25.97,26.01,110753830.0,2892097782.0,12176550974.0,0.009095665121961654
2026-04-16,26.12,26.48,26.04,26.31,143003563.0,3758618753.0,12176550974.0,0.011744176434307923
2026-04-17,26.2,26.34,26.08,26.26,106035471.0,2777157579.0,12176550974.0,0.00870816959797667
2026-04-20,26.23,26.41,26.15,26.3,96652117.0,2539846660.0,12176550974.0,0.007937561071799114
2026-04-21,26.25,26.41,26.15,26.3,81388079.0,2136782191.0,12176550974.0,0.006684001009299269
2026-04-22,26.16,27.01,26.15,26.71,191351733.0,5104261296.0,12176550974.0,0.0157147728785092
2026-04-23,26.58,26.77,26.35,26.48,120581835.0,3199251615.0,12176550974.0,0.00990279063894797
2026-04-24,26.37,26.38,26.05,26.23,104235631.0,2725660518.0,12176550974.0,0.00856035762693141
2026-04-27,26.4,27.07,26.4,26.77,154596427.0,4142580850.0,12176550974.0,0.012696241105556267
2026-04-28,26.85,27.65,26.85,27.3,260790525.0,7136087373.0,12176550974.0,0.02141743795569479
2026-04-29,27.15,27.38,27.02,27.32,148566047.0,4043461098.0,12176550974.0,0.012200995775998136
2026-04-30,27.23,27.78,27.07,27.22,173001813.0,4730728021.0,12176550974.0,0.014207784566368785
2026-05-06,27.29,27.84,27.29,27.49,178738413.0,4921934073.0,12176550974.0,0.014678903195301483
2026-05-07,27.63,27.69,27.07,27.23,159363238.0,4335427172.0,12176550974.0,0.013087715753030608
2026-05-08,27.1,27.2,26.83,26.95,130062480.0,3507949844.0,12176550974.0,0.010681389194503116
2026-05-11,26.83,27.48,26.75,27.33,196141091.0,5325456058.0,12176550974.0,0.01610809919974963
2026-05-12,27.35,27.44,27.13,27.22,128173639.0,3496454846.0,12176550974.0,0.010526268010841737
2026-05-13,27.15,27.46,26.96,27.15,122213720.0,3311273599.0,12176550974.0,0.01003680929525586
2026-05-14,27.2,27.33,26.66,26.66,146758856.0,3965396758.0,12176550974.0,0.012052580103624342
2026-05-15,26.76,26.8,26.18,26.35,132231766.0,3503094086.0,12176550974.0,0.010859541941092194
2026-05-18,26.21,26.43,25.98,26.16,101863486.0,2665343627.0,12176550974.0,0.008365545072451483
2026-05-19,26.12,26.33,25.88,26.27,96224896.0,2511758379.0,12176550974.0,0.007902475520815735
2026-05-20,26.18,26.39,26.0,26.08,95927098.0,2507438048.0,12176550974.0,0.007878018841692404
2026-05-21,26.28,27.09,26.2,26.22,229786128.0,6134095756.0,12176550974.0,0.018871199939182383
2026-05-22,26.38,26.44,25.81,25.87,141086896.0,3664845680.0,12176550974.0,0.011586770038679755
2026-05-25,26.05,26.44,25.91,26.19,128779397.0,3365988148.0,12176550974.0,0.010576015923965367
2026-05-26,26.18,26.68,25.89,26.21,193176593.0,5073749496.0,12176550974.0,0.015864639618598127
2026-05-27,26.18,26.41,25.53,25.77,175360396.0,4543590565.0,12176550974.0,0.014401483340761976
2026-05-28,25.88,25.96,25.21,25.35,139450433.0,3548082136.0,12176550974.0,0.011452375413839417
2026-05-29,25.53,26.75,25.53,26.05,328261131.0,8616487026.0,12176550974.0,0.026958465636198633
2026-06-01,26.01,26.31,25.53,25.67,221410020.0,5715779763.0,12176550974.0,0.018183311552899182
2026-06-02,25.6,25.68,25.25,25.58,178107957.0,4532467327.0,12176550974.0,0.014627126957404054
2026-06-03,25.5,25.9,25.34,25.6,183238077.0,4695437239.0,12176550974.0,0.015048438378918578
2026-06-04,25.42,25.84,25.41,25.59,129374977.0,3310998447.0,12176550974.0,0.010624927968211042
2026-06-05,25.66,26.04,25.59,25.67,158096179.0,4072685493.0,12176550974.0,0.012983658454481496
2026-06-08,25.41,25.83,25.35,25.43,178432110.0,4557027285.0,12176550974.0,0.014653748042528418
2026-06-09,25.44,25.57,25.21,25.52,104687557.0,2657722624.0,12176550974.0,0.008597472077564023
2026-06-10,25.06,25.75,24.95,25.66,174665318.0,4438405526.0,12176550974.0,0.014344400017127543
2026-06-11,25.6,26.05,25.22,25.51,145581162.0,3719902086.0,12176550974.0,0.01195586191121381
2026-06-12,25.56,26.45,25.31,26.29,269384528.0,7027638104.0,12176550974.0,0.022123220982296524
2026-06-15,26.45,27.4,26.44,26.86,310465633.0,8358048750.0,12176550974.0,0.025497009265014553
2026-06-16,26.69,27.29,26.63,27.25,220400140.0,5969042188.0,12176550974.0,0.01810037509559232
2026-06-17,27.28,27.56,27.16,27.37,179774115.0,4915372668.0,12176550974.0,0.014763960285951495
2026-06-18,27.35,27.35,26.5,26.56,193368725.0,5183913753.0,12176550974.0,0.01588041847095215
2026-06-22,26.45,28.72,26.38,28.64,527085164.0,14693428354.0,12176550974.0,0.043286901613228526
2026-06-23,28.7,29.3,28.15,28.32,389126485.0,11177510036.0,12176550974.0,0.031957036588676296
2026-06-24,28.18,28.8,27.7,27.89,276274967.0,7747666977.0,12176550974.0,0.022689098710292968
2026-06-25,27.88,29.06,27.71,28.98,378555104.0,10826965213.0,12176550974.0,0.031088861271825693
2026-06-26,28.8,29.16,27.71,27.74,289516677.0,8204892662.0,12176550974.0,0.02377657496102065
2026-06-29,28.0,28.92,27.95,28.49,253478658.0,7202426008.0,12176550974.0,0.020816950427197382
2026-06-30,28.33,28.95,28.32,28.73,220333438.0,6310883111.0,12176550974.0,0.018094897189726986
2026-07-01,28.66,29.88,28.51,29.47,428245104.0,12572442638.0,12176550974.0,0.03516965558756425
2026-07-02,29.37,29.43,28.56,28.62,285532250.0,8229007620.0,12176550974.0,0.023449353647817285
2026-07-03,28.88,29.12,28.33,28.95,230606867.0,6628384446.0,12176550974.0,0.01893860318019476
2026-07-06,29.52,29.65,28.92,29.23,223854395.0,6534266216.0,12176550974.0,0.018384056000585507
2026-07-07,29.14,29.14,28.25,28.45,189730746.0,5421569064.0,12176550974.0,0.01558164922112369
2026-07-08,28.29,28.55,27.98,28.0,135465073.0,3823541520.0,12176550974.0,0.011125077477953488
2026-07-09,28.01,28.76,27.8,28.68,190382869.0,5375263001.0,12176550974.0,0.015635204862732913
2026-07-10,28.6,28.74,28.25,28.4,167482393.0,4762803819.0,12176550974.0,0.013754501858335504
2026-07-13,28.38,28.49,27.93,28.12,159038431.0,4482410728.0,12176550974.0,0.013061040958115895
2026-07-14,28.0,28.06,27.4,28.0,176676457.0,4904300719.0,12176550974.0,0.014509564931584378
2026-07-15,27.93,28.83,27.84,28.6,187021375.0,5304478301.0,12176550974.0,0.01535914196058783
2026-07-16,28.34,28.44,27.99,28.1,138492702.0,3898053451.0,12176550974.0,0.011373721696375004
2026-07-17,28.0,28.27,27.6,27.6,170077850.0,4751646929.0,12176550974.0,0.01396765392459318
2026-07-20,27.76,28.39,27.76,28.28,190738400.0,5360957298.0,12176550974.0,0.015664402868043215
2026-07-21,28.5,28.5,27.95,28.34,169076845.0,4772798395.0,12176550974.0,0.013885446327208879
2026-07-22,28.14,28.37,27.91,28.3,109541562.0,3086715519.0,12176550974.0,0.008996107537667998
2026-07-23,28.38,28.72,28.16,28.62,131524839.0,3749532697.0,12176550974.0,0.010801485517601711
2026-07-24,28.6,28.6,27.89,27.95,129621942.0,3651964574.0,12176550974.0,0.010645209984073114
2026-07-27,28.3,28.3,27.77,28.26,105471509.0,2963799457.0,12176550974.0,0.00866185418393174
2026-07-28,28.1,28.15,27.8,28.09,103669291.0,2894487917.0,12176550974.0,0.008513846919489766
2026-07-29,28.09,28.54,27.83,28.5,150701930.0,4260319849.0,12176550974.0,0.01237640529915134
2026-07-30,28.28,28.6,28.11,28.49,133149340.0,3777281722.0,12176550974.0,0.010934897762454026
2026-07-31,28.51,28.83,28.38,28.43,165775529.0,4740201886.0,12176550974.0,0.013614325547026613
2026-08-03,28.19,28.3,28.06,28.27,104924753.0,2955403896.0,12176550974.0,0.008616951813698374
2026-08-04,28.22,28.42,27.97,28.0,126536406.0,3556041530.0,12176550974.0,0.010391810149703891
2026-08-05,28.01,28.3,27.9,28.18,122848331.0,3458997894.0,12176550974.0,0.010088926762784643
2026-08-06,28.06,28.15,27.82,27.92,105568499.0,2949256586.0,12176550974.0,0.00866981949366576
2026-08-07,27.88,27.98,27.77,27.95,99747487.0,2779251848.0,12176550974.0,0.008191768524025068
2026-08-10,27.99,28.14,27.86,27.95,91543797.0,2562007117.0,12176550974.0,0.007518039976629592
2026-08-11,27.92,28.12,27.74,27.74,106525847.0,2971782667.0,12176550974.0,0.008748441757231542
2026-08-12,27.7,27.8,27.51,27.7,83768451.0,2315267042.0,12176550974.0,0.006879489206661781
2026-08-13,27.7,28.09,27.67,27.84,109019160.0,3043260777.0,12176550974.0,0.008953205241187208
2026-08-14,27.82,27.93,27.28,27.31,128736806.0,3539867116.0,12176550974.0,0.010572518135462618
2026-08-17,27.25,27.6,27.15,27.54,97095985.0,2662208823.0,12176550974.0,0.00797401375868457
2026-08-18,27.54,27.59,27.14,27.39,87189970.0,2382662449.0,12176550974.0,0.007160481665635246
2026-08-19,27.29,27.47,27.0,27.15,98755604.0,2682463646.0,12176550974.0,0.008110310071453571
2026-08-20,27.15,27.28,26.89,27.04,92643071.0,2504022350.0,12176550974.0,0.007608317921701824
2026-08-21,27.15,27.24,26.93,27.12,77412806.0,2098133831.0,12176550974.0,0.006357531468910681
2026-08-24,27.1,27.42,27.01,27.27,105404861.0,2871421633.0,12176550974.0,0.008656380712819739
2026-08-25,27.28,27.33,27.05,27.15,62859742.0,1705382681.0,12176550974.0,0.005162360190026007
2026-08-26,27.15,27.83,27.05,27.77,172626933.0,4769448349.0,12176550974.0,0.014176997523239704
2026-08-27,27.67,27.95,27.52,27.93,135372960.0,3761059910.0,12176550974.0,0.011117512692145365
2026-08-28,27.88,28.05,27.8,27.93,97306790.0,2717858329.0,12176550974.0,0.007991326132315669
2026-08-31,27.83,27.92,27.47,27.8,113773804.0,3147754952.0,12176550974.0,0.009343680673035879
2026-09-01,27.69,28.08,27.64,28.02,115120851.0,3216262445.0,12176550974.0,0.009454306991020034
2026-09-02,27.91,28.0,27.46,27.47,102981162.0,2842606814.0,12176550974.0,0.008457334282909068
2026-09-03,27.5,28.05,27.49,27.86,118115322.0,3290081010.0,12176550974.0,0.009700228106645793
2026-09-04,27.96,28.33,27.95,27.99,139255759.0,3920902075.0,12176550974.0,0.011436387799578557
2026-09-07,28.05,28.13,27.63,27.67,96800594.0,2688456520.0,12176550974.0,0.007949754754584745
2026-09-08,27.66,27.76,27.28,27.34,104378271.0,2868942666.0,12176550974.0,0.008572071945731913
2026-09-09,27.3,27.43,27.17,27.33,72013007.0,1965061395.0,12176550974.0,0.005914072642882692
2026-09-10,27.3,27.68,27.21,27.6,101618054.0,2792020063.0,12176550974.0,0.008345388954308992
2026-09-11,27.43,27.44,26.75,26.92,135507491.0,3652373839.0,12176550974.0,0.011128561058820563
2026-09-14,26.78,26.78,26.52,26.61,78124860.0,2080338252.0,12176550974.0,0.006416008947592486
2026-09-15,26.61,26.66,26.28,26.35,83142355.0,2196175723.0,12176550974.0,0.006828071034033352
2026-09-16,26.34,26.57,26.08,26.45,81043967.0,2133500842.0,12176550974.0,0.00665574079006849
