date,open,high,low,close,volume,amount,outstanding_share,turnover
2020-12-01,86.29,87.88,86.15,87.61,24535327.0,2140841785.0,5295737921.0,0.004633032707813261
2020-12-02,87.81,87.88,86.97,87.53,15966299.0,1396299716.0,5295737921.0,0.00301493375204358
2020-12-03,87.8,90.1,87.62,89.99,32178913.0,2876193235.0,5295737921.0,0.006076379435696021
2020-12-04,89.89,91.5,89.5,91.32,30179714.0,2741646543.0,5295737921.0,0.0056988684957999455
2020-12-07,91.78,91.78,89.31,89.88,23991175.0,2159562314.0,5295737921.0,0.0045302798888260925
2020-12-08,90.76,90.79,89.7,90.07,14561320.0,1313065804.0,5295737921.0,0.0027496300264893718
2020-12-09,90.66,90.66,88.13,88.24,22385526.0,1989629038.0,5295737921.0,0.004227083427076565
2020-12-10,88.0,89.7,87.58,89.0,17235143.0,1534308954.0,5295737921.0,0.003254530956234607
2020-12-11,89.6,90.83,88.6,89.5,25901207.0,2326177765.0,5295737921.0,0.004890953326313597
2020-12-14,89.02,90.39,88.03,90.11,17885762.0,1608695421.0,5295737921.0,0.0033773880556050274
2020-12-15,90.12,97.29,90.12,97.02,77154520.0,7378730119.0,5295737921.0,0.014569172634855545
2020-12-16,97.08,97.88,95.58,97.01,41062517.0,3982147118.0,5295737921.0,0.007753880122573384
2020-12-17,102.0,106.71,101.01,105.18,90387543.0,9495304072.0,5295737921.0,0.017067978881955704
2020-12-18,105.81,107.45,104.42,105.66,46382065.0,4920007084.0,5295737921.0,0.008758376205905903
2020-12-21,105.75,108.58,104.88,107.86,36973577.0,3961393648.0,5295737921.0,0.006981761097614558
2020-12-22,107.8,108.98,106.0,106.2,28483648.0,3053487975.0,5295737921.0,0.005378598492770843
2020-12-23,107.39,108.15,105.35,106.0,29896625.0,3188306595.0,5295737921.0,0.005645412489437277
2020-12-24,106.5,111.11,106.11,108.8,28333437.0,3099032241.0,5295737921.0,0.0053502339848890725
2020-12-25,108.82,116.5,108.5,115.01,32433038.0,3706407247.0,5295737921.0,0.006124366138170907
2020-12-28,116.0,116.45,110.0,111.0,39434048.0,4419219611.0,5295737921.0,0.007446374535194828
2020-12-29,111.82,112.63,106.05,108.28,37797534.0,4096371020.0,5295737921.0,0.0071373498016424975
2020-12-30,108.98,113.39,108.8,112.7,36217122.0,4048968057.0,5295737921.0,0.006838918870282969
2020-12-31,112.55,112.66,110.01,111.46,28156885.0,3139202856.0,5295737921.0,0.005316895477086431
2021-01-04,111.99,113.69,111.0,111.2,36342265.0,4072713009.0,5295737921.0,0.0068625497602301
2021-01-05,111.2,116.66,111.19,113.23,41762795.0,4763614447.0,5295737921.0,0.00788611438537991
2021-01-06,113.25,115.87,112.0,113.72,28370017.0,3219508646.0,5295737921.0,0.0053571414264101
2021-01-07,114.86,115.0,111.8,115.0,32927605.0,3720602728.0,5295737921.0,0.006217755767223134
2021-01-08,115.12,116.87,112.15,113.22,30767605.0,3499188267.0,5295737921.0,0.00580988059813015
2021-01-11,112.32,114.15,110.0,111.3,27201138.0,3055535865.0,5295737921.0,0.005136420722810916
2021-01-12,111.29,114.52,110.0,114.1,28638791.0,3236967861.0,5295737921.0,0.005407894315622044
2021-01-13,114.01,114.49,111.62,112.57,23771906.0,2677656700.0,5295737921.0,0.004488875083061347
2021-01-14,112.57,112.93,108.6,110.18,30041617.0,3321158495.0,5295737921.0,0.005672791487824837
2021-01-15,111.5,111.5,108.01,109.83,24707098.0,2712379687.0,5295737921.0,0.00466546841414209
2021-01-18,109.03,110.34,107.39,107.83,23513196.0,2543706268.0,5295737921.0,0.004440022590007622
2021-01-19,108.5,108.5,104.28,104.95,34814227.0,3676873518.0,5295737921.0,0.006574008668734497
2021-01-20,105.9,107.53,105.0,105.97,30502727.0,3235274872.0,5295737921.0,0.005759863394871349
2021-01-21,106.0,108.8,105.38,108.15,38293455.0,4101405937.0,5303828162.999999,0.007219965244564053
2021-01-22,107.96,113.0,107.11,112.6,41130799.0,4580183780.0,5303828162.999999,0.007754926769108452
2021-01-25,112.78,113.63,109.5,111.45,38794449.0,4327402199.0,5303828162.999999,0.007314424187162341
2021-01-26,110.55,111.28,106.75,107.0,33976100.0,3679207532.0,5303828162.999999,0.006405957914892577
2021-01-27,107.7,108.18,105.5,106.62,23027045.0,2461916682.0,5303828162.999999,0.0043415895636738045
2021-01-28,106.55,107.99,103.38,104.66,28273748.0,2965224339.0,5303828162.999999,0.0053308190105479485
2021-01-29,104.25,105.12,101.01,103.76,32727553.0,3368922623.0,5303828162.999999,0.006170553040973399
2021-02-01,102.46,104.09,101.0,102.55,25076609.0,2572231369.0,5306264628.0,0.00472584968108756
2021-02-02,103.71,107.0,102.05,106.0,31194628.0,3291860651.0,5306264628.0,0.00587883005973595
2021-02-03,105.94,106.95,104.52,105.0,21573569.0,2279848995.0,5306264628.0,0.004065679062849784
2021-02-04,104.0,104.4,101.51,102.8,28548211.0,2932116080.0,5306264628.0,0.005380095604233027
2021-02-05,103.95,108.29,102.5,107.3,38071174.0,4059241108.0,5306264628.0,0.007174759773401938
2021-02-08,107.31,109.35,105.85,106.28,37346791.0,4011442131.0,5306264628.0,0.007038245096735119
2021-02-09,107.75,110.82,105.8,109.74,34134561.0,3712038167.0,5306264628.0,0.006432879509981348
2021-02-10,109.2,110.75,107.12,109.2,34364524.0,3755577138.0,5306264628.0,0.006476217529496345
2021-02-18,111.4,111.4,104.5,104.9,45041564.0,4802022748.0,5306264628.0,0.008488374997795154
2021-02-19,104.57,105.78,102.81,105.16,28656349.0,2988179675.0,5306264628.0,0.0054004749120099855
2021-02-22,106.4,106.4,100.0,100.01,45626045.0,4647867286.0,5306264628.0,0.008598524234777385
2021-02-23,99.34,101.96,99.0,100.7,25488864.0,2561642243.0,5306264628.0,0.00480354181084389
2021-02-24,100.99,101.0,98.6,99.7,31780663.0,3169255795.0,5306264628.0,0.0059892721581016484
2021-02-25,100.0,102.24,99.15,101.05,31609719.0,3175504052.0,5306264628.0,0.005957056652094284
2021-02-26,99.01,103.66,99.01,101.8,34996366.0,3573877073.0,5306264628.0,0.006595292254240736
2021-03-01,102.8,102.8,99.31,100.31,30533938.0,3058360107.0,5306264628.0,0.00575431874220503
2021-03-02,100.31,100.81,97.5,98.35,30420574.0,3009376810.0,5306264628.0,0.005732954560818033
2021-03-03,98.5,101.48,97.54,101.35,26463184.0,2649105245.0,5306264628.0,0.004987158736931354
2021-03-04,100.18,101.35,98.59,100.5,25083124.0,2509954478.0,5306264628.0,0.004727077475111556
2021-03-05,98.52,101.13,98.49,100.3,22836325.0,2277798365.0,5306264628.0,0.004303653624717037
2021-03-08,100.71,101.55,91.7,92.12,46204335.0,4407903276.0,5306264628.0,0.008707506737637963
2021-03-09,92.88,94.69,89.39,91.78,42965618.0,3970887714.0,5306264628.0,0.008097149503867525
2021-03-10,93.99,94.53,92.54,93.4,24213415.0,2265100248.0,5306264628.0,0.004563175170765343
2021-03-11,93.99,94.88,92.5,93.48,27251641.0,2554052750.0,5306264628.0,0.005135748574656273
2021-03-12,94.5,95.3,91.58,92.19,22917855.0,2127934279.0,5306264628.0,0.004319018482242194
2021-03-15,91.13,92.05,88.57,89.59,30124408.0,2702706981.0,5306264628.0,0.005677140156380455
2021-03-16,90.5,90.78,88.1,89.19,24041967.0,2142583645.0,5306264628.0,0.004530864682687665
2021-03-17,89.2,89.76,87.58,88.62,25086337.0,2221734363.0,5306264628.0,0.004727682985809806
2021-03-18,89.01,90.49,88.3,89.21,31112751.0,2776569676.0,5306264628.0,0.0058633998078092085
2021-03-19,88.0,88.94,87.2,88.05,22450145.0,1979612740.0,5306264628.0,0.004230875497904022
2021-03-22,88.05,90.29,87.6,88.11,25482696.0,2255795600.0,5306264628.0,0.004802379411221479
2021-03-23,87.06,88.45,87.01,87.65,24346543.0,2130891334.0,5306264628.0,0.0045882640061953575
2021-03-24,87.65,88.2,85.75,86.52,20113520.0,1747979556.0,5306264628.0,0.003790523354953944
2021-03-25,85.7,87.87,85.09,87.23,21735235.0,1886763645.0,5306264628.0,0.004096146069554826
2021-03-26,87.59,92.1,87.39,91.22,37823439.0,3422124864.0,5306264628.0,0.00712807250516945
2021-03-29,91.3,91.9,90.13,90.53,24964210.0,2272148835.0,5306264628.0,0.004704667360212175
2021-03-30,90.36,93.68,90.0,93.6,29635571.0,2732047809.0,5306264628.0,0.005585015651805144
2021-03-31,93.21,93.21,91.01,92.09,18805139.0,1730748831.0,5306264628.0,0.0035439504657889444
2021-04-01,91.6,94.5,91.6,93.85,19276029.0,1807448032.0,5306264628.0,0.0036326927417612387
2021-04-02,94.0,94.84,91.88,92.68,19798510.0,1840689780.0,5306264628.0,0.00373115767644297
2021-04-06,92.4,92.43,90.66,90.9,16978496.0,1546041596.0,5306264628.0,0.0031997077398681142
2021-04-07,91.2,91.3,89.74,90.68,16907148.0,1524879347.0,5306264628.0,0.003186261746311081
2021-04-08,90.3,92.85,89.7,92.44,18476140.0,1697072603.0,5306264628.0,0.003481948469457298
2021-04-09,93.0,93.2,90.5,91.2,17988909.0,1640481243.0,5306264628.0,0.0033901266260028674
2021-04-12,90.85,91.98,88.88,89.53,21344389.0,1919193024.0,5306264628.0,0.004022488604765454
2021-04-13,89.39,90.3,87.66,88.98,22380889.0,1988503417.0,5306264628.0,0.004217823755321387
2021-04-14,89.45,89.45,82.22,85.52,92249094.0,7812080555.0,5306264628.0,0.017384940342632306
2021-04-15,84.52,84.58,82.06,82.18,59868383.0,4973531360.0,5306264628.0,0.011282585245388556
2021-04-16,82.35,82.35,79.31,80.62,52880632.0,4248106020.0,5306264628.0,0.009965698227894714
2021-04-19,80.7,82.21,79.5,82.09,52961773.0,4297304579.0,5306264628.0,0.009980989775845758
2021-04-20,81.89,81.89,79.4,80.31,74240523.0,5955990599.0,5306264628.0,0.01399110828514827
2021-04-21,80.19,83.36,79.61,83.18,68809652.0,5641888383.0,5306264628.0,0.012967625405809294
2021-04-22,82.68,82.9,81.8,82.2,36850361.0,3026890530.0,5306264628.0,0.006944689642040974
2021-04-23,82.9,83.98,82.0,83.0,46863794.0,3890314475.0,5306264628.0,0.008831786065231273
2021-04-26,83.18,84.57,81.38,81.52,54247271.0,4504099658.0,5306264628.0,0.01022325021517943
2021-04-27,81.54,83.18,80.85,83.05,33601174.0,2772491254.0,5306264628.0,0.006332359268833661
2021-04-28,83.1,83.38,81.9,82.86,27164736.0,2237534282.0,5306264628.0,0.005119370763504259
2021-04-29,82.99,83.1,81.8,82.35,31753562.0,2613342979.0,5306264628.0,0.005984164798800909
2021-04-30,83.0,85.3,82.41,84.1,51336941.0,4313992973.0,5306264628.0,0.009674779642369544
2021-05-06,84.1,85.3,82.01,82.12,42144800.0,3516693111.0,5306264628.0,0.007942461025711212
2021-05-07,82.12,82.35,79.99,79.99,37105386.0,2992772699.0,5306264628.0,0.0069927507580762145
2021-05-10,79.9,80.88,78.01,80.33,25316123.0,2018887218.0,5306264628.0,0.0047709876485262995
2021-05-11,79.5,83.8,79.35,83.71,38798673.0,3187696920.0,5306264628.0,0.007311861680487602
2021-05-12,83.63,83.94,82.5,83.18,24346250.0,2023942845.0,5306264628.0,0.004588208788444163
2021-05-13,82.62,82.91,81.13,81.73,24759101.0,2022298799.0,5306264628.0,0.004666013238267769
2021-05-14,82.31,84.2,81.41,83.83,34737829.0,2898254768.0,5306264628.0,0.006546569279017119
2021-05-17,84.4,86.65,84.36,85.38,35822871.0,3070196388.0,5306264628.0,0.006751052484448388
2021-05-18,85.4,86.34,84.54,85.73,19155165.0,1634106462.0,5306264628.0,0.0036099151367088586
2021-05-19,85.7,85.7,84.5,85.05,16714716.0,1419469460.0,5306264628.0,0.00314999668727415
2021-05-20,85.17,85.34,83.3,83.71,34717475.0,2914466329.0,5306264628.0,0.006542733435645758
2021-05-21,84.05,85.25,82.0,82.17,36626620.0,3052830936.0,5306264628.0,0.006902524198798779
2021-05-24,81.91,83.36,80.9,83.36,27943478.0,2294658788.0,5306264628.0,0.005266129746441285
2021-05-25,83.35,86.66,83.25,86.25,46445680.0,3960893277.0,5306264628.0,0.008752989768907544
2021-05-26,87.08,87.47,85.63,86.29,41748843.0,3603633112.0,5306264628.0,0.007867840359808004
2021-05-27,85.96,86.9,85.14,86.31,32636750.0,2808456373.0,5306264628.0,0.006150607308158548
2021-05-28,86.89,87.32,85.26,85.85,32128405.0,2769742232.0,5306264628.0,0.006054806394401331
2021-05-31,85.7,86.38,85.01,86.3,25953725.0,2225081410.0,5306264628.0,0.004891147882645705
2021-06-01,86.39,87.5,85.6,87.47,39253826.0,3406034206.0,5306264628.0,0.007397638216696946
2021-06-02,87.51,87.75,83.6,84.36,52429871.0,4456483943.0,5306264628.0,0.009880749392583819
2021-06-03,83.53,83.9,82.56,82.58,41410338.0,3441142200.0,5306264628.0,0.007804046896094606
2021-06-04,82.07,83.49,81.69,82.65,33478119.0,2765748570.0,5306264628.0,0.0063091687556145
2021-06-07,82.5,82.53,81.25,82.44,25301113.0,2070589227.0,5306264628.0,0.004768158916630646
2021-06-08,82.85,84.33,82.61,82.98,29782918.0,2480664129.0,5306264628.0,0.005612784150048236
2021-06-09,83.09,84.5,83.09,84.15,25659093.0,2156957769.0,5306264628.0,0.004835622570461821
2021-06-10,71.01,75.46,70.12,73.0,61779045.0,4544921867.0,5306264628.0,0.011642661897034962
2021-06-11,73.1,73.45,71.1,72.96,44820874.0,3227502819.0,6367517554.0,0.00703898711230785
2021-06-15,72.96,74.15,71.55,71.88,43843803.0,3177815768.0,6367517554.0,0.006885540970744217
2021-06-16,71.88,72.4,70.5,70.81,28037761.0,1991163808.0,6367517554.0,0.004403248324362609
2021-06-17,70.84,71.29,70.16,71.15,23354801.0,1653726264.0,6367517554.0,0.003667803159070804
2021-06-18,71.5,72.45,70.83,71.44,31060655.0,2222493326.0,6367517554.0,0.004877984981837712
2021-06-21,71.2,71.2,69.11,69.51,45286231.0,3169713382.0,6367517554.0,0.007112070067486775
2021-06-22,69.51,70.49,69.0,70.48,43612983.0,3040863642.0,6367517554.0,0.006849291365141638
2021-06-23,70.57,72.46,70.55,71.15,57215569.0,4081587083.0,6367517554.0,0.008985537694208295
2021-06-24,69.99,69.99,67.87,68.0,77212794.0,5274271877.0,6367517554.0,0.012126043367009775
2021-06-25,67.67,68.44,66.98,68.06,53724003.0,3623945403.0,6367517554.0,0.008437197470504218
2021-06-28,68.06,68.6,67.5,68.6,41106770.0,2796214015.0,6367517554.0,0.0064556979468674116
2021-06-29,68.61,68.82,67.81,68.2,30062702.0,2052623672.0,6367517554.0,0.004721259383276448
2021-06-30,68.25,68.7,67.9,67.97,26682514.0,1817637464.0,6367517554.0,0.004190410748571609
2021-07-01,68.0,70.8,67.75,69.69,49410176.0,3416187491.0,6367517554.0,0.007759723562750307
2021-07-02,69.03,69.29,66.85,66.91,53131555.0,3589629268.0,6367517554.0,0.008344155245653524
2021-07-05,66.66,66.66,62.32,62.95,79501891.0,5093697132.0,6367517554.0,0.012485539352782443
2021-07-06,62.6,62.6,60.83,62.06,65591779.0,4031806404.0,6367517554.0,0.010300996965260977
2021-07-07,62.29,63.49,62.26,62.45,42130978.0,2645435620.0,6367517554.0,0.006616546816354486
2021-07-08,62.46,62.88,61.17,61.37,37669299.0,2325415956.0,6367517554.0,0.005915853184627121
2021-07-09,61.02,62.32,60.9,62.1,31713965.0,1956917068.0,6367517554.0,0.0049805854057014196
2021-07-12,63.5,64.5,62.99,63.12,59986695.0,3823509581.0,6367517554.0,0.009420734923976309
2021-07-13,63.12,63.41,61.76,61.94,38145468.0,2377792672.0,6367517554.0,0.005990634132769287
2021-07-14,61.7,61.8,60.0,60.11,67679871.0,4079611626.0,6367517554.0,0.010628925703940037
2021-07-15,59.8,60.29,58.38,60.27,64806122.0,3835157908.0,6367517554.0,0.01017761183230497
2021-07-16,60.27,60.27,59.0,60.1,45006736.0,2675282713.0,6367517554.0,0.007068176195561062
2021-07-19,59.84,61.0,59.01,60.96,50233330.0,3006391945.0,6367517554.0,0.007888997489837152
2021-07-20,60.85,63.18,60.5,63.18,79808081.0,4984495029.0,6367517554.0,0.012533625596346491
2021-07-21,64.0,64.47,62.66,62.98,55457124.0,3519441511.0,6367517554.0,0.008709379052306261
2021-07-22,62.96,62.96,61.27,61.28,47000640.0,2899861917.0,6367517554.0,0.007381312984441597
2021-07-23,61.19,61.85,60.23,61.49,36112011.0,2206411058.0,6367517554.0,0.005671285660973931
2021-07-26,61.3,61.3,58.59,59.22,46401001.0,2770651170.0,6367517554.0,0.007287141434082335
2021-07-27,59.21,59.58,54.11,54.5,81094644.0,4581066032.0,6367517554.0,0.012735676550912262
2021-07-28,53.97,56.27,53.6,55.91,52392023.0,2891590652.0,6367517554.0,0.008228013908982151
2021-07-29,57.6,57.9,54.67,55.11,53012507.0,2953856786.0,6367517554.0,0.008325459105597309
2021-07-30,54.58,54.88,53.0,54.38,48423569.0,2613309578.0,6367517554.0,0.007604779820289758
2021-08-02,53.98,56.25,52.25,55.25,60414095.0,3276024089.0,6367517554.0,0.009487856843370392
2021-08-03,55.11,57.4,54.6,57.4,54998221.0,3100529848.0,6367517554.0,0.008637309678942426
2021-08-04,57.6,57.77,55.8,56.33,47326782.0,2662303075.0,6367517554.0,0.00743253263122453
2021-08-05,56.34,57.48,55.49,55.8,38578877.0,2183301491.0,6367517554.0,0.006058699748030565
2021-08-06,55.5,55.54,54.28,54.8,34743825.0,1898761300.0,6367517554.0,0.00545641605309346
2021-08-09,54.5,57.92,54.26,56.92,53900047.0,3048950741.0,6367517554.0,0.008464844665585667
2021-08-10,57.09,57.8,55.74,57.74,56306095.0,3200866127.0,6367517554.0,0.00884270746370054
2021-08-11,57.2,58.37,56.77,56.89,39412559.0,2257552049.0,6367517554.0,0.006189627066711656
2021-08-12,56.53,57.67,55.62,55.8,40083644.0,2260258000.0,6367517554.0,0.00629501900231432
2021-08-13,55.56,56.65,55.28,56.53,33859164.0,1904307300.0,6367517554.0,0.00531748263163092
2021-08-16,56.53,57.1,56.05,56.47,25064484.0,1418005605.0,6367517554.0,0.003936303871554274
2021-08-17,56.2,56.43,54.65,54.75,36297864.0,2010145944.0,6367517554.0,0.0057004733308034785
2021-08-18,54.82,55.21,53.76,54.99,33002061.0,1799750670.0,6367517554.0,0.005182877113431511
2021-08-19,54.66,55.46,53.78,53.84,33210110.0,1808649296.0,6367517554.0,0.005215550600113823
2021-08-20,50.0,50.32,48.46,48.46,140676443.0,6858016624.0,6367517554.0,0.02209282374284602
2021-08-23,47.55,48.2,45.5,47.18,134200961.0,6276592761.0,6367517554.0,0.021075868242514152
2021-08-24,46.91,48.16,46.1,47.2,97395100.0,4578425410.0,6367517554.0,0.015295615469299733
2021-08-25,47.21,48.11,46.71,47.41,63107053.0,2990920447.0,6367517554.0,0.009910778017464103
2021-08-26,47.01,47.1,45.25,45.31,80436521.0,3686107652.0,6367517554.0,0.012632320259481768
2021-08-27,45.5,46.9,45.49,46.05,53830432.0,2486358727.0,6367517554.0,0.008453911833534618
2021-08-30,45.82,46.28,45.26,45.6,44456861.0,2025406947.0,6367517554.0,0.006981819935788433
2021-08-31,45.45,46.14,44.33,45.2,49574185.0,2237371941.0,6367517554.0,0.007785480696297111
2021-09-01,45.4,47.2,44.92,46.59,73127061.0,3380043296.0,6367517554.0,0.011484390954534933
2021-09-02,46.6,46.6,45.5,45.86,46575210.0,2135153563.0,6367517554.0,0.007314500447783139
2021-09-03,45.32,46.84,45.05,46.1,46235755.0,2132747685.0,6367517554.0,0.007261190033305089
2021-09-06,46.19,48.89,46.19,48.1,86663569.0,4132165375.0,6367517554.0,0.013610259927051
2021-09-07,48.1,48.33,47.18,48.08,48897172.0,2333419067.0,6367517554.0,0.00767915778564024
2021-09-08,48.08,48.32,47.6,47.75,33106871.0,1584289690.0,6367517554.0,0.0051993372172492325
2021-09-09,47.72,48.16,47.3,47.44,30166033.0,1435010678.0,6367517554.0,0.004737487214471839
2021-09-10,47.4,47.95,47.09,47.45,33788585.0,1602166127.0,6367517554.0,0.005306398406200609
2021-09-13,47.45,47.94,46.5,46.75,40587103.0,1912968153.0,6367517554.0,0.006374085765103805
2021-09-14,46.77,47.52,46.73,46.8,48735457.0,2293151060.0,6367517554.0,0.007653760918081012
2021-09-15,46.68,46.71,45.5,45.72,44832955.0,2056689111.0,6367517554.0,0.007040884398007896
2021-09-16,45.9,46.45,45.38,46.15,55890581.0,2563361939.0,6367517554.0,0.008777452205827088
2021-09-17,45.83,47.6,45.7,46.95,63532750.0,2968608405.0,6367517554.0,0.009977632485691298
2021-09-22,46.95,48.15,46.61,47.9,58051309.0,2758986266.0,6367517554.0,0.009116788215767516
2021-09-23,48.0,48.79,47.28,47.79,58686781.0,2817437483.0,6367517554.0,0.00921658723392661
2021-09-24,47.7,50.1,47.55,49.8,92719699.0,4591907051.0,6367517554.0,0.014561357422839701
2021-09-27,49.84,52.16,49.2,50.75,88159053.0,4483165537.0,6367517554.0,0.01384512131334754
2021-09-28,51.5,51.5,49.33,50.39,54276640.0,2718214267.0,6367517554.0,0.008523987494295018
2021-09-29,49.9,50.44,48.76,49.92,48439125.0,2403983221.0,6367517554.0,0.007607222844571682
2021-09-30,49.94,50.63,49.44,50.23,41122129.0,2066473091.0,6367517554.0,0.006458110032875773
2021-10-08,50.86,54.72,50.08,54.19,112430883.0,5960888355.0,6367517554.0,0.01765694119356958
2021-10-11,54.19,55.54,53.01,53.61,73990926.0,3991927768.0,6367517554.0,0.011620058425048199
2021-10-12,53.75,54.7,53.1,53.8,54972050.0,2964962230.0,6367517554.0,0.008633199599970824
2021-10-13,53.55,53.55,51.55,52.95,60765613.0,3188382885.0,6367517554.0,0.009543061716701159
2021-10-14,52.45,52.69,51.06,51.06,56168508.0,2894632515.0,6367517554.0,0.00882109982794089
2021-10-15,50.4,51.37,49.74,50.05,56981151.0,2873134534.0,6367517554.0,0.008948723033233746
2021-10-18,49.74,50.0,48.53,49.1,51512546.0,2522939156.0,6367517554.0,0.00808989461955082
2021-10-19,48.74,50.74,48.66,49.61,52117489.0,2600860189.0,6367517554.0,0.008184899147590163
2021-10-20,49.0,51.89,47.8,51.58,96591664.0,4832594860.0,6367517554.0,0.015169438196416474
2021-10-21,50.96,51.32,50.37,50.5,43741124.0,2217575679.0,6367517554.0,0.006869415534241022
2021-10-22,50.61,51.86,50.41,51.3,46196186.0,2366555937.0,6367517554.0,0.007254975837637086
2021-10-25,51.0,52.3,50.8,51.21,45992167.0,2365503030.0,6379002274.0,0.007209931118453776
2021-10-26,51.26,51.39,49.4,49.4,63857332.0,3191722746.0,6379002274.0,0.01001055169086149
2021-10-27,49.3,49.87,48.68,49.06,34107124.0,1679520648.0,6379002274.0,0.005346780348239769
2021-10-28,48.56,50.15,48.48,48.76,44555441.0,2192740599.0,6379002274.0,0.006984703733623406
2021-10-29,48.5,49.88,48.5,49.24,42747645.0,2109798467.0,6379002274.0,0.006701305809880952
2021-11-01,49.02,50.1,48.55,49.8,48770163.0,2405113965.0,6379002274.0,0.007645421792492686
2021-11-02,49.51,50.28,48.0,48.5,48022525.0,2360199324.0,6379002274.0,0.007528218824397303
2021-11-03,48.51,50.18,48.51,49.12,41553719.0,2050267691.0,6379002274.0,0.0065141408037065075
2021-11-04,49.25,51.8,49.0,51.21,82335021.0,4189625772.0,6379002274.0,0.012907194176052742
2021-11-05,51.25,53.68,51.22,51.81,92066228.0,4838454314.0,6379002274.0,0.014432700294723237
2021-11-08,52.0,52.23,49.5,49.62,82690286.0,4150966640.0,6379002274.0,0.012962887054772667
2021-11-09,49.68,50.38,49.5,49.81,37359483.0,1865246455.0,6379002274.0,0.00585663421884524
2021-11-10,49.81,54.5,49.7,53.73,137161202.0,7216853531.0,6379002274.0,0.021501983556119986
2021-11-11,53.5,53.79,52.56,53.0,77586965.0,4111710412.0,6379002274.0,0.012162868371474733
2021-11-12,53.05,53.45,52.01,52.55,44342847.0,2336050942.0,6379002274.0,0.006951376578236347
2021-11-15,52.57,53.95,52.39,53.37,59007205.0,3142645540.0,6379002274.0,0.009250224794636904
2021-11-16,53.4,54.97,53.37,54.35,67674990.0,3675390140.0,6379002274.0,0.010609024278896189
2021-11-17,54.5,55.15,53.78,53.92,52225240.0,2832198105.0,6379002274.0,0.00818705461398931
2021-11-18,53.5,53.58,51.6,51.78,69615884.0,3631499025.0,6379002274.0,0.01091328722106676
2021-11-19,51.32,52.22,51.24,51.99,36658638.0,1898746327.0,6379002274.0,0.005746766723914794
2021-11-22,52.59,53.17,51.85,52.02,43102616.0,2252992615.0,6379002274.0,0.006756952599888664
2021-11-23,51.81,52.45,51.61,52.08,29804426.0,1547512998.0,6379002274.0,0.004672270790916479
2021-11-24,51.95,52.2,51.5,51.88,30130630.0,1562921149.0,6379002274.0,0.004723407941522236
2021-11-25,51.9,53.1,51.63,52.99,47393926.0,2488862273.0,6379002274.0,0.007429676925053249
2021-11-26,53.18,53.2,52.25,52.35,42166255.0,2219333940.0,6379002274.0,0.006610164597661969
2021-11-29,52.38,53.19,50.83,51.09,56636357.0,2926758473.0,6379002274.0,0.008878560402908551
2021-11-30,50.65,51.1,50.06,50.17,48299412.0,2432124869.0,6379002274.0,0.007571624828676147
2021-12-01,50.18,50.65,49.71,50.5,32040992.0,1608598523.0,6379002274.0,0.005022884555253257
2021-12-02,49.93,49.93,49.02,49.06,52400722.0,2587430783.0,6379002274.0,0.008214563931663523
2021-12-03,49.03,49.42,48.88,49.2,38878252.0,1906744462.0,6379002274.0,0.006094723019376055
2021-12-06,49.2,49.8,49.19,49.28,36211477.0,1790176212.0,6379002274.0,0.005676667830578045
2021-12-07,49.68,50.28,49.29,50.18,41526486.0,2072751942.0,6379002274.0,0.006509871640782551
2021-12-08,50.19,50.38,49.4,50.36,33428958.0,1672764831.0,6379002274.0,0.0052404681114869905
2021-12-09,50.4,51.61,50.01,51.39,57603892.0,2943428264.0,6379002274.0,0.009030235376272889
2021-12-10,51.01,51.68,50.91,51.26,39611804.0,2026831790.0,6379002274.0,0.006209717805157816
2021-12-13,51.49,52.0,50.88,51.0,44410587.0,2282691516.0,6379002274.0,0.006961995793764158
2021-12-14,50.65,51.48,50.62,51.0,30930105.0,1579648077.0,6379002274.0,0.004848737102049198
2021-12-15,50.67,51.0,49.56,50.0,42367271.0,2128092497.0,6379002274.0,0.006641676735668146
2021-12-16,49.7,50.3,49.33,50.23,31714685.0,1584599546.0,6379002274.0,0.004971731257921793
2021-12-17,50.28,50.49,49.78,49.78,26485999.0,1324231762.0,6379002274.0,0.004152059814738357
2021-12-20,49.45,50.45,49.36,49.88,25147077.0,1256799948.0,6379002274.0,0.003942164608170196
2021-12-21,49.47,50.18,49.46,50.04,22340217.0,1117217041.0,6379002274.0,0.0035021490885895866
2021-12-22,50.0,50.09,49.56,49.66,25101230.0,1249818864.0,6379002274.0,0.003934977434058836
2021-12-23,49.71,49.9,49.2,49.41,25486648.0,1261839062.0,6379002274.0,0.003995397227538283
2021-12-24,49.3,50.33,49.25,50.12,33045803.0,1650578672.0,6379002274.0,0.005180403075680107
2021-12-27,50.12,50.5,49.9,50.41,26823576.0,1345667368.0,6379002274.0,0.00420497984603791
2021-12-28,50.41,50.77,49.92,50.17,27750953.0,1392384203.0,6379002274.0,0.004350359477548605
2021-12-29,50.17,50.17,49.63,49.72,21495080.0,1070424587.0,6379002274.0,0.0033696617553518058
2021-12-30,49.74,50.46,49.43,50.01,28588126.0,1428754168.0,6379002274.0,0.004481598339684179
2021-12-31,50.2,50.98,49.99,50.71,37903619.0,1916624424.0,6379002274.0,0.0059419353328169075
2022-01-04,50.78,50.96,49.84,50.39,37558099.0,1888484349.0,6379002274.0,0.00588777012246602
2022-01-05,50.34,51.52,49.89,50.92,46626520.0,2364178390.0,6379002274.0,0.007309375039736818
2022-01-06,50.93,51.48,50.0,50.11,44394613.0,2237642572.0,6379002274.0,0.006959491640400692
2022-01-07,50.12,51.48,49.81,50.88,48377382.0,2458510185.0,6379002274.0,0.007583847743271709
2022-01-10,50.9,51.48,50.2,51.12,39354201.0,2007381521.0,6379002274.0,0.006169334844165632
2022-01-11,50.61,50.8,50.01,50.18,37017198.0,1864009275.0,6379002274.0,0.0058029761410930015
2022-01-12,50.23,50.4,49.46,49.59,51661589.0,2571709571.0,6379002274.0,0.008098694244171388
2022-01-13,49.49,49.57,47.01,47.48,91049534.0,4386484345.0,6379002274.0,0.014273318943795693
2022-01-14,47.0,47.43,46.58,46.65,49316842.0,2312333395.0,6379002274.0,0.007731121558148546
2022-01-17,46.66,46.88,46.06,46.41,39411435.0,1823738251.0,6379002274.0,0.00617830709367137
2022-01-18,46.41,46.5,46.0,46.21,35422094.0,1635215750.0,6379002274.0,0.005552920735641675
2022-01-19,46.1,46.38,45.29,45.73,41324758.0,1896409295.0,6379002274.0,0.006478247886575373
2022-01-20,45.65,46.1,45.58,45.69,35022531.0,1602248251.0,6379002274.0,0.005490283510753299
2022-01-21,45.7,45.88,44.5,44.94,44690111.0,2006159059.0,6379002274.0,0.007005815185573957
2022-01-24,44.5,44.93,43.28,43.29,64881390.0,2842696793.0,6379002274.0,0.010171087454294894
2022-01-25,43.1,43.78,42.67,42.82,40394976.0,1745560670.0,6379002274.0,0.006332491236857646
2022-01-26,43.14,43.28,42.04,42.09,37931518.0,1612771176.0,6379002274.0,0.005946308900782812
2022-01-27,42.09,42.27,41.01,41.09,46565830.0,1935136844.0,6379002274.0,0.007299861012716109
2022-01-28,41.09,41.55,40.88,40.95,34936921.0,1440188010.0,6379002274.0,0.005476862916697559
2022-02-07,41.46,41.65,41.03,41.14,31371384.0,1296168803.0,6379002274.0,0.00491791390761307
2022-02-08,41.14,41.77,40.7,41.72,31068155.0,1283466066.0,6379002274.0,0.004870378417425847
2022-02-09,41.7,42.14,41.58,42.01,32053783.0,1342822006.0,6379002274.0,0.005024889727763091
2022-02-10,42.11,42.11,41.34,41.57,25644223.0,1067112309.0,6379002274.0,0.004020099366404459
2022-02-11,41.35,41.5,40.58,41.26,37166244.0,1526796361.0,6379002274.0,0.005826341237012075
2022-02-14,41.0,41.22,39.7,39.75,53708185.0,2162387200.0,6379002274.0,0.008419527489260776
2022-02-15,39.75,41.36,39.6,41.2,64533024.0,2630811777.0,6379002274.0,0.010116476092668657
2022-02-16,41.0,41.08,40.4,40.57,48305457.0,1962479501.0,6379002274.0,0.007572572469034364
2022-02-17,40.58,40.87,40.41,40.61,27164921.0,1104067990.0,6379002274.0,0.0042584905653225355
2022-02-18,40.21,41.08,40.04,40.96,32142190.0,1307024473.0,6379002274.0,0.005038748791642146
2022-02-21,40.8,41.15,40.6,40.93,25357956.0,1035019827.0,6379002274.0,0.0039752229127360235
2022-02-22,40.93,40.93,40.01,40.11,32138660.0,1291738284.0,6379002274.0,0.005038195413566959
2022-02-23,40.25,40.94,40.18,40.9,33611766.0,1365148882.0,6379002274.0,0.005269125884622627
2022-02-24,40.67,40.74,39.33,39.68,55965819.0,2238371833.0,6379002274.0,0.008773443964444023
2022-02-25,39.89,41.18,39.87,40.11,53627857.0,2166885497.0,6379002274.0,0.008406934924381562
2022-02-28,40.12,40.44,39.8,40.08,31926340.0,1279675446.0,6379002274.0,0.005004911211605566
2022-03-01,40.08,41.29,40.08,41.06,54467042.0,2225294402.0,6379002274.0,0.00853848919634356
2022-03-02,40.83,40.83,40.42,40.61,27758955.0,1125487359.0,6379002274.0,0.004351613905695247
2022-03-03,40.77,40.85,40.1,40.15,28509153.0,1148449836.0,6379002274.0,0.004469218190468386
2022-03-04,39.8,40.33,39.51,39.78,32260730.0,1285642437.0,6379002274.0,0.005057331634994178
2022-03-07,39.4,39.5,37.46,37.55,69311821.0,2630507639.0,6379002274.0,0.010865620989430612
2022-03-08,37.63,37.85,36.51,36.68,47570733.0,1766240378.0,6379002274.0,0.007457393955461067
2022-03-09,36.8,37.04,34.7,36.04,55880042.0,2008901471.0,6379002274.0,0.008759997190745633
2022-03-10,36.8,37.1,36.1,36.17,45915501.0,1677358432.0,6379002274.0,0.007197912624540946
2022-03-11,35.43,37.67,35.23,37.62,70909883.0,2612620905.0,6379002274.0,0.011116140103761938
2022-03-14,37.78,38.89,37.4,37.4,67936056.0,2583986084.0,6379002274.0,0.010649950114753635
2022-03-15,36.96,38.0,36.0,36.13,57855569.0,2140443284.0,6379002274.0,0.009069689351861799
2022-03-16,36.65,37.0,34.8,36.74,68026140.0,2444375845.0,6379002274.0,0.010664072072409485
2022-03-17,37.1,38.22,36.84,37.42,77190522.0,2899634548.0,6379002274.0,0.012100720251287372
2022-03-18,37.03,37.6,36.8,37.5,56052304.0,2089064225.0,6379002274.0,0.008787001727286105
2022-03-21,37.65,37.88,36.8,37.3,50742401.0,1889540505.0,6379002274.0,0.007954598355736532
2022-03-22,37.3,37.65,36.9,36.94,28588195.0,1060452476.0,6379002274.0,0.0044816091564227585
2022-03-23,37.1,37.83,36.56,37.36,49846281.0,1856684783.0,6379002274.0,0.007814118706802643
2022-03-24,36.99,37.86,36.63,37.64,57564842.0,2151785491.0,6379002274.0,0.009024113729293836
2022-03-25,37.43,37.65,36.35,36.37,53161448.0,1962057129.0,6379002274.0,0.008333818631273936
2022-03-28,35.9,36.16,35.5,35.9,32210268.0,1155486443.0,6379002274.0,0.005049420993512566
2022-03-29,35.9,36.36,35.66,35.92,27391297.0,987709144.0,6379002274.0,0.004293978246667733
2022-03-30,36.17,37.42,35.7,37.42,58491887.0,2152907566.0,6379002274.0,0.009169441315047884
2022-03-31,37.14,37.41,36.73,36.82,40177028.0,1487363641.0,6379002274.0,0.006298324765262499
2022-04-01,36.6,37.07,36.07,36.78,37443074.0,1370014577.0,6379002274.0,0.005869738305724266
2022-04-06,36.78,37.29,36.11,36.25,43128708.0,1578928614.0,6379002274.0,0.006761042894715231
2022-04-07,36.28,36.49,35.3,35.32,39544602.0,1415977367.0,6379002274.0,0.006199182928838066
2022-04-08,35.09,35.27,33.72,33.93,72302050.0,2472620995.0,6379002274.0,0.011334382226934444
2022-04-11,33.61,33.85,32.7,32.8,57015653.0,1890034295.0,6379002274.0,0.008938020485176583
2022-04-12,32.79,33.8,32.29,33.67,59154910.0,1953807801.0,6379002274.0,0.009273379669593138
2022-04-13,33.37,34.15,33.22,33.64,36837657.0,1240858462.0,6379002274.0,0.005774830517014486
2022-04-14,33.61,34.39,33.6,33.82,30884478.0,1049640273.0,6379002274.0,0.004841584416089832
2022-04-15,33.8,34.45,33.64,34.09,33295778.0,1136145008.0,6379002274.0,0.005219590238384041
2022-04-18,33.9,33.96,33.34,33.96,22362702.0,752971126.0,6379002274.0,0.003505673934487768
2022-04-19,33.82,34.35,32.92,33.11,40355756.0,1352366932.0,6379002274.0,0.006326342939942962
2022-04-20,33.3,35.17,33.21,34.32,75469579.0,2593993618.0,6379002274.0,0.011830937779659427
2022-04-21,34.2,34.6,32.92,33.17,47158907.0,1595108819.0,6379002274.0,0.007392834329627643
2022-04-22,32.96,33.6,31.61,33.0,45291438.0,1476474295.0,6379002274.0,0.007100081808185291
2022-04-25,30.15,30.79,29.7,29.7,103961707.0,3110633028.0,6379002274.0,0.016297487057456407
2022-04-26,29.0,29.03,27.68,27.74,108285815.0,3058649159.0,6379002274.0,0.01697535293902609
2022-04-27,27.01,28.16,27.0,28.06,70800384.0,1962999084.0,6379002274.0,0.011098974566692558
2022-04-28,27.96,28.72,27.8,28.45,57221982.0,1622101987.0,6379002274.0,0.00897036551205343
2022-04-29,28.44,29.69,28.37,29.48,57047871.0,1663750490.0,6379002274.0,0.008943071118271874
2022-05-05,29.47,30.07,29.22,29.68,46188213.0,1371251001.0,6379002274.0,0.007240664137753527
2022-05-06,29.1,29.95,29.01,29.34,30703506.0,903735077.0,6379002274.0,0.004813214462259024
2022-05-09,29.42,29.67,29.12,29.3,20167425.0,592745761.0,6379002274.0,0.003161532812458753
2022-05-10,28.51,29.6,28.25,29.39,38485915.0,1116464433.0,6379002274.0,0.006033218573516376
2022-05-11,29.4,30.8,29.4,29.95,57337252.0,1736999002.0,6379002274.0,0.008988435736055359
2022-05-12,29.76,30.27,29.7,30.03,25754613.0,773784089.0,6379002274.0,0.004037404580489416
2022-05-13,30.82,30.9,29.8,29.98,33940652.0,1025971943.0,6379002274.0,0.005320683477154064
2022-05-16,30.28,30.52,29.37,29.43,34003837.0,1012740478.0,6379002274.0,0.0053305886311712574
2022-05-17,29.6,29.78,29.2,29.46,24848083.0,731592076.0,6379002274.0,0.0038952930149088703
2022-05-18,29.56,29.7,29.25,29.38,24016408.0,706870578.0,6379002274.0,0.003764916043044508
2022-05-19,29.04,29.36,28.88,29.25,23759665.0,691461477.0,6379002274.0,0.003724667899373757
2022-05-20,29.55,30.35,29.5,30.24,51871653.0,1559577735.0,6379002274.0,0.00813162478581051
2022-05-23,30.48,30.55,29.96,30.1,29397007.0,885797220.0,6379002274.0,0.004608402025473239
2022-05-24,30.08,30.1,28.52,28.61,58591864.0,1713745147.0,6379002274.0,0.009185114142193203
2022-05-25,28.7,28.96,28.5,28.93,32155012.0,926139634.0,6379002274.0,0.005040758823846125
2022-05-26,28.98,29.46,28.56,29.04,37868062.0,1097434046.0,6379002274.0,0.005936361263632934
2022-05-27,29.5,30.36,29.36,29.78,76123100.0,2285393466.0,6379002274.0,0.011933386559567168
2022-05-30,29.83,30.05,29.46,29.71,38684402.0,1152252024.0,6379002274.0,0.006064334254538941
2022-05-31,29.5,30.4,29.35,30.32,56494051.0,1693806564.0,6379002274.0,0.008856251898555132
2022-06-01,30.33,30.45,29.81,29.98,36527466.0,1097750079.0,6379002274.0,0.0057262036335809586
2022-06-02,29.92,29.93,29.45,29.84,34885911.0,1035131182.0,6379002274.0,0.005468866368364615
2022-06-06,29.76,30.67,29.72,30.53,55250628.0,1670869625.0,6379002274.0,0.008661327528474871
2022-06-07,30.71,31.65,30.46,31.19,76249975.0,2369006964.0,6379002274.0,0.011953276033586816
2022-06-08,31.26,32.9,31.17,32.09,118483139.0,3791645367.0,6379002274.0,0.01857392957562065
2022-06-09,31.9,31.95,30.89,30.95,64919431.0,2033859243.0,6379002274.0,0.010177050926067752
2022-06-10,30.69,31.68,30.69,31.56,56098475.0,1755262468.0,6379002274.0,0.008794239693039494
2022-06-13,31.24,31.78,31.04,31.3,44504711.0,1394654472.0,6379002274.0,0.0069767510793020925
2022-06-14,31.05,31.65,30.45,31.62,49408309.0,1532096109.0,6379002274.0,0.007745460320868981
2022-06-15,31.75,33.15,31.65,32.6,91066874.0,2957312702.0,6379002274.0,0.01427603723723018
2022-06-16,32.71,33.33,32.51,32.61,66595322.0,2187749412.0,6379002274.0,0.0104397708512245
2022-06-17,32.36,33.78,32.26,33.37,74071780.0,2447536003.0,6379002274.0,0.011611812759795859
2022-06-20,33.52,33.96,33.0,33.46,65497153.0,2189656709.0,6379002274.0,0.010267617126734387
2022-06-21,33.4,33.4,32.65,33.01,53150873.0,1755215717.0,6379002274.0,0.008332160848513282
2022-06-22,33.1,33.5,32.61,32.64,42260559.0,1394757029.0,6379002274.0,0.006624948100778808
2022-06-23,32.75,32.95,32.5,32.93,34749308.0,1137979593.0,6379002274.0,0.005447451890969493
2022-06-24,32.93,33.78,32.93,33.52,56187724.0,1880178762.0,6379002274.0,0.008808230752482092
2022-06-27,33.75,36.08,33.75,35.56,111401072.0,3917627812.0,6379002274.0,0.01746371410683714
2022-06-28,35.55,35.83,34.85,35.66,58781599.0,2074696753.0,6379002274.0,0.009214857821823689
2022-06-29,35.65,36.78,35.1,35.52,82848347.0,2982831284.0,6379002274.0,0.012987665381101885
2022-06-30,35.8,37.48,35.75,37.09,86126325.0,3175985619.0,6379002274.0,0.013501535397007134
2022-07-01,37.09,39.0,36.86,38.94,100034565.0,3827228102.0,6379002274.0,0.01568185128381724
2022-07-04,39.0,41.5,37.81,41.17,141605359.0,5671015849.0,6379002274.0,0.022198668838411515
2022-07-05,40.59,41.16,39.83,40.51,87550696.0,3539004354.0,6379002274.0,0.013724825958574348
2022-07-06,40.61,41.59,39.15,39.42,94999076.0,3808844859.0,6379002274.0,0.014892466238365225
2022-07-07,39.03,39.4,38.01,38.65,71418756.0,2757359948.0,6379002274.0,0.011195913237261844
2022-07-08,38.99,39.3,38.3,38.45,46915445.0,1815851563.0,6379002274.0,0.007354668172987079
2022-07-11,38.46,38.9,37.28,38.07,59025764.0,2234277973.0,6379002274.0,0.009253134183786309
2022-07-12,38.06,38.16,36.86,36.87,55510986.0,2064586720.0,6379002274.0,0.008702142375188624
2022-07-13,36.87,37.2,36.58,36.98,37840600.0,1396193589.0,6379002274.0,0.005932056201678037
2022-07-14,37.2,38.83,37.2,38.53,75620590.0,2894945195.0,6379002274.0,0.011854610917481545
2022-07-15,38.3,38.79,37.22,37.24,48843622.0,1851315693.0,6379002274.0,0.007656937543208031
2022-07-18,37.2,38.05,36.62,37.93,38523036.0,1444454140.0,6379002274.0,0.006039037822108166
2022-07-19,37.87,38.32,37.17,37.64,33988854.0,1280131201.0,6379002274.0,0.005328239831256094
2022-07-20,37.9,38.46,37.7,38.02,35770240.0,1361588940.0,6379002274.0,0.005607497609115918
2022-07-21,37.95,38.95,37.68,38.7,44110802.0,1690511410.0,6379002274.0,0.006915000199919979
2022-07-22,38.7,39.65,38.49,39.0,52003928.0,2035446487.0,6379002274.0,0.0081523607871973
2022-07-25,39.0,39.38,38.32,38.48,26374181.0,1018720183.0,6379002274.0,0.004134530741194089
2022-07-26,38.51,39.0,36.0,36.17,99768428.0,3651388347.0,6379002274.0,0.01564013049605632
2022-07-27,36.0,36.91,35.9,36.23,37437943.0,1359549314.0,6379002274.0,0.005868933947961154
2022-07-28,36.12,36.49,35.5,36.1,43647016.0,1572673134.0,6379002274.0,0.0068422950996427255
2022-07-29,36.12,36.4,35.18,35.29,37716187.0,1344080545.0,6379002274.0,0.005912552681432075
2022-08-01,35.28,35.58,34.61,35.18,26327807.0,925327275.0,6379002274.0,0.004127260952282269
2022-08-02,35.0,35.0,33.88,34.2,45681772.0,1564950103.0,6379002274.0,0.007161272255097491
2022-08-03,34.24,35.25,34.24,34.7,36713307.0,1277925186.0,6379002274.0,0.00575533687292114
2022-08-04,34.99,36.76,34.95,36.71,64300241.0,2330624975.0,6379002274.0,0.01007998402227878
2022-08-05,36.94,38.09,36.91,38.03,59997612.0,2269357410.0,6379002274.0,0.009405485281694069
2022-08-08,38.18,38.55,37.51,38.09,34808447.0,1320758199.0,6379002274.0,0.00545672277651864
2022-08-09,38.0,38.0,37.05,37.33,28071991.0,1048184781.0,6379002274.0,0.004400686783639795
2022-08-10,37.3,37.55,36.43,36.85,32982139.0,1213273947.0,6379002274.0,0.005170422831550161
2022-08-11,37.0,37.66,36.62,37.43,32924260.0,1224963358.0,6379002274.0,0.005161349469053348
2022-08-12,37.41,37.8,37.1,37.44,22688667.0,849341902.0,6379002274.0,0.003556773618419312
2022-08-15,37.37,37.65,36.88,36.9,25924769.0,959893241.0,6379002274.0,0.004064078971356705
2022-08-16,36.9,37.43,36.36,36.45,26536787.0,976069807.0,6379002274.0,0.004160021561390652
2022-08-17,36.3,36.86,36.15,36.63,25807037.0,942589784.0,6379002274.0,0.004045622793581089
2022-08-18,36.42,36.6,35.72,36.04,27433098.0,989327210.0,6379002274.0,0.0043005311523110455
2022-08-19,35.89,36.39,35.8,35.9,23214454.0,836152766.0,6379002274.0,0.0036391982637502974
2022-08-22,34.51,35.53,33.6,35.04,60442002.0,2096241563.0,6379002274.0,0.009475149781080012
2022-08-23,35.03,35.63,34.43,34.62,32782976.0,1138095496.0,6379002274.0,0.005139201177842377
2022-08-24,34.62,35.25,34.46,34.48,27963517.0,973119540.0,6379002274.0,0.004383681930005846
2022-08-25,34.54,35.14,33.89,34.99,26356437.0,909505289.0,6379002274.0,0.004131749114971392
2022-08-26,35.09,35.33,34.7,34.77,21209525.0,740108568.0,6379002274.0,0.003324896917884372
2022-08-29,34.15,34.61,34.05,34.23,17626560.0,604223502.0,6379002274.0,0.002763215820104597
2022-08-30,34.26,34.57,33.4,33.67,30931638.0,1043745825.0,6379002274.0,0.004848977421762869
2022-08-31,33.42,34.99,33.38,34.66,35654624.0,1222592393.0,6379002274.0,0.00558937314465676
2022-09-01,34.65,34.86,34.09,34.34,24254686.0,838039092.0,6379002274.0,0.0038022695334126166
2022-09-02,34.49,35.18,33.7,33.9,26619403.0,912248135.0,6379002274.0,0.004172972803050611
2022-09-05,33.8,34.1,33.3,33.73,22220387.0,746249973.0,6379002274.0,0.0034833640192554038
2022-09-06,33.93,34.2,33.62,33.88,18024431.0,610337253.0,6379002274.0,0.0028255877997512687
2022-09-07,33.6,33.72,33.16,33.43,24783801.0,828041581.0,6379002274.0,0.003885215890424685
2022-09-08,33.6,34.4,33.5,33.73,27455526.0,933286783.0,6379002274.0,0.004304047062642574
2022-09-09,33.66,34.87,33.66,34.78,41417442.0,1429733375.0,6379002274.0,0.00649277743148207
2022-09-13,34.8,35.65,34.58,35.52,36234031.0,1281773076.0,6379002274.0,0.0056802034932148075
2022-09-14,35.09,35.82,34.72,35.68,29178732.0,1030476158.0,6379002274.0,0.004574184291943082
2022-09-15,35.89,35.99,35.4,35.49,27519277.0,980584351.0,6379002274.0,0.004314040945268991
2022-09-16,35.5,35.68,34.73,34.83,31629556.0,1112700148.0,6379002274.0,0.004958386067507459
2022-09-19,34.92,35.32,34.41,34.69,20049469.0,697982775.0,6379002274.0,0.003143041519473834
2022-09-20,34.71,34.96,33.95,34.13,20223730.0,693165029.0,6379002274.0,0.0031703594279044772
2022-09-21,34.13,34.23,33.25,33.43,29076191.0,976866242.0,6379002274.0,0.004558109521062698
2022-09-22,33.1,33.57,32.33,32.64,31204576.0,1024440987.0,6379002274.0,0.004891764363713409
2022-09-23,32.5,33.66,32.36,32.93,34193106.0,1132384228.0,6379002274.0,0.005360259258625246
2022-09-26,32.93,33.3,31.88,31.9,34576805.0,1121133168.0,6379002274.0,0.005420409574226153
2022-09-27,32.02,33.7,31.9,33.65,46468107.0,1528691628.0,6379002274.0,0.007284541532364407
2022-09-28,33.63,33.99,33.21,33.47,29700983.0,999888265.0,6379002274.0,0.004656054618612917
2022-09-29,33.89,35.94,33.59,34.97,58271432.0,2046418485.0,6379002274.0,0.009134881835284325
2022-09-30,34.96,35.59,34.7,35.1,34258836.0,1206056702.0,6379002274.0,0.005370563377855287
2022-10-10,35.0,35.35,34.23,34.26,31217084.0,1078462403.0,6379002274.0,0.004893725171918633
2022-10-11,34.55,34.58,33.85,34.1,19941630.0,681601746.0,6379002274.0,0.003126136211187687
2022-10-12,34.0,34.12,32.12,33.25,41896196.0,1378197494.0,6379002274.0,0.006567828980209578
2022-10-13,33.1,34.97,32.95,34.54,39785398.0,1366707323.0,6379002274.0,0.006236931151782185
2022-10-14,35.0,37.99,34.95,37.99,95015743.0,3531437663.0,6379002274.0,0.014895079029407475
2022-10-17,38.23,40.4,38.23,39.55,141594113.0,5591331348.0,6379002274.0,0.02219690586678728
2022-10-18,39.55,40.15,38.78,39.46,82703342.0,3263104973.0,6379002274.0,0.012964933769829223
2022-10-19,39.45,39.82,38.5,39.0,55016799.0,2151997768.0,6379002274.0,0.00862467148259869
2022-10-20,38.56,40.66,38.5,39.18,86164577.0,3424168327.0,6379002274.0,0.013507531946053041
2022-10-21,38.7,40.18,38.6,39.97,70174649.0,2773911827.0,6379002274.0,0.011000881640381745
2022-10-24,40.0,40.37,38.78,38.98,67690469.0,2666736980.0,6379002274.0,0.010611450833917667
2022-10-25,38.66,39.07,37.42,38.12,50504465.0,1931271723.0,6379002274.0,0.007917298478768342
2022-10-26,38.11,40.3,38.09,39.72,73405841.0,2912454130.0,6379002274.0,0.011507417280472347
2022-10-27,39.72,40.15,39.2,39.72,50758576.0,2018515314.0,6379002274.0,0.007957134018729776
2022-10-28,39.6,40.39,38.83,38.95,56042171.0,2216507437.0,6379002274.0,0.008785413234358098
2022-10-31,38.16,40.5,38.15,40.2,73643088.0,2943740835.0,6379002274.0,0.011544609146819063
2022-11-01,40.08,41.58,39.53,41.49,83485570.0,3386698861.0,6379002274.0,0.01308755921600413
2022-11-02,41.2,43.21,40.89,41.98,94480798.0,3990735923.0,6379002274.0,0.01481121873636755
2022-11-03,41.55,42.56,41.07,42.09,50993469.0,2126220579.0,6379002274.0,0.007993956861850149
2022-11-04,41.8,42.56,41.65,41.8,53343596.0,2237835762.0,6379002274.0,0.008362372939953587
2022-11-07,41.75,42.08,41.21,41.99,48156312.0,2004142720.0,6379002274.0,0.007549191853446892
2022-11-08,41.96,41.96,40.53,40.7,58638621.0,2398733014.0,6379002274.0,0.00919244397184236
2022-11-09,40.7,41.4,40.43,40.75,33197794.0,1357326740.0,6379002274.0,0.005204229842542928
2022-11-10,40.5,41.15,40.03,40.19,31987722.0,1294465502.0,6379002274.0,0.005014533719540731
2022-11-11,41.04,41.46,39.22,39.22,67849700.0,2733982968.0,6379002274.0,0.010636412574509767
2022-11-14,39.34,41.13,39.27,40.76,56839680.0,2296583744.0,6379002274.0,0.00891043419621769
2022-11-15,40.77,40.78,39.75,40.24,48004289.0,1930623270.0,6379002274.0,0.0075253600701256
2022-11-16,40.24,41.58,39.63,40.5,47633055.0,1936993184.0,6379002274.0,0.007467163821863845
2022-11-17,40.3,41.11,40.0,40.4,27768265.0,1120911720.0,6379002274.0,0.00435307338158193
2022-11-18,40.49,41.3,40.19,40.27,34911340.0,1417054520.0,6379002274.0,0.005472852728442216
2022-11-21,39.8,41.08,39.2,40.79,41837061.0,1684539001.0,6379002274.0,0.00655855872171774
2022-11-22,40.83,41.75,39.77,39.92,40809956.0,1653432493.0,6379002274.0,0.006397545297379212
2022-11-23,39.69,39.89,39.06,39.5,27988278.0,1104218482.0,6379002274.0,0.0043875635715128454
2022-11-24,39.62,40.11,38.81,39.37,28407498.0,1116046415.0,6379002274.0,0.004453282312781944
2022-11-25,39.18,39.8,38.8,39.63,24863939.0,981440210.0,6379002274.0,0.003897778670081722
2022-11-28,38.9,39.47,38.61,39.18,26013507.0,1014566782.0,6379002274.0,0.004077989924228078
2022-11-29,39.42,40.22,39.09,40.05,27573327.0,1099869108.0,6379002274.0,0.004322514057156769
2022-11-30,40.05,40.3,39.6,39.83,29326372.0,1170428278.0,6379002274.0,0.004597328977218045
2022-12-01,40.22,40.96,39.8,40.47,37955816.0,1530958402.0,6379002274.0,0.005950117960406296
2022-12-02,40.43,40.91,40.23,40.5,25060329.0,1017634127.0,6379002274.0,0.003928565616310047
2022-12-05,40.5,40.86,39.6,39.88,45331741.0,1820773517.0,6379002274.0,0.007106399880866385
2022-12-06,39.7,40.5,39.68,39.88,27430804.0,1098865540.0,6379002274.0,0.004300171534944337
2022-12-07,39.8,40.88,39.34,40.58,39600331.0,1594275196.0,6379002274.0,0.006207919248031295
2022-12-08,40.57,40.58,38.86,38.87,61277745.0,2415374745.0,6379002274.0,0.009606164470227621
2022-12-09,38.94,39.3,38.7,38.82,40982699.0,1597863492.0,6379002274.0,0.006424625237561093
2022-12-12,38.9,39.55,38.5,38.88,37690011.0,1469815693.0,6379002274.0,0.005908449218402018
2022-12-13,38.89,39.0,37.86,38.38,38459977.0,1470661682.0,6379002274.0,0.006029152420396206
2022-12-14,38.38,38.58,37.8,38.44,26294084.0,1005170476.0,6379002274.0,0.0041219743888744696
2022-12-15,38.18,38.8,37.86,37.96,21286504.0,810989449.0,6379002274.0,0.003336964479031631
2022-12-16,37.81,38.05,37.71,38.0,24909248.0,943216013.0,6379002274.0,0.0039048815049850224
2022-12-19,38.08,38.24,37.08,37.19,29134505.0,1089921474.0,6379002274.0,0.004567251076041864
2022-12-20,37.17,37.48,36.5,36.51,27843799.0,1023223014.0,6379002274.0,0.004364914418276315
2022-12-21,36.51,36.69,35.93,36.14,25131327.0,910631428.0,6379002274.0,0.003939695570016033
2022-12-22,36.45,37.35,36.26,36.63,35620632.0,1309943892.0,6379002274.0,0.00558404441164493
2022-12-23,36.31,36.93,36.2,36.75,21684520.0,793292486.0,6379002274.0,0.0033993591895057538
2022-12-26,36.71,38.0,36.68,37.56,31640183.0,1188097328.0,6379002274.0,0.004960052002013129
2022-12-27,37.88,37.89,36.88,37.07,32014023.0,1187739097.0,6379002274.0,0.005018656778111693
2022-12-28,36.99,37.85,36.92,37.4,24749478.0,927033305.0,6379002274.0,0.003879835268420536
2022-12-29,37.25,38.31,37.05,38.13,35750843.0,1356125789.0,6379002274.0,0.005604456851460279
2022-12-30,38.17,38.85,38.17,38.53,28241127.0,1088042969.0,6379002274.0,0.004427201274893291
2023-01-03,38.62,39.05,38.11,38.44,25756493.0,991614860.0,6379002274.0,0.004037699297424643
2023-01-04,38.63,38.99,38.41,38.77,25766800.0,997834534.0,6379002274.0,0.0040393150673455926
2023-01-05,39.0,39.87,38.71,39.55,40846418.0,1613986781.0,6379002274.0,0.006403261238279345
2023-01-06,39.7,39.84,39.21,39.31,20010679.0,787437452.0,6379002274.0,0.0031369606312198657
2023-01-09,39.28,39.8,38.77,39.55,32836027.0,1293593370.0,6379002274.0,0.005147517682167235
2023-01-10,39.53,39.9,39.3,39.38,37450772.0,1480991442.0,6379002274.0,0.0058709450775154244
2023-01-11,39.38,39.65,38.33,38.45,53157259.0,2068893230.0,6379002274.0,0.008333161945507091
2023-01-12,38.47,38.54,37.74,37.79,49527676.0,1882797072.0,6379002274.0,0.007764172808319648
2023-01-13,38.45,39.51,37.84,39.27,70816302.0,2763485912.0,6379002274.0,0.011101469941253701
2023-01-16,39.27,43.2,39.27,43.13,137880485.0,5856679147.0,6379002274.0,0.02161474147171624
2023-01-17,42.79,43.33,41.88,42.18,84431216.0,3578996621.0,6379002274.0,0.013235802775009325
2023-01-18,42.28,42.66,41.33,41.57,54131292.0,2257341222.0,6379002274.0,0.00848585557346989
2023-01-19,42.16,44.77,41.66,43.64,109486409.0,4757344051.0,6379002274.0,0.017163563249734625
2023-01-20,43.68,44.88,43.39,43.54,53246467.0,2337576257.0,6379002274.0,0.008347146577612272
2023-01-30,43.9,44.44,43.09,43.25,49662346.0,2164334277.0,6379002274.0,0.007785284260270198
2023-01-31,43.27,43.8,42.14,42.21,40917558.0,1742218997.0,6379002274.0,0.006414413452519801
2023-02-01,42.23,42.7,41.98,42.64,39641365.0,1680608255.0,6379002274.0,0.006214351915435608
2023-02-02,42.7,44.1,42.45,43.0,65348651.0,2842278053.0,6379002274.0,0.010244337310609336
2023-02-03,43.07,43.59,42.72,42.8,49801817.0,2146527069.0,6379002274.0,0.007807148337755867
2023-02-06,42.8,42.97,41.9,42.49,37917265.0,1603885946.0,6379002274.0,0.00594407453882654
2023-02-07,42.39,43.18,41.84,42.1,30763310.0,1303480006.0,6379002274.0,0.0048225895960857905
2023-02-08,42.19,43.5,42.15,42.96,42394935.0,1824844440.0,6379002274.0,0.006646013464017148
2023-02-09,42.82,43.87,42.67,43.65,37302195.0,1623294430.0,6379002274.0,0.00584765350406583
2023-02-10,43.64,43.96,43.23,43.6,27969963.0,1220159160.0,6379002274.0,0.004384692432859289
2023-02-13,44.31,45.99,44.31,44.97,65267726.0,2952331992.0,6379002274.0,0.010231651157426755
2023-02-14,44.93,45.4,44.54,45.22,32976250.0,1484295714.0,6379002274.0,0.005169499646426995
2023-02-15,45.2,45.53,44.45,44.81,26946978.0,1207715800.0,6379002274.0,0.0042243248775490246
2023-02-16,44.8,45.07,43.31,43.79,45881524.0,2028582882.0,6379002274.0,0.007192586242994025
2023-02-17,43.7,44.9,43.38,44.17,39571599.0,1758055625.0,6379002274.0,0.006203415095380792
2023-02-20,44.16,45.45,43.69,45.22,45992311.0,2057766373.0,6379002274.0,0.0072099536925169
2023-02-21,45.02,45.44,44.3,44.5,33743404.0,1509418242.0,6379002274.0,0.00528976202713296
2023-02-22,44.4,44.8,44.0,44.11,22247659.0,987207396.0,6379002274.0,0.0034876392959881236
2023-02-23,44.02,44.32,43.18,43.52,33706211.0,1466260510.0,6379002274.0,0.005283931491509608
2023-02-24,43.39,44.19,43.09,43.19,23817826.0,1035285454.0,6379002274.0,0.0037337854694108547
2023-02-27,42.9,43.4,42.6,43.13,27040102.0,1165183030.0,6379002274.0,0.0042389233987597105
2023-02-28,43.23,44.43,42.92,43.5,32849451.0,1425000851.0,6379002274.0,0.005149622086496218
2023-03-01,43.43,44.14,43.18,43.77,26521282.0,1160326142.0,6379002274.0,0.004157590930496665
2023-03-02,43.49,43.77,42.88,43.19,23068576.0,996391536.0,6379002274.0,0.003616329797219947
2023-03-03,43.16,43.98,43.1,43.4,19015612.0,828331823.0,6379002274.0,0.0029809696223977236
2023-03-06,43.5,43.76,43.08,43.42,21086872.0,914437005.0,6379002274.0,0.003305669302854367
2023-03-07,43.4,43.8,42.11,42.12,33438682.0,1427706842.0,6379002274.0,0.005241992487805155
2023-03-08,42.11,42.33,41.59,41.96,27051028.0,1132653787.0,6379002274.0,0.0042406362057992265
2023-03-09,41.93,42.23,41.7,41.73,17677388.0,741253794.0,6379002274.0,0.002771183837329982
2023-03-10,41.36,42.21,41.33,41.86,20826778.0,871034044.0,6379002274.0,0.003264895841923006
2023-03-13,41.53,41.9,41.21,41.42,25468854.0,1057253671.0,6379002274.0,0.003992607763099223
2023-03-14,41.42,42.46,41.28,41.48,33139474.0,1385033745.0,6379002274.0,0.005195087346977798
2023-03-15,41.85,42.27,41.26,41.38,21209571.0,883570353.0,6379002274.0,0.0033249041290434253
2023-03-16,41.15,41.95,41.06,41.19,18424765.0,764647466.0,6379002274.0,0.002888345889935953
2023-03-17,41.55,41.79,40.7,40.82,38771555.0,1594954443.0,6379002274.0,0.006077996735951626
2023-03-20,40.88,41.09,40.09,40.4,33513318.0,1356733045.0,6379002274.0,0.005253692750133671
2023-03-21,40.35,41.78,40.35,41.6,33389663.0,1381649367.0,6379002274.0,0.005234308057247763
2023-03-22,41.61,42.76,41.61,42.63,33114424.0,1400488361.0,6379002274.0,0.005191160400580224
2023-03-23,42.59,42.96,42.29,42.67,26265561.0,1119244842.0,6379002274.0,0.004117502999968362
2023-03-24,42.6,42.87,41.63,41.7,25985641.0,1090994993.0,6379002274.0,0.004073621529484973
2023-03-27,41.7,43.3,40.9,43.28,46930086.0,1997213195.0,6379002274.0,0.007356963359502323
2023-03-28,43.09,43.2,42.32,43.0,26161118.0,1120913319.0,6379002274.0,0.004101130063337551
2023-03-29,43.35,43.46,42.78,43.16,18357576.0,791915355.0,6379002274.0,0.0028778130515524566
2023-03-30,43.16,43.25,42.51,43.01,20674689.0,886710468.0,6379002274.0,0.003241053712156115
2023-03-31,43.01,43.44,42.5,42.82,22069849.0,946650492.0,6379002274.0,0.0034597650309600753
2023-04-03,42.65,43.18,42.4,42.56,24411361.0,1040547921.0,6379002274.0,0.0038268305843842687
2023-04-04,42.56,43.16,42.1,43.15,33852719.0,1440361472.0,6379002274.0,0.005306898719566125
2023-04-06,43.2,43.25,42.3,42.78,28035252.0,1195281141.0,6379002274.0,0.004394927419021014
2023-04-07,42.79,45.3,42.79,45.15,67000852.0,2995405582.0,6379002274.0,0.010503343488853567
2023-04-10,45.15,46.69,44.9,46.27,66271965.0,3063903640.0,6379002274.0,0.01038908000865842
2023-04-11,46.2,46.66,45.72,46.01,32702606.0,1506697778.0,6379002274.0,0.0051266020288614185
2023-04-12,46.1,47.35,45.56,45.63,33600869.0,1550776100.0,6379002274.0,0.0052674176237486004
2023-04-13,45.63,47.75,45.47,47.35,64601144.0,3044670870.0,6379002274.0,0.010127154878640823
2023-04-14,47.94,48.63,47.0,47.72,60487952.0,2891168165.0,6379002274.0,0.00948235310191708
2023-04-17,47.8,50.3,47.8,49.29,80331157.0,3968648863.0,6379002274.0,0.012593059784195336
2023-04-18,49.3,49.7,48.38,48.93,37630631.0,1838343934.0,6379002274.0,0.005899140552650005
2023-04-19,48.8,49.2,48.41,48.66,26781979.0,1302378973.0,6379002274.0,0.004198458920317357
2023-04-20,48.5,48.91,47.53,47.8,41476607.0,1987866965.0,6379002274.0,0.006502052392903725
2023-04-21,47.8,48.35,47.32,47.32,40835484.0,1952335295.0,6379002274.0,0.006401547177125211
2023-04-24,47.33,49.32,47.33,48.35,60310483.0,2925086233.0,6379002274.0,0.009454532293524623
2023-04-25,48.35,48.96,47.28,47.98,43867208.0,2110863168.0,6379002274.0,0.006876813350388217
2023-04-26,48.0,48.77,47.02,48.2,36025480.0,1727777631.0,6379002274.0,0.005647510136002814
2023-04-27,48.18,48.75,47.41,48.2,40053833.0,1928356610.0,6379002274.0,0.006279012183967126
2023-04-28,48.2,48.95,47.83,48.65,28298296.0,1371262044.0,6379002274.0,0.004436163334717758
2023-05-04,48.55,49.9,48.48,49.27,43250708.0,2136055052.0,6379002274.0,0.006780168142639543
2023-05-05,49.38,49.48,47.08,47.47,42260825.0,2016143924.0,6379002274.0,0.006624989800089857
2023-05-08,47.47,47.6,46.07,46.51,46805247.0,2173812803.0,6379002274.0,0.007337393057652953
2023-05-09,46.39,46.82,45.7,45.93,28953561.0,1338169982.0,6379002274.0,0.004538885511612219
2023-05-10,46.0,46.7,45.65,46.35,25166512.0,1164998556.0,6379002274.0,0.00394521132287027
2023-05-11,46.35,47.99,46.21,46.43,28621814.0,1342559169.0,6379002274.0,0.004486879416340525
2023-05-12,46.44,46.87,45.37,45.51,36376710.0,1664150284.0,6379002274.0,0.00570257047066229
2023-05-15,45.51,47.61,45.5,47.44,32602493.0,1521748663.0,6379002274.0,0.0051109078817675934
2023-05-16,49.1,49.71,48.7,49.13,58884571.0,2901294223.0,6379002274.0,0.009231000158129117
2023-05-17,49.25,49.35,48.16,48.5,27133092.0,1319909080.0,6379002274.0,0.004253500913550545
2023-05-18,48.5,48.87,47.78,48.02,22902166.0,1103908779.0,6379002274.0,0.003590242645522531
2023-05-19,48.08,49.75,48.08,49.13,34109283.0,1678078977.0,6379002274.0,0.005347118802422298
2023-05-22,49.18,50.2,48.33,48.7,29132991.0,1429543987.0,6379002274.0,0.0045670137348504105
2023-05-23,48.75,49.9,48.74,49.1,32898260.0,1627856977.0,6379002274.0,0.0051572735965448886
2023-05-24,49.1,49.18,47.63,47.96,28712039.0,1381356168.0,6379002274.0,0.004501023477766517
2023-05-25,47.67,48.25,47.18,48.06,18370535.0,878653565.0,6379002274.0,0.0028798445604692694
2023-05-26,47.95,49.05,47.89,48.4,17498595.0,849836856.0,6379002274.0,0.002743155472968248
2023-05-29,48.45,49.03,47.83,48.3,21862470.0,1056765398.0,6379002274.0,0.003427255401539617
2023-05-30,48.3,49.2,47.3,48.29,34762660.0,1679739747.0,6379002274.0,0.005449545008266915
2023-05-31,48.5,48.63,45.01,45.55,85934909.0,3959239718.0,6379002274.0,0.013471528196542543
2023-06-01,45.56,46.89,45.45,45.93,45827591.0,2118563584.0,6379002274.0,0.007184131472532534
2023-06-02,46.18,46.84,45.87,46.03,28695031.0,1327951617.0,6379002274.0,0.004498357230088675
2023-06-05,46.2,46.9,46.04,46.5,27091140.0,1259519912.0,6379002274.0,0.004246924336493817
2023-06-06,46.54,47.17,46.15,46.31,26781998.0,1253088436.0,6379002274.0,0.004198461898839574
2023-06-07,46.3,46.69,45.35,45.5,24821752.0,1135394748.0,6379002274.0,0.003891165253408091
2023-06-08,45.5,45.68,44.85,45.59,22328368.0,1009002559.0,6379002274.0,0.0035002915880760197
2023-06-09,45.34,46.15,45.11,45.79,31495725.0,1435337094.0,6379002274.0,0.00493740614082747
2023-06-12,45.63,45.63,43.7,44.7,49949418.0,2227022806.0,6379002274.0,0.007830286909222068
2023-06-13,44.61,45.34,44.27,45.0,19617974.0,879416555.0,6379002274.0,0.00307539849608776
2023-06-14,45.1,46.38,44.82,46.0,41155584.0,1890579169.0,6379002274.0,0.006451727438277442
2023-06-15,46.4,46.99,46.04,46.93,31730099.0,1477897989.0,6379002274.0,0.004974147623262001
2023-06-16,46.8,48.48,46.7,47.5,38034366.0,1814534587.0,6379002274.0,0.005962431798311661
2023-06-19,47.5,47.88,46.63,46.88,21812681.0,1023984130.0,6379002274.0,0.0034194502624502435
2023-06-20,46.97,47.49,46.7,46.78,14896722.0,699886986.0,6379002274.0,0.0023352746025373182
2023-06-21,46.51,47.17,46.4,46.4,17086261.0,798760481.0,6379002274.0,0.002678516210856582
2023-06-26,46.28,47.08,45.68,46.36,21399989.0,989068485.0,6379002274.0,0.0033547548787094227
2023-06-27,46.18,46.8,45.83,45.95,18978355.0,876672322.0,6379002274.0,0.0029751290538574276
2023-06-28,46.13,46.4,45.71,46.2,21520319.0,992111162.0,6379002274.0,0.0033736183302072297
2023-06-29,46.15,47.44,46.1,47.05,30294997.0,1423288085.0,6379002274.0,0.004749174823699083
2023-06-30,46.9,48.48,46.86,47.9,28356163.0,1360379379.0,6379002274.0,0.004445234816042644
2023-07-03,47.92,47.92,47.03,47.36,20398424.0,967058795.0,6379002274.0,0.0031977452152888194
2023-07-04,47.3,50.5,46.51,48.85,84157068.0,4123867419.0,6379002274.0,0.013192826148222815
2023-07-05,48.85,49.85,48.53,49.19,46108311.0,2275614523.0,6379002274.0,0.007228138354477721
2023-07-06,49.16,49.2,47.89,48.11,25224843.0,1219395802.0,6379002274.0,0.003954355542842999
2023-07-07,48.0,48.59,47.81,48.39,17226779.0,831988640.0,6379002274.0,0.002700544420592881
2023-07-10,48.38,48.49,47.36,47.61,21679425.0,1034167999.0,6379002274.0,0.003398560475258423
2023-07-11,48.0,48.56,47.21,48.24,24212838.0,1164154726.0,6379002274.0,0.003795709259845923
2023-07-12,48.24,48.4,47.55,47.77,14681110.0,703955313.0,6379002274.0,0.0023014743324106237
2023-07-13,47.94,48.2,47.5,48.01,24604015.0,1180018589.0,6379002274.0,0.0038570318590859937
2023-07-14,47.98,47.99,47.5,47.52,13461016.0,641622957.0,6379002274.0,0.0021102071173207423
2023-07-17,47.52,47.52,46.73,47.2,21394359.0,1006066369.0,6379002274.0,0.0033538722955470134
2023-07-18,47.4,47.85,47.0,47.2,12113452.0,572775268.0,6379002274.0,0.0018989571534365
2023-07-19,47.0,47.37,46.55,46.69,19415049.0,909126296.0,6379002274.0,0.0030435870949808664
2023-07-20,46.99,47.4,45.87,45.96,18098829.0,840875002.0,6379002274.0,0.0028372507521698996
2023-07-21,46.03,46.3,45.65,45.93,20976558.0,963680908.0,6379002274.0,0.0032883760028582804
2023-07-24,45.9,48.0,45.89,47.29,47398816.0,2245495190.0,6379002274.0,0.0074304435026134935
2023-07-25,47.75,47.9,47.13,47.76,24909769.0,1185933141.0,6379002274.0,0.003904963179199519
2023-07-26,47.77,48.16,47.55,48.08,16778804.0,805101338.0,6379002274.0,0.0026303179210937526
2023-07-27,48.33,48.47,47.8,48.11,16225472.0,780565524.0,6379002274.0,0.0025435752023687083
2023-07-28,47.88,49.2,47.59,49.05,37757340.0,1831117114.0,6379002274.0,0.00591900400379133
2023-07-31,49.04,49.33,44.22,44.58,135924169.0,6226335069.0,6379002274.0,0.021308060910090843
2023-08-01,44.31,44.31,42.3,43.38,134400131.0,5837540230.0,6379002274.0,0.021069146118319757
2023-08-02,43.25,43.99,42.06,42.28,93481863.0,4002903506.0,6379002274.0,0.01465462136312761
2023-08-03,41.85,42.89,41.18,42.27,79188796.0,3340548136.0,6379002274.0,0.012413978330555459
2023-08-04,42.55,42.67,41.0,41.07,106460887.0,4420471054.0,6379002274.0,0.016689269328829213
2023-08-07,40.66,40.66,38.56,39.13,134789310.0,5280883460.0,6379002274.0,0.021130155502433984
2023-08-08,38.6,40.69,38.58,40.14,97417696.0,3876529259.0,6379002274.0,0.015271619575534894
2023-08-09,39.9,40.67,39.8,40.21,57386328.0,2309143090.0,6379002274.0,0.008996129102179404
2023-08-10,40.21,40.38,39.6,39.9,35595251.0,1420732108.0,6379002274.0,0.005580065576255037
2023-08-11,39.96,40.23,39.2,39.2,33789776.0,1337250935.0,6379002274.0,0.005297031502516126
2023-08-14,38.83,40.79,38.8,40.62,60278981.0,2413358863.0,6379002274.0,0.009449593903687641
2023-08-15,40.61,41.1,39.98,40.5,42658221.0,1726457704.0,6379002274.0,0.006687287316681085
2023-08-16,40.39,41.91,40.25,41.01,63040895.0,2598200518.0,6379002274.0,0.009882563493815742
2023-08-17,40.72,40.86,40.1,40.57,39559904.0,1599099728.0,6379002274.0,0.006201581736573622
2023-08-18,40.5,40.58,39.8,39.95,26186208.0,1051772611.0,6379002274.0,0.004105063280308215
2023-08-21,37.96,39.33,37.1,38.8,60792050.0,2340167373.0,6379002274.0,0.009530024820304682
2023-08-22,39.15,39.4,38.33,39.15,43538559.0,1693144201.0,6379002274.0,0.006825292911002339
2023-08-23,39.1,39.31,38.68,38.7,25817058.0,1006532647.0,6379002274.0,0.004047193728904446
2023-08-24,38.71,40.88,38.4,40.44,47773653.0,1910733102.0,6379002274.0,0.0074892045727463245
2023-08-25,40.26,41.33,40.16,40.72,43030579.0,1756092212.0,6379002274.0,0.006745659768046666
2023-08-28,42.99,43.35,41.52,41.92,72210177.0,3043511380.0,6379002274.0,0.011319979817897147
2023-08-29,41.91,42.49,41.6,42.25,37699685.0,1588977336.0,6379002274.0,0.00590996575650382
2023-08-30,42.5,42.5,42.0,42.15,25350381.0,1070521274.0,6379002274.0,0.003974035422957117
2023-08-31,42.15,42.24,41.7,41.78,25963264.0,1088210681.0,6379002274.0,0.004070113614134134
2023-09-01,41.85,42.02,41.43,41.53,16531303.0,688552632.0,6379002274.0,0.0025915185933354317
2023-09-04,41.93,41.97,41.1,41.2,32468808.0,1341074606.0,6379002274.0,0.005089950842679383
2023-09-05,41.21,41.58,41.09,41.21,20244428.0,837077292.0,6379002274.0,0.003173604135949866
2023-09-06,41.01,41.19,40.6,40.73,21181611.0,864434723.0,6379002274.0,0.0033205209984535585
2023-09-07,40.88,40.88,39.93,40.29,28664943.0,1152145076.0,6379002274.0,0.004493640505010423
2023-09-08,40.25,40.61,40.0,40.58,17849659.0,720117159.0,6379002274.0,0.0027981897847494013
2023-09-11,40.75,43.16,40.75,43.0,75735706.0,3231973811.0,6379002274.0,0.011872656999777078
2023-09-12,42.81,43.18,42.68,42.91,26204255.0,1124850924.0,6379002274.0,0.0041078924061220675
2023-09-13,42.85,43.08,42.01,42.2,22314129.0,946141604.0,6379002274.0,0.0034980594208203286
2023-09-14,42.33,42.79,42.05,42.59,23008852.0,977473280.0,6379002274.0,0.00360696720453936
2023-09-15,42.7,43.95,42.35,43.6,66959064.0,2917106850.0,6379002274.0,0.010496792621146509
2023-09-18,43.61,44.95,43.59,44.36,47897373.0,2129867026.0,6379002274.0,0.007508599455313503
2023-09-19,44.36,44.82,44.09,44.63,25726585.0,1144955600.0,6379002274.0,0.004033010789925296
2023-09-20,44.5,44.6,43.88,44.35,21810368.0,964374254.0,6379002274.0,0.0034190876665613178
2023-09-21,44.35,44.39,43.78,43.89,19223792.0,845940881.0,6379002274.0,0.0030136048200443077
2023-09-22,43.97,44.14,43.4,44.06,28240836.0,1236954485.0,6379002274.0,0.004427155656474061
2023-09-25,44.1,45.05,43.71,44.85,40740339.0,1820689408.0,6379002274.0,0.006386631835209156
2023-09-26,44.8,45.08,44.15,44.7,27301792.0,1216854602.0,6379002274.0,0.004279947055557359
2023-09-27,44.68,45.68,44.65,45.31,35724335.0,1617557677.0,6379002274.0,0.005600301342673577
2023-09-28,45.55,45.88,44.76,44.94,25130745.0,1135092321.0,6379002274.0,0.003939604333177574
2023-10-09,44.89,45.2,44.12,44.76,33142248.0,1475154936.0,6379002274.0,0.0051955222112215855
2023-10-10,44.92,44.99,44.28,44.37,16601862.0,740031441.0,6379002274.0,0.0026025797275017557
2023-10-11,44.7,45.57,44.7,45.05,32957719.0,1488505889.0,6379002274.0,0.005166594646678754
2023-10-12,45.6,45.65,44.7,44.95,24460777.0,1099547113.0,6379002274.0,0.0038345772503795787
2023-10-13,44.58,45.12,44.37,44.65,18751325.0,837370916.0,6379002274.0,0.00293953884864221
2023-10-16,44.82,45.12,44.1,44.23,21440014.0,953935321.0,6379002274.0,0.003361029370907542
2023-10-17,44.23,44.53,43.6,44.47,21429257.0,943523855.0,6379002274.0,0.00335934305703933
2023-10-18,44.48,44.49,43.76,43.82,15701071.0,690070188.0,6379002274.0,0.0024613678323952893
2023-10-19,43.66,44.08,43.2,43.41,26274650.0,1145345846.0,6379002274.0,0.004118927830938723
2023-10-20,43.12,43.5,42.55,42.72,30303433.0,1296586797.0,6379002274.0,0.004750497287563751
2023-10-23,42.73,43.36,42.33,43.07,22463199.0,964201611.0,6379002274.0,0.0035214282790832566
2023-10-24,43.06,43.5,42.61,43.23,26085607.0,1124684898.0,6379002274.0,0.004089292632222692
2023-10-25,43.69,43.87,43.06,43.17,27514540.0,1192763487.0,6379002274.0,0.004313298352650815
2023-10-26,43.89,44.85,43.45,44.45,41809167.0,1856368719.0,6379002274.0,0.006554185937573472
2023-10-27,44.26,45.55,43.88,45.4,41407204.0,1862059500.0,6379002274.0,0.0064911724782997
2023-10-30,45.45,47.0,45.2,46.58,55065386.0,2552988940.0,6379002274.0,0.008632288190966711
2023-10-31,48.53,48.78,47.23,47.94,70656935.0,3387726474.0,6379002274.0,0.011076486880713094
2023-11-01,47.95,48.18,47.29,47.97,33568663.0,1601908875.0,6379002274.0,0.005262368871825237
2023-11-02,48.17,48.2,47.71,47.9,20514154.0,983703283.0,6379002274.0,0.003215887550881284
2023-11-03,47.8,48.1,47.4,47.51,21283811.0,1015296077.0,6379002274.0,0.003336542312698351
2023-11-06,48.49,48.88,48.16,48.33,37813766.0,1834312514.0,6379002274.0,0.0059278495877206515
2023-11-07,48.5,48.81,48.18,48.43,26149197.0,1270647902.0,6379002274.0,0.004099261275792422
2023-11-08,48.47,49.74,48.47,49.28,31846619.0,1567457009.0,6379002274.0,0.004992413802672992
2023-11-09,49.14,49.37,48.27,48.38,29470018.0,1431770225.0,6379002274.0,0.004619847545769977
2023-11-10,48.1,48.68,48.03,48.39,18655843.0,902627142.0,6379002274.0,0.0029245706771478725
2023-11-13,48.51,48.64,47.06,47.3,33864122.0,1606447219.0,6379002274.0,0.005308686303189739
2023-11-14,47.37,47.68,46.8,47.04,20678755.0,973364199.0,6379002274.0,0.0032416911159107074
2023-11-15,47.68,47.98,47.16,47.33,15672204.0,743383344.0,6379002274.0,0.002456842516560608
2023-11-16,47.03,47.48,46.76,46.8,13957572.0,655045907.0,6379002274.0,0.002188049384601928
2023-11-17,46.79,47.33,46.68,47.14,21179904.0,995487699.0,6379002274.0,0.003320253401746945
2023-11-20,47.21,47.98,46.96,47.49,23108019.0,1096914505.0,6379002274.0,0.0036225130525796077
2023-11-21,47.6,48.08,47.31,47.58,20546593.0,981885820.0,6379002274.0,0.0032209728288928965
2023-11-22,47.58,47.67,47.14,47.14,12690197.0,600591031.0,6379002274.0,0.0019893701953554123
2023-11-23,47.15,47.27,46.65,47.17,12684710.0,596480165.0,6379002274.0,0.0019885100294918003
2023-11-24,47.01,47.21,46.72,46.93,14647110.0,688379061.0,6379002274.0,0.002296144345284176
2023-11-27,46.92,47.1,46.42,46.8,18443196.0,863329196.0,6379002274.0,0.0028912352132514697
2023-11-28,46.7,47.5,46.58,47.5,20418019.0,963092934.0,6379002274.0,0.003200817012281253
2023-11-29,47.5,47.9,47.33,47.67,17545365.0,835534026.0,6379002274.0,0.0027504873405536584
2023-11-30,47.7,48.08,47.43,48.02,21598333.0,1034052589.0,6379002274.0,0.003385848142433191
2023-12-01,47.95,48.13,45.83,46.58,40816647.0,1904555696.0,6379002274.0,0.006398594207492832
2023-12-04,46.56,46.64,45.5,45.99,27686101.0,1277259197.0,6379002274.0,0.004340192997397887
2023-12-05,45.83,46.3,45.15,45.25,26579143.0,1213967601.0,6379002274.0,0.004166661471235588
2023-12-06,45.22,46.02,44.85,45.41,22028902.0,1000552801.0,6379002274.0,0.0034533460020522324
2023-12-07,45.48,45.75,44.73,44.78,23743794.0,1069538351.0,6379002274.0,0.003722179892735997
2023-12-08,44.77,45.66,44.65,45.59,29241298.0,1326068365.0,6379002274.0,0.004583992408841709
2023-12-11,45.37,46.6,45.06,46.53,26769468.0,1225504470.0,6379002274.0,0.00419649764181915
2023-12-12,46.53,46.66,45.45,45.8,21297004.0,974828671.0,6379002274.0,0.00333861050446774
2023-12-13,45.54,46.09,45.52,45.62,18676447.0,856154192.0,6379002274.0,0.0029278006493465
2023-12-14,46.08,46.19,45.57,45.73,19406117.0,890571700.0,6379002274.0,0.0030421868760098832
2023-12-15,45.75,45.84,44.45,44.66,25906571.0,1163993227.0,6379002274.0,0.004061226174129437
2023-12-18,44.59,45.78,44.18,45.49,24478562.0,1110849272.0,6379002274.0,0.0038373653039396926
2023-12-19,45.41,45.44,44.21,44.78,21434676.0,958138755.0,6379002274.0,0.00336019256292869
2023-12-20,44.7,45.18,44.19,44.23,18982063.0,846390828.0,6379002274.0,0.002975710335982865
2023-12-21,44.18,44.63,44.05,44.49,18835212.0,835984122.0,6379002274.0,0.0029526893377621014
2023-12-22,44.48,44.57,43.51,44.01,24235823.0,1067834266.0,6379002274.0,0.003799312487907729
2023-12-25,44.01,44.55,43.9,44.0,13361150.0,590059431.0,6379002274.0,0.0020945516910157477
2023-12-26,44.0,44.07,43.3,43.98,15055393.0,657505418.0,6379002274.0,0.002360148555106159
2023-12-27,43.9,44.21,43.36,44.09,21601490.0,947551025.0,6379002274.0,0.0033863430474143142
2023-12-28,44.1,44.85,43.93,44.75,30763447.0,1370257485.0,6379002274.0,0.004822611072798624
2023-12-29,44.88,45.4,44.65,45.23,24238046.0,1094134425.0,6379002274.0,0.003799660975007202
2024-01-02,45.24,45.44,44.36,44.47,18260797.0,815829089.0,6379002274.0,0.002862641556725678
2024-01-03,44.21,44.88,44.05,44.23,14669379.0,651690508.0,6379002274.0,0.002299635330087672
2024-01-04,44.3,44.34,42.88,43.79,33904543.0,1468337357.0,6379002274.0,0.005315022874061449
2024-01-05,43.31,43.5,41.28,41.95,49522687.0,2085701637.0,6379002274.0,0.007763390711091006
2024-01-08,41.8,41.8,41.0,41.11,30009112.0,1238699559.0,6379002274.0,0.004704358254003657
2024-01-09,41.15,41.56,40.88,41.2,21174933.0,872816754.0,6379002274.0,0.0033194741262761933
2024-01-10,41.2,41.99,40.77,41.5,20674583.0,860280445.0,6379002274.0,0.003241037095137427
2024-01-11,41.51,41.85,41.18,41.48,18971994.0,788171079.0,6379002274.0,0.0029741318759718004
2024-01-12,41.21,41.6,40.92,41.1,13270135.0,548157565.0,6379002274.0,0.0020802837857712294
2024-01-15,40.7,41.9,40.68,41.51,14893496.0,617603018.0,6379002274.0,0.0023347688808176147
2024-01-16,41.2,41.65,40.8,41.41,18657709.0,768555374.0,6379002274.0,0.0029248631993825185
2024-01-17,41.13,41.29,40.11,40.11,24023217.0,974124257.0,6379002274.0,0.003765983451348743
2024-01-18,40.0,41.4,39.47,41.29,38716460.0,1559153303.0,6379002274.0,0.006069359805341872
2024-01-19,41.09,41.6,40.81,41.41,31739489.0,1309874297.0,6379002274.0,0.004975619640294864
2024-01-22,41.4,41.7,40.13,40.78,34937745.0,1430463188.0,6379002274.0,0.005476992090503212
2024-01-23,40.68,40.92,40.23,40.3,20886214.0,846394265.0,6379002274.0,0.0032742132864773455
2024-01-24,40.68,40.73,39.5,40.52,25004207.0,1001342749.0,6379002274.0,0.003919767688736209
2024-01-25,40.84,41.2,40.05,41.2,27891163.0,1134726996.0,6379002274.0,0.0043723394038721105
2024-01-26,40.9,41.22,40.01,40.3,30279954.0,1230888858.0,6379002274.0,0.004746816617924285
2024-01-29,40.25,40.55,39.03,39.25,28105100.0,1112608513.0,6379002274.0,0.004405877093750664
2024-01-30,39.22,39.44,38.56,38.69,23301300.0,905581935.0,6379002274.0,0.0036528126185145175
2024-01-31,38.4,38.6,37.22,37.45,38059705.0,1433750351.0,6379002274.0,0.00596640404959981
2024-02-01,37.2,38.06,36.88,37.16,30023460.0,1122310504.0,6379002274.0,0.0047066075085710184
2024-02-02,37.22,37.67,35.51,35.95,36047509.0,1317464771.0,6379002274.0,0.00565096349736777
2024-02-05,35.98,37.96,35.79,37.4,49793860.0,1835851264.0,6379002274.0,0.0078059009640039515
2024-02-06,37.4,41.05,37.2,41.0,56819466.0,2272656933.0,6379002274.0,0.00890726536210669
2024-02-07,41.25,41.86,40.51,41.84,52212378.0,2164428888.0,6379002274.0,0.00818503831121224
2024-02-08,41.84,42.55,41.18,41.87,37994404.0,1579175793.0,6379002274.0,0.005956167182266159
2024-02-19,41.86,42.17,41.05,41.66,25380790.0,1055722627.0,6379002274.0,0.003978802469384415
2024-02-20,41.73,42.23,41.51,41.86,21225500.0,889338539.0,6379002274.0,0.0033274012280121662
2024-02-21,41.88,42.46,41.45,42.22,29901470.0,1260180460.0,6379002274.0,0.004687483828289978
2024-02-22,42.0,42.54,41.96,42.43,17530089.0,740956883.0,6379002274.0,0.002748092608690611
2024-02-23,42.43,42.86,41.88,42.39,22950641.0,971812476.0,6379002274.0,0.0035978417962858997
2024-02-26,42.21,42.49,41.8,42.08,18878234.0,796444428.0,6379002274.0,0.002959433652648985
2024-02-27,42.1,42.33,41.84,42.27,17616119.0,740889142.0,6379002274.0,0.002761579043763796
2024-02-28,42.47,43.59,42.23,42.23,34011785.0,1458671569.0,6379002274.0,0.0053318345940442284
2024-02-29,42.22,42.85,42.1,42.64,25340841.0,1076844666.0,6379002274.0,0.003972539891275166
2024-03-01,42.64,42.92,42.1,42.52,21563699.0,916978866.0,6379002274.0,0.003380418766723268
2024-03-04,42.52,43.98,42.46,43.9,37656812.0,1640672142.0,6379002274.0,0.005903244799501697
2024-03-05,43.9,44.7,43.62,44.56,37120036.0,1643167915.0,6379002274.0,0.005819097470978579
2024-03-06,44.65,44.9,43.7,43.96,21699075.0,957081998.0,6379002274.0,0.0034016408942888553
2024-03-07,43.9,43.96,41.6,41.95,45743263.0,1939466492.0,6379002274.0,0.007170911850344326
2024-03-08,41.94,42.7,41.62,41.89,27741788.0,1164468604.0,6379002274.0,0.004348922732489372
2024-03-11,41.9,43.7,41.68,43.6,32546746.0,1400965850.0,6379002274.0,0.005102168740816473
2024-03-12,43.71,45.29,43.2,44.93,43140972.0,1921884773.0,6379002274.0,0.006762965452424606
2024-03-13,45.0,45.03,44.16,44.68,20749481.0,924209602.0,6379002274.0,0.0032527784297196817
2024-03-14,49.0,49.15,46.51,47.03,109924476.0,5248912838.0,6379002274.0,0.017232236528279377
2024-03-15,46.98,47.95,46.5,47.13,43857939.0,2069250035.0,6379002274.0,0.006875360301838952
2024-03-18,47.0,47.68,46.45,47.28,29791431.0,1406103941.0,6379002274.0,0.004670233638483886
2024-03-19,46.91,47.33,45.9,45.97,27204791.0,1262475448.0,6379002274.0,0.004264740759049932
2024-03-20,45.66,45.91,45.31,45.63,22501410.0,1025230382.0,6379002274.0,0.0035274184007917475
2024-03-21,45.85,46.07,45.45,45.63,18335706.0,839240724.0,6379002274.0,0.0028743846157155326
2024-03-22,45.54,46.0,45.1,45.93,24225421.0,1103378348.0,6379002274.0,0.0037976818253756903
2024-03-25,45.95,46.82,45.81,46.16,23261953.0,1078638224.0,6379002274.0,0.003646644412530272
2024-03-26,46.1,46.59,45.87,46.27,20006073.0,925152065.0,6379002274.0,0.0031362385747285594
2024-03-27,46.2,46.35,45.7,45.91,15566813.0,716342078.0,6379002274.0,0.0024403209673475655
2024-03-28,45.91,46.86,45.54,46.21,21401947.0,993801318.0,6379002274.0,0.003355061823262175
2024-03-29,46.21,46.37,45.4,45.97,18703757.0,857879351.0,6379002274.0,0.0029320818831236554
2024-04-01,45.98,46.8,45.98,46.32,20222435.0,937070924.0,6379002274.0,0.0031701564181006907
2024-04-02,46.2,46.69,45.06,45.46,22490309.0,1024255824.0,6379002274.0,0.003525678159994962
2024-04-03,45.1,45.33,44.52,44.76,23690420.0,1064081572.0,6379002274.0,0.0037138127535334374
2024-04-08,44.8,45.87,44.8,45.4,23626791.0,1071343514.0,6379002274.0,0.0037038379961549456
2024-04-09,45.4,45.63,44.28,45.54,21527235.0,967808523.0,6379002274.0,0.0033747025122944797
2024-04-10,45.54,45.98,44.9,45.45,16353062.0,744122727.0,6379002274.0,0.002563576762882339
2024-04-11,45.05,45.49,44.63,44.94,18609152.0,837102507.0,6379002274.0,0.002917251193944315
2024-04-12,44.8,45.35,43.95,44.09,22211902.0,987099187.0,6379002274.0,0.0034820338739387003
2024-04-15,44.14,45.15,44.09,44.56,22027768.0,984050772.0,6379002274.0,0.003453168231305133
2024-04-16,44.33,44.65,43.79,44.26,23385721.0,1033684470.0,6379002274.0,0.0036660468197851595
2024-04-17,44.35,44.78,43.84,44.39,23275600.0,1032367344.0,6379002274.0,0.003648783775304232
2024-04-18,45.2,45.5,42.2,42.35,59016774.0,2541878651.0,6379002274.0,0.009251724872484346
2024-04-19,42.0,42.34,41.22,41.68,38425460.0,1601560704.0,6379002274.0,0.006023741386112571
2024-04-22,41.99,42.17,41.46,41.86,27806445.0,1163954983.0,6379002274.0,0.004359058643596276
2024-04-23,41.86,44.27,41.8,44.07,49366110.0,2134259117.0,6379002274.0,0.007738845023023424
2024-04-24,43.96,44.2,43.4,43.7,21625198.0,946244236.0,6379002274.0,0.0033900596160847205
2024-04-25,43.7,44.97,43.5,44.3,24469103.0,1085861364.0,6379002274.0,0.0038358824701682495
2024-04-26,44.2,45.79,44.17,45.61,34278262.0,1550025297.0,6379002274.0,0.005373608681676416
2024-04-29,45.6,46.86,45.53,46.18,34279567.0,1586424722.0,6379002274.0,0.005373813259123475
2024-04-30,46.39,46.85,45.85,46.16,19250243.0,893082210.0,6379002274.0,0.003017751393264357
2024-05-06,46.93,47.87,46.42,47.16,32582423.0,1541063569.0,6379002274.0,0.005107761621719716
2024-05-07,47.16,47.5,47.02,47.23,20377965.0,964125270.0,6379002274.0,0.0031945379739176435
2024-05-08,47.26,47.37,46.25,46.42,26129151.0,1217234952.0,6379002274.0,0.004096118778088399
2024-05-09,46.51,47.23,46.31,46.9,17514723.0,820722434.0,6379002274.0,0.002745683768038111
2024-05-10,46.79,47.05,46.19,46.48,15577277.0,725489832.0,6379002274.0,0.0024419613492678936
2024-05-13,46.48,46.78,45.37,45.53,29175692.0,1338054191.0,6379002274.0,0.004573707728388247
2024-05-14,45.53,45.78,45.22,45.33,19723737.0,897260526.0,6379002274.0,0.0030919783616305384
2024-05-15,45.34,45.42,44.53,44.67,15942898.0,713465989.0,6379002274.0,0.0024992776793608023
2024-05-16,45.0,45.11,44.4,44.69,23437708.0,1048106878.0,6379002274.0,0.003674196526865825
2024-05-17,45.5,46.23,44.07,44.75,37685549.0,1689843524.0,6379002274.0,0.005907749735973836
2024-05-20,44.28,44.79,43.48,43.81,39702265.0,1742797464.0,6379002274.0,0.006223898862965039
2024-05-21,43.72,44.16,43.42,43.8,24438325.0,1071157251.0,6379002274.0,0.0038310575777041962
2024-05-22,43.9,43.96,43.4,43.54,25238847.0,1100081620.0,6379002274.0,0.003956550870481787
2024-05-23,43.54,43.59,42.9,43.05,19702407.0,848668345.0,6379002274.0,0.003088634578530329
2024-05-24,43.05,43.18,42.38,42.44,22038350.0,939654301.0,6379002274.0,0.003454827111416076
2024-05-27,42.33,42.9,41.82,42.7,30678196.0,1300950779.0,6379002274.0,0.004809246757136365
2024-05-28,42.7,43.59,42.36,43.27,37427881.0,1616893172.0,6379002274.0,0.00586735658530038
2024-05-29,43.25,43.48,42.95,43.02,16676675.0,719612073.0,6379002274.0,0.0026143077371161946
2024-05-30,43.05,43.24,42.54,42.88,13247711.0,567669926.0,6379002274.0,0.00207676850249701
2024-05-31,43.4,43.59,42.36,42.36,22865066.0,980570414.0,6379002274.0,0.003584426688981613
2024-06-03,42.22,42.69,42.07,42.5,18780093.0,796785130.0,6379002274.0,0.002944048644808494
2024-06-04,42.45,44.0,42.36,43.83,35813890.0,1561008549.0,6379002274.0,0.005614340372000312
2024-06-05,43.83,44.3,43.69,43.92,18067577.0,794605429.0,6379002274.0,0.0028323515534147306
2024-06-06,43.65,44.1,42.8,42.91,22586853.0,978566367.0,6379002274.0,0.0035408128152048376
2024-06-07,42.99,43.26,42.15,42.15,23854735.0,1013241225.0,6379002274.0,0.003739571483965268
2024-06-11,42.0,42.81,41.7,42.72,25112141.0,1062111846.0,6379002274.0,0.003936687889633444
2024-06-12,42.73,42.73,41.91,42.1,21850545.0,922178802.0,6379002274.0,0.003425385986937179
2024-06-13,42.1,42.43,41.53,42.06,20729821.0,872698850.0,6379002274.0,0.0032496964430459773
2024-06-14,41.9,42.1,41.08,41.9,41537240.0,1729630309.0,6379002274.0,0.006511557484357781
2024-06-17,41.6,42.7,41.59,42.53,24198112.0,1024367306.0,6379002274.0,0.0037934007483628623
2024-06-18,42.5,42.71,41.81,41.97,20392334.0,860147200.0,6379002274.0,0.0031967905205358767
2024-06-19,42.0,42.26,41.21,41.36,20101128.0,836081465.0,6379002274.0,0.003151139807855162
2024-06-20,41.34,41.77,40.58,40.6,24782740.0,1013799895.0,6379002274.0,0.0038850495634734743
2024-06-21,40.7,40.8,39.77,40.04,36455301.0,1459102929.0,6379002274.0,0.005714890735905074
2024-06-24,40.0,40.64,39.54,40.29,27893044.0,1123508475.0,6379002274.0,0.0043726342775716655
2024-06-25,40.51,40.58,39.45,39.7,22458955.0,895023382.0,6379002274.0,0.0035207629712784142
2024-06-26,39.69,40.04,39.43,39.9,22323523.0,887607506.0,6379002274.0,0.0034995320649105007
2024-06-27,39.85,39.85,39.0,39.24,27183773.0,1064851488.0,6379002274.0,0.004261445886419824
2024-06-28,39.2,39.44,38.33,38.46,30925798.0,1199640451.0,6379002274.0,0.004848061918091738
2024-07-01,38.45,38.47,37.8,38.27,23890913.0,911326444.0,6379002274.0,0.0037452429037964628
2024-07-02,38.23,38.25,37.24,37.47,31084695.0,1168354207.0,6379002274.0,0.004872971299398537
2024-07-03,37.6,39.6,37.33,38.67,55275948.0,2137708980.0,6379002274.0,0.008665296801240802
2024-07-04,38.67,39.45,38.33,38.45,28925733.0,1120476865.0,6379002274.0,0.004534523073913549
2024-07-05,38.46,40.3,38.1,40.03,49365271.0,1942122106.0,6379002274.0,0.007738713497752862
2024-07-08,39.2,40.1,38.44,39.21,49986820.0,1964892357.0,6379002274.0,0.007836150208589814
2024-07-09,39.12,39.48,38.01,38.99,40106262.0,1555216747.0,6379002274.0,0.006287231180880435
2024-07-10,39.0,39.79,38.88,39.41,20232304.0,796385785.0,6379002274.0,0.0031717035252463058
2024-07-11,39.79,41.14,39.3,40.6,37980200.0,1538773534.0,6379002274.0,0.0059539405017619215
2024-07-12,40.84,41.5,40.48,41.27,31501013.0,1296947586.0,6379002274.0,0.004938235110589961
2024-07-15,41.0,41.29,40.46,40.78,20710958.0,845176103.0,6379002274.0,0.0032467393975410897
2024-07-16,40.65,41.06,40.42,40.95,22626802.0,924082558.0,6379002274.0,0.003547075393314086
2024-07-17,40.58,42.15,40.5,41.74,35683208.0,1488713789.0,6379002274.0,0.00559385409618683
2024-07-18,41.8,42.42,41.7,42.15,30712230.0,1292463143.0,6379002274.0,0.004814582074249939
2024-07-19,42.08,42.48,41.93,42.23,27751083.0,1171709541.0,6379002274.0,0.004350379856911147
2024-07-22,42.22,43.1,41.85,42.77,32570326.0,1391175548.0,6379002274.0,0.005105865243652992
2024-07-23,42.73,42.82,41.35,41.41,36689667.0,1532779454.0,6379002274.0,0.005751630964224986
2024-07-24,41.29,42.06,41.2,41.4,20035166.0,832921592.0,6379002274.0,0.003140799319301199
2024-07-25,41.22,41.88,40.7,41.46,21908030.0,908502721.0,6379002274.0,0.003434397584289057
2024-07-26,41.46,41.58,40.59,41.07,22115817.0,907314994.0,6379002274.0,0.0034669711735550324
2024-07-29,41.02,41.36,40.39,40.49,23478909.0,956395685.0,6379002274.0,0.003680655373912789
2024-07-30,40.5,40.66,39.62,40.0,24261502.0,969474036.0,6379002274.0,0.003803338039067142
2024-07-31,39.99,42.36,39.7,42.21,39572420.0,1638778249.0,6379002274.0,0.006203543798893463
2024-08-01,42.19,42.5,41.75,41.95,17431319.0,733290056.0,6379002274.0,0.002732608996088281
2024-08-02,41.89,42.98,41.8,42.17,25582033.0,1085719970.0,6379002274.0,0.004010350192892877
2024-08-05,42.17,43.58,42.11,42.65,32358803.0,1386017875.0,6379002274.0,0.005072705982860417
2024-08-06,42.63,43.18,42.48,42.91,21771513.0,931702111.0,6379002274.0,0.003412996588626079
2024-08-07,42.88,42.89,42.11,42.15,17729345.0,751651391.0,6379002274.0,0.00277932884148083
2024-08-08,42.11,42.89,42.11,42.58,16488658.0,700866800.0,6379002274.0,0.0025848333785999213
2024-08-09,42.7,43.3,42.41,42.42,15598427.0,666579242.0,6379002274.0,0.002445276914789198
2024-08-12,42.22,43.96,42.21,43.63,33283489.0,1447922052.0,6379002274.0,0.005217663761566484
2024-08-13,43.6,43.6,42.4,42.67,22723619.0,973012156.0,6379002274.0,0.0035622528451853003
2024-08-14,42.95,42.98,42.09,42.5,14184673.0,602382871.0,6379002274.0,0.0022236507200843803
2024-08-15,42.38,43.65,42.32,42.92,21424655.0,921651490.0,6379002274.0,0.003358621627605333
2024-08-16,42.6,43.21,42.3,43.12,15694280.0,673487375.0,6379002274.0,0.002460303245848945
2024-08-19,43.21,43.6,41.77,42.11,23967290.0,1014833545.0,6379002274.0,0.0037572160928187183
2024-08-20,42.1,42.38,41.8,42.25,15398722.0,648578631.0,6379002274.0,0.002413970294816045
2024-08-21,42.19,42.8,42.04,42.31,16231298.0,688060044.0,6379002274.0,0.002544488511339258
2024-08-22,43.21,44.27,42.63,43.93,53734750.0,2349925931.0,6379002274.0,0.008423691933614131
2024-08-23,43.68,43.95,43.08,43.62,27750880.0,1208090958.0,6379002274.0,0.0043503480337527154
2024-08-26,43.61,43.8,42.8,43.32,24522498.0,1059543421.0,6379002274.0,0.003844252901421681
2024-08-27,43.27,43.98,43.11,43.6,22626754.0,987526036.0,6379002274.0,0.0035470678686263784
2024-08-28,43.6,44.08,43.15,43.5,20622688.0,896690757.0,6379002274.0,0.003232901810374868
2024-08-29,43.48,44.55,43.3,44.32,30523004.0,1349314946.0,6379002274.0,0.004784918187662022
2024-08-30,44.44,44.5,43.93,44.13,31328037.0,1385994563.0,6379002274.0,0.004911118644319831
2024-09-02,44.01,44.37,43.02,43.9,25800846.0,1128406266.0,6379002274.0,0.004044652265631094
2024-09-03,43.88,45.2,43.72,44.58,31647968.0,1415250776.0,6379002274.0,0.004961272412300758
2024-09-04,44.38,45.15,44.17,44.51,21257720.0,949655587.0,6379002274.0,0.0033324521746361116
2024-09-05,44.66,45.18,44.42,45.0,19863861.0,892416905.0,6379002274.0,0.0031139448062219017
2024-09-06,45.15,45.15,44.4,44.4,14147570.0,632592170.0,6379002274.0,0.002217834293250481
2024-09-09,44.4,45.42,44.3,44.55,25601684.0,1144505482.0,6379002274.0,0.004013430768687636
2024-09-10,44.4,44.7,43.71,44.48,19918291.0,883221376.0,6379002274.0,0.003122477488554035
2024-09-11,44.3,45.55,44.11,45.43,29157838.0,1318678749.0,6379002274.0,0.004570908858089553
2024-09-12,45.23,45.78,44.75,44.97,18657815.0,842058821.0,6379002274.0,0.0029248798164012066
2024-09-13,44.95,45.3,44.4,44.77,19509734.0,874100288.0,6379002274.0,0.0030584303253063864
2024-09-18,44.89,45.59,44.78,45.12,17507905.0,791075183.0,6379002274.0,0.002744614948854931
2024-09-19,45.13,45.33,44.4,45.0,22401152.0,1006153997.0,6379002274.0,0.003511701522870471
2024-09-20,44.9,44.9,42.32,42.71,66915599.0,2879104757.0,6379002274.0,0.010489978859662654
2024-09-23,42.88,43.48,42.52,42.71,28475378.0,1219950847.0,6379002274.0,0.00446392347531557
2024-09-24,43.38,43.72,42.24,43.66,43328054.0,1866263527.0,6379002274.0,0.0067922932362949025
2024-09-25,44.01,44.65,43.69,43.84,43382501.0,1914228800.0,6379002274.0,0.006800828583620599
2024-09-26,44.14,46.5,43.71,46.46,47693338.0,2151506359.0,6379002274.0,0.007476614045803364
2024-09-27,47.38,48.9,46.95,48.68,38062085.0,1826081206.0,6379002274.0,0.005966777148698662
2024-09-30,50.2,52.74,50.0,52.3,101848211.0,5250200815.0,6379002274.0,0.0159661662788741
2024-10-08,57.53,57.53,53.4,56.01,119259493.0,6658937520.0,6379002274.0,0.018695634188137304
2024-10-09,55.0,55.0,51.56,51.68,90059068.0,4785336951.0,6379002274.0,0.014118049207643221
2024-10-10,51.68,53.82,51.68,52.57,58528066.0,3089484854.0,6379002274.0,0.009175112891643406
2024-10-11,52.13,52.57,49.68,50.2,49542203.0,2518858627.0,6379002274.0,0.0077664501237015866
2024-10-14,50.5,51.67,50.06,51.39,39584123.0,2016817820.0,6379002274.0,0.006205378411815252
2024-10-15,51.39,52.62,50.55,50.6,36326359.0,1870266585.0,6379002274.0,0.0056946772300210035
2024-10-16,49.89,50.68,49.01,49.18,39738816.0,1971863407.0,6379002274.0,0.0062296287558902975
2024-10-17,49.3,50.53,49.22,49.22,34296311.0,1711600383.0,6379002274.0,0.005376438121018923
2024-10-18,49.0,51.51,48.76,50.48,53672595.0,2684309741.0,6379002274.0,0.008413948246854003
2024-10-21,50.6,51.07,49.33,50.56,47185178.0,2372525724.0,6379002274.0,0.007396952685268787
2024-10-22,50.21,51.79,50.21,50.76,40107748.0,2046102371.0,6379002274.0,0.006287464132670726
2024-10-23,50.83,51.18,50.14,50.69,37059732.0,1875687445.0,6379002274.0,0.005809643954988187
2024-10-24,50.6,50.6,47.82,48.67,90154712.0,4383045856.0,6379002274.0,0.014133042774958571
2024-10-25,48.6,48.6,46.72,48.0,94314886.0,4498732087.0,6379002274.0,0.014785209653305103
2024-10-28,48.03,48.9,47.97,48.59,57114104.0,2769377026.0,6379002274.0,0.00895345408995852
2024-10-29,48.62,48.91,48.1,48.18,39770039.0,1926235120.0,6379002274.0,0.006234523408479976
2024-10-30,48.18,48.48,46.96,47.2,47548494.0,2256717311.0,6379002274.0,0.007453907673587388
2024-10-31,47.21,47.4,46.56,46.6,45672171.0,2138254363.0,6379002274.0,0.007159767160791578
2024-11-01,46.72,48.5,46.72,47.56,61995884.0,2962180401.0,6379002274.0,0.009718743047433502
2024-11-04,48.1,48.39,47.26,47.99,40659229.0,1942430936.0,6379002274.0,0.006373916680626033
2024-11-05,47.62,48.84,47.5,48.68,51436998.0,2489509350.0,6379002274.0,0.00806348638715033
2024-11-06,48.71,49.68,48.25,48.75,53755839.0,2624774467.0,6379002274.0,0.008426997936511475
2024-11-07,48.6,50.0,48.41,50.0,58406608.0,2882919254.0,6379002274.0,0.009156072609984462
2024-11-08,50.1,50.5,49.15,49.5,65231445.0,3240522917.0,6379002274.0,0.010225963590869854
2024-11-11,48.99,49.67,48.3,49.43,58679168.0,2870267472.0,6379002274.0,0.009198800295019302
2024-11-12,49.43,50.78,49.05,49.29,76735680.0,3839811096.0,6379002274.0,0.01202941725115303
2024-11-13,49.16,50.26,49.06,49.35,40914137.0,2023644063.0,6379002274.0,0.006413877161756284
2024-11-14,49.27,49.7,48.43,48.45,38909169.0,1911896966.0,6379002274.0,0.006099569702081595
2024-11-15,48.27,48.7,47.7,47.7,33086981.0,1593427809.0,6379002274.0,0.005186858317147544
2024-11-18,47.71,48.06,47.0,47.2,30353555.0,1443825224.0,6379002274.0,0.0047583546291740985
2024-11-19,47.24,47.8,46.84,47.43,26030458.0,1230951482.0,6379002274.0,0.004080647236339267
2024-11-20,47.44,50.79,47.44,50.46,109567359.0,5459304163.0,6379002274.0,0.017176253322025388
2024-11-21,50.31,50.97,49.75,50.19,48847493.0,2454422663.0,6379002274.0,0.00765754437791881
2024-11-22,50.19,50.63,48.2,48.27,50154761.0,2463628941.0,6379002274.0,0.007862477366472248
2024-11-25,48.6,49.49,47.76,47.76,43612870.0,2119573829.0,6379002274.0,0.0068369422249244995
2024-11-26,47.86,49.56,47.8,48.68,39975602.0,1955082311.0,6379002274.0,0.006266748353882151
2024-11-27,48.62,50.2,48.58,49.99,57454360.0,2862205754.0,6379002274.0,0.009006794092890772
2024-11-28,49.95,50.75,49.32,49.7,36721023.0,1836357877.0,6379002274.0,0.005756546466470189
2024-11-29,50.11,51.3,49.8,50.69,69304072.0,3512492251.0,6379002274.0,0.010864406222658763
2024-12-02,50.6,50.79,50.02,50.45,41976462.0,2116109033.0,6379002274.0,0.006580411825700503
2024-12-03,50.35,50.41,49.53,49.63,39619749.0,1972432253.0,6379002274.0,0.006210963297737806
2024-12-04,49.65,49.98,49.25,49.4,25826013.0,1281641897.0,6379002274.0,0.004048597553454956
2024-12-05,49.42,49.45,48.45,48.95,29810775.0,1454359603.0,6379002274.0,0.00467326608763018
2024-12-06,48.95,49.8,48.84,49.53,34229110.0,1688375559.0,6379002274.0,0.0053659034014635
2024-12-09,49.98,50.09,49.06,49.38,27661358.0,1368832175.0,6379002274.0,0.0043363141776487785
2024-12-10,50.25,50.25,47.61,48.13,102210021.0,4957092802.0,6379002274.0,0.016022885180115864
2024-12-11,47.86,48.17,47.51,48.15,42944859.0,2056039720.0,6379002274.0,0.006732221929914929
2024-12-12,48.15,48.15,47.6,48.04,36160892.0,1732532838.0,6379002274.0,0.005668737907084182
2024-12-13,47.8,47.91,46.56,46.59,65077716.0,3061019957.0,6379002274.0,0.010201864367606275
2024-12-16,46.58,46.58,45.8,46.07,35407912.0,1630463503.0,6379002274.0,0.005550697503952638
2024-12-17,46.05,46.97,45.9,46.5,31587486.0,1470663476.0,6379002274.0,0.004951790992260116
2024-12-18,46.7,47.05,46.53,46.59,24713965.0,1154970052.0,6379002274.0,0.0038742680968669617
2024-12-19,46.18,46.66,45.88,46.54,21746077.0,1007124998.0,6379002274.0,0.003409009131198187
2024-12-20,46.54,46.88,46.22,46.25,26073276.0,1212975576.0,6379002274.0,0.004087359571303391
2024-12-23,46.25,46.33,45.51,45.85,36192684.0,1660614929.0,6379002274.0,0.005673721758576065
2024-12-24,45.85,46.66,45.78,46.33,29399109.0,1362414863.0,6379002274.0,0.004608731544089115
2024-12-25,46.56,47.0,46.33,46.62,31525766.0,1472155113.0,6379002274.0,0.0049421154979823415
2024-12-26,46.5,46.54,45.76,46.11,25582787.0,1178284148.0,6379002274.0,0.0040104683931956224
2024-12-27,46.2,46.36,45.9,46.1,21250538.0,980779073.0,6379002274.0,0.003331326293237813
2024-12-30,46.29,46.76,46.05,46.14,25626685.0,1186680455.0,6379002274.0,0.004017350033633175
2024-12-31,46.13,46.57,45.85,45.9,38816593.0,1793640701.0,6379002274.0,0.006085057087722242
2025-01-02,45.88,46.1,44.7,44.95,34813241.0,1575496086.0,6379002274.0,0.005457474304703469
2025-01-03,45.0,45.17,44.16,44.36,27387320.0,1223704155.0,6379002274.0,0.0042933547949382655
2025-01-06,44.75,45.11,44.38,45.01,30148116.0,1351231040.0,6379002274.0,0.004726149122548502
2025-01-07,45.05,45.09,44.01,44.04,25742175.0,1139218012.0,6379002274.0,0.0040354547457870996
2025-01-08,44.05,44.18,42.95,43.55,35032742.0,1524946448.0,6379002274.0,0.005491884231298833
2025-01-09,43.58,43.87,43.06,43.08,25776764.0,1116825881.0,6379002274.0,0.004040877067102297
2025-01-10,43.06,43.41,42.53,42.67,26575159.0,1138717521.0,6379002274.0,0.00416603692215583
2025-01-13,42.51,43.17,42.4,42.81,19112933.0,819457430.0,6379002274.0,0.0029962260834898707
2025-01-14,42.81,44.41,42.81,44.29,33775503.0,1481294682.0,6379002274.0,0.005294794005273308
2025-01-15,44.26,44.28,43.66,43.88,18496457.0,810779951.0,6379002274.0,0.00289958463808505
2025-01-16,44.08,44.15,42.86,42.9,31015771.0,1344908224.0,6379002274.0,0.004862166474907264
2025-01-17,42.5,43.08,42.44,42.84,20061220.0,857835007.0,6379002274.0,0.0031448836570833302
2025-01-20,43.29,45.36,43.28,44.52,55860298.0,2490393185.0,6379002274.0,0.008756902035868439
2025-01-21,44.85,45.3,44.55,45.13,35398018.0,1593272360.0,6379002274.0,0.005549146477698842
2025-01-22,45.03,45.24,44.24,44.43,21075095.0,939501099.0,6379002274.0,0.0033038230893723615
2025-01-23,44.55,44.82,43.77,43.96,28608225.0,1264462646.0,6379002274.0,0.0044847491458975455
2025-01-24,43.87,45.15,43.82,44.64,35046072.0,1569811205.0,6379002274.0,0.005493973899781055
2025-01-27,44.8,45.18,44.58,44.65,19306771.0,864900093.0,6379002274.0,0.0030266129671550576
2025-02-05,44.67,44.8,43.87,44.01,27440678.0,1209865781.0,6379002274.0,0.004301719425911589
2025-02-06,44.13,44.55,43.67,44.36,25217720.0,1113529253.0,6379002274.0,0.003953238910540009
2025-02-07,44.36,46.33,44.0,45.29,50542235.0,2283393395.0,6379002274.0,0.007923219467408517
2025-02-10,45.5,45.5,44.67,44.88,37889246.0,1702769263.0,6379002274.0,0.005939682159141366
2025-02-11,45.0,45.1,44.05,44.19,31067830.0,1376208094.0,6379002274.0,0.0048703274690194915
2025-02-12,44.2,44.55,44.02,44.44,25175738.0,1113067394.0,6379002274.0,0.003946657630553465
2025-02-13,44.3,45.06,44.06,44.64,37862524.0,1692124022.0,6379002274.0,0.005935493102788632
2025-02-14,44.62,45.77,44.56,45.5,52217434.0,2363013539.0,6379002274.0,0.008185830911650809
2025-02-17,45.8,46.31,44.95,45.26,55765326.0,2543137861.0,6379002274.0,0.008742013814180999
2025-02-18,45.31,45.77,44.66,44.82,35021947.0,1582024379.0,6379002274.0,0.0054901919603861865
2025-02-19,44.74,45.18,44.2,44.71,36761103.0,1642055731.0,6379002274.0,0.005762829580706307
2025-02-20,44.75,46.98,44.75,46.5,85405751.0,3962875924.0,6379002274.0,0.013388575098664403
2025-02-21,46.7,48.48,46.53,48.28,97511816.0,4658378219.0,6379002274.0,0.015286374234015519
2025-02-24,48.4,48.65,47.6,48.09,53308063.0,2562457640.0,6379002274.0,0.008356802633113468
2025-02-25,47.64,48.25,47.17,47.37,35433199.0,1689640415.0,6379002274.0,0.00555466160349577
2025-02-26,47.6,47.74,46.95,47.55,32811280.0,1551997435.0,6379002274.0,0.0051436382353608175
2025-02-27,47.4,48.36,47.19,47.91,36908148.0,1768169581.0,6379002274.0,0.005785880991206557
2025-02-28,47.71,48.1,45.81,45.96,49161519.0,2294571489.0,6379002274.0,0.0077067724525473336
2025-03-03,45.95,46.81,45.77,45.92,31894554.0,1476382971.0,6379002274.0,0.0049999283006996464
2025-03-04,45.81,46.09,45.38,45.86,24333671.0,1113598159.0,6379002274.0,0.003814651563800336
2025-03-05,45.86,46.12,45.46,45.98,25266965.0,1157331477.0,6379002274.0,0.003960958769835359
2025-03-06,46.3,46.86,46.05,46.52,33138915.0,1539946176.0,6379002274.0,0.005194999715718866
2025-03-07,46.4,46.4,45.52,45.68,33661440.0,1544840662.0,6379002274.0,0.005276912995814367
2025-03-10,45.82,46.16,45.0,45.49,34360556.0,1561460747.0,6379002274.0,0.005386509445223001
2025-03-11,45.05,45.49,44.95,45.34,29153512.0,1317152158.0,6379002274.0,0.004570230695609876
2025-03-12,45.38,45.79,44.95,45.0,33955147.0,1533371103.0,6379002274.0,0.00532295577607753
2025-03-13,45.05,45.28,44.77,45.03,24334895.0,1095003467.0,6379002274.0,0.003814843443336888
2025-03-14,45.12,46.87,44.88,46.54,57320676.0,2648874641.0,6379002274.0,0.008985837210566889
2025-03-17,47.32,47.35,46.38,46.48,27743095.0,1295638303.0,6379002274.0,0.004349127623465086
2025-03-18,46.88,47.48,46.42,46.5,30830946.0,1443933601.0,6379002274.0,0.004833192508123568
2025-03-19,46.52,48.12,46.3,47.29,48516179.0,2295409175.0,6379002274.0,0.0076056061616008135
2025-03-20,47.2,47.47,46.48,46.63,32518757.0,1521454257.0,6379002274.0,0.005097781064061116
2025-03-21,46.4,46.63,44.83,44.85,54153818.0,2458827778.0,6379002274.0,0.008489386846705489
2025-03-24,44.86,45.04,44.2,44.35,32707594.0,1454999354.0,6379002274.0,0.0051273839693257335
2025-03-25,44.47,45.02,44.23,44.87,22910500.0,1026660592.0,6379002274.0,0.0035915491194258194
2025-03-26,46.2,46.94,46.07,46.23,61103593.0,2832596084.0,6379002274.0,0.009578863649108647
2025-03-27,46.08,48.42,45.6,48.39,86863207.0,4127696681.0,6379002274.0,0.013617052207998633
2025-03-28,48.39,49.53,48.39,48.61,77299809.0,3782798004.0,6379002274.0,0.012117852554319375
2025-03-31,48.98,50.08,48.85,49.2,78316591.0,3863528326.0,6379002274.0,0.012277247700507718
2025-04-01,49.2,52.5,48.91,51.8,135906280.0,6963773597.0,6379002274.0,0.021305256553040695
2025-04-02,51.32,51.76,50.66,50.85,63187882.0,3230471821.0,6379002274.0,0.00990560581198501
2025-04-03,50.41,51.6,50.41,51.04,51785846.0,2643033087.0,6379002274.0,0.0081181733091823
2025-04-07,48.8,49.85,46.76,48.7,115503305.0,5580749462.0,6379002274.0,0.01810679790329857
2025-04-08,48.8,49.29,47.26,48.7,98764578.0,4739094856.0,6379002274.0,0.015482762626147952
2025-04-09,47.73,48.22,45.86,48.22,97519951.0,4574095268.0,6379002274.0,0.015287649511817684
2025-04-10,48.97,49.09,47.86,48.5,73171260.0,3541702205.0,6379002274.0,0.011470643347822076
2025-04-11,48.16,48.68,47.8,48.38,42579799.0,2053266781.0,6379002274.0,0.006674993544609606
2025-04-14,48.38,50.0,48.1,48.87,57183442.0,2811326097.0,6379002274.0,0.008964323814881273
2025-04-15,48.6,48.93,47.92,48.27,32628885.0,1571241599.0,6379002274.0,0.005115045205892335
2025-04-16,48.4,48.9,47.36,48.9,45534414.0,2184411134.0,6379002274.0,0.007138171777362812
2025-04-17,48.54,48.87,48.32,48.78,30390040.0,1477059115.0,6379002274.0,0.004764074175653758
2025-04-18,48.58,48.92,47.86,48.0,25330179.0,1217785121.0,6379002274.0,0.003970868470018043
2025-04-21,47.7,49.4,47.63,49.17,37068001.0,1811287012.0,6379002274.0,0.005810940239210205
2025-04-22,49.04,51.3,49.04,50.97,61789198.0,3116791043.0,6379002274.0,0.009686342055691827
2025-04-23,50.96,51.45,50.62,51.09,38543044.0,1964625809.0,6379002274.0,0.006042174362767753
2025-04-24,50.97,51.72,50.42,51.13,33607741.0,1721477004.0,6379002274.0,0.005268494908205452
2025-04-25,51.68,52.0,49.97,50.27,52432914.0,2660676971.0,6379002274.0,0.008219610488886307
2025-04-28,49.68,50.15,49.0,49.97,39621032.0,1969933552.0,6379002274.0,0.006211164426369665
2025-04-29,49.71,49.73,48.88,49.6,34666988.0,1708826486.0,6379002274.0,0.005434547051550401
2025-04-30,49.45,51.36,49.3,51.1,42933848.0,2173618447.0,6379002274.0,0.006730495797907596
2025-05-06,52.1,52.18,50.73,51.0,38543945.0,1971965956.0,6379002274.0,0.006042315607426604
2025-05-07,52.1,52.25,51.01,51.51,39728794.0,2044498617.0,6379002274.0,0.006228057663802614
2025-05-08,51.22,51.73,51.03,51.56,29014812.0,1493108281.0,6379002274.0,0.004548487483420515
2025-05-09,51.56,52.99,51.45,52.81,58603714.0,3078537820.0,6379002274.0,0.009186971799471097
2025-05-12,52.0,52.0,50.2,50.69,84391222.0,4279425861.0,6379002274.0,0.013229533142505351
2025-05-13,51.19,52.23,50.88,51.23,51913233.0,2667979498.0,6379002274.0,0.0081381430465375
2025-05-14,51.02,53.25,51.01,52.9,62634690.0,3280790285.0,6379002274.0,0.009818885040265781
2025-05-15,52.9,53.95,52.7,53.69,53361459.0,2853103030.0,6379002274.0,0.008365173221131226
2025-05-16,53.49,54.0,52.9,53.85,38217660.0,2047406426.0,6379002274.0,0.0059911657589103405
2025-05-19,53.8,54.33,53.05,53.45,35019068.0,1875209002.0,6379002274.0,0.005489740635888038
2025-05-20,54.29,55.15,53.79,54.45,59335691.0,3233612042.0,6379002274.0,0.009301719681437443
2025-05-21,54.28,56.5,54.03,55.94,61240349.0,3398156910.0,6379002274.0,0.009600302111445838
2025-05-22,56.0,56.36,55.16,55.6,41314629.0,2298821740.0,6379002274.0,0.006476660020704674
2025-05-23,55.9,56.0,54.3,54.5,54184027.0,2981192924.0,6379002274.0,0.008494122540267338
2025-05-26,54.2,54.63,53.06,53.35,53228437.0,2850955759.0,6379002274.0,0.008344320116791983
2025-05-27,53.22,54.09,53.13,53.42,36032348.0,1930051269.0,6379002274.0,0.0056485867934023565
2025-05-28,53.59,54.93,53.33,54.25,35804983.0,1943962412.0,6379002274.0,0.00561294407213751
2025-05-29,54.15,54.59,53.86,54.1,35485276.0,1924548694.0,6379002274.0,0.005562825419365888
2025-05-30,54.29,55.66,54.25,54.74,47142160.0,2590435177.0,6379002274.0,0.007390208997439213
2025-06-03,54.74,55.78,54.25,54.88,43445035.0,2397345666.0,6379002274.0,0.006810631684060754
2025-06-04,54.84,55.84,54.61,55.29,36859302.0,2038925051.0,6379002274.0,0.0057782236808777785
2025-06-05,55.1,55.1,53.55,53.88,49527267.0,2675359811.0,6379002274.0,0.007764108691709804
2025-06-06,53.9,54.18,53.38,53.8,34453388.0,1849932993.0,6379002274.0,0.005401062191250129
2025-06-09,54.0,55.79,53.78,54.36,65690582.0,3607525589.0,6379002274.0,0.010297939893789729
2025-06-10,54.38,55.8,54.38,55.13,48073517.0,2654117466.0,6379002274.0,0.007536212550972356
2025-06-11,55.0,55.81,54.55,54.71,37773566.0,2080608921.0,6379002274.0,0.005921547661765263
2025-06-12,54.4,56.2,54.0,55.82,49318822.0,2730556453.0,6379002274.0,0.007731431951516498
2025-06-13,55.69,56.06,53.56,53.89,66023830.0,3593704539.0,6379002274.0,0.010350181292316624
2025-06-16,53.41,54.08,53.1,53.76,39224137.0,2100282375.0,6379002274.0,0.006148945448706388
2025-06-17,54.0,54.21,51.6,51.84,69518032.0,3648258374.0,6379002274.0,0.010897947518116843
2025-06-18,51.7,52.23,51.32,51.81,33409543.0,1728559051.0,6379002274.0,0.005237424532073462
2025-06-19,51.84,52.39,51.31,51.58,37316694.0,1930536852.0,6379002274.0,0.005849926430046606
2025-06-20,51.75,52.33,51.63,51.76,24060775.0,1249132876.0,6379002274.0,0.0037718712059515405
2025-06-23,51.68,52.18,51.2,51.96,31328106.0,1620281115.0,6379002274.0,0.004911129461058411
2025-06-24,52.09,52.5,51.73,52.15,45103539.0,2347206997.0,6379002274.0,0.0070706259478596324
2025-06-25,52.15,53.03,51.31,52.95,53648196.0,2799316482.0,6379002274.0,0.008410123354033468
2025-06-26,52.6,52.95,51.9,52.08,39226868.0,2050704854.0,6379002274.0,0.006149373572084104
2025-06-27,51.91,52.07,51.67,51.95,28776507.0,1492711802.0,6379002274.0,0.004511129760415571
2025-06-30,51.91,52.19,50.99,51.9,44535488.0,2292910157.0,6379002274.0,0.006981575815001818
2025-07-01,51.89,52.74,51.8,52.46,39772496.0,2084478374.0,6379002274.0,0.006234908578432026
2025-07-02,52.4,53.44,52.1,52.25,32571223.0,1714632081.0,6379002274.0,0.005106005861254534
2025-07-03,52.26,52.58,51.81,52.47,29367818.0,1536828863.0,6379002274.0,0.0046038262315251845
2025-07-04,52.61,53.79,52.6,53.26,47792312.0,2548289616.0,6379002274.0,0.007492129638328453
2025-07-07,53.38,53.59,52.56,52.65,28638794.0,1516132786.0,6379002274.0,0.004489541274617204
2025-07-08,52.69,53.69,52.5,53.4,35926315.0,1916547623.0,6379002274.0,0.00563196460149122
2025-07-09,53.4,57.94,53.02,57.19,115821169.0,6507788433.0,6379002274.0,0.01815662763941507
2025-07-10,57.13,58.28,56.61,57.6,90371570.0,5204345946.0,6379002274.0,0.014167038373437019
2025-07-11,57.51,58.12,56.88,56.9,65863171.0,3779524292.0,6379002274.0,0.010324995692265214
2025-07-14,56.75,58.05,56.56,57.21,47375836.0,2714468293.0,6379002274.0,0.0074268410583733235
2025-07-15,57.25,57.53,56.52,57.22,43692847.0,2491977102.0,6379002274.0,0.00684947976552485
2025-07-16,57.65,58.9,57.04,57.22,39819120.0,2293530537.0,6379002274.0,0.006242217558425658
2025-07-17,56.9,57.9,56.84,57.73,44414628.0,2553187389.0,6379002274.0,0.0069626292784105695
2025-07-18,58.21,59.86,57.9,58.76,66098565.0,3881474081.0,6379002274.0,0.010361897074313536
2025-07-21,58.5,58.8,57.68,58.0,50944185.0,2960736582.0,6379002274.0,0.007986230888746036
2025-07-22,58.0,58.85,57.2,57.41,47557025.0,2753253571.0,6379002274.0,0.007455245030063145
2025-07-23,57.2,58.08,56.87,57.13,42529511.0,2440208239.0,6379002274.0,0.006667110180120936
2025-07-24,57.44,57.98,56.95,57.5,46583415.0,2670846698.0,6379002274.0,0.007302617713410773
2025-07-25,57.5,57.55,56.35,56.4,50539423.0,2873987055.0,6379002274.0,0.007922778646120295
2025-07-28,60.1,62.04,59.66,62.04,163009595.0,9943549097.0,6379002274.0,0.025554089495218764
2025-07-29,63.0,65.43,62.13,63.8,168276889.0,10731327179.0,6379002274.0,0.02637981329554861
2025-07-30,63.81,64.73,62.65,63.59,98084933.0,6247901661.0,6379002274.0,0.015376218534955173
2025-07-31,63.4,64.25,62.5,62.9,74203875.0,4690208201.0,6379002274.0,0.011632520543603744
2025-08-01,62.83,63.58,60.76,61.31,73465464.0,4545894531.0,6379002274.0,0.011516764039955883
2025-08-04,60.6,62.05,60.0,62.0,68961349.0,4217834709.0,6379002274.0,0.01081067948213119
2025-08-05,62.11,62.46,61.56,62.3,54144318.0,3356911222.0,6379002274.0,0.008487897585596628
2025-08-06,62.19,62.55,61.38,61.58,57247861.0,3539622159.0,6379002274.0,0.008974422416078293
2025-08-07,61.25,62.1,60.7,60.81,50476397.0,3088025792.0,6379002274.0,0.007912898417631133
2025-08-08,60.7,61.13,60.0,60.99,36297073.0,2203721883.0,6379002274.0,0.005690086229933205
2025-08-11,60.99,61.42,60.68,61.07,42575238.0,2600063209.0,6379002274.0,0.006674278542513026
2025-08-12,61.32,61.45,60.26,60.85,39183475.0,2380971082.0,6379002274.0,0.006142571097631811
2025-08-13,60.85,63.51,60.85,62.61,81529632.0,5079201588.0,6379002274.0,0.012780937911294433
2025-08-14,62.85,63.6,62.36,62.82,57126647.0,3597162010.0,6379002274.0,0.008955420384915197
2025-08-15,62.64,64.27,62.46,63.4,61493254.0,3908038788.0,6379002274.0,0.009639948593628609
2025-08-18,63.4,63.95,62.81,63.08,72885756.0,4616557070.0,6379002274.0,0.011425886505335332
2025-08-19,63.4,65.4,61.63,61.69,99770049.0,6322095612.0,6379002274.0,0.01564038461103079
2025-08-20,61.66,62.97,61.11,62.85,65042442.0,4025484233.0,6379002274.0,0.010196334662726913
2025-08-21,63.98,65.33,62.95,63.99,85862923.0,5507421603.0,6379002274.0,0.013460243359681235
2025-08-22,64.71,65.2,63.83,64.98,63771891.0,4115097233.0,6379002274.0,0.009997157589977056
2025-08-25,64.98,66.4,64.37,66.26,84923381.0,5551997681.0,6379002274.0,0.013312956690129564
2025-08-26,66.2,66.2,65.0,65.3,57512937.0,3761929156.0,6379002274.0,0.009015976876888005
2025-08-27,65.01,65.71,63.04,63.05,83616934.0,5375767159.0,6379002274.0,0.013108152405088795
2025-08-28,62.95,63.22,61.41,63.03,71590154.0,4469129644.0,6379002274.0,0.011222782329423574
2025-08-29,63.03,66.87,63.03,66.23,102318607.0,6677635302.0,6379002274.0,0.016039907591354464
2025-09-01,66.4,68.88,65.92,68.35,87218089.0,5917826674.0,6379002274.0,0.013672685045981221
2025-09-02,69.8,70.77,67.8,68.87,108448969.0,7512721689.0,6379002274.0,0.017000929666073982
2025-09-03,68.8,73.42,68.8,71.98,112936901.0,8078844874.0,6379002274.0,0.017704477306790815
2025-09-04,71.27,71.58,67.5,68.65,110289406.0,7625423229.0,6379002274.0,0.017289444534222154
2025-09-05,69.0,72.98,69.0,72.47,93647856.0,6663122815.0,6379002274.0,0.014680643144100563
2025-09-08,73.0,73.87,71.64,72.31,74820928.0,5423039921.0,6379002274.0,0.011729252442025388
2025-09-09,72.17,74.04,70.48,71.09,76767009.0,5517534684.0,6379002274.0,0.012034328520761396
2025-09-10,70.84,71.77,70.08,70.32,46820413.0,3306783039.0,6379002274.0,0.007339770545440003
2025-09-11,66.58,68.47,64.0,68.29,194235937.0,12928573364.0,6379002274.0,0.030449265991279062
2025-09-12,68.28,69.51,67.86,69.01,83121521.0,5710845365.0,6379002274.0,0.013030489319433656
2025-09-15,68.85,69.69,68.26,69.1,61188153.0,4225790379.0,6379002274.0,0.009592119640620777
2025-09-16,69.1,69.34,68.34,69.15,43458205.0,2991348434.0,6379002274.0,0.006812696270250616
2025-09-17,69.3,70.8,69.3,70.13,58603371.0,4103135889.0,6379002274.0,0.00918691802930685
2025-09-18,70.56,73.12,69.9,71.09,86563888.0,6173830340.0,6379002274.0,0.01357012966633095
2025-09-19,71.1,71.24,69.49,69.65,52439242.0,3681125692.0,6379002274.0,0.008220602493549134
2025-09-22,70.49,72.7,70.4,71.05,57654243.0,4118513261.0,6379002274.0,0.009038128616914175
2025-09-23,71.0,71.19,68.5,69.7,56132957.0,3909219697.0,6379002274.0,0.008799645240571675
2025-09-24,69.7,70.38,69.3,70.11,39530211.0,2763214641.0,6379002274.0,0.006196926933404633
2025-09-25,72.4,73.08,71.55,72.27,73903918.0,5347121399.0,6379002274.0,0.011585497986295278
2025-09-26,70.8,71.37,69.23,70.08,69904485.0,4900954441.0,6379002274.0,0.010958529562674992
2025-09-29,69.79,69.79,67.76,69.2,64799104.0,4442889453.0,6379002274.0,0.010158187944862927
2025-09-30,69.0,71.58,68.8,71.55,57945078.0,4079739679.0,6379002274.0,0.009083721170029481
2025-10-09,71.56,71.66,69.11,71.15,59279340.0,4173571948.0,6379002274.0,0.009292885854832664
2025-10-10,70.38,70.88,67.85,68.2,70610070.0,4868800903.0,6379002274.0,0.011069140120516597
2025-10-13,66.0,68.03,65.7,66.98,53228709.0,3555005478.0,6379002274.0,0.008344362756688994
2025-10-14,67.61,67.66,63.7,64.27,70294663.0,4593967583.0,6379002274.0,0.011019695554352142
2025-10-15,64.2,66.42,63.68,66.4,51123163.0,3335928393.0,6379002274.0,0.00801428825450831
2025-10-16,66.43,68.5,65.72,66.84,46037757.0,3096812048.0,6379002274.0,0.007217078004133033
2025-10-17,66.85,67.4,65.0,65.1,34950734.0,2298728245.0,6379002274.0,0.005479028302349842
2025-10-20,65.99,66.51,64.83,65.13,32671694.0,2146357392.0,6379002274.0,0.005121756129977514
2025-10-21,65.5,66.58,65.14,66.0,36956031.0,2436269459.0,6379002274.0,0.005793387337488195
2025-10-22,66.25,66.79,65.01,65.26,39804808.0,2610971756.0,6379002274.0,0.006239973947374078
2025-10-23,65.01,65.43,64.02,65.14,34278526.0,2219041425.0,6379002274.0,0.00537365006745881
2025-10-24,65.26,66.36,65.01,65.5,37275277.0,2441099938.0,6379002274.0,0.005843433721904956
2025-10-27,66.55,67.85,66.51,67.01,50892492.0,3413538793.0,6379002274.0,0.007978127270377581
2025-10-28,65.22,65.46,63.5,63.62,108208999.0,6923383033.0,6379002274.0,0.01696331093046417
2025-10-29,63.6,64.48,62.71,64.02,56217455.0,3577122185.0,6379002274.0,0.008812891512695516
2025-10-30,64.02,64.02,62.87,62.88,60874000.0,3856500507.0,6379002274.0,0.009542871656922691
2025-10-31,63.36,65.49,63.2,64.15,83706390.0,5386074734.0,6379002274.0,0.013122175914747134
2025-11-03,64.96,64.99,62.82,63.4,46030561.0,2924454178.0,6379002274.0,0.007215949928034153
2025-11-04,63.42,63.45,61.55,61.92,51560966.0,3215841267.0,6379002274.0,0.008082920147270667
2025-11-05,61.3,62.49,61.22,61.96,33438078.0,2074291419.0,6379002274.0,0.005241897802151497
2025-11-06,61.95,62.5,61.47,62.42,25252395.0,1567372106.0,6379002274.0,0.0039586747135873495
2025-11-07,62.0,62.49,61.5,61.58,27065428.0,1670988958.0,6379002274.0,0.004242893612111605
2025-11-10,61.57,61.93,60.96,61.83,39624830.0,2431973885.0,6379002274.0,0.006211759817284555
2025-11-11,61.95,62.2,61.0,61.06,27515998.0,1687561580.0,6379002274.0,0.004313526915039943
2025-11-12,61.09,62.86,61.09,62.1,51426776.0,3203516791.0,6379002274.0,0.008061883942197196
2025-11-13,62.69,63.79,62.23,63.56,50831837.0,3211808939.0,6379002274.0,0.007968618730108325
2025-11-14,63.45,63.9,62.76,62.9,31950414.0,2021555066.0,6379002274.0,0.0050086851560197454
2025-11-17,62.89,63.05,61.41,61.8,31538452.0,1952561578.0,6379002274.0,0.004944104210237815
2025-11-18,61.61,62.85,61.52,61.78,21910059.0,1359324791.0,6379002274.0,0.003434715659109044
2025-11-19,61.5,61.78,61.02,61.11,21116242.0,1295307075.0,6379002274.0,0.003310273471145654
2025-11-20,61.23,61.65,60.54,60.63,25348006.0,1544020770.0,6379002274.0,0.003973663107679902
2025-11-21,60.33,61.1,59.31,59.5,44733534.0,2679336097.0,6379002274.0,0.007012622362956066
2025-11-24,60.04,61.1,59.96,60.66,34397324.0,2083464658.0,6379002274.0,0.005392273356007272
2025-11-25,61.1,61.61,60.53,60.88,26504513.0,1620797704.0,6379002274.0,0.004154962149493035
2025-11-26,61.5,62.8,61.03,62.36,43986195.0,2739532775.0,6379002274.0,0.00689546626739453
2025-11-27,62.6,62.96,61.94,62.09,25730763.0,1604386052.0,6379002274.0,0.00403366575128454
2025-11-28,62.36,62.36,61.61,62.08,20277619.0,1257510631.0,6379002274.0,0.0031788073007355693
2025-12-01,62.08,62.09,61.06,61.94,25483095.0,1567868103.0,6379002274.0,0.003994840243883569
2025-12-02,61.9,61.9,61.0,61.12,18230614.0,1115986037.0,6379002274.0,0.002857909939036338
2025-12-03,61.1,61.55,60.7,60.97,19852976.0,1211357997.0,6379002274.0,0.0031122384265198024
2025-12-04,61.01,61.49,60.97,61.25,18040766.0,1103403553.0,6379002274.0,0.0028281485450368724
2025-12-05,61.19,61.79,60.7,61.62,23117615.0,1418750952.0,6379002274.0,0.003624017363063884
2025-12-08,62.6,63.55,61.92,62.46,50861759.0,3186857202.0,6379002274.0,0.007973309432308253
2025-12-09,62.32,64.15,62.3,63.08,49359339.0,3131342824.0,6379002274.0,0.007737783571763624
2025-12-10,63.15,63.56,62.27,63.38,28895961.0,1820981675.0,6379002274.0,0.004529855886362708
2025-12-11,63.56,63.94,63.11,63.4,24706127.0,1569053154.0,6379002274.0,0.003873039378069988
2025-12-12,63.28,63.28,62.26,63.28,31562926.0,1984535365.0,6379002274.0,0.004947940860382895
2025-12-15,62.68,62.68,61.38,61.38,29007220.0,1796682727.0,6379002274.0,0.004547297328648044
2025-12-16,61.38,61.49,58.68,59.15,52378486.0,3112549391.0,6379002274.0,0.008211078120082827
2025-12-17,59.35,60.8,59.01,60.3,33041782.0,1980882810.0,6379002274.0,0.005179772726320242
2025-12-18,60.05,60.57,59.95,60.0,17930929.0,1078752360.0,6379002274.0,0.0028109300216248834
2025-12-19,60.07,61.38,59.91,60.85,28835842.0,1753822164.0,6379002274.0,0.004520431371772858
2025-12-22,60.81,61.5,60.33,60.93,23670924.0,1444845737.0,6379002274.0,0.0037107564762094017
2025-12-23,60.85,62.56,60.84,61.8,32919095.0,2037549674.0,6379002274.0,0.0051605397813031095
2025-12-24,61.67,62.0,61.08,61.23,25050206.0,1539580672.0,6379002274.0,0.003926978691025311
2025-12-25,61.22,61.66,61.03,61.4,15518175.0,952122260.0,6379002274.0,0.002432696263998855
2025-12-26,61.3,61.66,60.6,61.06,21430781.0,1311044160.0,6379002274.0,0.003359581965874057
2025-12-29,61.06,61.27,60.41,60.51,28575162.0,1737055879.0,6379002274.0,0.004479566046945729
2025-12-30,60.4,60.6,59.9,60.18,25330461.0,1525944032.0,6379002274.0,0.003970912677558327
2025-12-31,60.16,60.36,59.5,59.57,26827896.0,1603948702.0,6379002274.0,0.004205657067931624
2026-01-05,60.06,63.49,59.99,63.08,85117028.0,5316701689.0,6379002274.0,0.013343313631808245
2026-01-06,63.36,63.48,62.4,63.06,46352457.0,2919198722.0,6379002274.0,0.007266411737918123
2026-01-07,63.01,64.8,63.0,63.85,52465173.0,3364332736.0,6379002274.0,0.008224667549319014
2026-01-08,65.0,65.05,63.03,63.6,44774854.0,2854769456.0,6379002274.0,0.007019099864957972
2026-01-09,63.58,64.2,62.8,63.78,42635753.0,2709908741.0,6379002274.0,0.006683765135776467
2026-01-12,64.1,64.3,63.21,63.85,42877019.0,2735494019.0,6379002274.0,0.006721587037954393
2026-01-13,64.3,65.83,64.05,64.52,74034035.0,4818680909.0,6379002274.0,0.011605895690263867
2026-01-14,64.55,65.6,63.2,63.61,62925534.0,4049394399.0,6379002274.0,0.009864479004260032
2026-01-15,63.18,63.83,62.7,63.17,46761236.0,2956591609.0,6379002274.0,0.007330493702846421
2026-01-16,63.35,63.52,61.66,61.94,52378628.0,3262750168.0,6379002274.0,0.008211100380617297
2026-01-19,61.8,62.38,60.66,61.12,47389096.0,2909640710.0,6379002274.0,0.007428919753352638
2026-01-20,61.13,61.65,60.4,60.5,42775492.0,2599009142.0,6379002274.0,0.006705671226101839
2026-01-21,60.51,60.88,59.86,60.1,54603508.0,3291737381.0,6379002274.0,0.008559882197025848
2026-01-22,60.36,60.36,59.3,59.44,53706813.0,3203889161.0,6379002274.0,0.008419312408603791
2026-01-23,59.73,60.27,58.76,58.99,80804300.0,4801931324.0,6379002274.0,0.012667231728282654
2026-01-26,58.99,59.16,58.05,58.16,72732888.0,4244912106.0,6379002274.0,0.011401922256157515
2026-01-27,58.39,58.49,57.14,57.2,63725548.0,3659971231.0,6379002274.0,0.009989892660759381
2026-01-28,57.44,57.8,56.3,56.55,87875043.0,4992876575.0,6379002274.0,0.013775671997824404
2026-01-29,56.35,58.37,56.08,58.11,113782475.0,6528912261.0,6379002274.0,0.017837033146039603
2026-01-30,58.0,59.79,57.76,58.16,85204489.0,4988191673.0,6379002274.0,0.013357024396633723
2026-02-02,57.76,58.33,56.31,56.49,60957998.0,3482011262.0,6379002274.0,0.009556039546882908
2026-02-03,57.0,57.69,56.5,57.47,49883453.0,2850875660.0,6379002274.0,0.007819945950375122
2026-02-04,57.3,57.7,56.23,57.6,48924296.0,2781889093.0,6379002274.0,0.007669584348544473
2026-02-05,57.5,58.47,57.3,58.16,51774555.0,3003455269.0,6379002274.0,0.008116403283163338
2026-02-06,57.74,58.15,57.24,57.31,36090365.0,2078633870.0,6379002274.0,0.00565768178937633
2026-02-09,57.75,57.89,57.0,57.45,36611688.0,2100347755.0,6379002274.0,0.005739406638750479
2026-02-10,57.46,59.04,57.05,58.4,64886069.0,3782364995.0,6379002274.0,0.01017182095458209
2026-02-11,58.4,59.95,58.35,58.9,57368008.0,3389452542.0,6379002274.0,0.008993257179704213
2026-02-12,58.6,59.49,58.5,58.74,34868980.0,2051201547.0,6379002274.0,0.005466212191539971
2026-02-13,58.76,59.05,58.13,58.23,34356810.0,2009040552.0,6379002274.0,0.005385922206053128
2026-02-24,58.31,58.48,57.72,58.01,33898134.0,1967937990.0,6379002274.0,0.005314018171488114
2026-02-25,57.98,58.2,57.58,57.86,42157937.0,2436801368.0,6379002274.0,0.006608860631987917
2026-02-26,57.86,58.1,56.6,56.72,50898707.0,2904851185.0,6379002274.0,0.00797910156067143
2026-02-27,56.62,57.27,56.3,56.56,36364110.0,2063125422.0,6379002274.0,0.00570059524013896
2026-03-02,55.58,56.08,54.2,54.54,74206195.0,4067670783.0,6379002274.0,0.01163288423684296
2026-03-03,54.7,55.33,53.45,53.61,60139910.0,3257388812.0,6379002274.0,0.00942779253193287
2026-03-04,53.22,53.9,52.67,52.98,47151820.0,2502294687.0,6379002274.0,0.007391723340840433
2026-03-05,53.41,54.84,53.1,53.72,48485984.0,2609662194.0,6379002274.0,0.007600872662739546
2026-03-06,53.6,55.67,53.4,55.56,62911930.0,3465527848.0,6379002274.0,0.009862346382352144
2026-03-09,54.78,55.18,54.05,54.94,42623328.0,2329596366.0,6379002274.0,0.0066818173390104044
2026-03-10,55.3,56.75,55.3,56.55,47360492.0,2669120574.0,6379002274.0,0.0074244356665360235
2026-03-11,56.45,56.55,55.6,55.83,32125928.0,1795447675.0,6379002274.0,0.0050361994901524315
2026-03-12,55.8,56.04,55.23,55.3,26669135.0,1480023552.0,6379002274.0,0.004180769006573331
2026-03-13,55.3,55.63,54.95,55.11,24416444.0,1347312522.0,6379002274.0,0.003827627417459673
2026-03-16,55.21,56.05,54.52,55.59,30775144.0,1706961132.0,6379002274.0,0.004824444745134449
2026-03-17,55.69,57.44,55.38,56.3,50411099.0,2853748290.0,6379002274.0,0.007902662020590463
2026-03-18,56.26,57.08,56.02,56.88,39379311.0,2228050343.0,6379002274.0,0.006173271196422841
2026-03-19,56.17,57.03,55.91,56.02,34364651.0,1935908148.0,6379002274.0,0.005387151395143083
2026-03-20,56.19,56.76,55.05,55.14,34739510.0,1936270337.0,6379002274.0,0.0054459159140911135
2026-03-23,54.18,54.35,52.41,52.78,48770157.0,2600360832.0,6379002274.0,0.007645420851906722
2026-03-24,53.27,53.74,52.81,53.64,34835504.0,1854905816.0,6379002274.0,0.005460964348921002
2026-03-25,54.0,54.86,53.84,54.1,41152562.0,2230992166.0,6379002274.0,0.006451253696480498
2026-03-26,53.28,54.1,51.54,51.63,64941653.0,3412838811.0,6379002274.0,0.010180534542947869
2026-03-27,51.3,55.48,51.11,55.18,99119628.0,5393542863.0,6379002274.0,0.015538421800537518
2026-03-30,54.73,56.1,54.61,55.76,69727079.0,3866003912.0,6379002274.0,0.010930718630435153
2026-03-31,55.86,57.38,55.2,55.22,69292392.0,3885745233.0,6379002274.0,0.010862575215316502
2026-04-01,56.03,57.78,55.6,57.73,100551656.0,5750559322.0,6379002274.0,0.015762912706558475
2026-04-02,57.74,58.35,57.01,57.37,76516985.0,4415860425.0,6379002274.0,0.011995133676605428
2026-04-03,56.98,56.99,56.1,56.38,45491605.0,2569466951.0,6379002274.0,0.007131460853277633
2026-04-07,56.51,56.85,55.0,56.12,40146688.0,2244163329.0,6379002274.0,0.006293568535573781
2026-04-08,57.01,57.64,55.91,57.45,73446290.0,4189267319.0,6379002274.0,0.01151375824074522
2026-04-09,56.92,57.97,56.71,56.96,48075474.0,2749696421.0,6379002274.0,0.007536519338760781
2026-04-10,57.5,58.14,56.8,57.06,58779469.0,3371850930.0,6379002274.0,0.00921452391380665
2026-04-13,56.6,56.64,55.01,55.2,79604438.0,4431612860.0,6379002274.0,0.012479136169061664
2026-04-14,55.35,56.31,54.8,56.18,57445650.0,3184393125.0,6379002274.0,0.009005428675600438
2026-04-15,57.94,58.45,57.04,57.73,102947951.0,5945432691.0,6379002274.0,0.01613856628012232
2026-04-16,57.98,58.0,57.02,57.47,57671843.0,3311971254.0,6379002274.0,0.009040887669073749
2026-04-17,57.2,57.2,56.01,56.33,63252368.0,3567405886.0,6379002274.0,0.009915714916391954
2026-04-20,56.33,56.68,55.83,56.34,43304862.0,2433980876.0,6379002274.0,0.0067886575580173554
2026-04-21,56.35,56.76,55.55,55.75,43275130.0,2420276829.0,6379002274.0,0.006783996641039605
2026-04-22,55.6,55.94,54.94,55.44,52356307.0,2894035207.0,6379002274.0,0.008207601244068784
2026-04-23,56.03,57.96,56.03,56.4,96393800.0,5474037220.0,6379002274.0,0.015111109207922505
2026-04-24,56.5,56.75,55.32,56.05,55779762.0,3129630480.0,6379002274.0,0.008744276864009156
2026-04-27,56.06,56.07,55.2,55.38,45552955.0,2523081153.0,6379002274.0,0.007141078344754326
2026-04-28,55.38,57.35,54.8,54.84,90311952.0,5056516343.0,6379002274.0,0.01415769239777512
2026-04-29,54.83,55.08,54.2,54.99,59150922.0,3232737364.0,6379002274.0,0.009272754493456072
2026-04-30,55.04,55.04,53.81,53.88,71248482.0,3855730653.0,6379002274.0,0.011169220348203938
2026-05-06,53.98,54.11,53.4,53.63,66574753.0,3573491857.0,6379002274.0,0.010436546365777327
2026-05-07,53.88,54.43,53.4,53.68,62345182.0,3352802192.0,6379002274.0,0.009773500513412735
2026-05-08,53.88,53.92,52.68,52.8,80241465.0,4253912511.0,6379002274.0,0.012578999278155768
2026-05-11,52.8,53.79,52.12,53.52,102306339.0,5425541107.0,6379002274.0,0.016037984406587782
2026-05-12,53.53,58.87,52.75,56.11,246539965.0,13832346444.0,6379002274.0,0.038648671753083626
2026-05-13,56.11,57.26,55.66,55.86,132779072.0,7453651588.0,6379002274.0,0.020815021894754697
2026-05-14,55.8,56.74,54.28,54.32,91722681.0,5058298449.0,6379002274.0,0.014378844380390011
2026-05-15,54.08,55.66,53.75,53.99,76598895.0,4173748481.0,6379002274.0,0.012007974242650349
2026-05-18,53.78,53.8,52.19,52.43,78660889.0,4141536235.0,6379002274.0,0.012331221344850707
2026-05-19,52.3,52.91,51.33,51.59,69909453.0,3627118898.0,6379002274.0,0.010959308367852763
2026-05-20,51.51,51.96,50.38,50.95,82704641.0,4207608523.0,6379002274.0,0.012965137406690318
2026-05-21,51.03,52.79,50.88,51.45,99402491.0,5157539017.0,6379002274.0,0.015582764628435998
2026-05-22,51.55,51.58,50.4,50.47,67761985.0,3439250074.0,6379002274.0,0.01062266199154517
2026-05-25,50.01,50.02,49.02,49.43,83835491.0,4132036880.0,6379002274.0,0.013142414346159238
2026-05-26,49.08,50.17,48.8,49.2,71374551.0,3526003698.0,6379002274.0,0.011188983470175825
2026-05-27,48.88,51.3,48.45,50.37,96115293.0,4800578724.0,6379002274.0,0.015067449245433519
2026-05-28,50.06,50.58,47.85,48.0,97869676.0,4764526056.0,6379002274.0,0.015342473916164652
2026-05-29,48.02,50.52,47.62,50.19,130040460.0,6428005491.0,6379002274.0,0.02038570522698014
2026-06-01,50.32,51.2,49.0,49.17,94665292.0,4730298019.0,6379002274.0,0.014840140814158926
2026-06-02,48.82,49.1,47.9,48.4,61144312.0,2958267989.0,6379002274.0,0.009585246935749877
2026-06-03,48.1,48.18,47.2,47.2,81536421.0,3874213873.0,6379002274.0,0.012782002184312123
2026-06-04,47.0,47.88,46.51,46.63,63924885.0,3002777698.0,6379002274.0,0.010021141591460107
2026-06-05,47.48,48.72,47.0,47.08,93026396.0,4447209359.0,6379002274.0,0.014583220385288736
2026-06-08,46.6,47.72,45.55,45.94,68421068.0,3166674106.0,6379002274.0,0.010725982694641065
2026-06-09,46.34,46.6,45.26,46.38,62128609.0,2856659948.0,6379002274.0,0.009739549592767554
2026-06-10,46.1,47.38,45.91,47.01,62157553.0,2901932496.0,6379002274.0,0.009744086979455432
2026-06-11,46.7,47.2,46.22,46.98,47337364.0,2211880829.0,6379002274.0,0.0074208100211754216
2026-06-12,47.2,48.95,46.56,48.49,100299020.0,4824609044.0,6379002274.0,0.015723308393979733
2026-06-15,48.44,48.8,47.62,47.88,66940790.0,3219757536.0,6379002274.0,0.010493927909830371
2026-06-16,47.6,48.09,47.14,47.35,50293459.0,2385274213.0,6379002274.0,0.007884220265132955
2026-06-17,47.37,47.66,46.78,46.99,51823862.0,2440284436.0,6379002274.0,0.008124132861846978
2026-06-18,46.99,49.5,46.61,48.42,118592836.0,5748480210.0,6379002274.0,0.018591126152026828
2026-06-22,48.2,49.41,47.3,49.36,94632110.0,4576625230.0,6379002274.0,0.014834939060252168
2026-06-23,49.18,50.92,48.8,48.98,107582714.0,5376611879.0,6379002274.0,0.01686513178377337
2026-06-24,48.98,51.36,48.93,50.25,135881224.0,6874481944.0,6379002274.0,0.02130132866605716
2026-06-25,49.86,50.8,48.66,50.04,105138605.0,5219089446.0,6379002274.0,0.016481982680666467
2026-06-26,50.46,50.73,48.62,48.67,74961679.0,3706726925.0,6379002274.0,0.011751317177849935
2026-06-29,49.01,53.31,48.43,52.93,172756167.0,8958581324.0,6379002274.0,0.02708200429777743
2026-06-30,52.97,53.45,51.7,52.04,114641266.0,6000711377.0,6379002274.0,0.017971660939401633
2026-07-01,51.61,54.08,50.22,53.78,156930827.0,8235118692.0,6379002274.0,0.0246011555191993
2026-07-02,53.8,55.45,53.09,53.49,132023817.0,7141714076.0,6379002274.0,0.02069662485277866
2026-07-03,54.55,55.15,53.28,54.45,109867098.0,5951497720.0,6379002274.0,0.017223241704710512
2026-07-06,54.4,57.77,53.77,56.77,179698209.0,10153086404.0,6379002274.0,0.028170268841637976
2026-07-07,56.4,56.5,54.88,55.36,107722116.0,5989364938.0,6379002274.0,0.01688698504452046
2026-07-08,55.57,56.76,53.99,54.01,95782739.0,5273411153.0,6379002274.0,0.015015316641349735
2026-07-09,53.2,55.77,52.85,55.61,110832177.0,6049882802.0,6379002274.0,0.01737453166488713
2026-07-10,54.6,57.48,54.55,55.75,133618942.0,7492062043.0,6379002274.0,0.02094668355028086
2026-07-13,55.11,56.22,54.78,55.75,93029343.0,5152853239.0,6379002274.0,0.014583682369761137
2026-07-14,55.75,55.98,54.27,54.82,96629185.0,5314265764.0,6379002274.0,0.015148009179091884
2026-07-15,54.26,58.0,54.26,57.5,194169673.0,10991590777.0,6379002274.0,0.03043887815989827
2026-07-16,56.81,57.4,55.51,55.99,122008374.0,6880194374.0,6379002274.0,0.019126560668788373
2026-07-17,56.0,56.17,53.02,53.19,116181697.0,6283258291.0,6379002274.0,0.018213145568789304
2026-07-20,52.97,55.78,52.9,55.57,113306851.0,6214720011.0,6379002274.0,0.017762472269656382
2026-07-21,55.99,55.99,53.76,54.93,96439027.0,5269033286.0,6379002274.0,0.015118199188150971
2026-07-22,54.35,56.49,54.27,55.39,85979835.0,4767071639.0,6379002274.0,0.013478570990708507
2026-07-23,55.39,55.75,53.9,54.91,79998901.0,4377851104.0,6379002274.0,0.012540973895881073
2026-07-24,55.0,55.08,53.0,53.45,70483651.0,3790751145.0,6379002274.0,0.011049322131030173
2026-07-27,53.9,54.56,52.88,53.6,55245201.0,2964873314.0,6379002274.0,0.008660476768470893
2026-07-28,53.45,53.88,52.53,53.29,47979539.0,2542729533.0,6379002274.0,0.007521480153026201
2026-07-29,54.0,54.44,52.72,53.89,68465748.0,3686520304.0,6379002274.0,0.010732986924782527
2026-07-30,54.05,54.69,53.3,54.65,73587887.0,3975428219.0,6379002274.0,0.011535955599190621
2026-07-31,53.7,54.45,53.5,54.08,57808235.0,3124597596.0,6379002274.0,0.00906226906919582
2026-08-03,53.87,54.32,52.86,53.0,61609889.0,3275808994.0,6379002274.0,0.009658232800937232
2026-08-04,53.28,54.35,53.05,53.42,73006899.0,3913843856.0,6379002274.0,0.011444877406231192
2026-08-05,53.43,53.79,52.88,53.54,67092456.0,3583246048.0,6379002274.0,0.010517703728286835
2026-08-06,53.65,53.81,52.0,52.11,89863125.0,4727889147.0,6379002274.0,0.014087332335069175
2026-08-07,52.0,54.62,51.82,54.62,141931526.0,7600965867.0,6379002274.0,0.022249800188737165
2026-08-10,55.0,55.88,53.63,54.18,118365658.0,6470269919.0,6379002274.0,0.018555512745691175
2026-08-11,53.79,55.8,53.76,54.97,120761741.0,6656983256.0,6379002274.0,0.018931133085217645
2026-08-12,54.63,55.36,54.1,54.36,74881219.0,4084685102.0,6379002274.0,0.011738703920079524
2026-08-13,54.05,55.28,53.67,53.76,97590004.0,5313853180.0,6379002274.0,0.01529863132323442
2026-08-14,53.68,53.75,52.2,52.62,87325060.0,4615118850.0,6379002274.0,0.013689454282831316
2026-08-17,52.49,53.63,51.85,52.87,66853034.0,3527625675.0,6379002274.0,0.010480170899528355
2026-08-18,52.72,53.03,52.07,52.37,59840379.0,3137378747.0,6379002274.0,0.009380836756227813
2026-08-19,52.67,52.68,52.02,52.66,63799164.0,3340675782.0,6379002274.0,0.010001433023474103
2026-08-20,51.0,51.53,48.16,49.5,238741624.0,11929918450.0,6379002274.0,0.037426170072564546
2026-08-21,48.51,48.8,47.55,47.74,127415292.0,6108715052.0,6379002274.0,0.01997417253154596
2026-08-24,47.54,48.08,46.47,46.76,86002333.0,4047756847.0,6379002274.0,0.013482097874542943
2026-08-25,46.53,46.88,46.22,46.49,77014310.0,3583608995.0,6379002274.0,0.012073096495654268
2026-08-26,46.49,47.48,46.49,46.74,78295358.0,3679128467.0,6379002274.0,0.01227391912354725
2026-08-27,46.78,47.62,46.5,47.61,77849527.0,3667194002.0,6379002274.0,0.012204028726765744
2026-08-28,47.58,47.67,47.1,47.32,53239662.0,2522685032.0,6379002274.0,0.008346079796365346
2026-08-31,47.17,47.17,45.88,46.07,89275896.0,4126674263.0,6379002274.0,0.01399527577594339
2026-09-01,46.05,46.4,45.9,46.23,46473969.0,2146398929.0,6379002274.0,0.007285460484850738
2026-09-02,46.23,46.32,45.49,45.57,54828799.0,2509384084.0,6379002274.0,0.008595199789075981
2026-09-03,45.6,46.09,45.36,45.96,50291740.0,2300358125.0,6379002274.0,0.007883950787254415
2026-09-04,45.97,46.41,45.9,46.02,48980329.0,2260815675.0,6379002274.0,0.007678368324093186
2026-09-07,46.02,46.33,45.71,46.26,39419658.0,1815380899.0,6379002274.0,0.006179596166734334
2026-09-08,46.2,46.2,45.56,45.71,58914290.0,2694774205.0,6379002274.0,0.009235659037170614
2026-09-09,45.6,45.6,44.64,44.71,71694388.0,3214392264.0,6379002274.0,0.011239122502309991
2026-09-10,44.45,44.46,42.82,42.93,103781432.0,4488705829.0,6379002274.0,0.016269226368361693
2026-09-11,42.65,42.76,41.89,42.67,80255095.0,3393509196.0,6379002274.0,0.012581135975936164
2026-09-14,42.35,43.19,42.01,43.15,52623232.0,2253034256.0,6379002274.0,0.00824944556211958
2026-09-15,43.16,43.49,42.99,43.13,37573455.0,1625245775.0,6379002274.0,0.005890177395475247
2026-09-16,43.08,43.6,42.95,43.52,41619539.0,1804072210.0,6379002274.0,0.006524459031726001
