date,open,high,low,close,volume,amount,outstanding_share,turnover
2020-12-01,81.77,84.23,81.22,84.0,18912335.0,1571690622.0,1423756420.0,0.013283406300636734
2020-12-02,83.5,84.24,82.0,82.96,12104299.0,1003421990.0,1423756420.0,0.008501664210230568
2020-12-03,83.28,83.82,81.9,83.15,12171738.0,1010965705.0,1423756420.0,0.008549031160821736
2020-12-04,83.33,85.45,82.93,84.36,14083698.0,1189824064.0,1423756420.0,0.009891929407419283
2020-12-07,84.1,84.5,82.2,83.24,13085909.0,1086276185.0,1423756420.0,0.009191115008282106
2020-12-08,83.25,84.88,82.71,82.99,11795735.0,987529767.0,1423756420.0,0.008284938936394752
2020-12-09,83.1,83.99,82.27,82.6,8537528.0,709037504.0,1423756420.0,0.005996480774429098
2020-12-10,81.88,83.5,81.29,82.12,11530855.0,949175424.0,1423756420.0,0.008098895877147301
2020-12-11,82.15,84.07,81.0,81.82,14171881.0,1170133048.0,1423756420.0,0.00995386626597266
2020-12-14,81.66,82.15,79.79,80.26,18322832.0,1473962992.0,1423756420.0,0.012869358650547823
2020-12-15,80.73,84.35,80.3,84.09,21177358.0,1754756623.0,1423756420.0,0.014874284465035107
2020-12-16,84.43,86.7,84.43,86.35,17992802.0,1545296392.0,1423756420.0,0.012637556359535151
2020-12-17,86.45,87.9,85.44,85.95,16885278.0,1459558800.0,1423756420.0,0.011859667681077076
2020-12-18,85.96,88.2,85.96,87.1,15824973.0,1382952397.0,1423756420.0,0.01111494408573062
2020-12-21,86.9,88.94,85.82,88.82,15795557.0,1389421313.0,1423756420.0,0.01109428324825394
2020-12-22,87.85,88.37,85.81,85.98,17854690.0,1549100186.0,1423756420.0,0.012540551002396885
2020-12-23,86.08,88.3,85.5,86.96,14307676.0,1245753797.0,1423756420.0,0.010049244237999643
2020-12-24,87.48,88.82,86.06,88.6,15865419.0,1388199739.0,1423756420.0,0.011143352034893722
2020-12-25,87.7,91.74,86.7,91.21,19656933.0,1758392337.0,1423756420.0,0.013806387612285535
2020-12-28,90.89,91.72,87.57,88.0,20818535.0,1857971165.0,1423756420.0,0.014622258911394409
2020-12-29,88.38,90.63,88.07,89.35,16319700.0,1461486352.0,1423756420.0,0.011462424169437635
2020-12-30,89.08,91.28,89.0,91.22,12382552.0,1122066462.0,1423756420.0,0.00869710002782639
2020-12-31,89.88,91.48,88.7,91.04,21363134.0,1931135191.0,1423756420.0,0.015004767458748316
2021-01-04,90.3,95.19,90.0,94.12,20779108.0,1938645348.0,1423756420.0,0.01459456667454395
2021-01-05,93.8,98.8,93.25,97.62,24627077.0,2378965761.0,1423756420.0,0.01729725439973784
2021-01-06,97.7,100.23,95.9,98.42,20736405.0,2039655420.0,1423756420.0,0.014564573482309565
2021-01-07,103.8,108.26,102.59,106.99,55305421.0,5893180165.0,1423756420.0,0.03884472106541932
2021-01-08,107.0,109.58,106.7,109.0,28583705.0,3088863128.0,1423756420.0,0.02007626065700199
2021-01-11,108.97,111.17,106.32,108.67,24837309.0,2712871154.0,1423756420.0,0.017444914488954508
2021-01-12,107.53,113.8,107.18,113.01,25284811.0,2804848806.0,1423756420.0,0.017759225275345906
2021-01-13,113.85,118.18,112.0,113.69,25014992.0,2879791547.0,1423756420.0,0.01756971322383923
2021-01-14,111.56,113.57,108.61,109.65,23226723.0,2569565701.0,1423756420.0,0.01631369149506627
2021-01-15,110.6,110.96,105.0,107.7,21945295.0,2359701186.0,1423756420.0,0.015413658327876056
2021-01-18,108.29,111.79,106.15,109.8,19395570.0,2125975528.0,1423756420.0,0.013622814778949338
2021-01-19,109.91,112.21,106.0,107.49,19254043.0,2089901480.0,1423756420.0,0.013523410837367814
2021-01-20,108.5,111.22,108.1,109.95,13910116.0,1530773576.0,1423756420.0,0.00977001108096847
2021-01-21,111.2,116.7,110.49,113.44,24393412.0,2788167982.0,1423756420.0,0.0171331357367997
2021-01-22,113.41,118.28,112.55,116.49,16485259.0,1920417014.0,1423756420.0,0.011578707402773291
2021-01-25,116.9,119.3,114.41,116.51,19506458.0,2282324686.0,1423756420.0,0.013700698887805542
2021-01-26,115.29,118.2,113.69,117.0,13886840.0,1616892132.0,1423756420.0,0.00975366277891832
2021-01-27,118.03,118.9,112.33,115.31,18456584.0,2125884031.0,1423756420.0,0.012963301686112854
2021-01-28,113.53,115.88,110.5,111.37,16130100.0,1818237849.0,1423756420.0,0.011329255323041845
2021-01-29,114.76,115.38,110.5,111.8,16400013.0,1854946607.0,1423756420.0,0.01151883339707785
2021-02-01,113.44,121.07,113.44,121.07,27528156.0,3266915916.0,1423756420.0,0.01933487752069276
2021-02-02,121.19,121.29,115.55,121.08,23055752.0,2752560632.0,1423756420.0,0.01619360704972273
2021-02-03,122.0,126.37,119.76,123.19,22275342.0,2764631581.0,1423756420.0,0.015645472559133393
2021-02-04,123.6,130.4,123.2,130.0,23835728.0,3065275599.0,1423756420.0,0.016741436712889413
2021-02-05,131.3,131.89,122.66,123.75,28830973.0,3665209494.0,1423756420.0,0.020249933622775166
2021-02-08,123.77,131.89,120.78,131.89,22902222.0,2933087879.0,1423756420.0,0.016085772593039477
2021-02-09,133.29,137.39,130.5,137.39,24064419.0,3239089678.0,1423756420.0,0.01690206180071167
2021-02-10,135.5,141.09,135.32,140.42,19201336.0,2674446267.0,1423756420.0,0.013486391162330984
2021-02-18,146.5,150.18,141.87,143.98,30570648.0,4464943311.0,1423756420.0,0.021471824513353204
2021-02-19,142.11,146.3,131.77,137.48,31842389.0,4369687268.0,1423756420.0,0.022365053848185632
2021-02-22,140.0,141.85,134.55,135.35,37258483.0,5124062160.0,1423756420.0,0.02616914134792804
2021-02-23,135.63,137.5,128.9,130.79,28745470.0,3818594462.0,1423756420.0,0.020189879108675063
2021-02-24,133.33,135.96,126.13,128.82,43807430.0,5747916484.0,1423756420.0,0.030768907788313957
2021-02-25,135.13,137.5,131.77,133.35,29634087.0,3987642307.0,1423756420.0,0.0208140146613
2021-02-26,131.9,137.2,130.77,130.8,34315770.0,4581239632.0,1423756420.0,0.024102275865418046
2021-03-01,131.1,133.49,125.55,130.14,38601831.0,5001401856.0,1423756420.0,0.02711266510039688
2021-03-02,132.0,132.09,121.2,122.42,42559249.0,5349493517.0,1423756420.0,0.02989222622785434
2021-03-03,123.07,126.6,122.8,125.85,23746626.0,2971333638.0,1423756420.0,0.016678854378756727
2021-03-04,123.35,124.7,113.27,114.32,44286733.0,5167819460.0,1423756420.0,0.031105554558271985
2021-03-05,113.24,114.98,109.68,109.79,40804988.0,4541174013.0,1423756420.0,0.028660090607352626
2021-03-08,112.5,117.33,107.72,107.89,37986448.0,4259063234.0,1423756420.0,0.026680440183721874
2021-03-09,106.1,109.59,104.0,104.02,35023050.0,3762710493.0,1423756420.0,0.02459904623292234
2021-03-10,107.1,110.82,106.78,108.93,33367020.0,3623294268.0,1423756420.0,0.023435904857939113
2021-03-11,109.95,113.58,108.31,110.75,34393378.0,3825254516.0,1423756420.0,0.024156785189421656
2021-03-12,113.82,116.43,113.0,116.33,35970964.0,4146974762.0,1423756420.0,0.02526483006131063
2021-03-15,117.8,118.44,111.1,113.28,29493675.0,3371744875.0,1423756420.0,0.020715393859295116
2021-03-16,113.3,117.5,113.28,117.19,20952531.0,2422179792.0,1423756420.0,0.014716373324588767
2021-03-17,117.17,119.35,113.0,118.0,24210132.0,2836473964.0,1423756420.0,0.017004405851950434
2021-03-18,119.3,119.47,117.0,118.18,17118373.0,2028002399.0,1423756420.0,0.012023385994635235
2021-03-19,114.8,116.68,111.91,115.24,20599813.0,2359240839.0,1423756420.0,0.014468635723517932
2021-03-22,114.08,115.89,108.35,110.3,30215638.0,3344615782.0,1423756420.0,0.02122247708635442
2021-03-23,110.7,110.77,103.17,108.0,37752157.0,4000646495.0,1423756420.0,0.026515881838833077
2021-03-24,107.18,107.18,100.26,101.36,35697090.0,3648649391.0,1423756420.0,0.025072469910267375
2021-03-25,100.85,105.95,100.7,103.88,23442934.0,2429984075.0,1423756420.0,0.016465551038568803
2021-03-26,105.65,109.0,104.03,108.23,21069383.0,2254145743.0,1423756420.0,0.014798446352220839
2021-03-29,109.4,113.82,107.71,111.19,23112908.0,2571465136.0,1423756420.0,0.016233751557025465
2021-03-30,111.35,112.38,109.4,111.25,14953050.0,1661357514.0,1423756420.0,0.01050253385336798
2021-03-31,109.11,109.9,104.06,105.6,28518834.0,3019966476.0,1423756420.0,0.020030697385722763
2021-04-01,106.4,107.8,105.03,107.76,15428080.0,1642603535.0,1423756420.0,0.010836179407710766
2021-04-02,108.52,111.97,108.22,111.5,17460344.0,1927507432.0,1423756420.0,0.012263575253974974
2021-04-06,112.05,112.3,106.35,107.24,19504141.0,2101106128.0,1423756420.0,0.01369907150269426
2021-04-07,108.63,109.34,104.6,106.93,17947535.0,1915003116.0,1423756420.0,0.012605762297458157
2021-04-08,107.01,109.85,105.01,109.12,19466729.0,2110484584.0,1423756420.0,0.013672794536020424
2021-04-09,111.74,111.9,106.55,106.9,17269869.0,1866110730.0,1423756420.0,0.012129791836162538
2021-04-12,109.99,109.99,99.0,100.07,48401607.0,4959682658.0,1423756420.0,0.03399570763656328
2021-04-13,101.0,106.66,100.1,104.43,35599049.0,3709357852.0,1423756420.0,0.02500360911454222
2021-04-14,104.43,106.26,103.62,105.31,16750705.0,1758712241.0,1423756420.0,0.011765148001931397
2021-04-15,106.0,106.32,102.3,104.52,14725686.0,1523916139.0,1423756420.0,0.010342840806997029
2021-04-16,105.5,106.36,101.3,103.55,18631154.0,1931906095.0,1423756420.0,0.013085913951488977
2021-04-19,103.2,108.4,101.43,107.94,26972598.0,2873251101.0,1423756420.0,0.018944671729733097
2021-04-20,107.1,113.2,107.04,112.02,27425068.0,3046520448.0,1423756420.0,0.01926247187703638
2021-04-21,109.93,112.77,109.33,111.82,18907579.0,2100983267.0,1423756420.0,0.013280065841599506
2021-04-22,112.69,113.06,107.8,109.6,14992985.0,1642987023.0,1423756420.0,0.01053058289282376
2021-04-23,109.58,112.56,108.65,111.12,15666453.0,1739191327.0,1423756420.0,0.01100360481605414
2021-04-26,110.99,113.18,108.35,108.75,18719884.0,2073813428.0,1423756420.0,0.013148235004973674
2021-04-27,108.9,109.22,106.04,107.41,14173351.0,1522102490.0,1423756420.0,0.009954898745952626
2021-04-28,107.99,108.6,104.15,108.48,13697928.0,1464351441.0,1423756420.0,0.00962097716124785
2021-04-29,107.0,107.01,104.0,105.49,25619943.0,2698836147.0,1423756420.0,0.017994611044493132
2021-04-30,104.51,105.12,101.6,102.74,25303950.0,2604226707.0,1423756420.0,0.017772667883738148
2021-05-06,102.0,106.2,101.94,104.88,20412305.0,2137367765.0,1423756420.0,0.014336936229583428
2021-05-07,105.35,109.97,104.0,106.62,25593374.0,2754694198.0,1423756420.0,0.017975949846814387
2021-05-10,108.88,108.97,102.4,103.66,21764531.0,2263259823.0,1423756420.0,0.015286695599237404
2021-05-11,102.5,104.45,100.0,104.12,19598510.0,2008746346.0,1423756420.0,0.013765353205571498
2021-05-12,102.99,106.36,102.99,105.83,13564187.0,1421036591.0,1423756420.0,0.009527041851723485
2021-05-13,104.79,104.87,98.77,99.75,34550038.0,3474534271.0,1423756420.0,0.024266818055858178
2021-05-14,99.76,103.46,99.41,103.4,25775097.0,2615018211.0,1423756420.0,0.018103586145725686
2021-05-17,101.82,109.66,101.8,108.97,35171093.0,3798963811.0,1423756420.0,0.024703026800047722
2021-05-18,109.62,110.44,106.99,108.44,13278900.0,1441767048.0,1423756420.0,0.009326665582305153
2021-05-19,108.5,109.5,106.38,108.4,11253163.0,1215541363.0,1423756420.0,0.007903854087625466
2021-05-20,107.0,107.32,103.84,105.08,20160369.0,2115489248.0,1423756420.0,0.014159984613098356
2021-05-21,106.37,106.48,102.38,103.5,16153782.0,1673675855.0,1423756420.0,0.011345888786229318
2021-05-24,103.5,104.29,101.69,104.07,15307016.0,1575413625.0,1423756420.0,0.010751148008870786
2021-05-25,104.32,109.32,103.7,109.19,26902567.0,2888485455.0,1423756420.0,0.018895484243013985
2021-05-26,109.95,112.78,109.85,111.94,25284921.0,2832068142.0,1423756420.0,0.01775930253575257
2021-05-27,109.01,111.99,108.38,111.0,19703283.0,2172015713.0,1423756420.0,0.013838942338184505
2021-05-28,111.5,112.6,108.57,109.3,16919617.0,1868425814.0,1423756420.0,0.011883786272935647
2021-05-31,109.0,109.3,107.01,108.78,17974849.0,1937659613.0,1423756420.0,0.012624946758800217
2021-06-01,108.02,117.15,108.02,116.85,34042377.0,3857601441.0,1423756420.0,0.023910253553062116
2021-06-02,117.5,117.8,114.58,116.29,19002235.0,2204227712.0,1423756420.0,0.013346549123901404
2021-06-03,116.29,117.1,112.84,112.98,19302785.0,2209339956.0,1423756420.0,0.013557645625928065
2021-06-04,112.2,114.84,112.0,113.9,17400906.0,1971022186.0,1423756420.0,0.012221827944417627
2021-06-07,114.06,114.7,112.25,113.71,17109352.0,1939196405.0,1423756420.0,0.012017049938921434
2021-06-08,114.02,114.18,109.66,111.06,18890383.0,2102147754.0,1423756420.0,0.013267987932935888
2021-06-09,110.0,114.8,109.7,114.8,25051057.0,2822110920.0,1423756420.0,0.017595044101715095
2021-06-10,114.0,115.4,113.4,114.16,18700783.0,2139565817.0,1423756420.0,0.013134819086540099
2021-06-11,114.45,117.1,113.62,114.8,20170783.0,2327775133.0,1423756420.0,0.014167299066507457
2021-06-15,114.85,119.9,114.2,114.72,21629962.0,2521983428.0,1423756420.0,0.015192178729561058
2021-06-16,115.1,117.88,109.85,110.01,24732007.0,2786682312.0,1423756420.0,0.01737095380402218
2021-06-17,108.44,110.16,106.23,107.81,22274852.0,2400083705.0,1423756420.0,0.015645128399140073
2021-06-18,107.7,107.7,102.7,104.2,33860918.0,3524989449.0,1423756420.0,0.023782802679126813
2021-06-21,103.46,105.35,102.7,105.0,18090125.0,1880618747.0,1423756420.0,0.01270591285551499
2021-06-22,106.0,108.26,106.0,106.73,15695903.0,1679189435.0,1423756420.0,0.011024289534020152
2021-06-23,107.0,107.0,104.54,104.89,16375363.0,1724873483.0,1423756420.0,0.011501520042311732
2021-06-24,105.28,105.5,103.55,104.99,11045306.0,1155198087.0,1423756420.0,0.007757862120825415
2021-06-25,104.66,109.97,104.66,109.5,25555406.0,2750987922.0,1423756420.0,0.01794928236390323
2021-06-28,110.0,110.4,107.0,108.27,17766093.0,1919128084.0,1423756420.0,0.012478323363767519
2021-06-29,107.21,108.79,107.05,107.77,13492048.0,1453951456.0,1423756420.0,0.009476373774665753
2021-06-30,107.78,110.18,107.11,108.82,14067921.0,1527716235.0,1423756420.0,0.009880848158001634
2021-07-01,109.48,109.48,105.01,106.99,15823334.0,1683040282.0,1423756420.0,0.011113792905671323
2021-07-02,105.51,106.5,103.57,103.95,17488411.0,1820582521.0,1423756420.0,0.012283288597919018
2021-07-05,105.15,112.8,105.0,112.66,47780381.0,5259135720.0,1423756420.0,0.03355937878755974
2021-07-06,114.0,119.0,114.0,118.9,40894921.0,4787841858.0,1423756420.0,0.028723256608739294
2021-07-07,117.0,119.15,115.77,118.9,28117584.0,3314160047.0,1423756420.0,0.01974887249323167
2021-07-08,119.33,123.66,119.16,119.9,25215563.0,3049427277.0,1423756420.0,0.017710587742248776
2021-07-09,123.26,125.63,119.31,124.65,34737522.0,4279713143.0,1423756420.0,0.024398500692976683
2021-07-12,126.03,131.8,125.64,127.42,39020857.0,5021198507.0,1423756420.0,0.02740697527460491
2021-07-13,127.42,129.53,124.9,126.35,24031424.0,3051878037.0,1423756420.0,0.016878887190549068
2021-07-14,127.9,128.15,124.1,125.4,16371285.0,2058085546.0,1423756420.0,0.01149865578832649
2021-07-15,126.41,131.6,125.9,129.45,26212923.0,3394212532.0,1423756420.0,0.018411100825799963
2021-07-16,131.0,131.56,124.24,124.89,25367665.0,3219893549.0,1423756420.0,0.017817419218380065
2021-07-19,125.95,126.27,122.2,124.55,17922928.0,2225083168.0,1423756420.0,0.01258847914448737
2021-07-20,121.8,121.8,118.18,120.42,26028133.0,3119004713.0,1423756420.0,0.0182813103662774
2021-07-21,121.88,122.9,120.25,121.78,19992481.0,2432673886.0,1423756420.0,0.014042065566243416
2021-07-22,122.66,125.49,121.67,122.6,20784881.0,2560166973.0,1423756420.0,0.014598621441159155
2021-07-23,123.2,124.39,118.8,118.9,23245137.0,2800000481.0,1423756420.0,0.01632662488714186
2021-07-26,120.5,121.5,113.99,117.18,20947965.0,2465988900.0,1423756420.0,0.014713166315344868
2021-07-27,118.65,119.0,111.76,111.94,24539734.0,2827706747.0,1423756420.0,0.017235907529744448
2021-07-28,111.0,111.94,107.23,108.85,30752694.0,3362936135.0,1423756420.0,0.02159968767691316
2021-07-29,111.8,115.0,108.35,114.52,33038051.0,3698632665.0,1423756420.0,0.023204847778667083
2021-07-30,116.5,116.6,111.58,113.72,28485170.0,3233429600.0,1423756420.0,0.020007052891814175
2021-08-02,112.88,120.5,112.51,119.99,31990003.0,3759386417.0,1423756420.0,0.02246873309972502
2021-08-03,120.5,121.38,116.73,120.6,22212054.0,2651090522.0,1423756420.0,0.015601021135342799
2021-08-04,119.01,120.59,116.98,119.17,17446583.0,2066613283.0,1423756420.0,0.01225390997710128
2021-08-05,118.35,118.35,114.32,115.75,21517231.0,2496831487.0,1423756420.0,0.01511300015770956
2021-08-06,116.49,116.49,111.73,112.5,22940572.0,2585373331.0,1423756420.0,0.016112708380271956
2021-08-09,112.88,115.49,111.5,114.32,20160378.0,2291843970.0,1423756420.0,0.014159990934404355
2021-08-10,113.01,114.4,111.68,113.78,18231171.0,2056378505.0,1423756420.0,0.012804978958409192
2021-08-11,114.01,115.99,112.2,112.6,15870563.0,1801107551.0,1423756420.0,0.011146965012456274
2021-08-12,112.9,113.2,109.35,110.08,23396399.0,2584966069.0,1423756420.0,0.016432866374713168
2021-08-13,110.6,115.0,110.08,113.5,26438725.0,2994860360.0,1423756420.0,0.018569696774396283
2021-08-16,114.67,116.46,112.22,114.6,29085402.0,3341219667.0,1423756420.0,0.02042863624102218
2021-08-17,114.78,115.74,110.6,111.01,20988028.0,2373824624.0,1423756420.0,0.01474130525781931
2021-08-18,111.1,111.79,108.39,109.65,14575163.0,1597483542.0,1423756420.0,0.010237118368885037
2021-08-19,109.03,109.03,105.75,106.98,26459911.0,2820304336.0,1423756420.0,0.018584577128719814
2021-08-20,106.98,107.78,101.7,104.86,27795531.0,2901920990.0,1423756420.0,0.019522672986436822
2021-08-23,104.86,106.91,104.07,106.1,17626738.0,1862672556.0,1423756420.0,0.012380444964033946
2021-08-24,106.12,107.68,105.35,106.98,19008229.0,2027344115.0,1423756420.0,0.01335075911369727
2021-08-25,107.7,107.7,104.45,106.11,20457024.0,2169381048.0,1423756420.0,0.014368345394361768
2021-08-26,106.28,108.79,104.5,106.58,20155133.0,2148669641.0,1423756420.0,0.014156307017741138
2021-08-27,106.0,106.34,104.1,104.7,20167849.0,2110554328.0,1423756420.0,0.014165238320751523
2021-08-30,105.11,108.37,105.08,106.86,20955990.0,2237203729.0,1423756420.0,0.01471880281319469
2021-08-31,108.44,108.98,104.85,106.7,19736671.0,2096143306.0,1423756420.0,0.013862392978709098
2021-09-01,107.4,107.53,104.27,107.0,22059596.0,2337825337.0,1423756420.0,0.015493939616440851
2021-09-02,106.0,107.22,104.6,105.1,24102383.0,2544445106.0,1423756420.0,0.016928726474153492
2021-09-03,105.46,105.5,102.01,102.85,23484330.0,2419447975.0,1423756420.0,0.01649462623669855
2021-09-06,102.09,105.16,102.09,104.59,18983841.0,1970233247.0,1423756420.0,0.01333362977917248
2021-09-07,104.5,107.55,103.18,107.03,22736235.0,2408140151.0,1423756420.0,0.01596918874648516
2021-09-08,106.0,109.68,105.6,108.42,26092193.0,2815875034.0,1423756420.0,0.01832630401764931
2021-09-09,107.83,109.48,104.48,105.6,23509965.0,2501945401.0,1423756420.0,0.01651263142328798
2021-09-10,105.6,106.49,104.7,105.15,14751540.0,1555137770.0,1423756420.0,0.010360999812032454
2021-09-13,105.49,115.67,105.15,115.67,55670746.0,6257522472.0,1423756420.0,0.03910131341146121
2021-09-14,116.8,117.33,111.83,112.22,41001787.0,4670680731.0,1423756420.0,0.02879831579618092
2021-09-15,112.2,112.22,106.82,110.61,33045570.0,3605691407.0,1423756420.0,0.02321012887864625
2021-09-16,111.0,115.39,110.68,111.45,30689978.0,3475437995.0,1423756420.0,0.02155563800723722
2021-09-17,111.45,112.5,109.17,112.03,16360271.0,1818756519.0,1423756420.0,0.0114909199145174
2021-09-22,110.01,111.85,107.95,111.07,14270163.0,1562882296.0,1423756420.0,0.010022896332225143
2021-09-23,111.57,112.4,107.0,107.34,19519965.0,2129049036.0,1423756420.0,0.013710185763376575
2021-09-24,107.42,107.5,104.56,104.73,22779315.0,2396622622.0,1423756420.0,0.015999446731204205
2021-09-27,104.93,105.93,102.06,103.15,22095248.0,2284667070.0,1423756420.0,0.01551898041660806
2021-09-28,103.37,106.37,102.65,105.85,17161859.0,1795973213.0,1423756420.0,0.012053929140491602
2021-09-29,105.13,107.59,103.68,106.21,17514694.0,1860212541.0,1423756420.0,0.012301748918540434
2021-09-30,106.22,107.32,105.19,106.75,13072987.0,1386812595.0,1423756420.0,0.009182039017601059
2021-10-08,108.98,109.18,106.31,107.34,13248834.0,1422260140.0,1423756420.0,0.00930554820606182
2021-10-11,107.63,108.85,105.55,106.2,11791087.0,1261178733.0,1423756420.0,0.008281674333029522
2021-10-12,106.33,106.33,104.0,104.63,12377312.0,1293765874.0,1423756420.0,0.008693419622999838
2021-10-13,104.68,105.37,102.81,103.63,13080764.0,1356611479.0,1423756420.0,0.00918750132835222
2021-10-14,103.63,106.75,103.63,104.96,11763280.0,1237072237.0,1423756420.0,0.00826214360459214
2021-10-15,104.0,105.62,103.8,104.97,10793379.0,1131329969.0,1423756420.0,0.007580916825646342
2021-10-18,105.54,106.23,102.91,104.74,12699575.0,1324837793.0,1423756420.0,0.008919766626934684
2021-10-19,105.04,110.92,105.0,108.86,33939613.0,3683408603.0,1423756420.0,0.023838075476421732
2021-10-20,110.0,113.8,107.9,108.09,31839481.0,3524404741.0,1423756420.0,0.022363011363980365
2021-10-21,109.0,112.66,108.66,111.75,26766109.0,2981817058.0,1423756420.0,0.018799640601445015
2021-10-22,111.99,112.54,109.65,111.03,15618889.0,1730561399.0,1423756420.0,0.010970197416212529
2021-10-25,110.55,111.99,109.12,110.62,16164950.0,1782431186.0,1423756420.0,0.011353732824607738
2021-10-26,111.68,112.0,109.02,109.26,12885533.0,1417846121.0,1423756420.0,0.009050377451502554
2021-10-27,109.26,109.27,105.28,105.9,19243802.0,2048974627.0,1423756420.0,0.013516217893507375
2021-10-28,106.34,106.87,103.68,104.5,17782971.0,1864512599.0,1423756420.0,0.012490177919619145
2021-10-29,104.5,105.77,103.99,105.47,14889388.0,1563544370.0,1423756420.0,0.010457819744194727
2021-11-01,105.1,106.61,103.86,104.4,17146728.0,1794735956.0,1423756420.0,0.012043301620371271
2021-11-02,104.4,105.0,102.18,103.98,22386261.0,2317159649.0,1423756420.0,0.01572337844137693
2021-11-03,103.6,103.78,101.88,102.57,17213632.0,1761693791.0,1423756420.0,0.012090292804439118
2021-11-04,102.9,103.76,102.03,103.28,12251662.0,1263325101.0,1423756420.0,0.008605167167569296
2021-11-05,103.22,103.6,100.0,100.56,27258863.0,2749851151.0,1423756420.0,0.019145734914403405
2021-11-08,99.88,101.55,98.08,100.49,14257137.0,1424821250.0,1423756420.0,0.010013747295341432
2021-11-09,100.5,100.98,95.92,96.66,31277784.0,3055020769.0,1423756420.0,0.021968493739961504
2021-11-10,96.01,97.43,93.4,97.34,22382124.0,2132816227.0,1423756420.0,0.015720472747719025
2021-11-11,96.03,99.22,95.51,98.88,14625761.0,1429802010.0,1423756420.0,0.010272656751215914
2021-11-12,99.0,99.3,97.19,98.52,10658280.0,1046883046.0,1423756420.0,0.007486027701283341
2021-11-15,98.49,99.05,95.86,97.52,12682670.0,1229128480.0,1423756420.0,0.008907893107165058
2021-11-16,97.85,98.28,96.88,97.25,8640477.0,843432260.0,1423756420.0,0.006068788789026145
2021-11-17,97.2,99.5,97.16,98.41,12205341.0,1203292386.0,1423756420.0,0.008572632810322991
2021-11-18,98.68,98.8,97.5,97.6,9249484.0,905243064.0,1423756420.0,0.0064965354115839565
2021-11-19,97.88,101.11,97.63,100.24,14444634.0,1436777135.0,1423756420.0,0.010145439063235269
2021-11-22,100.24,100.65,98.85,100.0,11266103.0,1124321471.0,1423756420.0,0.007912942720918512
2021-11-23,100.0,100.0,98.3,98.8,13194537.0,1305059696.0,1423756420.0,0.009267411766965026
2021-11-24,99.09,99.09,97.57,98.27,8645193.0,848568984.0,1423756420.0,0.0060721011533700405
2021-11-25,97.82,98.18,96.77,96.98,11629848.0,1129244644.0,1423756420.0,0.008168425326573768
2021-11-26,96.44,97.9,96.01,96.44,8990995.0,870005066.0,1423756420.0,0.006314981181963696
2021-11-29,94.8,96.44,94.5,95.0,17411361.0,1656490576.0,1423756420.0,0.012229171194887395
2021-11-30,94.9,96.28,94.6,95.75,11907963.0,1138759610.0,1423756420.0,0.008363764217477594
2021-12-01,95.88,96.7,94.5,95.0,11937047.0,1132734467.0,1423756420.0,0.008384191868999614
2021-12-02,94.68,96.25,94.1,95.19,12769946.0,1213698366.0,1423756420.0,0.008969192918547121
2021-12-03,94.81,95.3,93.56,95.02,11738154.0,1108207660.0,1423756420.0,0.008244495922975364
2021-12-06,95.3,100.5,95.3,97.67,23468251.0,2301889701.0,1423756420.0,0.01648333287234624
2021-12-07,98.49,100.28,97.53,99.5,20562485.0,2044034279.0,1423756420.0,0.014442417755700094
2021-12-08,100.6,100.98,99.09,100.0,15152642.0,1513601581.0,1423756420.0,0.010642720754158215
2021-12-09,100.0,103.38,99.55,102.85,23941209.0,2450971770.0,1423756420.0,0.016815523121574406
2021-12-10,102.0,103.76,101.36,102.6,16242370.0,1665574751.0,1423756420.0,0.011408110103552685
2021-12-13,104.6,111.56,104.6,106.8,47373865.0,5139860779.0,1423756420.0,0.03327385522869144
2021-12-14,106.0,107.2,103.54,104.7,17769409.0,1869586545.0,1423756420.0,0.012480652413844778
2021-12-15,104.51,105.88,102.83,103.18,13140655.0,1365905669.0,1423756420.0,0.009229566810311556
2021-12-16,103.96,104.4,103.0,103.99,9355361.0,970479787.0,1423756420.0,0.006570899957732939
2021-12-17,104.35,105.77,103.05,103.15,10849298.0,1127474874.0,1423756420.0,0.007620192504557767
2021-12-20,102.27,103.14,100.31,100.9,14550470.0,1471517179.0,1423756420.0,0.010219774812323586
2021-12-21,100.4,102.66,100.39,101.75,8760147.0,892821144.0,1423756420.0,0.0061528410878034885
2021-12-22,101.8,102.21,100.28,101.5,8904237.0,901532889.0,1423756420.0,0.006254045196860289
2021-12-23,101.68,102.92,101.36,102.64,7887000.0,805437092.0,1423756420.0,0.005539571157824876
2021-12-24,102.88,102.97,100.6,101.25,7293021.0,740061659.0,1423756420.0,0.0051223797115520645
2021-12-27,101.9,102.19,101.07,101.65,6159910.0,626360711.0,1423756420.0,0.004326519560136558
2021-12-28,101.08,102.3,100.88,101.88,6875701.0,700760468.0,1423756420.0,0.004829267776014664
2021-12-29,102.3,102.55,100.7,101.89,7794461.0,792420320.0,1423756420.0,0.005474574787167597
2021-12-30,101.89,101.91,99.15,100.72,12242263.0,1232981493.0,1423756420.0,0.008598565617003505
2021-12-31,100.72,101.66,99.9,101.0,8941507.0,901404281.0,1423756420.0,0.0062802224273727945
2022-01-04,101.05,101.53,98.78,100.05,14154523.0,1410441164.0,1423756420.0,0.009941674573801044
2022-01-05,99.79,103.5,99.5,100.55,13387736.0,1360959621.0,1423756420.0,0.009403108433393403
2022-01-06,100.02,102.79,100.0,100.95,10359634.0,1048617280.0,1423756420.0,0.007276268506659306
2022-01-07,100.96,104.11,100.6,102.85,13644260.0,1405192082.0,1423756420.0,0.009583282511203706
2022-01-10,103.0,103.96,100.41,100.7,12687301.0,1284514554.0,1423756420.0,0.008911145770285622
2022-01-11,100.18,100.8,98.0,98.2,11893975.0,1177831807.0,1423756420.0,0.008353939503219238
2022-01-12,98.18,99.57,97.02,99.19,9140442.0,899426014.0,1423756420.0,0.006419947872825044
2022-01-13,98.7,99.6,96.88,97.07,9077309.0,888842731.0,1423756420.0,0.0063756053159711125
2022-01-14,97.03,97.89,95.4,96.1,9025330.0,870538010.0,1423756420.0,0.006339096964352933
2022-01-17,96.3,96.98,95.32,95.53,9200240.0,882592855.0,1423756420.0,0.0064619480346223826
2022-01-18,96.29,99.28,96.2,98.8,17950305.0,1758255774.0,1423756420.0,0.012607707854971428
2022-01-19,98.6,98.66,96.02,96.47,13063064.0,1266282776.0,1423756420.0,0.009175069426552612
2022-01-20,96.5,96.8,94.8,95.32,11303520.0,1078281564.0,1423756420.0,0.007939223199429015
2022-01-21,95.2,95.38,92.91,93.67,13316623.0,1248622030.0,1423756420.0,0.009353160985219648
2022-01-24,93.3,93.53,91.3,93.43,8686115.0,805439072.0,1423756420.0,0.006100843429383798
2022-01-25,92.97,93.35,90.58,90.6,11710458.0,1075534996.0,1423756420.0,0.008225043157311979
2022-01-26,90.66,92.0,90.66,91.4,7260754.0,664029857.0,1423756420.0,0.005099716424808115
2022-01-27,92.03,93.0,91.05,92.03,11326415.0,1043710567.0,1423756420.0,0.007955303899525173
2022-01-28,92.16,93.0,90.17,90.35,11427689.0,1039922371.0,1423756420.0,0.008026435448838925
2022-02-07,90.95,93.48,90.8,92.63,9952210.0,919957855.0,1423756420.0,0.006990107198252353
2022-02-08,92.2,94.01,91.6,94.0,10346106.0,962535687.0,1423756420.0,0.007266766881374273
2022-02-09,94.07,95.66,94.07,94.89,10950630.0,1040682445.0,1423756420.0,0.007691364791176851
2022-02-10,95.24,97.85,94.58,96.6,16416116.0,1587332610.0,1423756420.0,0.01153014361824616
2022-02-11,97.13,100.98,96.21,98.14,19829171.0,1962800591.0,1423756420.0,0.013927361957040377
2022-02-14,97.0,100.25,96.85,99.12,14340793.0,1425114256.0,1423756420.0,0.010072504536976909
2022-02-15,99.3,99.69,96.81,97.18,9299041.0,907907313.0,1423756420.0,0.0065313426295208555
2022-02-16,97.9,98.98,96.1,97.5,8548705.0,833381103.0,1423756420.0,0.006004331134113516
2022-02-17,97.87,98.34,96.36,97.79,6865197.0,671236667.0,1423756420.0,0.004821890109545564
2022-02-18,97.34,98.5,96.86,98.42,7196984.0,703800098.0,1423756420.0,0.005054926459962863
2022-02-21,97.81,99.44,97.17,98.07,6781585.0,664321395.0,1423756420.0,0.004763163772072754
2022-02-22,97.15,97.66,95.36,96.2,10396921.0,999409520.0,1423756420.0,0.007302457677416478
2022-02-23,96.96,97.0,94.5,95.3,11521167.0,1097414610.0,1423756420.0,0.008092091342422182
2022-02-24,95.25,95.25,92.54,93.61,12629280.0,1183662727.0,1423756420.0,0.008870393715239577
2022-02-25,94.17,96.18,94.11,94.5,10030936.0,953944520.0,1423756420.0,0.007045401768934605
2022-02-28,95.0,96.33,94.34,94.8,8288183.0,787423528.0,1423756420.0,0.005821348991704635
2022-03-01,94.85,95.45,92.83,94.08,10620418.0,995120570.0,1423756420.0,0.007459434669309516
2022-03-02,94.0,94.77,93.01,93.09,7087221.0,662639514.0,1423756420.0,0.004977832514356634
2022-03-03,93.13,95.49,93.11,93.74,9280085.0,873784338.0,1423756420.0,0.00651802855435061
2022-03-04,93.57,93.7,91.14,91.47,13937349.0,1279538892.0,1423756420.0,0.009789138650556533
2022-03-07,90.75,91.48,86.85,87.05,20636081.0,1831700242.0,1423756420.0,0.014494109181962459
2022-03-08,87.0,88.49,84.77,85.43,16374824.0,1416733846.0,1423756420.0,0.011501141466319077
2022-03-09,86.86,87.15,80.32,83.6,20164624.0,1687613703.0,1423756420.0,0.014162973186101595
2022-03-10,85.04,86.33,82.99,84.02,21760507.0,1841884438.0,1423756420.0,0.01528386927308816
2022-03-11,83.0,83.3,80.97,82.81,18931329.0,1553884764.0,1423756420.0,0.013296747065765646
2022-03-14,81.3,82.93,80.24,80.34,16650225.0,1354026726.0,1423756420.0,0.011694574132280295
2022-03-15,79.6,79.6,75.55,75.55,26942373.0,2086406053.0,1423756420.0,0.018923442677083766
2022-03-16,76.9,78.75,73.5,78.32,28095764.0,2146713537.0,1423756420.0,0.019733546838018822
2022-03-17,79.5,81.88,79.1,80.54,25345944.0,2045119109.0,1423756420.0,0.017802163097533213
2022-03-18,80.98,81.81,79.13,81.12,15514564.0,1252171217.0,1423756420.0,0.010896922944164845
2022-03-21,81.13,81.18,78.34,79.75,17120383.0,1364555297.0,1423756420.0,0.01202479775297519
2022-03-22,79.77,81.59,78.8,79.04,12725581.0,1014713518.0,1423756420.0,0.008938032391804773
2022-03-23,78.9,80.58,78.87,80.1,12300076.0,981657600.0,3139746626.0,0.003917537771406144
2022-03-24,79.98,80.69,78.86,80.09,9571130.0,763792948.0,3139746626.0,0.003048376553936617
2022-03-25,79.01,80.99,77.74,77.85,12068629.0,952428494.0,3139746626.0,0.00384382258748544
2022-03-28,77.3,78.5,76.15,78.15,9293247.0,719129614.0,3139746626.0,0.0029598716415660223
2022-03-29,78.0,78.61,77.03,78.16,8518972.0,663519729.0,3139746626.0,0.0027132673475799124
2022-03-30,78.93,82.22,78.93,81.9,16509425.0,1333166769.0,3139746626.0,0.005258202959209104
2022-03-31,81.4,81.86,80.35,80.89,7696485.0,623029777.0,3139746626.0,0.00245130767440468
2022-04-01,80.66,87.44,80.2,86.03,31212783.0,2654763746.0,3139746626.0,0.009941178928748374
2022-04-06,85.38,87.72,85.08,86.68,17505194.0,1518006099.0,3139746626.0,0.005575352436098135
2022-04-07,85.6,89.22,85.59,87.6,18929576.0,1667539556.0,3139746626.0,0.006029013883873825
2022-04-08,86.9,89.19,86.9,88.52,16842102.0,1484911227.0,3139746626.0,0.005364159598271991
2022-04-11,88.52,89.29,87.5,88.22,14986318.0,1325241493.0,3139746626.0,0.00477309789137106
2022-04-12,87.49,88.37,84.9,87.0,12588489.0,1094274034.0,3139746626.0,0.004009396457585365
2022-04-13,86.97,87.75,86.06,86.6,8357719.0,725566116.0,3139746626.0,0.002661908744734487
2022-04-14,86.88,88.27,86.35,86.6,9862243.0,860160163.0,3139746626.0,0.003141095182118049
2022-04-15,87.3,87.3,84.53,84.65,11408240.0,972974694.0,3139746626.0,0.0036334906471526215
2022-04-18,84.0,84.55,83.4,83.79,7276527.0,609949817.0,3139746626.0,0.0023175522953806657
2022-04-19,83.4,84.3,81.45,82.54,11938398.0,986425101.0,3139746626.0,0.003802344399748389
2022-04-20,82.69,83.2,80.0,80.33,11038136.0,893680138.0,3139746626.0,0.0035156136194538904
2022-04-21,80.0,81.2,79.61,80.0,10608506.0,852150333.0,3139746626.0,0.003378777737079731
2022-04-22,79.71,80.12,78.23,79.81,12481249.0,989744581.0,3139746626.0,0.003975240835245666
2022-04-25,79.3,79.49,75.52,75.52,15387735.0,1190376999.0,3139746626.0,0.004900948016816183
2022-04-26,75.02,78.34,73.75,77.3,19909557.0,1524199537.0,3139746626.0,0.006341134929529183
2022-04-27,76.71,79.42,76.7,78.78,18027651.0,1408029822.0,3139746626.0,0.005741753443005372
2022-04-28,78.7,80.06,77.8,79.97,13434223.0,1059221002.0,3139746626.0,0.00427876023139964
2022-04-29,78.0,79.37,76.22,77.85,13107464.0,1018552893.0,3139746626.0,0.004174688457806786
2022-05-05,79.45,82.59,78.63,81.69,20154347.0,1634436999.0,3139746626.0,0.006419099819426002
2022-05-06,80.78,80.84,78.82,79.5,10768525.0,860714641.0,3139746626.0,0.0034297433145804423
2022-05-09,78.9,79.55,77.8,78.8,7403254.0,581047711.0,3139746626.0,0.0023579144694970684
2022-05-10,78.3,79.27,76.11,77.96,11749582.0,912858800.0,3139746626.0,0.003742207063048533
2022-05-11,77.99,83.16,77.99,82.11,22228160.0,1818666683.0,3139746626.0,0.007079603116993683
2022-05-12,81.99,84.08,81.52,82.35,10919246.0,904885677.0,3139746626.0,0.003477747506623167
2022-05-13,83.68,83.69,81.31,81.99,6615394.0,543561889.0,3139746626.0,0.0021069833932516823
2022-05-16,82.64,84.26,81.8,81.8,8265444.0,683970709.0,3139746626.0,0.002632519430566306
2022-05-17,82.5,82.9,81.03,82.43,6595468.0,541004003.0,3139746626.0,0.0021006370212753593
2022-05-18,82.6,83.8,81.8,83.38,8171703.0,677244366.0,3139746626.0,0.0026026631997406275
2022-05-19,82.09,82.3,80.5,81.4,9345962.0,759623446.0,3139746626.0,0.002976661212916612
2022-05-20,81.98,84.48,81.57,84.18,15034653.0,1258763945.0,3139746626.0,0.00478849244569584
2022-05-23,84.18,84.44,82.5,83.15,7276191.0,605507665.0,3139746626.0,0.002317445280375946
2022-05-24,83.04,84.75,81.96,82.03,8242424.0,685714202.0,3139746626.0,0.002625187628754856
2022-05-25,83.05,83.18,81.58,82.31,6103937.0,502538842.0,3139746626.0,0.0019440858537608633
2022-05-26,82.5,84.0,81.4,83.1,7512642.0,621218326.0,3139746626.0,0.0023927542234740825
2022-05-27,83.99,85.37,83.19,83.51,11328096.0,956952720.0,3139746626.0,0.0036079650205506743
2022-05-30,84.1,85.68,83.72,85.34,11207231.0,954927776.0,3139746626.0,0.0035694698760701847
2022-05-31,85.0,85.0,83.45,84.12,14822592.0,1247287160.0,3139746626.0,0.004720951645351016
2022-06-01,84.7,84.7,82.68,83.32,9233184.0,767780212.0,3139746626.0,0.002940741753981265
2022-06-02,82.77,82.82,81.28,81.7,11657373.0,951593538.0,3139746626.0,0.0037128387696848506
2022-06-06,81.7,83.29,80.36,83.01,13290037.0,1088615957.0,3139746626.0,0.0042328374174993065
2022-06-07,82.24,84.3,82.16,84.0,16548457.0,1382876760.0,3139746626.0,0.005270634535590707
2022-06-08,84.5,85.33,83.61,84.59,14962471.0,1264484359.0,3139746626.0,0.004765502692509303
2022-06-09,84.34,87.39,84.34,85.77,21164956.0,1824953609.0,3139746626.0,0.00674097579235682
2022-06-10,85.24,87.68,84.84,87.42,20817342.0,1801443586.0,3139746626.0,0.006630261763039474
2022-06-13,86.11,87.2,84.6,85.01,15494261.0,1320672013.0,3139746626.0,0.004934876232270852
2022-06-14,84.01,86.73,84.01,86.4,13140628.0,1124594460.0,3139746626.0,0.004185251093570249
2022-06-15,87.01,94.62,87.01,92.19,42395701.0,3903095991.0,3139746626.0,0.01350290518633716
2022-06-16,93.49,94.5,90.1,90.25,18478020.0,1695664187.0,3139746626.0,0.005885194635447631
2022-06-17,90.0,95.94,90.0,95.16,23647761.0,2222761286.0,3139746626.0,0.007531741830431383
2022-06-20,96.31,96.5,92.63,93.0,18454996.0,1728417998.0,3139746626.0,0.00587786155964803
2022-06-21,92.5,94.1,92.36,93.1,11745880.0,1096153534.0,3139746626.0,0.003741027987014389
2022-06-22,93.1,93.86,90.91,91.02,12112124.0,1109643780.0,3139746626.0,0.0038576756161469955
2022-06-23,91.47,92.67,90.6,91.87,9224241.0,845096358.0,3139746626.0,0.0029378934349717175
2022-06-24,92.38,93.43,91.68,93.42,13950717.0,1292832953.0,3139746626.0,0.004443262040470141
2022-06-27,93.8,96.8,93.06,95.65,16299423.0,1556562059.0,3139746626.0,0.005191317944265226
2022-06-28,95.96,95.96,93.1,94.84,12089818.0,1137129580.0,3139746626.0,0.003850571221220575
2022-06-29,93.5,95.6,93.07,94.47,14269313.0,1350043891.0,3139746626.0,0.0045447339227429745
2022-06-30,94.5,98.3,94.01,96.99,17079459.0,1655687621.0,3139746626.0,0.005439757099686426
2022-07-01,97.5,98.66,96.25,96.59,9776329.0,953346680.0,3139746626.0,0.0031137318276076714
2022-07-04,96.05,96.88,95.09,96.2,10675178.0,1025036614.0,3139746626.0,0.0034000125715876795
2022-07-05,96.8,98.59,94.4,96.74,11265437.0,1081852657.0,3139746626.0,0.0035880083146556424
2022-07-06,96.11,96.11,92.67,93.6,16858859.0,1575499263.0,3139746626.0,0.0053694966531353475
2022-07-07,93.0,94.96,92.9,93.96,8892304.0,835799187.0,3139746626.0,0.002832172483716844
2022-07-08,94.88,95.59,94.18,94.3,6725299.0,637070866.0,3139746626.0,0.002141987810197268
2022-07-11,94.01,94.29,90.9,91.78,11282825.0,1034909667.0,3139746626.0,0.003593546341149886
2022-07-12,91.22,93.85,91.22,92.51,8282638.0,766166675.0,3139746626.0,0.0026379956686352055
2022-07-13,92.3,93.24,92.0,92.5,6587934.0,609173053.0,3139746626.0,0.002098237464592151
2022-07-14,92.48,92.48,90.68,91.49,6885680.0,629002130.0,3139746626.0,0.0021930686836256832
2022-07-15,90.9,93.32,89.75,89.81,13744572.0,1252901477.0,3139746626.0,0.004377605468601275
2022-07-18,89.9,92.65,89.7,92.17,8804666.0,806814943.0,3139746626.0,0.002804260040313202
2022-07-19,92.35,92.64,89.9,90.91,9979611.0,904676666.0,3139746626.0,0.0031784765424571555
2022-07-20,91.37,91.37,89.3,89.49,14870996.0,1335607519.0,3139746626.0,0.004736368175971407
2022-07-21,89.49,90.01,87.2,87.4,16479992.0,1451445780.0,3139746626.0,0.005248828635893882
2022-07-22,88.0,88.6,86.26,86.79,12775356.0,1113118212.0,3139746626.0,0.004068913043558439
2022-07-25,86.68,87.07,86.03,86.25,6245793.0,540035255.0,3139746626.0,0.0019892665695629926
2022-07-26,86.9,87.38,86.5,86.76,5672435.0,492918126.0,3139746626.0,0.001806653744931837
2022-07-27,86.76,86.98,84.83,85.25,10220627.0,871529998.0,3139746626.0,0.0032552394245331058
2022-07-28,85.28,86.89,85.04,85.15,10332928.0,886336730.0,3139746626.0,0.0032910069603813946
2022-07-29,85.9,86.47,82.87,83.7,14811178.0,1244753862.0,3139746626.0,0.004717316320160925
2022-08-01,83.7,83.7,80.68,82.07,19524055.0,1594145020.0,3139746626.0,0.006218353684441542
2022-08-02,81.9,81.9,80.0,81.0,13016090.0,1053055403.0,3139746626.0,0.004145586109469713
2022-08-03,80.99,82.66,80.27,80.8,11774979.0,954401719.0,3139746626.0,0.0037502959323189667
2022-08-04,81.0,81.67,80.21,80.69,11643534.0,940960011.0,3139746626.0,0.0037084310891779583
2022-08-05,80.68,82.52,80.5,82.32,8658435.0,707062007.0,3139746626.0,0.002757685899970452
2022-08-08,82.5,82.55,80.68,81.72,10533024.0,858499158.0,3139746626.0,0.003354736943668269
2022-08-09,81.72,82.66,81.21,81.62,7995417.0,655117963.0,3139746626.0,0.0025465166309251094
2022-08-10,81.7,82.63,81.0,81.81,9540295.0,780352133.0,3139746626.0,0.003038555697774321
2022-08-11,81.81,83.53,81.0,83.34,12221292.0,1011066666.0,3139746626.0,0.0038924453007756813
2022-08-12,83.48,88.76,82.5,87.87,29346543.0,2526324757.0,3139746626.0,0.009346787016819617
2022-08-15,87.69,88.98,87.0,88.05,18257176.0,1607588218.0,3139746626.0,0.005814856475619317
2022-08-16,88.68,88.74,86.12,86.39,13820453.0,1200878047.0,3139746626.0,0.004401773342330841
2022-08-17,86.2,86.88,84.92,86.0,9436592.0,810351507.0,3139746626.0,0.0030055265994575193
2022-08-18,86.25,86.75,84.68,84.99,8979912.0,767175773.0,3139746626.0,0.00286007537220935
2022-08-19,84.32,85.98,84.32,84.88,6501292.0,554120002.0,3139746626.0,0.002070642244238214
2022-08-22,84.6,89.66,84.52,89.36,19227582.0,1696775567.0,3139746626.0,0.0061239279121372
2022-08-23,89.91,91.82,88.1,90.88,18997013.0,1716739597.0,3139746626.0,0.0060504923686157345
2022-08-24,90.74,92.6,88.68,89.0,13073446.0,1179939117.0,3139746626.0,0.004163853825572994
2022-08-25,89.51,89.84,87.0,89.49,11905005.0,1055025433.0,3139746626.0,0.003791708828163257
2022-08-26,89.81,90.0,88.0,88.67,9939440.0,883773828.0,3139746626.0,0.003165682197949434
2022-08-29,87.78,89.19,86.91,87.8,16482063.0,1444580583.0,3139746626.0,0.005249488243259283
2022-08-30,87.49,88.88,86.11,88.45,12432373.0,1088151998.0,3139746626.0,0.003959673974023406
2022-08-31,87.01,90.88,86.89,88.57,17861849.0,1589016590.0,3139746626.0,0.005688945997134738
2022-09-01,88.6,89.47,87.78,88.11,8819287.0,781522312.0,3139746626.0,0.0028089167855036975
2022-09-02,88.26,88.58,86.5,86.95,7998035.0,698714895.0,3139746626.0,0.002547350456170217
2022-09-05,87.66,90.0,87.51,88.65,12213622.0,1079626572.0,3139746626.0,0.003890002428495324
2022-09-06,89.88,92.78,89.21,91.5,19350569.0,1773013205.0,3139746626.0,0.006163098907332021
2022-09-07,91.2,92.55,90.02,90.52,12622106.0,1150881747.0,3139746626.0,0.004020103372506976
2022-09-08,91.0,92.61,89.71,92.01,12915216.0,1185617548.0,3139746626.0,0.004113458039273007
2022-09-09,92.33,96.16,91.68,95.61,22265948.0,2111686329.0,3139746626.0,0.007091638483060193
2022-09-13,95.58,95.61,92.63,93.0,17657143.0,1657007306.0,3139746626.0,0.005623747742503347
2022-09-14,91.93,92.7,90.79,91.36,12733368.0,1164987814.0,3139746626.0,0.004055539989932933
2022-09-15,91.35,93.57,91.15,91.5,12308982.0,1135770388.0,3139746626.0,0.003920374306025291
2022-09-16,91.14,91.8,90.1,90.38,10871854.0,987074637.0,3139746626.0,0.0034626532950050855
2022-09-19,90.88,92.95,89.5,91.36,10444962.0,957107027.0,3139746626.0,0.0033266894575205764
2022-09-20,91.3,92.0,89.01,89.55,9364304.0,842371230.0,3139746626.0,0.0029825030855849706
2022-09-21,89.0,90.1,87.74,87.94,15284500.0,1354408021.0,3139746626.0,0.004868067975113097
2022-09-22,87.4,88.95,87.1,88.05,9062895.0,797862243.0,3139746626.0,0.002886505211901771
2022-09-23,88.04,88.84,86.4,87.76,8146246.0,714058087.0,3139746626.0,0.0025945552206479224
2022-09-26,86.99,88.68,86.8,87.28,7548654.0,661704418.0,3139746626.0,0.00240422393880136
2022-09-27,87.3,87.95,86.4,87.66,8339289.0,727065613.0,3139746626.0,0.002656038844326797
2022-09-28,88.88,89.87,86.8,87.08,10650483.0,935462391.0,3139746626.0,0.0033921472872378206
2022-09-29,88.19,90.47,87.8,89.49,13214063.0,1180901616.0,3139746626.0,0.00420863992354522
2022-09-30,90.53,93.27,90.08,92.1,15291143.0,1406135800.0,3139746626.0,0.004870183750935576
2022-10-10,92.05,92.05,87.87,89.93,11588511.0,1041592071.0,3139746626.0,0.0036909064266639965
2022-10-11,89.05,93.28,89.0,92.77,13002123.0,1187887660.0,3139746626.0,0.0041411376613419764
2022-10-12,92.66,94.83,90.63,94.2,15562891.0,1445915841.0,3139746626.0,0.004956734683978923
2022-10-13,92.99,93.78,91.5,92.99,10857938.0,1003640185.0,3139746626.0,0.0034582210902262787
2022-10-14,93.75,94.0,92.26,92.41,9315052.0,866729820.0,3139746626.0,0.002966816469476477
2022-10-17,92.35,93.28,91.7,92.69,6683257.0,618087128.0,3139746626.0,0.0021285975577317174
2022-10-18,92.17,93.96,90.71,90.9,12189435.0,1114808316.0,3139746626.0,0.003882298940640696
2022-10-19,90.89,91.78,85.18,85.51,23936579.0,2091522602.0,3139746626.0,0.007623729507910936
2022-10-20,85.0,88.11,84.52,86.66,16622972.0,1435878352.0,3139746626.0,0.005294367342366562
2022-10-21,86.66,87.67,85.66,86.42,9314920.0,804813591.0,3139746626.0,0.00296677442786748
2022-10-24,85.99,87.5,84.89,86.05,14683365.0,1257651609.0,3139746626.0,0.00467660825826141
2022-10-25,81.75,84.9,81.0,83.5,21546115.0,1796945820.0,3139746626.0,0.006862373804809051
2022-10-26,83.38,83.94,82.0,82.36,16207364.0,1344360272.0,3139746626.0,0.005161997425457222
2022-10-27,82.08,84.15,82.08,83.13,12124837.0,1008993052.0,3139746626.0,0.003861724668989261
2022-10-28,83.2,84.88,82.02,82.2,11662750.0,972413455.0,3139746626.0,0.003714551328257403
2022-10-31,81.55,82.65,80.0,80.36,14223370.0,1149969188.0,3139746626.0,0.004530101213332747
2022-11-01,80.0,81.55,77.95,81.55,17913272.0,1434841402.0,3139746626.0,0.005705324070312418
2022-11-02,80.84,82.46,80.0,81.79,13961248.0,1134365045.0,3139746626.0,0.004446616132775805
2022-11-03,82.39,82.48,80.6,81.5,10548326.0,857772244.0,3139746626.0,0.0033596105853415446
2022-11-04,81.0,83.11,80.8,82.41,13832020.0,1137325811.0,3139746626.0,0.004405457397567723
2022-11-07,82.0,83.5,81.45,82.85,11328662.0,938217030.0,3139746626.0,0.003608145289874101
2022-11-08,83.06,83.5,81.4,82.17,8619698.0,706409549.0,3139746626.0,0.0027453482802150164
2022-11-09,82.24,82.9,82.0,82.32,6804799.0,560433451.0,3139746626.0,0.002167308324706836
2022-11-10,81.92,82.09,80.92,81.58,6434536.0,523332926.0,3139746626.0,0.0020493806559790852
2022-11-11,83.16,87.24,82.81,86.48,21194772.0,1801229665.0,3139746626.0,0.006750472100037539
2022-11-14,87.4,89.99,87.2,88.65,19241682.0,1711832206.0,3139746626.0,0.006128418720370973
2022-11-15,88.6,89.48,86.68,89.19,12227303.0,1079307518.0,3139746626.0,0.003894359786470235
2022-11-16,88.99,89.95,88.1,88.35,7994612.0,711602655.0,3139746626.0,0.0025462602408096355
2022-11-17,88.21,88.99,87.27,88.68,6922561.0,609368859.0,3139746626.0,0.0022048151728788577
2022-11-18,88.87,89.56,88.28,89.0,7562168.0,674030403.0,3139746626.0,0.0024085281077709485
2022-11-21,88.1,88.1,85.41,86.45,10285377.0,886034749.0,3139746626.0,0.0032758621077342946
2022-11-22,86.95,88.28,86.46,87.5,8234836.0,719951507.0,3139746626.0,0.0026227708732316033
2022-11-23,87.78,88.08,86.42,86.49,6143159.0,534657354.0,3139746626.0,0.0019565779445796594
2022-11-24,86.61,87.92,86.01,86.52,6693760.0,580519787.0,3139746626.0,0.002131942732120321
2022-11-25,86.5,89.11,86.15,87.9,10763114.0,949366325.0,3139746626.0,0.003428019927108602
2022-11-28,86.03,87.9,85.11,86.99,10127440.0,874649020.0,3139746626.0,0.0032255596410664
2022-11-29,88.0,91.0,87.41,90.92,16351416.0,1472235157.0,3139746626.0,0.005207877560754483
2022-11-30,89.77,90.7,88.14,89.5,12700683.0,1131337744.0,3139746626.0,0.004045129914250603
2022-12-01,90.0,93.1,89.71,90.45,12521062.0,1141576277.0,3139746626.0,0.003987921157813834
2022-12-02,90.65,90.65,89.4,89.94,6770900.0,608267485.0,3139746626.0,0.0021565115936205484
2022-12-05,91.68,92.25,89.88,91.2,10139192.0,926783428.0,3139746626.0,0.003229302618255286
2022-12-06,90.5,93.11,90.38,92.88,13866254.0,1282345860.0,3139746626.0,0.004416360825161693
2022-12-07,92.8,93.28,91.98,92.63,9822493.0,910403612.0,3139746626.0,0.003128434924863265
2022-12-08,92.51,93.16,91.66,92.44,8763466.0,810344150.0,3139746626.0,0.0027911379623535267
2022-12-09,92.4,93.66,92.0,93.4,17661367.0,1638528878.0,3139746626.0,0.005625093073991252
2022-12-12,92.5,93.15,90.67,90.81,13104469.0,1200724655.0,3139746626.0,0.004173734559178407
2022-12-13,90.81,91.78,90.0,91.15,7959693.0,724347322.0,3139746626.0,0.0025351386427447348
2022-12-14,91.48,92.1,90.67,91.8,5931376.0,542887626.0,3139746626.0,0.0018891256864113596
2022-12-15,91.81,91.81,90.4,91.26,7214261.0,655841375.0,3139746626.0,0.0022977207588215113
2022-12-16,91.04,91.84,90.82,91.4,6752514.0,616269484.0,3139746626.0,0.0021506557070825245
2022-12-19,91.83,91.99,90.16,90.73,9714452.0,881210259.0,3139746626.0,0.0030940241863962434
2022-12-20,90.01,91.1,89.3,89.61,7588157.0,682533830.0,3139746626.0,0.0024168055272877935
2022-12-21,90.4,90.4,89.02,89.85,5890761.0,528111626.0,3139746626.0,0.0018761899292188298
2022-12-22,90.68,92.15,90.08,91.57,10154029.0,930728263.0,3139746626.0,0.0032340281588059583
2022-12-23,91.94,91.94,88.1,88.81,9750531.0,875344562.0,3139746626.0,0.003105515241025057
2022-12-26,89.21,91.3,88.01,90.28,8370512.0,754253819.0,3139746626.0,0.002665983277339781
2022-12-27,91.28,92.12,90.53,91.84,7529929.0,689645344.0,3139746626.0,0.0023982600817675026
2022-12-28,91.25,93.33,91.22,92.86,8632725.0,801402701.0,3139746626.0,0.002749497341127169
2022-12-29,92.15,93.05,91.68,92.91,7915162.0,732743497.0,3139746626.0,0.00252095565115196
2022-12-30,93.13,93.68,92.57,92.65,8423465.0,784651381.0,3139746626.0,0.0026828486509853804
2023-01-03,92.0,92.89,91.3,92.4,9448947.0,870562092.0,3139746626.0,0.003009461630360233
2023-01-04,92.6,93.18,92.2,92.45,6735121.0,624190771.0,3139746626.0,0.0021451160881030915
2023-01-05,93.5,93.55,92.68,92.9,6673576.0,620378248.0,3139746626.0,0.0021255141879082317
2023-01-06,92.66,94.4,92.66,93.68,9380628.0,880537114.0,3139746626.0,0.002987702231230935
2023-01-09,93.8,95.88,93.0,93.11,10534845.0,990599704.0,3139746626.0,0.0033553169267742052
2023-01-10,93.23,93.39,90.07,90.9,12557135.0,1143545146.0,3139746626.0,0.003999410301460421
2023-01-11,91.07,91.95,90.25,90.47,7659056.0,696714660.0,3139746626.0,0.00243938664877476
2023-01-12,90.99,91.66,90.51,91.2,5295898.0,482791947.0,3139746626.0,0.001686727825788577
2023-01-13,91.91,93.34,91.35,93.33,7039956.0,652874292.0,3139746626.0,0.0022422051326379863
2023-01-16,93.04,95.91,92.7,95.46,12658920.0,1203111182.0,3139746626.0,0.004031828522458615
2023-01-17,95.84,96.39,95.0,95.65,8131450.0,778385840.0,3139746626.0,0.002589842738475802
2023-01-18,95.98,96.5,94.6,94.93,5923113.0,563982860.0,3139746626.0,0.0018864939453875538
2023-01-19,95.21,95.9,94.2,95.85,8997426.0,856238862.0,3139746626.0,0.002865653529330363
2023-01-20,96.48,96.48,94.59,94.92,9078040.0,864963277.0,3139746626.0,0.002891328849540103
2023-01-30,97.44,98.6,95.7,97.87,15753445.0,1541765263.0,3139746626.0,0.005017425568530573
2023-01-31,98.68,98.8,96.4,96.61,11590678.0,1128492621.0,3139746626.0,0.003691596609745031
2023-02-01,96.98,97.3,95.61,96.95,9503258.0,918195648.0,3139746626.0,0.003026759522983241
2023-02-02,96.96,100.3,95.78,100.04,20734376.0,2038331869.0,3139746626.0,0.006603837337796696
2023-02-03,99.0,100.26,97.91,99.98,18316346.0,1821047392.0,3139746626.0,0.005833701945349268
2023-02-06,99.3,99.48,96.86,99.19,14293031.0,1406459911.0,3139746626.0,0.0045522880354868485
2023-02-07,98.78,98.93,97.36,98.04,7775940.0,763553295.0,3139746626.0,0.002476613856547544
2023-02-08,97.8,99.0,97.0,97.26,10321268.0,1010857473.0,3139746626.0,0.0032872932849199914
2023-02-09,97.0,97.9,96.65,97.48,9077620.0,882926036.0,3139746626.0,0.0028911950807842036
2023-02-10,97.42,98.5,97.08,97.99,8009946.0,784231808.0,3139746626.0,0.0025511440743881224
2023-02-13,97.11,98.4,97.02,97.97,9445700.0,924478699.0,3139746626.0,0.0030084274704783136
2023-02-14,96.8,100.32,96.24,100.0,14387842.0,1429769441.0,3139746626.0,0.004582485058143033
2023-02-15,100.0,100.78,98.88,99.41,5790002.0,576116664.0,3139746626.0,0.001844098486181477
2023-02-16,99.98,100.8,98.5,99.0,7856946.0,784878548.0,3139746626.0,0.0025024140275961234
2023-02-17,99.2,103.18,99.2,101.61,18971093.0,1937306767.0,3139746626.0,0.006042236925394502
2023-02-20,101.71,104.47,100.58,104.01,15729061.0,1617455523.0,3139746626.0,0.005009659336759488
2023-02-21,103.96,108.0,103.41,106.8,16075448.0,1707444906.0,3139746626.0,0.005119982570211384
2023-02-22,106.01,107.26,102.98,103.2,15016549.0,1570391079.0,3139746626.0,0.004782726375322491
2023-02-23,103.1,104.43,101.81,102.69,11398745.0,1170015546.0,3139746626.0,0.003630466517778177
2023-02-24,102.14,103.28,101.5,101.74,8344691.0,851866473.0,3139746626.0,0.002657759365325296
2023-02-27,101.33,104.98,101.08,102.85,14627487.0,1512807647.0,3139746626.0,0.004658811280780082
2023-02-28,103.45,104.9,102.56,104.26,12078028.0,1256359946.0,3139746626.0,0.0038468161411442502
2023-03-01,104.2,105.78,102.58,103.21,12323724.0,1283418236.0,3139746626.0,0.003925069589357367
2023-03-02,103.17,107.15,103.01,106.33,13522123.0,1430111278.0,3139746626.0,0.0043067561210272005
2023-03-03,105.5,107.0,105.29,106.01,8116352.0,860814543.0,3139746626.0,0.002585034070198249
2023-03-06,105.0,106.0,103.57,104.1,10782385.0,1125203586.0,3139746626.0,0.003434157683525129
2023-03-07,103.89,104.98,102.31,102.65,8612946.0,892923238.0,3139746626.0,0.002743197788215411
2023-03-08,102.2,102.58,100.44,100.99,11291170.0,1142112156.0,3139746626.0,0.0035962041989307963
2023-03-09,100.68,101.5,98.61,99.09,13412017.0,1333148813.0,3139746626.0,0.0042716876861770055
2023-03-10,98.7,99.99,98.1,98.24,9960190.0,984615223.0,3139746626.0,0.0031722910114849504
2023-03-13,98.9,101.38,98.6,99.0,8922942.0,889252537.0,3139746626.0,0.002841930595962682
2023-03-14,98.88,98.99,96.8,98.21,7361419.0,719489519.0,3139746626.0,0.002344590145918354
2023-03-15,100.09,100.5,97.69,97.72,7149560.0,703509356.0,3139746626.0,0.002277113681975177
2023-03-16,97.5,98.23,96.5,96.75,10266545.0,998265774.0,3139746626.0,0.0032698641715173866
2023-03-17,98.28,99.68,97.01,97.42,10054944.0,990066819.0,3139746626.0,0.003202469879809977
2023-03-20,97.9,99.5,96.91,97.08,10923832.0,1069681583.0,3139746626.0,0.003479208134038775
2023-03-21,96.87,98.9,96.55,98.02,8292003.0,813877705.0,3139746626.0,0.0026409783933947287
2023-03-22,98.22,99.72,97.5,97.85,7827617.0,771619807.0,3139746626.0,0.002493072827972839
2023-03-23,97.86,98.1,96.5,97.11,7814800.0,758783849.0,3139746626.0,0.002488990651438636
2023-03-24,96.57,97.01,94.28,95.6,12610369.0,1207404945.0,3139746626.0,0.004016365172773658
2023-03-27,95.8,96.86,94.5,94.88,12170293.0,1158057272.0,3139746626.0,0.0038762022703420526
2023-03-28,96.5,98.57,94.63,95.85,14725016.0,1414476715.0,3139746626.0,0.004689873978385159
2023-03-29,97.0,97.73,94.68,94.98,7982133.0,763894907.0,3139746626.0,0.002542285716274228
2023-03-30,94.88,96.5,94.0,96.43,8761525.0,834820824.0,3139746626.0,0.0027905197596030475
2023-03-31,96.6,97.97,95.45,95.88,10907857.0,1054051889.0,3139746626.0,0.003474120143859022
2023-04-03,96.36,96.66,94.88,95.82,9311524.0,889673007.0,3139746626.0,0.00296569281192692
2023-04-04,95.88,96.0,94.5,94.98,8380446.0,795858029.0,3139746626.0,0.0026691472269138447
2023-04-06,94.66,94.72,93.11,94.01,6756444.0,634368638.0,3139746626.0,0.0021519074004412993
2023-04-07,93.88,95.49,93.5,94.96,5683096.0,537955400.0,3139746626.0,0.001810049241852422
2023-04-10,95.0,95.12,93.33,93.6,8153769.0,764445338.0,3139746626.0,0.002596951273863715
2023-04-11,93.6,94.6,93.26,93.26,7327119.0,686737868.0,3139746626.0,0.0023336656975198864
2023-04-12,93.38,93.68,91.61,92.12,10138589.0,934937366.0,3139746626.0,0.0032291105645414586
2023-04-13,92.12,92.41,90.8,91.92,8021193.0,734194962.0,3139746626.0,0.002554726210572891
2023-04-14,91.98,92.88,91.23,91.98,7379065.0,679946879.0,3139746626.0,0.0023502103446483647
2023-04-17,92.5,97.36,92.5,97.27,20045988.0,1933439488.0,3139746626.0,0.0063845877989009425
2023-04-18,96.66,98.38,96.58,98.13,11365355.0,1109887419.0,3139746626.0,0.0036198319016841583
2023-04-19,98.2,98.2,96.2,96.41,6958739.0,673167240.0,3139746626.0,0.002216337758714419
2023-04-20,96.44,96.72,94.4,94.6,9678151.0,921319551.0,3139746626.0,0.0030824624254250253
2023-04-21,94.6,94.85,92.35,92.48,8633453.0,806831546.0,3139746626.0,0.0027497292069707286
2023-04-24,93.42,93.5,90.57,90.74,9139280.0,833482623.0,3139746626.0,0.0029108336081384166
2023-04-25,90.77,94.58,90.77,94.25,14893286.0,1391737064.0,3139746626.0,0.0047434674749452215
2023-04-26,94.3,94.35,91.7,91.73,7631860.0,705857974.0,3139746626.0,0.002430724803333223
2023-04-27,91.74,94.28,91.12,93.5,7536905.0,697973092.0,3139746626.0,0.0024004819171035874
2023-04-28,92.92,94.17,91.84,92.18,6749181.0,624692499.0,3139746626.0,0.0021495941564553494
2023-05-04,91.89,92.18,89.53,90.05,15644021.0,1410890711.0,3139746626.0,0.004982574348660196
2023-05-05,90.21,90.5,87.69,90.11,12822074.0,1142238555.0,3139746626.0,0.004083792588173005
2023-05-08,89.89,90.55,88.29,89.41,10654911.0,950555362.0,3139746626.0,0.003393557592121448
2023-05-09,89.5,91.1,88.72,89.75,8469956.0,764127991.0,3139746626.0,0.002697655896772353
2023-05-10,89.8,91.6,89.75,89.89,6709256.0,609308099.0,3139746626.0,0.0021368781622189406
2023-05-11,89.99,90.11,88.3,89.0,5414293.0,481749266.0,3139746626.0,0.0017244362825855617
2023-05-12,88.99,89.83,87.42,87.75,8317478.0,732838419.0,3139746626.0,0.0026490921054341155
2023-05-15,87.22,88.77,86.53,88.55,7419792.0,650150114.0,3139746626.0,0.002363181773509134
2023-05-16,89.15,89.3,88.2,88.58,5294768.0,469548016.0,3139746626.0,0.0016863679241357994
2023-05-17,88.43,89.0,87.36,87.49,5687634.0,501499575.0,3139746626.0,0.0018114945814102135
2023-05-18,87.54,88.05,86.6,87.11,6138875.0,534488260.0,3139746626.0,0.0019552135032694833
2023-05-19,86.81,88.0,85.9,87.0,6925317.0,601312337.0,3139746626.0,0.0022056929507151893
2023-05-22,87.96,89.09,86.9,88.9,5932005.0,524286759.0,3139746626.0,0.001889326021048171
2023-05-23,89.18,89.18,87.8,87.8,4318492.0,381394463.0,3139746626.0,0.0013754269100056994
2023-05-24,87.81,89.1,86.98,87.71,9137247.0,807959202.0,3139746626.0,0.002910186103660455
2023-05-25,87.2,87.75,86.32,86.72,6024164.0,523201223.0,3139746626.0,0.0019186783895599607
2023-05-26,85.97,86.57,85.2,86.27,4442888.0,382088550.0,3139746626.0,0.0014150466675268592
2023-05-29,86.27,87.25,83.52,83.71,14861935.0,1252741620.0,3139746626.0,0.004733482274311392
2023-05-30,84.07,84.66,82.11,83.08,9144974.0,758890814.0,3139746626.0,0.00291264713027197
2023-05-31,83.08,83.59,81.55,82.26,13123979.0,1078860037.0,3139746626.0,0.004179948436386981
2023-06-01,82.27,84.42,82.09,82.2,10833685.0,899508058.0,3139746626.0,0.003450496581567152
2023-06-02,82.5,85.15,82.42,84.44,12883683.0,1082036841.0,3139746626.0,0.004103414872178288
2023-06-05,84.68,85.0,83.58,84.5,5689512.0,479815411.0,3139746626.0,0.0018120927188473074
2023-06-06,84.01,87.46,84.0,85.76,12347705.0,1064645045.0,3139746626.0,0.003932707466822197
2023-06-07,86.06,87.25,84.8,84.8,6816247.0,584353690.0,3139746626.0,0.0021709544787962137
2023-06-08,85.61,87.16,85.0,86.97,8155419.0,705619552.0,3139746626.0,0.0025974767939761774
2023-06-09,87.8,88.36,86.39,87.35,9688263.0,845356796.0,3139746626.0,0.0030856830674718273
2023-06-12,87.35,89.6,86.91,88.65,9142217.0,809565890.0,3139746626.0,0.0029117690339386004
2023-06-13,88.5,89.94,88.2,89.62,8748274.0,781709451.0,3139746626.0,0.002786299355354415
2023-06-14,89.88,92.3,89.75,90.46,10475853.0,954543608.0,3139746626.0,0.003336528149516992
2023-06-15,90.54,91.77,89.83,91.6,7384569.0,671131632.0,3139746626.0,0.0023519633523447253
2023-06-16,91.59,92.43,90.87,91.29,7767260.0,710765618.0,3139746626.0,0.0024738493022589524
2023-06-19,91.29,92.22,90.85,91.9,7807234.0,715568458.0,3139746626.0,0.002486580902850216
2023-06-20,92.0,93.19,90.51,90.71,8665400.0,791381681.0,3139746626.0,0.0027599042318391205
2023-06-21,90.39,91.38,89.74,89.74,7294890.0,658793697.0,3139746626.0,0.0023234008564868187
2023-06-26,88.5,89.48,87.76,88.83,11121055.0,983795773.0,3139746626.0,0.0035420230753358886
2023-06-27,88.83,89.88,88.34,89.4,7626279.0,679204239.0,3139746626.0,0.0024289472713649473
2023-06-28,89.47,90.15,88.23,88.75,6650606.0,592138798.0,3139746626.0,0.0021181983109486748
2023-06-29,89.5,89.52,87.27,87.9,7339298.0,645153341.0,3139746626.0,0.002337544672943937
2023-06-30,87.9,88.44,87.14,87.84,6798740.0,596963924.0,3139746626.0,0.002165378551154465
2023-07-03,87.85,89.2,87.18,87.58,10403865.0,914938641.0,3139746626.0,0.0033136001847558
2023-07-04,87.68,87.96,86.78,87.4,7653556.0,666666721.0,3139746626.0,0.002437634915066551
2023-07-05,87.06,87.6,86.09,86.33,7032386.0,608348041.0,3139746626.0,0.002239794110061415
2023-07-06,86.58,86.83,85.34,85.92,7186034.0,617453080.0,3139746626.0,0.0022887305429339444
2023-07-07,85.5,86.05,85.09,85.41,4757086.0,406981311.0,3139746626.0,0.0015151177998272017
2023-07-10,85.41,87.95,85.16,87.3,8007229.0,697928798.0,3139746626.0,0.002550278717936267
2023-07-11,88.08,89.84,87.29,89.5,9257737.0,822064064.0,3139746626.0,0.002948561811751749
2023-07-12,89.54,91.58,88.89,90.85,11276870.0,1024051225.0,3139746626.0,0.0035916496912894525
2023-07-13,91.38,92.0,90.47,91.65,8959698.0,819490115.0,3139746626.0,0.0028536372730861245
2023-07-14,91.65,92.13,90.55,91.13,7731767.0,704599160.0,3139746626.0,0.0024625448868943224
2023-07-17,91.74,91.74,88.76,90.47,6301744.0,565481779.0,3139746626.0,0.0020070867973280846
2023-07-18,90.77,91.22,89.6,91.0,5341954.0,484386450.0,3139746626.0,0.001701396525364082
2023-07-19,90.51,91.25,90.5,91.15,4974361.0,452574734.0,3139746626.0,0.0015843192437274077
2023-07-20,91.62,93.29,91.55,92.25,8231808.0,762721467.0,3139746626.0,0.0026218064642009745
2023-07-21,92.27,92.59,91.22,91.61,7026338.0,645726481.0,3139746626.0,0.0022378678399764605
2023-07-24,90.26,92.14,90.03,92.0,5906423.0,540574181.0,3139746626.0,0.0018811782298257338
2023-07-25,92.9,95.48,92.9,94.88,13823405.0,1309610811.0,3139746626.0,0.004402713545586592
2023-07-26,94.88,95.3,94.37,95.0,6974731.0,662673111.0,3139746626.0,0.0022214311633438157
2023-07-27,95.4,95.4,94.21,94.66,5490798.0,520384798.0,3139746626.0,0.0017488028984667503
2023-07-28,94.01,96.06,93.98,95.71,15977009.0,1525072523.0,3139746626.0,0.005088630040301858
2023-07-31,96.8,99.78,96.8,97.76,16540985.0,1625504945.0,3139746626.0,0.005268254725723846
2023-08-01,97.2,99.2,96.9,97.6,8663397.0,848423432.0,3139746626.0,0.0027592662822722943
2023-08-02,97.88,97.98,96.46,97.05,4531356.0,439609428.0,3139746626.0,0.0014432234634719216
2023-08-03,97.28,97.33,96.11,96.65,5638535.0,544737758.0,3139746626.0,0.0017958566953485118
2023-08-04,97.27,98.28,96.11,96.54,6211874.0,602705157.0,3139746626.0,0.001978463468535948
2023-08-07,96.75,97.18,96.01,96.94,6104910.0,590386118.0,3139746626.0,0.0019443957513786973
2023-08-08,96.51,97.79,96.01,97.04,5333271.0,516425392.0,3139746626.0,0.0016986310155843766
2023-08-09,96.48,97.45,96.35,96.96,4537939.0,439596536.0,3139746626.0,0.001445320129472129
2023-08-10,96.92,97.6,95.59,96.75,6043143.0,584536289.0,3139746626.0,0.0019247231448414335
2023-08-11,97.22,97.23,95.0,95.0,7618153.0,728994455.0,3139746626.0,0.002426359164435328
2023-08-14,93.23,95.17,93.1,94.39,8577288.0,809085468.0,3139746626.0,0.002731840820839535
2023-08-15,94.46,94.92,93.53,94.63,5011331.0,472995862.0,3139746626.0,0.0015960940792169515
2023-08-16,93.97,94.39,93.21,93.73,6425576.0,601963178.0,3139746626.0,0.0020465269225198937
2023-08-17,93.26,93.78,92.2,93.17,7306250.0,680168901.0,3139746626.0,0.0023270189828368654
2023-08-18,92.9,93.29,91.8,91.8,8192846.0,756588390.0,3139746626.0,0.0026093971826120213
2023-08-21,91.01,92.93,90.8,91.49,9048129.0,832390824.0,3139746626.0,0.0028818022846407863
2023-08-22,92.0,93.68,91.61,93.04,8304676.0,770596295.0,3139746626.0,0.0026450147063554804
2023-08-23,92.7,93.41,91.16,91.46,7715377.0,711932297.0,3139746626.0,0.002457324720443859
2023-08-24,91.3,93.56,91.3,92.88,7310351.0,678391860.0,3139746626.0,0.002328325139189114
2023-08-25,92.22,93.68,92.15,92.8,6560554.0,608786207.0,3139746626.0,0.002089517015695648
2023-08-28,96.5,97.0,93.0,93.3,12222577.0,1159563120.0,3139746626.0,0.003892854569469326
2023-08-29,94.22,94.88,92.75,93.43,9465620.0,886719882.0,3139746626.0,0.003014771931472409
2023-08-30,93.9,94.97,93.01,93.65,8031681.0,754225477.0,3139746626.0,0.002558066607505927
2023-08-31,93.6,94.55,93.41,93.75,5731652.0,537364037.0,3139746626.0,0.0018255141840225677
2023-09-01,93.75,96.73,93.75,96.58,10193469.0,979085294.0,3139746626.0,0.003246589681979007
2023-09-04,97.53,99.1,96.6,97.76,14006779.0,1373996003.0,3139746626.0,0.004461117621406435
2023-09-05,97.18,97.8,96.5,97.15,5270250.0,512051476.0,3139746626.0,0.001678559013761641
2023-09-06,96.86,97.5,96.2,96.53,4517587.0,436963893.0,3139746626.0,0.0014388380777576796
2023-09-07,96.53,97.0,95.4,96.11,5665922.0,545365684.0,3139746626.0,0.0018045793737242796
2023-09-08,96.08,96.19,94.25,94.55,4188264.0,396950763.0,3139746626.0,0.001333949677759762
2023-09-11,94.58,95.75,94.31,94.63,5071523.0,481573157.0,3139746626.0,0.001615265052919592
2023-09-12,94.55,95.13,94.12,94.31,4795586.0,453483099.0,3139746626.0,0.0015273799357846654
2023-09-13,95.0,95.96,94.12,94.36,5665617.0,537002580.0,3139746626.0,0.0018044822321277335
2023-09-14,95.09,95.19,93.58,94.01,6341822.0,596302739.0,3139746626.0,0.0020198515216112854
2023-09-15,94.37,94.5,92.18,92.84,6880784.0,640950770.0,3139746626.0,0.002191509322128339
2023-09-18,92.79,93.62,92.06,93.1,5702428.0,530348096.0,3139746626.0,0.001816206426588258
2023-09-19,93.0,93.3,91.56,92.8,6422968.0,593471478.0,3139746626.0,0.002045696282245165
2023-09-20,92.81,93.0,91.44,91.72,4488220.0,411860989.0,3139746626.0,0.0014294847752469564
2023-09-21,91.33,91.96,91.09,91.12,6308627.0,577257174.0,3139746626.0,0.002009279012439649
2023-09-22,91.01,93.23,90.72,93.19,10149770.0,933620987.0,3139746626.0,0.0032326716799217286
2023-09-25,93.79,93.79,91.3,91.43,8621107.0,792243753.0,3139746626.0,0.0027457970425413558
2023-09-26,90.8,91.68,90.8,91.12,5443502.0,496303990.0,3139746626.0,0.0017337392625643034
2023-09-27,91.12,91.47,88.66,89.21,13043599.0,1168081108.0,3139746626.0,0.0041543476444841
2023-09-28,89.44,89.67,87.36,88.32,11135404.0,983242919.0,3139746626.0,0.003546593189332087
2023-10-09,88.0,88.55,87.5,87.9,6773367.0,595813848.0,3139746626.0,0.00215729732581294
2023-10-10,88.88,88.88,86.88,87.09,7782404.0,681156760.0,3139746626.0,0.0024786726214002467
2023-10-11,88.28,88.86,87.38,87.49,8449342.0,743459576.0,3139746626.0,0.0026910903988339855
2023-10-12,88.88,89.29,86.8,87.21,9628279.0,845215213.0,3139746626.0,0.003066578341153061
2023-10-13,86.5,87.2,86.28,87.08,5321473.0,461673399.0,3139746626.0,0.0016948733875317493
2023-10-16,87.0,87.45,86.0,86.4,8516738.0,737457184.0,3139746626.0,0.002712555825197342
2023-10-17,86.31,87.63,85.82,87.56,7711820.0,671814565.0,3139746626.0,0.0024561918264802045
2023-10-18,86.99,87.3,85.88,85.97,5478961.0,473530611.0,3139746626.0,0.0017450328490296466
2023-10-19,85.1,85.81,84.84,84.85,8086302.0,688646645.0,3139746626.0,0.0025754632342106704
2023-10-20,84.45,85.3,84.37,85.0,7672437.0,651180500.0,3139746626.0,0.002443648457638314
2023-10-23,84.99,85.0,83.05,83.88,6318391.0,530104804.0,3139746626.0,0.002012388817517277
2023-10-24,83.88,85.0,83.86,84.66,8250536.0,697682925.0,3139746626.0,0.0026277712767259456
2023-10-25,86.35,87.1,85.9,85.96,9697731.0,838172693.0,3139746626.0,0.00308869859742625
2023-10-26,86.02,86.69,84.9,86.01,5568546.0,477447232.0,3139746626.0,0.0017735654061659942
2023-10-27,86.0,87.91,85.63,87.85,7838757.0,683636767.0,3139746626.0,0.0024966208849745574
2023-10-30,87.1,89.22,86.81,88.63,7855875.0,693964761.0,3139746626.0,0.00250207291726858
2023-10-31,88.58,88.8,87.65,88.8,5505592.0,486186685.0,3139746626.0,0.001753514743644795
2023-11-01,88.66,88.85,85.5,85.5,11437849.0,989654881.0,3139746626.0,0.0036429210259465057
2023-11-02,86.45,87.2,85.72,86.36,7550061.0,653176879.0,3139746626.0,0.0024046720641336234
2023-11-03,86.37,87.22,85.73,87.09,4623154.0,401156683.0,3139746626.0,0.0014724608545530452
2023-11-06,87.33,88.61,87.3,88.16,7942908.0,698102755.0,3139746626.0,0.0025297926699643183
2023-11-07,87.71,87.84,86.63,87.2,6806013.0,592433870.0,3139746626.0,0.0021676949801107933
2023-11-08,86.98,87.0,81.88,83.38,32842022.0,2737518305.0,3139746626.0,0.010460086724208171
2023-11-09,82.58,85.27,82.4,84.96,19777850.0,1671133459.0,3139746626.0,0.006299186640164257
2023-11-10,84.66,85.3,82.88,83.33,12152929.0,1017814383.0,3139746626.0,0.0038706718877767176
2023-11-13,83.48,83.72,82.52,83.1,9235584.0,766722805.0,3139746626.0,0.0029415061468721204
2023-11-14,83.26,83.98,82.01,82.68,10194270.0,841974077.0,3139746626.0,0.0032468447981063298
2023-11-15,83.18,83.83,82.47,83.3,10519445.0,873683395.0,3139746626.0,0.00335041207239122
2023-11-16,83.29,83.29,82.2,82.35,7677300.0,632777402.0,3139746626.0,0.0024451973087334087
2023-11-17,82.2,82.54,81.26,82.3,11809048.0,965732699.0,3139746626.0,0.0037611468079016895
2023-11-20,82.5,82.88,81.6,82.3,8613883.0,707632403.0,3139746626.0,0.0027434962199398825
2023-11-21,82.5,83.85,82.35,82.73,13348916.0,1109734001.0,3139746626.0,0.004251590204591241
2023-11-22,82.68,82.68,81.7,81.82,7135836.0,585574883.0,3139746626.0,0.002272742628627639
2023-11-23,81.65,82.04,81.01,81.75,7980745.0,650526417.0,3139746626.0,0.0025418436423856835
2023-11-24,81.58,82.11,81.37,81.4,6359860.0,519451466.0,3139746626.0,0.002025596571180136
2023-11-27,81.1,81.4,79.92,81.18,12355482.0,995806118.0,3139746626.0,0.0039351844182856045
2023-11-28,81.18,81.21,80.5,80.8,5800764.0,468588750.0,3139746626.0,0.0018475261513028855
2023-11-29,80.8,80.89,80.01,80.34,7531046.0,605281462.0,3139746626.0,0.002398615842958788
2023-11-30,80.53,80.88,80.06,80.65,6424404.0,516872988.0,3139746626.0,0.0020461536439915265
2023-12-01,80.26,80.35,78.15,78.88,16176300.0,1279827125.0,3139746626.0,0.005152103633473257
2023-12-04,79.0,79.56,78.22,79.25,8152863.0,644861524.0,3139746626.0,0.002596662715547417
2023-12-05,79.69,79.69,77.74,77.77,8611045.0,675306863.0,3139746626.0,0.0027425923253464467
2023-12-06,77.51,78.02,76.95,77.1,11475155.0,886553878.0,3139746626.0,0.0036548028764407693
2023-12-07,77.1,77.77,75.88,75.98,11680999.0,891136778.0,3139746626.0,0.003720363580701241
2023-12-08,75.97,76.35,75.51,76.19,11652176.0,885044343.0,3139746626.0,0.0037111835405791117
2023-12-11,75.56,76.9,74.85,76.61,10005624.0,758314459.0,3139746626.0,0.0031867616059029088
2023-12-12,76.5,76.5,75.4,76.17,8905101.0,675606900.0,3139746626.0,0.0028362482903102897
2023-12-13,76.08,76.09,73.47,73.66,15913210.0,1181723859.0,3139746626.0,0.00506831024778367
2023-12-14,74.14,75.78,73.85,75.05,18078791.0,1357954042.0,3139746626.0,0.005758041381521338
2023-12-15,75.35,76.66,74.91,75.16,11986767.0,906443955.0,3139746626.0,0.0038177497829724556
2023-12-18,75.16,76.25,73.95,75.87,10130651.0,767285659.0,3139746626.0,0.003226582335054956
2023-12-19,75.32,75.84,74.9,75.8,6766973.0,510334538.0,3139746626.0,0.002155260855752887
2023-12-20,75.81,76.49,75.57,75.83,8438829.0,641943775.0,3139746626.0,0.002687742039475003
2023-12-21,75.57,77.15,75.25,76.68,10235396.0,783084223.0,3139746626.0,0.0032599433072852037
2023-12-22,77.05,77.42,76.01,77.37,8926650.0,686063021.0,3139746626.0,0.0028431115829790528
2023-12-25,77.38,77.89,77.02,77.65,5493172.0,425650415.0,3139746626.0,0.001749559010434621
2023-12-26,77.61,77.67,76.35,76.83,5467669.0,420103376.0,3139746626.0,0.0017414363804781742
2023-12-27,76.83,77.56,75.88,76.2,8678604.0,663490435.0,3139746626.0,0.002764109666726974
2023-12-28,76.6,78.39,76.3,78.2,12473730.0,969219376.0,3139746626.0,0.003972846056018025
2023-12-29,78.2,78.59,76.71,76.82,13695166.0,1058322144.0,3139746626.0,0.004361869803948951
2024-01-02,76.9,76.92,75.55,75.67,9638911.0,732446071.0,3139746626.0,0.0030699646016595483
2024-01-03,75.52,76.0,75.0,75.55,8571760.0,646526316.0,3139746626.0,0.0027300801692142656
2024-01-04,75.2,76.24,74.3,75.16,9417155.0,705143734.0,3139746626.0,0.0029993359725327086
2024-01-05,75.0,76.08,74.54,75.2,7945531.0,598183119.0,3139746626.0,0.002530628087694615
2024-01-08,75.0,75.31,73.53,73.63,7543544.0,558674190.0,3139746626.0,0.0024025964189379146
2024-01-09,73.7,73.85,72.11,72.32,10376519.0,754364587.0,3139746626.0,0.0033048905647585845
2024-01-10,72.01,73.45,72.0,73.0,8754651.0,638026618.0,3139746626.0,0.002788330410964824
2024-01-11,72.86,72.9,71.31,71.48,12580554.0,902725736.0,3139746626.0,0.004006869183589975
2024-01-12,71.27,71.47,70.27,70.84,11851986.0,840159169.0,3139746626.0,0.0037748224337131593
2024-01-15,70.66,70.78,69.68,69.81,12543331.0,879813017.0,3139746626.0,0.003995013768349854
2024-01-16,69.7,70.33,69.03,70.06,11808330.0,823603775.0,3139746626.0,0.0037609181270285086
2024-01-17,70.06,70.06,67.7,67.7,14145282.0,969778391.0,3139746626.0,0.004505230416640632
2024-01-18,67.35,69.96,66.78,69.81,18031245.0,1224832350.0,3139746626.0,0.0057428981213594275
2024-01-19,69.47,70.44,69.01,70.2,13399710.0,936363648.0,3139746626.0,0.004267767943132109
2024-01-22,70.14,71.29,68.17,69.17,22245533.0,1560668984.0,3139746626.0,0.007085136366032359
2024-01-23,69.17,70.11,68.65,69.62,9987153.0,693491222.0,3139746626.0,0.003180878647116667
2024-01-24,70.45,70.49,68.75,70.3,10287312.0,717814151.0,3139746626.0,0.0032764783995025463
2024-01-25,70.64,72.31,70.05,72.09,11814308.0,844986929.0,3139746626.0,0.003762822102320813
2024-01-26,71.8,73.45,71.75,73.0,11842596.0,863137559.0,3139746626.0,0.0037718317465276893
2024-01-29,73.38,73.93,72.7,72.7,8999933.0,658976919.0,3139746626.0,0.002866452001404269
2024-01-30,72.39,72.83,70.87,71.24,9499455.0,679663865.0,3139746626.0,0.003025548278748274
2024-01-31,71.2,71.7,69.67,69.69,10177909.0,714918065.0,3139746626.0,0.0032416338680699643
2024-02-01,70.04,71.1,69.61,70.21,12127225.0,854375251.0,3139746626.0,0.0038624852399156617
2024-02-02,70.65,70.65,66.81,67.71,19740537.0,1354308834.0,3139746626.0,0.006287302560190728
2024-02-05,68.45,71.2,68.3,70.01,31706973.0,2217115854.0,3139746626.0,0.01009857697988653
2024-02-06,70.01,72.66,69.66,72.3,27920862.0,1993820669.0,3139746626.0,0.008892711841391752
2024-02-07,72.3,73.48,71.45,73.35,24791789.0,1805372248.0,3139746626.0,0.007896111359655936
2024-02-08,73.54,75.31,73.38,74.54,23021362.0,1714969672.0,3139746626.0,0.007332235604415297
2024-02-19,75.5,75.66,73.94,74.61,14031524.0,1047351829.0,3139746626.0,0.0044689988306081865
2024-02-20,74.62,75.18,73.99,74.96,12195395.0,911707010.0,3139746626.0,0.003884197182986319
2024-02-21,74.88,79.3,74.63,78.03,21149898.0,1636363503.0,3139746626.0,0.006736179863960781
2024-02-22,77.82,78.99,77.42,78.8,12366501.0,969002616.0,3139746626.0,0.003938693937145742
2024-02-23,78.41,79.1,77.37,77.62,10557101.0,823453405.0,3139746626.0,0.003362405396848733
2024-02-26,77.63,78.0,76.38,76.8,9743279.0,750760353.0,3139746626.0,0.003103205500506524
2024-02-27,76.8,78.36,76.68,78.31,12708626.0,990037795.0,3139746626.0,0.004047659736222294
2024-02-28,78.61,79.25,77.71,77.79,11594859.0,907952107.0,3139746626.0,0.0036929282458603076
2024-02-29,77.69,79.61,77.64,79.55,14367794.0,1134659756.0,3139746626.0,0.004576099829528091
2024-03-01,79.2,79.52,78.6,78.73,10193794.0,804414288.0,3139746626.0,0.0032466931935163103
2024-03-04,78.67,78.8,75.9,76.14,21644746.0,1660091765.0,3139746626.0,0.006893787486149845
2024-03-05,75.6,77.07,75.45,76.87,16028971.0,1224540603.0,3139746626.0,0.0051051797833829415
2024-03-06,76.87,77.0,75.82,75.95,8946161.0,682632732.0,3139746626.0,0.002849325778684665
2024-03-07,75.95,77.24,75.88,77.0,11143104.0,855282980.0,3139746626.0,0.00354904561652358
2024-03-08,76.76,77.69,76.68,77.18,9898775.0,763741268.0,3139746626.0,0.0031527305159050117
2024-03-11,77.26,77.87,76.86,77.42,9818826.0,758722726.0,3139746626.0,0.0031272669962254464
2024-03-12,77.71,79.5,77.02,79.02,18100251.0,1417982755.0,3139746626.0,0.005764876327953732
2024-03-13,79.2,79.46,77.6,78.25,10466840.0,819591513.0,3139746626.0,0.0033336575357147944
2024-03-14,78.26,78.49,77.01,77.29,9534139.0,739185030.0,3139746626.0,0.003036595030009278
2024-03-15,77.29,78.5,76.64,78.29,10968600.0,850073084.0,3139746626.0,0.0034934666094295214
2024-03-18,78.3,79.26,77.77,78.99,10267880.0,808770005.0,3139746626.0,0.0032702893650629248
2024-03-19,78.6,79.08,76.73,78.58,12840096.0,1003854789.0,3139746626.0,0.00408953254178925
2024-03-20,78.19,78.93,77.77,77.88,8732257.0,683087895.0,3139746626.0,0.0027811979882990724
2024-03-21,78.2,78.3,77.07,77.2,8738660.0,676768938.0,3139746626.0,0.0027832373248324657
2024-03-22,77.03,77.5,76.11,77.24,10374056.0,797360025.0,3139746626.0,0.0033041061065543446
2024-03-25,77.24,78.9,77.05,78.24,14250757.0,1113332860.0,3139746626.0,0.004538823891708515
2024-03-26,78.1,80.1,78.03,80.01,15200850.0,1203167758.0,3139746626.0,0.004841425697896426
2024-03-27,79.99,81.5,79.22,79.74,17482414.0,1410525317.0,3139746626.0,0.005568097073575771
2024-03-28,79.5,81.49,79.25,80.45,11906759.0,957028948.0,3139746626.0,0.003792267471967657
2024-03-29,80.4,83.0,80.4,82.8,14418424.0,1186856152.0,3139746626.0,0.004592225334554751
2024-04-01,83.4,86.12,83.31,84.55,19353317.0,1641734815.0,3139746626.0,0.00616397413719205
2024-04-02,84.5,85.98,84.2,85.0,11240765.0,957275439.0,3139746626.0,0.0035801503557376544
2024-04-03,84.88,85.47,84.05,84.9,9881446.0,837823521.0,3139746626.0,0.0031472112807360017
2024-04-08,84.91,87.46,84.65,87.0,20150338.0,1743628069.0,3139746626.0,0.006417822964801236
2024-04-09,86.99,88.66,86.35,86.9,18063748.0,1574904870.0,3139746626.0,0.0057532502305808675
2024-04-10,86.99,87.59,86.38,87.42,12611045.0,1100585770.0,3139746626.0,0.004016580476771249
2024-04-11,86.88,87.53,86.0,86.8,11449118.0,995052873.0,3139746626.0,0.0036465101690661074
2024-04-12,86.5,86.94,85.48,86.11,13920358.0,1197344654.0,3139746626.0,0.004433592788897865
2024-04-15,86.1,88.49,86.03,88.0,17372160.0,1524071053.0,3139746626.0,0.005532981501163973
2024-04-16,87.94,88.63,86.73,87.0,15089504.0,1322053316.0,3139746626.0,0.00480596232671929
2024-04-17,86.95,87.5,86.2,87.08,10441218.0,906349938.0,3139746626.0,0.0033254970046108427
2024-04-18,86.87,88.6,86.23,87.21,11830684.0,1036479456.0,3139746626.0,0.0037680378098127465
2024-04-19,87.0,87.55,85.63,86.55,13685104.0,1187246131.0,3139746626.0,0.004358665086754042
2024-04-22,85.55,87.5,85.16,86.29,14080622.0,1220295471.0,3139746626.0,0.004484636398172851
2024-04-23,86.0,86.48,84.17,84.5,11853433.0,1005637670.0,3139746626.0,0.003775283298926937
2024-04-24,85.25,85.25,83.77,84.43,8700027.0,733521619.0,3139746626.0,0.002770932828768967
2024-04-25,84.37,84.95,83.58,84.5,8840302.0,745076622.0,3139746626.0,0.0028156100007542457
2024-04-26,84.48,87.49,84.44,86.74,16554085.0,1428141212.0,3139746626.0,0.005272427036919762
2024-04-29,86.74,92.64,86.5,89.85,24739005.0,2235660969.0,3139746626.0,0.007879299812009735
2024-04-30,90.31,91.11,89.1,89.1,9823168.0,883841131.0,3139746626.0,0.003128649910363818
2024-05-06,91.0,92.51,90.12,91.94,20019552.0,1837778837.0,3139746626.0,0.006376168011208176
2024-05-07,91.86,92.5,91.68,91.96,10473491.0,963849193.0,3139746626.0,0.003335775859513576
2024-05-08,91.97,92.3,90.46,90.87,9070595.0,824370879.0,3139746626.0,0.0028889576390932637
2024-05-09,90.38,90.86,89.19,90.33,13199487.0,1189178182.0,3139746626.0,0.004203997510721427
2024-05-10,90.4,91.4,89.5,90.22,11064427.0,997034122.0,3139746626.0,0.0035239872250761675
2024-05-13,89.9,91.35,89.28,90.6,9994380.0,905643533.0,3139746626.0,0.003183180425209254
2024-05-14,90.63,90.94,89.38,89.67,8547963.0,768960139.0,3139746626.0,0.0027225008952044016
2024-05-15,89.66,90.1,88.01,88.7,8587372.0,762771204.0,3139746626.0,0.0027350525449692767
2024-05-16,88.68,89.26,87.86,88.75,9736311.0,861707451.0,3139746626.0,0.003100986213146742
2024-05-17,88.3,90.08,88.3,90.06,10087264.0,901145081.0,3139746626.0,0.003212763704073489
2024-05-20,90.5,91.59,88.79,89.83,12776601.0,1151088807.0,3139746626.0,0.00406930957237057
2024-05-21,89.51,89.8,88.12,88.6,7924512.0,704230736.0,3139746626.0,0.002523933598455916
2024-05-22,89.48,92.22,89.2,91.28,22242289.0,2026540993.0,3139746626.0,0.007084103161641553
2024-05-23,90.79,90.84,88.8,89.09,11511208.0,1028858521.0,3139746626.0,0.003666285650146599
2024-05-24,88.81,89.45,88.03,88.71,11029225.0,978103383.0,3139746626.0,0.0035127754923495536
2024-05-27,88.43,90.85,88.4,90.54,10815248.0,974601118.0,3139746626.0,0.0034446244516801974
2024-05-28,90.54,91.01,90.01,90.12,7434625.0,671866254.0,3139746626.0,0.002367906040071655
2024-05-29,89.85,91.26,89.85,90.43,8814588.0,799879292.0,3139746626.0,0.002807420167922811
2024-05-30,90.43,92.18,88.45,88.87,14011705.0,1261862602.0,3139746626.0,0.0044626865378149146
2024-05-31,89.88,89.88,87.4,87.55,11740584.0,1034548711.0,3139746626.0,0.0037393412267019027
2024-06-03,87.25,87.95,86.8,87.22,9782184.0,853371080.0,3139746626.0,0.0031155966277643197
2024-06-04,87.18,88.75,87.01,88.1,8628266.0,761120086.0,3139746626.0,0.0027480771628353683
2024-06-05,88.5,88.53,87.66,88.14,5199783.0,458337869.0,3139746626.0,0.0016561154829950282
2024-06-06,88.2,90.28,88.14,88.8,9851420.0,879520991.0,3139746626.0,0.0031376480886773314
2024-06-07,89.71,89.8,87.5,87.99,7572901.0,668137933.0,3139746626.0,0.0024119465364782593
2024-06-11,88.18,88.65,87.04,88.3,7356154.0,646381076.0,3139746626.0,0.0023429132590140414
2024-06-12,88.31,88.49,85.77,86.65,11753155.0,1018061590.0,3139746626.0,0.003743345052964793
2024-06-13,86.78,86.85,85.01,85.76,10118115.0,867162741.0,3139746626.0,0.0032225896561883906
2024-06-14,85.53,87.15,83.92,86.47,15434196.0,1318115955.0,3139746626.0,0.00491574570769202
2024-06-17,86.15,87.08,85.37,85.75,9956514.0,856106648.0,3139746626.0,0.0031711202163737908
2024-06-18,85.81,86.05,84.61,85.13,7587472.0,646095027.0,3139746626.0,0.0024165873568168616
2024-06-19,85.12,85.3,83.77,84.2,11802502.0,993727389.0,3139746626.0,0.0037590619262918828
2024-06-20,84.21,85.6,83.94,84.04,8854035.0,747826012.0,3139746626.0,0.0028199839205751247
2024-06-21,84.04,84.3,82.51,83.3,9407864.0,783077014.0,3139746626.0,0.0029963768165539866
2024-06-24,83.4,84.47,82.47,84.28,11368850.0,950428470.0,3139746626.0,0.0036209450488314658
2024-06-25,84.68,86.25,83.85,85.78,13220914.0,1130044495.0,3139746626.0,0.004210821946751572
2024-06-26,85.48,85.8,84.66,85.39,8236353.0,703111210.0,3139746626.0,0.002623254033238031
2024-06-27,85.1,85.45,82.07,83.1,18236498.0,1515362316.0,3139746626.0,0.005808270593870526
2024-06-28,82.81,83.33,80.86,80.86,19036039.0,1554546092.0,3139746626.0,0.00606292203401511
2024-07-01,80.6,82.8,80.6,82.3,10944245.0,898168984.0,3139746626.0,0.0034857096140725337
2024-07-02,81.6,82.48,80.28,80.3,14415598.0,1166205645.0,3139746626.0,0.0045913252619257695
2024-07-03,80.3,81.28,80.13,80.42,7468345.0,602036300.0,3139746626.0,0.0023786457601881663
2024-07-04,80.85,81.17,79.4,81.01,10339838.0,832074345.0,3139746626.0,0.0032932077749129813
2024-07-05,80.91,81.3,79.81,81.1,9307700.0,750107667.0,3139746626.0,0.002964474879254158
2024-07-08,80.62,80.63,79.2,79.24,9605013.0,765209507.0,3139746626.0,0.0030591681890702986
2024-07-09,79.2,79.48,78.0,78.58,11146650.0,876192561.0,3139746626.0,0.003550175007019818
2024-07-10,78.42,79.36,77.4,77.75,8781155.0,685361002.0,3139746626.0,0.002796771856456165
2024-07-11,78.13,81.33,77.76,80.53,14511803.0,1161792930.0,3139746626.0,0.004621966269452725
2024-07-12,81.3,83.95,81.0,83.32,16335320.0,1353422384.0,3139746626.0,0.00520275103243315
2024-07-15,83.5,83.75,81.31,81.6,9913340.0,813363082.0,3139746626.0,0.0031573694252613875
2024-07-16,81.45,82.48,81.25,81.77,8040429.0,658638150.0,3139746626.0,0.002560852819593093
2024-07-17,81.78,82.53,79.5,82.31,11796117.0,959122449.0,3139746626.0,0.003757028322705171
2024-07-18,82.33,82.38,80.58,81.78,11067391.0,900209942.0,3139746626.0,0.0035249312502963733
2024-07-19,81.57,82.97,80.61,82.54,13602110.0,1115766374.0,3139746626.0,0.004332231743594204
2024-07-22,82.54,82.8,80.7,81.63,11337583.0,924297623.0,3139746626.0,0.003610986601948816
2024-07-23,81.61,81.88,79.6,79.7,9658595.0,776693783.0,3139746626.0,0.0030762338973527093
2024-07-24,80.51,80.66,78.78,79.29,7210694.0,572899114.0,3139746626.0,0.0022965846798874783
2024-07-25,79.2,80.57,78.02,78.5,9214292.0,727806991.0,3139746626.0,0.002934724707942086
2024-07-26,78.9,80.3,78.52,79.31,10703028.0,848241745.0,3139746626.0,0.0034088827140919746
2024-07-29,79.38,79.53,77.49,77.58,7203241.0,561622163.0,3139746626.0,0.002294210921464336
2024-07-30,77.5,77.95,74.38,75.16,15021660.0,1133531847.0,3139746626.0,0.0047843542136829734
2024-07-31,75.08,77.78,74.69,77.6,13745759.0,1052841456.0,3139746626.0,0.00437798352458521
2024-08-01,77.5,77.62,74.18,74.25,19749958.0,1482880158.0,3139746626.0,0.006290303120784371
2024-08-02,73.5,74.31,72.2,74.0,18532614.0,1358650060.0,3139746626.0,0.0059025826627323525
2024-08-05,73.21,74.2,72.28,72.3,14186373.0,1034848345.0,3139746626.0,0.004518317778423182
2024-08-06,72.83,73.65,71.46,72.3,11738867.0,849772117.0,3139746626.0,0.0037387943672879034
2024-08-07,72.15,73.98,72.02,73.49,14729378.0,1081861331.0,3139746626.0,0.0046912632624642875
2024-08-08,73.49,77.18,73.49,76.5,20953459.0,1588036467.0,3139746626.0,0.0066736146243413464
2024-08-09,76.0,76.75,75.28,75.61,9900755.0,751615383.0,3139746626.0,0.003153361140039967
2024-08-12,75.22,75.68,74.0,74.92,7007824.0,525433919.0,3139746626.0,0.002231971185817591
2024-08-13,74.52,74.68,71.38,73.01,20513372.0,1485519625.0,3139746626.0,0.006533448218442325
2024-08-14,73.0,73.0,69.81,70.8,22815374.0,1611282277.0,3139746626.0,0.007266629036581374
2024-08-15,70.5,71.38,69.92,70.36,16719628.0,1177921494.0,3139746626.0,0.005325151992057591
2024-08-16,70.28,71.34,69.65,70.71,12516778.0,883872461.0,3139746626.0,0.003986556716503658
2024-08-19,70.62,71.93,70.18,70.61,11256285.0,796770057.0,3139746626.0,0.0035850934297651828
2024-08-20,70.46,71.13,69.4,69.81,11370578.0,797054013.0,3139746626.0,0.0036214954117128814
2024-08-21,69.93,70.58,69.39,70.11,7873643.0,552460938.0,3139746626.0,0.0025077319726372086
2024-08-22,70.1,70.5,69.55,69.9,6975459.0,488430326.0,3139746626.0,0.0022216630291873748
2024-08-23,69.7,71.26,69.52,70.56,9801382.0,690393450.0,3139746626.0,0.0031217111338970828
2024-08-26,70.58,70.97,69.18,69.8,11176194.0,779293803.0,3139746626.0,0.003559584683506242
2024-08-27,69.6,69.9,69.17,69.55,7085033.0,492867446.0,3139746626.0,0.0022565620236134304
2024-08-28,69.55,70.18,69.19,69.48,7345365.0,511421510.0,3139746626.0,0.0023394769944726107
2024-08-29,69.62,71.29,69.18,70.82,12140183.0,857526996.0,3139746626.0,0.0038666123245322025
2024-08-30,70.88,74.21,69.8,73.0,20034526.0,1456913726.0,3139746626.0,0.006380937185853034
2024-09-02,72.8,73.07,70.51,70.84,11991158.0,854968057.0,3139746626.0,0.0038191483034656823
2024-09-03,70.84,71.48,70.21,71.35,8104813.0,576192617.0,3139746626.0,0.0025813589328784266
2024-09-04,71.0,71.58,70.1,70.69,9700581.0,685939865.0,3139746626.0,0.00308960631398414
2024-09-05,70.2,71.26,69.72,70.8,10080920.0,710221051.0,3139746626.0,0.0032107431588653296
2024-09-06,70.8,71.53,70.42,70.6,7582645.0,537838980.0,3139746626.0,0.0024150499716151298
2024-09-09,70.21,71.57,69.1,70.34,10373314.0,727231154.0,3139746626.0,0.0033038697817522555
2024-09-10,70.14,70.7,69.22,69.7,6886085.0,480553714.0,3139746626.0,0.002193197674926015
2024-09-11,69.42,70.89,68.9,70.67,9606352.0,674453392.0,3139746626.0,0.003059594656603988
2024-09-12,70.28,71.79,70.28,70.73,7997672.0,568010555.0,3139746626.0,0.002547234841745475
2024-09-13,70.89,72.2,70.6,70.87,9236019.0,659112329.0,3139746626.0,0.0029416446930835877
2024-09-18,71.0,72.83,71.0,72.76,13809341.0,996606810.0,3139746626.0,0.004398234203246183
2024-09-19,73.0,76.5,72.81,75.61,21632355.0,1621504426.0,3139746626.0,0.006889840989353769
2024-09-20,75.5,75.74,74.5,75.67,13333965.0,1002325469.0,3139746626.0,0.004246828355378253
2024-09-23,75.73,76.67,75.1,75.65,10078796.0,764279877.0,3139746626.0,0.0032100666711569227
2024-09-24,77.02,79.0,75.65,78.96,22520140.0,1748571602.0,3139746626.0,0.007172597882106936
2024-09-25,80.54,81.56,77.57,77.72,24686647.0,1960613393.0,3139746626.0,0.00786262394410166
2024-09-26,78.5,80.7,77.46,80.7,22023291.0,1737918982.0,3139746626.0,0.007014352947345121
2024-09-27,82.4,85.99,82.4,85.41,21332796.0,1797185998.0,3139746626.0,0.006794432335190604
2024-09-30,89.5,92.97,87.08,91.32,47278924.0,4246617792.0,3139746626.0,0.01505819724702843
2024-10-08,100.4,100.4,91.12,93.75,54406647.0,5184802475.0,3139746626.0,0.01732835590918794
2024-10-09,92.0,92.0,84.6,84.88,45829499.0,4012286355.0,3139746626.0,0.014596559677933706
2024-10-10,84.98,88.45,84.74,85.45,27552497.0,2382251322.0,3139746626.0,0.008775388680041853
2024-10-11,85.2,85.4,80.9,82.0,24978330.0,2061659747.0,3139746626.0,0.00795552411559467
2024-10-14,82.5,83.5,81.18,81.93,33581425.0,2753530004.0,3139746626.0,0.01069558438949016
2024-10-15,82.01,82.2,79.3,79.43,24305250.0,1961056381.0,3139746626.0,0.007741150129354419
2024-10-16,78.81,80.18,78.67,78.84,18864783.0,1496446555.0,3139746626.0,0.006008377505300009
2024-10-17,79.12,79.49,76.49,76.5,26046988.0,2019271085.0,3139746626.0,0.008295888523076002
2024-10-18,76.33,79.5,75.61,78.22,30710137.0,2382544097.0,3139746626.0,0.009781087666658106
2024-10-21,79.0,79.12,77.1,78.19,32236978.0,2509087982.0,3139746626.0,0.010267382002435505
2024-10-22,78.28,80.23,77.89,78.89,28776664.0,2279915651.0,3139746626.0,0.009165282243383165
2024-10-23,79.05,80.08,78.3,79.32,29803752.0,2354891300.0,3139746626.0,0.009492406729000813
2024-10-24,79.1,79.1,76.92,77.4,26412023.0,2049836115.0,3139746626.0,0.00841215108928984
2024-10-25,77.48,78.79,76.98,77.72,22712126.0,1766392961.0,3139746626.0,0.007233744854416797
2024-10-28,77.73,80.5,77.73,79.6,43105593.0,3425050034.0,3139746626.0,0.013729003685534974
2024-10-29,78.95,78.95,76.49,76.84,46360867.0,3575505558.0,3139746626.0,0.01476579881194528
2024-10-30,76.6,77.36,75.88,75.98,23944899.0,1827229220.0,3139746626.0,0.007626379403265899
2024-10-31,75.79,76.05,74.56,75.25,23751983.0,1785797469.0,3139746626.0,0.007564936228710832
2024-11-01,75.27,77.77,75.01,76.51,32177074.0,2467355478.0,3139746626.0,0.010248302755879768
2024-11-04,76.51,77.38,75.85,77.33,22204925.0,1700974413.0,3139746626.0,0.007072202838319094
2024-11-05,77.1,79.0,76.53,78.88,31368435.0,2451792435.0,3139746626.0,0.009990753629684768
2024-11-06,78.89,79.34,77.5,77.89,29805336.0,2335423284.0,3139746626.0,0.009492911228308778
2024-11-07,77.05,79.55,76.88,79.55,31626094.0,2487477625.0,3139746626.0,0.010072817257961757
2024-11-08,80.24,83.59,80.24,81.56,47187458.0,3880527827.0,3139746626.0,0.015029065596963874
2024-11-11,80.35,81.26,79.58,80.87,27418908.0,2201482497.0,3139746626.0,0.00873284097925168
2024-11-12,81.8,82.98,80.15,80.5,28834445.0,2354548313.0,3139746626.0,0.009183685320727534
2024-11-13,79.65,80.5,79.58,79.91,16756171.0,1338684220.0,3139746626.0,0.00533679082931197
2024-11-14,79.51,79.91,77.99,78.07,17497230.0,1382547307.0,3139746626.0,0.005572815925688648
2024-11-15,78.07,78.86,76.8,76.99,18863374.0,1460729289.0,3139746626.0,0.00600792874297367
2024-11-18,77.0,78.8,76.0,76.36,22683539.0,1758091149.0,3139746626.0,0.007224639979595602
2024-11-19,76.7,77.2,76.2,77.13,13470555.0,1034368855.0,3139746626.0,0.0042903318657790315
2024-11-20,77.0,77.05,76.0,76.79,19716185.0,1506098581.0,3139746626.0,0.006279546520324854
2024-11-21,77.13,77.24,76.26,76.68,14189779.0,1088138601.0,3139746626.0,0.00451940257933412
2024-11-22,76.29,76.5,73.77,73.89,31017748.0,2322443277.0,3139746626.0,0.00987906085897009
2024-11-25,73.89,74.44,72.46,73.0,17975569.0,1318123553.0,3139746626.0,0.005725165480279746
2024-11-26,72.72,73.45,72.31,72.9,10605210.0,772608555.0,3139746626.0,0.003377727970842957
2024-11-27,72.88,74.55,72.58,74.48,15098061.0,1112405398.0,3139746626.0,0.004808687705872225
2024-11-28,74.09,74.67,73.65,73.91,11117685.0,823603875.0,3139746626.0,0.003540949740318313
2024-11-29,74.0,75.0,73.09,74.29,17408767.0,1292006144.0,3139746626.0,0.005544640722228775
2024-12-02,74.2,75.49,73.9,75.39,16328711.0,1222202924.0,3139746626.0,0.005200646085509958
2024-12-03,75.38,75.44,74.62,75.06,12377074.0,929377063.0,3139746626.0,0.003942061406326996
2024-12-04,75.0,75.0,73.25,73.4,23786579.0,1751476253.0,3139746626.0,0.007575954952232506
2024-12-05,73.02,73.19,72.0,72.33,19394673.0,1403492201.0,3139746626.0,0.006177145900689631
2024-12-06,72.35,73.98,72.35,73.63,17351580.0,1273147759.0,3139746626.0,0.0055264268321248925
2024-12-09,73.7,74.06,72.9,73.17,14904562.0,1093121602.0,3139746626.0,0.004747058847544088
2024-12-10,75.15,76.1,74.16,74.38,32281195.0,2432836597.0,3139746626.0,0.010281464985958392
2024-12-11,74.1,75.05,74.0,74.9,14112463.0,1054360174.0,3139746626.0,0.00449477766235523
2024-12-12,74.86,76.64,74.58,76.35,25997102.0,1978100953.0,3139746626.0,0.008279999979845508
2024-12-13,75.91,75.95,74.67,74.75,19693820.0,1481925002.0,3139746626.0,0.0062724233340732
2024-12-16,74.75,75.24,73.37,73.52,13140272.0,969344115.0,3139746626.0,0.004185137708624772
2024-12-17,73.35,75.68,73.23,75.11,19235609.0,1440118980.0,3139746626.0,0.006126484487860072
2024-12-18,75.22,76.33,74.64,74.71,14857075.0,1119392296.0,3139746626.0,0.004731934378707411
2024-12-19,74.33,74.78,73.73,74.26,8382717.0,622577154.0,3139746626.0,0.002669870533686816
2024-12-20,74.27,74.47,73.36,73.69,12867095.0,950533213.0,3139746626.0,0.004098131643314329
2024-12-23,73.68,74.97,73.63,74.13,13427799.0,997574418.0,3139746626.0,0.0042767142064284525
2024-12-24,74.14,75.4,73.88,74.89,15585460.0,1167230325.0,3139746626.0,0.0049639228436263
2024-12-25,75.0,75.0,73.04,73.31,18645431.0,1368456218.0,3139746626.0,0.005938514543052176
2024-12-26,73.31,73.4,72.58,73.08,16729081.0,1218510502.0,3139746626.0,0.005328162744556446
2024-12-27,73.09,73.19,72.41,72.99,16667600.0,1213350092.0,3139746626.0,0.005308581228172009
2024-12-30,72.88,73.98,72.65,72.85,18682366.0,1364560297.0,3139746626.0,0.005950278231145394
2024-12-31,72.62,72.95,71.34,71.35,23627566.0,1701804823.0,3139746626.0,0.007525309782751877
2025-01-02,71.35,71.35,69.4,69.72,25730689.0,1802306993.0,3139746626.0,0.008195148228499123
2025-01-03,69.72,71.14,69.7,70.09,17704391.0,1245937844.0,3139746626.0,0.005638796090547977
2025-01-06,70.12,70.71,69.68,70.26,14387406.0,1008441515.0,3139746626.0,0.004582346193434527
2025-01-07,70.12,70.4,69.18,69.48,16324021.0,1135935775.0,3139746626.0,0.005199152334402413
2025-01-08,69.48,69.48,67.77,68.2,22425926.0,1536623215.0,3139746626.0,0.007142591002182353
2025-01-09,68.11,68.43,67.52,67.71,15782366.0,1070717938.0,3139746626.0,0.005026636821362413
2025-01-10,67.82,68.1,65.9,65.9,23510311.0,1566711407.0,3139746626.0,0.007487964412578049
2025-01-13,65.89,67.09,65.45,66.69,15159732.0,1009839375.0,3139746626.0,0.004828329736693855
2025-01-14,66.69,67.99,66.28,67.81,17833193.0,1199849052.0,3139746626.0,0.005679819146017931
2025-01-15,68.0,68.1,66.9,67.18,11257368.0,757778308.0,3139746626.0,0.003585438362057181
2025-01-16,67.17,69.0,67.15,67.74,19276466.0,1313245412.0,3139746626.0,0.006139497321335763
2025-01-17,67.65,69.29,67.45,68.61,18526217.0,1271355509.0,3139746626.0,0.005900545237181186
2025-01-20,69.3,69.78,68.52,68.72,16045306.0,1107796817.0,3139746626.0,0.005110382432496322
2025-01-21,69.0,69.05,67.04,67.52,18853657.0,1280014165.0,3139746626.0,0.006004833907256821
2025-01-22,67.31,67.77,66.05,67.74,23411118.0,1567964214.0,3139746626.0,0.007456371735901978
2025-01-23,68.03,68.75,67.92,68.06,17196434.0,1175769416.0,3139746626.0,0.005477013290689655
2025-01-24,68.06,68.52,67.71,67.98,14046359.0,956067253.0,3139746626.0,0.004473723734164783
2025-01-27,68.0,69.0,67.99,68.53,16029355.0,1100951276.0,3139746626.0,0.005105302086245478
2025-02-05,68.59,68.8,67.2,67.73,13156290.0,889112103.0,3139746626.0,0.004190239394177153
2025-02-06,67.67,67.78,66.5,67.12,21932744.0,1469202522.0,3139746626.0,0.006985513996058356
2025-02-07,67.0,69.3,66.54,68.81,38405832.0,2620665656.0,3139746626.0,0.012232143728402879
2025-02-10,69.2,71.6,69.05,71.3,35801009.0,2530381700.0,3139746626.0,0.011402515318763178
2025-02-11,71.02,71.24,70.56,71.16,14777907.0,1048583834.0,3139746626.0,0.004706719605214411
2025-02-12,71.17,71.86,70.83,71.45,17711431.0,1263998358.0,3139746626.0,0.005641038309694485
2025-02-13,71.53,73.99,71.5,73.3,37438107.0,2746674778.0,3139746626.0,0.011923926182443487
2025-02-14,72.99,72.99,70.22,70.46,40050930.0,2834127707.0,3139746626.0,0.01275610256838604
2025-02-17,70.47,70.55,69.41,70.42,22546535.0,1577628253.0,3139746626.0,0.007181004611421151
2025-02-18,69.93,71.34,69.7,69.96,22106557.0,1559472976.0,3139746626.0,0.007040872921699255
2025-02-19,69.91,70.06,69.24,69.65,20489235.0,1425610642.0,3139746626.0,0.00652576065543959
2025-02-20,69.45,69.45,68.12,68.55,25882839.0,1774945246.0,3139746626.0,0.008243607552808944
2025-02-21,68.55,68.81,67.45,68.08,23094678.0,1570895013.0,3139746626.0,0.007355586533242762
2025-02-24,67.8,68.67,67.7,68.1,19101484.0,1302551121.0,3139746626.0,0.006083766072657609
2025-02-25,67.67,67.94,66.89,67.06,21291300.0,1433608876.0,3139746626.0,0.006781215982107723
2025-02-26,67.24,68.5,67.24,68.35,22243466.0,1512330311.0,3139746626.0,0.00708447803265511
2025-02-27,68.35,69.24,67.98,68.92,20499626.0,1408102836.0,3139746626.0,0.0065290701581599535
2025-02-28,68.9,70.59,68.66,68.81,26509497.0,1845935129.0,3139746626.0,0.008443196269557836
2025-03-03,68.81,70.16,68.71,68.97,19287221.0,1338464344.0,3139746626.0,0.006142922756977907
2025-03-04,68.61,68.97,67.91,68.41,15721478.0,1074702207.0,3139746626.0,0.0050072441737214245
2025-03-05,68.4,68.49,67.85,67.91,11649243.0,793271666.0,3139746626.0,0.0037102493887670794
2025-03-06,68.3,68.73,67.8,68.36,14334485.0,977823173.0,3139746626.0,0.004565491011694139
2025-03-07,68.36,69.16,67.94,68.62,18458594.0,1266970135.0,3139746626.0,0.005879007511990237
2025-03-10,68.62,69.69,68.15,69.2,16696246.0,1151950526.0,3139746626.0,0.005317704894318437
2025-03-11,68.52,69.18,68.2,69.18,15825855.0,1089387513.0,3139746626.0,0.005040487939041741
2025-03-12,69.18,69.3,67.8,67.83,28328124.0,1931813295.0,3139746626.0,0.009022423582023143
2025-03-13,67.99,68.48,67.68,68.05,14144080.0,963301547.0,3139746626.0,0.004504847583201129
2025-03-14,68.09,70.29,68.0,69.84,36047264.0,2503513090.0,3139746626.0,0.011480946806820456
2025-03-17,70.25,71.77,70.23,70.8,23717558.0,1682568391.0,3139746626.0,0.007553971968182633
2025-03-18,69.6,69.6,68.18,68.6,39194608.0,2696882416.0,3139746626.0,0.012483366547934941
2025-03-19,68.38,69.98,68.36,69.31,22302496.0,1541206482.0,3139746626.0,0.007103278912799761
2025-03-20,69.04,69.23,68.25,68.33,18501613.0,1267459864.0,3139746626.0,0.005892708936061772
2025-03-21,68.26,68.78,67.36,67.4,22393709.0,1520653911.0,3139746626.0,0.0071323299831137395
2025-03-24,67.36,67.59,66.78,67.06,18365458.0,1232604452.0,3139746626.0,0.005849343971872462
2025-03-25,67.1,68.55,66.7,68.48,24986829.0,1695135415.0,3139746626.0,0.00795823102191941
2025-03-26,68.43,68.46,67.93,68.07,12113177.0,826242468.0,3139746626.0,0.003858010993527858
2025-03-27,68.1,69.0,68.08,68.53,17134570.0,1175685705.0,3139746626.0,0.005457309789939718
2025-03-28,68.54,68.94,67.54,67.71,14128109.0,961766463.0,3139746626.0,0.004499760867009528
2025-03-31,68.09,68.55,67.07,67.21,15255387.0,1032341865.0,3139746626.0,0.00485879557084999
2025-04-01,67.22,67.64,66.88,67.1,14321592.0,961537575.0,3139746626.0,0.004561384629385059
2025-04-02,67.1,67.14,66.52,66.59,17074298.0,1138587228.0,3139746626.0,0.00543811333647405
2025-04-03,65.59,66.0,65.4,65.74,19527941.0,1282027368.0,3139746626.0,0.006219591363930651
2025-04-07,62.8,62.8,59.17,59.17,44923037.0,2690489722.0,3139746626.0,0.014307854216004499
2025-04-08,60.2,60.25,57.88,60.25,43535250.0,2564497619.0,3139746626.0,0.013865848167329156
2025-04-09,59.17,60.17,58.5,60.17,32119283.0,1901363783.0,3139746626.0,0.01022989649356502
2025-04-10,61.48,61.49,60.01,60.88,26634866.0,1614668280.0,3139746626.0,0.008483125924696829
2025-04-11,60.35,60.5,59.65,60.2,18392126.0,1104271607.0,3139746626.0,0.005857837650878011
2025-04-14,60.24,60.45,59.31,59.45,24103249.0,1443190393.0,3139746626.0,0.007676813409210429
2025-04-15,58.36,58.38,55.22,56.26,66961648.0,3786280053.0,3139746626.0,0.021327086537969577
2025-04-16,56.27,56.3,54.56,55.35,41917900.0,2306508494.0,3139746626.0,0.01335072698315243
2025-04-17,54.8,55.27,54.58,54.89,34415318.0,1886854573.0,3139746626.0,0.010961176839879181
2025-04-18,54.91,55.05,54.6,54.99,20829460.0,1141123562.0,3139746626.0,0.006634121310144216
2025-04-21,54.88,54.88,53.89,54.26,34094355.0,1846389422.0,3139746626.0,0.01085895107511774
2025-04-22,54.0,54.55,53.89,54.08,23371105.0,1266160407.0,3139746626.0,0.007443627713926238
2025-04-23,54.32,55.67,54.32,55.05,39600723.0,2181218991.0,3139746626.0,0.012612712972463913
2025-04-24,55.17,55.17,54.22,54.45,21166636.0,1156789126.0,3139746626.0,0.0067415108673804175
2025-04-25,54.9,56.99,54.89,56.05,48682498.0,2732540472.0,3139746626.0,0.015505231408440408
2025-04-28,56.05,56.05,55.13,55.19,22199762.0,1228024948.0,3139746626.0,0.007070558438112643
2025-04-29,55.21,55.22,54.34,54.5,21737417.0,1187177210.0,3139746626.0,0.006923302925145018
2025-04-30,54.4,55.13,54.3,54.44,16734818.0,913866237.0,3139746626.0,0.005329989962062627
2025-05-06,54.88,55.1,54.5,55.06,26681004.0,1465304422.0,3139746626.0,0.008497820741029439
2025-05-07,56.0,56.1,54.97,55.43,26625797.0,1472900939.0,3139746626.0,0.008480237475060512
2025-05-08,55.02,55.7,54.88,55.45,20416572.0,1130545201.0,3139746626.0,0.0065026177051778445
2025-05-09,55.39,55.39,54.68,54.89,17843457.0,980076941.0,3139746626.0,0.005683088199614487
2025-05-12,55.49,57.48,55.4,57.48,61348712.0,3471603278.0,3139746626.0,0.019539383048293144
2025-05-13,58.0,58.1,56.78,56.96,33823697.0,1934366297.0,3139746626.0,0.010772747303845658
2025-05-14,56.95,58.32,56.79,58.29,38097060.0,2197206574.0,3139746626.0,0.012133800761029944
2025-05-15,58.03,58.42,57.28,57.43,24683339.0,1424750124.0,3139746626.0,0.007861570355900432
2025-05-16,57.15,57.19,56.62,56.83,18626262.0,1058923735.0,3139746626.0,0.00593240927333351
2025-05-19,56.83,56.94,56.15,56.75,14391978.0,812312144.0,3139746626.0,0.004583802361891606
2025-05-20,56.66,57.09,56.31,56.81,14292053.0,809859786.0,3139746626.0,0.004551976545383825
2025-05-21,56.54,57.06,56.51,56.66,12864948.0,730480734.0,3139746626.0,0.004097447830174052
2025-05-22,56.6,56.6,56.04,56.16,13073383.0,734940399.0,3139746626.0,0.004163833760259609
2025-05-23,56.22,57.05,56.06,56.08,21523374.0,1216852905.0,3139746626.0,0.006855130863671163
2025-05-26,56.09,56.19,55.33,55.41,18502631.0,1027702069.0,3139746626.0,0.00589303316604631
2025-05-27,55.43,55.53,54.9,54.95,14235125.0,783581030.0,3139746626.0,0.004533845146012747
2025-05-28,55.11,55.14,54.88,54.91,9650691.0,530381614.0,3139746626.0,0.003073716496765494
2025-05-29,54.98,55.53,54.65,55.53,14399844.0,796409853.0,3139746626.0,0.004586307659591383
2025-05-30,54.88,54.88,53.92,54.14,15057625.0,816807254.0,3139746626.0,0.004795808959649472
2025-06-03,54.06,54.38,54.0,54.14,12192825.0,659767531.0,3139746626.0,0.0038833786455990285
2025-06-04,54.14,54.62,54.01,54.42,11598420.0,630350367.0,3139746626.0,0.0036940624138121136
2025-06-05,54.5,54.58,54.08,54.26,15628547.0,847090584.0,3139746626.0,0.00497764592549641
2025-06-06,54.28,55.79,54.25,54.88,24316057.0,1338251343.0,3139746626.0,0.007744592126842531
2025-06-09,55.07,55.6,54.8,55.17,18201766.0,1006101353.0,3139746626.0,0.0057972085547517045
2025-06-10,55.18,55.38,54.31,54.63,20707883.0,1136099133.0,3139746626.0,0.006595399395772772
2025-06-11,54.64,55.14,54.53,55.02,15600458.0,856991167.0,3139746626.0,0.004968699662200067
2025-06-12,54.98,54.99,54.42,54.5,16310325.0,889657833.0,3139746626.0,0.005194790198971935
2025-06-13,54.31,55.22,54.0,54.41,20905099.0,1140459436.0,3139746626.0,0.006658212107590621
2025-06-16,54.36,54.85,54.01,54.13,18996146.0,1029865494.0,3139746626.0,0.006050216231683913
2025-06-17,54.14,54.27,53.88,53.98,13234143.0,714724436.0,3139746626.0,0.0042150353440653715
2025-06-18,54.04,54.4,53.85,53.96,13009600.0,702836938.0,3139746626.0,0.004143519063694027
2025-06-19,53.95,53.97,53.24,53.4,16777705.0,898735384.0,3139746626.0,0.005343649344525165
2025-06-20,53.4,53.82,53.19,53.19,14022437.0,749740935.0,3139746626.0,0.004466104648025188
2025-06-23,52.9,52.9,52.1,52.53,21746850.0,1139767273.0,3139746626.0,0.006926307307703115
2025-06-24,52.54,53.3,52.49,53.24,23734345.0,1259468987.0,3139746626.0,0.007559318577957125
2025-06-25,53.24,53.69,52.83,53.61,25432734.0,1353280975.0,3139746626.0,0.00810025044358468
2025-06-26,53.52,53.79,53.16,53.17,20158684.0,1078246700.0,3139746626.0,0.006420481141079184
2025-06-27,53.17,53.97,53.1,53.39,24033675.0,1288194943.0,3139746626.0,0.007654654296298621
2025-06-30,53.39,54.32,53.23,54.26,24287123.0,1304239908.0,3139746626.0,0.007735376733549199
2025-07-01,54.03,54.49,53.93,53.98,16193680.0,876513676.0,3139746626.0,0.005157639111991198
2025-07-02,53.98,54.99,53.8,54.21,31432369.0,1711321123.0,3139746626.0,0.010011116419303065
2025-07-03,54.22,54.98,54.0,54.56,26359187.0,1438814699.0,3139746626.0,0.00839532297979767
2025-07-04,54.57,54.66,53.91,54.09,22673594.0,1227791079.0,3139746626.0,0.007221472526554122
2025-07-07,54.09,54.98,53.93,54.3,18601607.0,1013629821.0,3139746626.0,0.005924556728865165
2025-07-08,54.3,55.79,54.01,55.3,36920262.0,2029457249.0,3139746626.0,0.011758994083874843
2025-07-09,55.33,55.44,54.36,54.44,26512901.0,1456275326.0,3139746626.0,0.008444280433474697
2025-07-10,54.45,56.8,54.45,56.41,67177933.0,3762519419.0,3139746626.0,0.021395972669802307
2025-07-11,56.18,56.52,55.72,55.72,40142196.0,2254537236.0,3139746626.0,0.012785170519043022
2025-07-14,55.73,56.05,55.23,55.25,26306997.0,1460498782.0,3130471626.0,0.00840352513707786
2025-07-15,55.25,55.45,54.5,55.02,24515288.0,1346521691.0,3130471626.0,0.007831180387130588
2025-07-16,55.0,55.09,54.71,54.84,15557674.0,853721374.0,3130471626.0,0.00496975403667179
2025-07-17,54.89,55.33,54.72,55.15,22301842.0,1226093910.0,3130471626.0,0.007124115681091945
2025-07-18,55.52,59.96,55.31,59.72,117891341.0,6890873361.0,3130471626.0,0.037659290702671905
2025-07-21,59.99,60.35,59.01,59.94,62816266.0,3745889113.0,3130471626.0,0.020066071028493646
2025-07-22,60.4,63.05,59.9,63.05,103083619.0,6350337983.0,3130471626.0,0.03292910184645769
2025-07-23,63.0,63.28,61.66,61.83,68232808.0,4249336089.0,3130471626.0,0.02179633491429703
2025-07-24,61.25,62.71,61.24,62.51,51084950.0,3177257419.0,3130471626.0,0.016318611411685096
2025-07-25,62.58,64.64,62.57,62.98,54633589.0,3472865022.0,3130471626.0,0.017452191084002498
2025-07-28,62.0,62.96,61.55,62.6,39806861.0,2482801867.0,3130471626.0,0.012715930938132707
2025-07-29,62.61,63.15,61.83,61.96,30787500.0,1913612655.0,3130471626.0,0.009834780083708703
2025-07-30,62.56,64.95,62.52,63.84,66258711.0,4246191622.0,3130471626.0,0.02116572801672792
2025-07-31,63.8,63.8,61.82,62.31,51526496.0,3212418625.0,3130471626.0,0.016459659168301947
2025-08-01,61.4,61.88,60.66,60.92,39395840.0,2409031446.0,3130471626.0,0.012584634108419803
2025-08-04,60.4,60.78,59.92,60.48,25582107.0,1542540033.0,3130471626.0,0.008171965779063093
2025-08-05,60.58,61.25,60.5,60.99,22796321.0,1387097185.0,3130471626.0,0.00728207239147805
2025-08-06,60.99,61.36,60.57,61.08,19745852.0,1203819381.0,3130471626.0,0.006307628485114403
2025-08-07,61.19,61.55,60.24,60.62,22405653.0,1360288911.0,3130471626.0,0.007157277138023164
2025-08-08,60.8,61.46,60.3,60.8,20918231.0,1274273881.0,3130471626.0,0.006682134035735867
2025-08-11,61.07,61.8,61.0,61.46,26356426.0,1621016974.0,3130471626.0,0.008419314770687527
2025-08-12,61.08,64.49,60.9,62.9,63386985.0,4012831111.0,3130471626.0,0.020248381896689965
2025-08-13,62.91,63.16,62.31,62.98,31320004.0,1966389031.0,3130471626.0,0.010004883526134857
2025-08-14,62.99,63.47,62.05,62.51,30667375.0,1926487395.0,3130471626.0,0.00979640727144543
2025-08-15,62.15,63.65,62.1,62.99,30961211.0,1953669004.0,3130471626.0,0.009890270444508414
2025-08-18,63.05,63.7,62.63,62.71,39525376.0,2495070336.0,3130471626.0,0.012626013176967859
2025-08-19,62.9,64.2,62.13,62.19,38199652.0,2402703045.0,3130471626.0,0.012202522994533603
2025-08-20,62.19,63.09,61.57,63.04,33723286.0,2099294185.0,3130471626.0,0.010772589574015836
2025-08-21,63.16,66.0,63.16,65.6,78560188.0,5120664924.0,3130471626.0,0.02509532025383066
2025-08-22,65.85,67.48,65.41,67.17,56403843.0,3760039235.0,3130471626.0,0.018017682234057086
2025-08-25,67.25,68.77,66.6,68.17,51398126.0,3486952395.0,3130471626.0,0.01641865256759238
2025-08-26,68.17,70.78,67.72,69.63,55644267.0,3882807412.0,3130471626.0,0.017775042756448863
2025-08-27,69.64,70.24,68.05,68.05,48742153.0,3365949645.0,3130471626.0,0.015570226733625089
2025-08-28,67.84,69.15,66.5,68.13,48533712.0,3290573305.0,3130471626.0,0.01550364219784179
2025-08-29,68.14,69.12,68.06,68.6,36142930.0,2479552152.0,3130471626.0,0.011545522310381738
2025-09-01,68.6,69.85,68.0,69.02,40327747.0,2773074800.0,3130471626.0,0.012882323118682693
2025-09-02,69.02,69.21,66.95,67.27,38569219.0,2614708907.0,3130471626.0,0.012320577730098231
2025-09-03,67.27,67.96,65.9,66.89,28423267.0,1893545092.0,3130471626.0,0.009079547875129023
2025-09-04,66.09,66.6,63.78,64.69,50202587.0,3259539630.0,3130471626.0,0.016036748770710627
2025-09-05,64.64,66.12,64.51,65.85,32433829.0,2121994078.0,3130471626.0,0.010360684546897727
2025-09-08,65.88,69.93,65.77,69.6,63091866.0,4328152174.0,3130471626.0,0.020154108881228365
2025-09-09,69.65,70.2,67.82,68.52,40363265.0,2786129201.0,3130471626.0,0.012893669012925914
2025-09-10,67.84,68.38,66.96,67.54,24439288.0,1651111480.0,3130471626.0,0.0078069028950847295
2025-09-11,67.3,68.5,66.82,68.43,31929465.0,2159602266.0,3130471626.0,0.010199570165342236
2025-09-12,68.44,68.71,67.1,67.79,26377407.0,1787294117.0,3130471626.0,0.008426016955695607
2025-09-15,67.79,69.09,67.5,67.74,20992510.0,1426753682.0,3130471626.0,0.00670586177036316
2025-09-16,67.81,68.05,66.0,66.61,28411348.0,1893584287.0,3130471626.0,0.009075740461606727
2025-09-17,66.32,67.5,66.06,67.01,21218175.0,1417532549.0,3130471626.0,0.006777948352501694
2025-09-18,67.02,67.08,65.35,65.88,31400989.0,2079520749.0,3130471626.0,0.010030753429994512
2025-09-19,65.66,66.52,65.31,65.31,29306287.0,1927303609.0,3130471626.0,0.009361620388633415
2025-09-22,65.22,65.22,63.51,64.1,28756259.0,1842656030.0,3130471626.0,0.009185919067646582
2025-09-23,64.12,64.41,62.59,63.34,26888260.0,1698997495.0,3130471626.0,0.008589204187854856
2025-09-24,63.06,63.92,63.0,63.68,21565093.0,1367004947.0,3130471626.0,0.006888768075995972
2025-09-25,63.66,65.35,63.55,64.56,28523559.0,1843083119.0,3130471626.0,0.009111585220290382
2025-09-26,64.48,64.87,63.9,64.01,20929825.0,1347414871.0,3130471626.0,0.006685837631035599
2025-09-29,64.2,66.53,63.7,65.94,32937169.0,2146263245.0,3130471626.0,0.010521471821191968
2025-09-30,65.88,66.86,65.26,66.58,29317411.0,1938922281.0,3130471626.0,0.009365173846811285
2025-10-09,66.58,67.85,65.3,67.73,33534000.0,2239007155.0,3130471626.0,0.010712123924550147
2025-10-10,67.5,68.8,66.66,67.73,32891739.0,2233362070.0,3130471626.0,0.010506959630880872
2025-10-13,65.12,66.78,64.99,66.35,30609372.0,2016781745.0,3130471626.0,0.00977787875340417
2025-10-14,66.54,67.45,64.54,64.77,30632849.0,2010503834.0,3130471626.0,0.009785378262361545
2025-10-15,64.7,65.56,64.07,64.75,20885678.0,1349772906.0,3130471626.0,0.0066717352831231185
2025-10-16,64.82,64.82,62.55,62.99,35112383.0,2226520884.0,3130471626.0,0.011216323670968803
2025-10-17,62.96,63.65,61.5,61.51,30134579.0,1881115700.0,3130471626.0,0.009626210552339311
2025-10-20,62.03,62.03,60.61,60.86,25936926.0,1584160052.0,3130471626.0,0.008285309403408086
2025-10-21,61.09,61.55,60.6,61.18,19125897.0,1168646770.0,3130471626.0,0.006109589635360586
2025-10-22,61.2,61.58,60.81,61.34,15852472.0,970840274.0,3130471626.0,0.005063924511673565
2025-10-23,61.24,62.8,60.85,62.73,22594242.0,1399372560.0,3130471626.0,0.007217520137331537
2025-10-24,62.69,62.97,61.01,61.45,31069641.0,1914812498.0,3130471626.0,0.009924907397962788
2025-10-27,62.0,63.3,61.81,62.49,36791759.0,2306127005.0,3130471626.0,0.011752784690468874
2025-10-28,62.66,62.66,61.41,61.48,24770419.0,1533333889.0,3130471626.0,0.00791267960848785
2025-10-29,61.4,62.45,61.03,61.99,26962542.0,1663277296.0,3130471626.0,0.008612932880804204
2025-10-30,62.0,62.25,61.18,61.71,28086699.0,1731886030.0,3130471626.0,0.008972034362722571
2025-10-31,61.88,63.33,61.87,62.63,31184857.0,1957106824.0,3130471626.0,0.00996171207590431
2025-11-03,62.85,62.96,61.66,62.52,18291773.0,1138186707.0,3130471626.0,0.0058431364935808555
2025-11-04,62.35,62.85,61.11,61.6,18933855.0,1170822739.0,3130471626.0,0.00604824360736755
2025-11-05,61.11,62.08,60.69,61.47,17793560.0,1091721629.0,3130471626.0,0.005683986991677656
2025-11-06,61.3,62.45,61.3,61.7,20536310.0,1270732054.0,3130471626.0,0.006560132929951047
2025-11-07,61.69,65.51,61.35,65.27,76216000.0,4913339326.0,3130471626.0,0.024346491233778075
2025-11-10,66.2,68.78,66.15,67.86,78664160.0,5331349256.0,3130471626.0,0.025128533140712134
2025-11-11,67.4,68.49,66.75,67.95,37354469.0,2532261115.0,3130471626.0,0.011932537158220517
2025-11-12,68.0,68.5,67.23,67.77,29905691.0,2029440035.0,3130471626.0,0.00955309441287362
2025-11-13,67.4,69.16,67.4,68.71,41645840.0,2850195669.0,3130471626.0,0.013303375649251133
2025-11-14,67.4,68.28,65.8,65.8,50450296.0,3370324226.0,3130471626.0,0.016115877103305202
2025-11-17,65.08,67.68,65.08,66.38,32643084.0,2168091663.0,3130471626.0,0.010427529107398465
2025-11-18,66.4,66.76,65.02,65.4,23416199.0,1534038477.0,3130471626.0,0.007480086644299136
2025-11-19,65.2,66.0,65.0,65.61,16299274.0,1066332366.0,3130471626.0,0.005206651248529796
2025-11-20,65.97,66.47,64.18,64.3,20779325.0,1354277927.0,3130471626.0,0.006637761807971103
2025-11-21,63.85,63.93,62.33,62.71,29871474.0,1882363020.0,3130471626.0,0.009542164110961343
2025-11-24,63.43,63.65,62.26,62.79,24233482.0,1524183129.0,3130471626.0,0.007741160085505914
2025-11-25,63.0,64.1,62.93,63.04,21653463.0,1373230931.0,3130471626.0,0.0069169970493129776
2025-11-26,63.06,63.88,62.82,63.7,16865100.0,1069887337.0,3130471626.0,0.005387399093455319
2025-11-27,63.4,66.33,63.35,65.9,37808866.0,2464210489.0,3130471626.0,0.01207769004707791
2025-11-28,65.89,67.98,65.85,67.12,38835522.0,2604034649.0,3130471626.0,0.012405645742786233
2025-12-01,66.97,68.18,66.6,67.96,31290308.0,2119991965.0,3130471626.0,0.009995397415558624
2025-12-02,67.8,68.09,66.9,67.0,20528297.0,1383080399.0,3130471626.0,0.0065575732517436335
2025-12-03,67.2,69.37,67.13,68.2,45965755.0,3154902058.0,3130471626.0,0.014683332255189079
2025-12-04,68.07,68.8,67.26,67.68,19112102.0,1295272723.0,3130471626.0,0.0061051829511135774
2025-12-05,67.82,70.67,67.7,69.98,49644630.0,3448828691.0,3130471626.0,0.015858514604533906
2025-12-08,70.2,70.7,69.38,69.97,32980285.0,2308354611.0,3130471626.0,0.010535244825758405
2025-12-09,69.97,71.0,69.0,69.3,33206086.0,2317657029.0,3130471626.0,0.010607374851830075
2025-12-10,68.97,69.43,67.9,69.3,23836299.0,1635590847.0,3130471626.0,0.007614283675989466
2025-12-11,69.31,70.5,68.18,68.47,19939222.0,1376722189.0,3130471626.0,0.006369398730336871
2025-12-12,68.47,68.81,67.53,68.47,22545949.0,1533196022.0,3130471626.0,0.007202093388339818
2025-12-15,68.44,70.99,68.0,69.69,35282360.0,2472877050.0,3130471626.0,0.011270621240251421
2025-12-16,69.55,70.19,67.98,70.07,28023480.0,1936904686.0,3130471626.0,0.00895183964206932
2025-12-17,69.75,74.88,69.75,74.22,70113383.0,5120844678.0,3130471626.0,0.022397067080140977
2025-12-18,74.23,76.99,73.85,75.54,50672310.0,3846893662.0,3130471626.0,0.016186797407503478
2025-12-19,75.07,76.08,75.07,75.59,24316829.0,1837134932.0,3130471626.0,0.007767784508263101
2025-12-22,75.59,76.19,75.11,75.79,26472838.0,2004993169.0,3130471626.0,0.008456501499688086
2025-12-23,75.81,76.18,74.5,74.8,25929325.0,1947346579.0,3130471626.0,0.008282881334762815
2025-12-24,74.98,77.37,74.86,77.07,34606152.0,2645889117.0,3130471626.0,0.011054612893654767
2025-12-25,77.09,78.5,76.67,76.71,24515318.0,1895398964.0,3130471626.0,0.007831189970351132
2025-12-26,76.6,78.0,75.7,76.98,27102918.0,2080354351.0,3130471626.0,0.008657774686375644
2025-12-29,76.92,77.2,75.7,76.15,21379964.0,1633554871.0,3130471626.0,0.006829630341457054
2025-12-30,75.5,77.99,75.02,77.0,26628429.0,2041406061.0,3130471626.0,0.008506203595278969
2025-12-31,76.8,77.43,76.09,76.68,16402835.0,1257774024.0,3130471626.0,0.005239732845289811
2026-01-05,77.2,78.81,76.23,77.33,26156140.0,2019846152.0,3130471626.0,0.008355335273688886
2026-01-06,77.03,83.38,77.03,82.95,58461093.0,4756657066.0,3130471626.0,0.018674851582890534
2026-01-07,82.25,83.66,81.4,81.93,32322327.0,2667257099.0,3130471626.0,0.010325066271659605
2026-01-08,81.92,81.92,78.43,79.69,46547605.0,3697350416.0,3130471626.0,0.01486919881764806
2026-01-09,80.0,80.61,78.41,79.35,33361851.0,2643914244.0,3130471626.0,0.010657132530100115
2026-01-12,79.33,79.88,77.66,78.14,37575205.0,2938767156.0,3130471626.0,0.012003049217223604
2026-01-13,78.08,80.13,77.77,78.76,35511188.0,2805735943.0,3130471626.0,0.011343718213276021
2026-01-14,78.67,80.56,77.8,77.8,41867618.0,3303436529.0,3130471626.0,0.013374220565447795
2026-01-15,77.5,80.94,77.31,79.46,39913965.0,3189892339.0,3130471626.0,0.012750144313239018
2026-01-16,80.15,81.18,78.0,78.72,33361211.0,2643212842.0,3130471626.0,0.010656928088061833
2026-01-19,77.9,82.79,77.39,82.4,50734380.0,4113634694.0,3130471626.0,0.01620662509080988
2026-01-20,82.38,86.97,82.12,86.02,69698585.0,5933750505.0,3130471626.0,0.022264563722961532
2026-01-21,86.2,86.69,83.8,84.08,47391462.0,4009265975.0,3130471626.0,0.015138761075613084
2026-01-22,85.17,86.3,83.8,85.3,45492207.0,3871705025.0,3130471626.0,0.014532061757776814
2026-01-23,85.64,86.46,83.8,84.25,39709089.0,3361923595.0,3130471626.0,0.01268469858349708
2026-01-26,84.25,87.88,83.99,84.97,55512198.0,4774097644.0,3130471626.0,0.017732854544646175
2026-01-27,84.95,87.48,83.53,84.7,44754634.0,3817913823.0,3130471626.0,0.014296450933556554
2026-01-28,84.7,89.98,84.7,87.31,81065182.0,7133732217.0,3130471626.0,0.025895517252645432
2026-01-29,88.1,89.97,86.19,87.6,61152217.0,5361337053.0,3130471626.0,0.01953450607636972
2026-01-30,86.96,89.61,85.19,87.97,49190201.0,4302762967.0,3130471626.0,0.015713351493574598
2026-02-02,86.6,86.96,79.58,80.33,82870072.0,6826489709.0,3130471626.0,0.026472072550259237
2026-02-03,81.68,83.64,81.4,83.34,42700097.0,3528261939.0,3130471626.0,0.013640148227301007
2026-02-04,83.8,85.2,82.98,84.8,31262115.0,2631691799.0,3130471626.0,0.009986391424331664
2026-02-05,85.79,86.39,82.5,83.61,27227242.0,2289647442.0,3130471626.0,0.00869748883007445
2026-02-06,81.94,88.46,81.52,86.7,54363293.0,4686433762.0,3130471626.0,0.017365847544660033
2026-02-09,86.85,88.3,85.66,87.02,34252439.0,2970495575.0,3130471626.0,0.010941622570707178
2026-02-10,86.66,86.66,84.03,86.0,32274504.0,2749263215.0,3130471626.0,0.010309789659789749
2026-02-11,85.59,89.88,84.78,88.85,49790969.0,4406263055.0,3130471626.0,0.01590526123490889
2026-02-12,88.8,89.52,87.7,88.0,27602811.0,2440345108.0,3130471626.0,0.008817460848629331
2026-02-13,87.01,87.06,84.65,84.96,34240209.0,2929119601.0,3130471626.0,0.010937715811131904
2026-02-24,86.38,87.39,84.77,87.25,29640230.0,2561819197.0,3130471626.0,0.009468295369242232
2026-02-25,87.88,92.24,87.8,89.71,63119485.0,5724902977.0,3130471626.0,0.02016293151350224
2026-02-26,89.69,92.28,89.26,90.02,41639103.0,3769636852.0,3130471626.0,0.013301223577357541
2026-02-27,90.02,94.28,89.92,93.0,46742493.0,4319534829.0,3130471626.0,0.014931453973830076
2026-03-02,93.1,95.2,91.88,94.32,51307052.0,4802574204.0,3130471626.0,0.01638955982666364
2026-03-03,95.0,95.45,90.8,91.09,49528741.0,4586923472.0,3130471626.0,0.015821494943011504
2026-03-04,89.06,90.26,87.24,88.46,44194653.0,3911974654.0,3130471626.0,0.014117570219433766
2026-03-05,89.99,90.45,87.69,89.2,30058218.0,2671502348.0,3130471626.0,0.009601817742206234
2026-03-06,88.65,93.48,87.6,93.0,38044628.0,3482623084.0,3130471626.0,0.012153002021811011
2026-03-09,93.99,97.0,89.01,89.96,69314803.0,6380575819.0,3130471626.0,0.022141968138062275
2026-03-10,88.03,89.2,87.0,88.21,42417436.0,3728419308.0,3130471626.0,0.013549854803890819
2026-03-11,88.21,90.3,84.68,89.45,61656514.0,5358350395.0,3130471626.0,0.01969559905539933
2026-03-12,89.41,90.3,86.5,86.6,52975470.0,4670125122.0,3130471626.0,0.016922520415139516
2026-03-13,86.31,87.98,84.17,84.5,49137122.0,4217892403.0,3130471626.0,0.01569639590146536
2026-03-16,84.1,84.2,78.12,79.43,79853882.0,6392087321.0,3130471626.0,0.025508578751130325
2026-03-17,79.96,82.49,79.88,80.15,43674654.0,3553075232.0,3130471626.0,0.01395146138277121
2026-03-18,80.2,80.88,79.05,80.66,27604384.0,2205209469.0,3130471626.0,0.008817963328826542
2026-03-19,80.0,80.55,78.0,78.43,35235387.0,2780692476.0,3130471626.0,0.011255616152963655
2026-03-20,78.42,79.4,77.0,77.0,42252958.0,3284093143.0,3130471626.0,0.013497313838933994
2026-03-23,75.43,76.97,73.36,75.01,45066069.0,3388427257.0,3130471626.0,0.014395935943231578
2026-03-24,75.8,76.04,73.55,75.13,31862778.0,2378062981.0,3130471626.0,0.01017826762439405
2026-03-25,76.35,79.34,76.3,78.45,38063871.0,2978711609.0,3130471626.0,0.012159149018908884
2026-03-26,78.0,80.89,77.6,79.23,33646230.0,2676734858.0,3130471626.0,0.010747974752606814
2026-03-27,78.0,80.84,77.84,79.98,27993247.0,2234880704.0,3130471626.0,0.00894218199184534
2026-03-30,78.96,80.75,78.9,80.61,26240849.0,2098536143.0,3130471626.0,0.008382394774658788
2026-03-31,80.71,81.2,79.22,79.45,18698095.0,1496956751.0,3130471626.0,0.00597293227151582
2026-04-01,80.9,83.42,80.9,82.87,36932112.0,3038997203.0,3130471626.0,0.011797619148904561
2026-04-02,82.61,83.46,81.9,82.71,21918899.0,1813007948.0,3130471626.0,0.007001788106927247
2026-04-03,83.3,84.28,82.03,82.38,24940303.0,2074026347.0,3130471626.0,0.007966947469786777
2026-04-07,81.8,86.78,81.8,86.27,42361030.0,3622170690.0,3130471626.0,0.013531836432623203
2026-04-08,85.0,87.01,83.99,86.44,38249893.0,3300166832.0,3130471626.0,0.01221857201397934
2026-04-09,85.91,87.8,85.59,87.59,29631530.0,2577943443.0,3130471626.0,0.009465516235284351
2026-04-10,87.86,89.6,87.0,89.07,29127675.0,2586887355.0,3130471626.0,0.00930456444903743
2026-04-13,89.07,93.14,88.34,92.2,41848520.0,3803998028.0,3130471626.0,0.01336811988724922
2026-04-14,92.04,92.19,89.06,90.68,40211503.0,3622533110.0,3130471626.0,0.012845190055717182
2026-04-15,89.99,90.98,88.04,89.08,36689458.0,3276216608.0,3130471626.0,0.011720105588971724
2026-04-16,89.0,91.36,88.89,90.1,26747428.0,2412895943.0,3130471626.0,0.008544216717331141
2026-04-17,89.5,90.2,87.5,87.77,34332940.0,3031170740.0,3130471626.0,0.010967337865275383
2026-04-20,87.5,88.98,86.67,87.54,29839915.0,2614408235.0,3130471626.0,0.009532082882389301
2026-04-21,87.47,88.54,83.04,87.49,42291491.0,3635681090.0,3130471626.0,0.013509622846841929
2026-04-22,87.49,89.75,87.09,87.7,31422964.0,2778260860.0,3130471626.0,0.0100377731390433
2026-04-23,87.7,88.9,86.01,87.65,34792098.0,3051947058.0,3130471626.0,0.011114011611233175
2026-04-24,88.1,90.63,88.0,89.54,38758973.0,3473108539.0,3130471626.0,0.012381192877804413
2026-04-27,89.5,90.92,88.5,88.97,29439935.0,2634623688.0,3130471626.0,0.009404312997277427
2026-04-28,88.5,90.34,88.4,89.48,25455283.0,2275476215.0,3130471626.0,0.008131453033652253
2026-04-29,89.05,90.45,88.53,90.35,30566526.0,2750184474.0,3130471626.0,0.00976419199782263
2026-04-30,90.0,90.71,88.51,89.54,23258542.0,2081560109.0,3130471626.0,0.007429724584253427
2026-05-06,89.56,89.77,86.7,89.73,35932360.0,3170217046.0,3130471626.0,0.011478257685380472
2026-05-07,88.66,88.99,83.8,84.8,69520837.0,5937402973.0,3130471626.0,0.022207783780117226
2026-05-08,84.8,85.38,83.41,83.6,32557102.0,2734113727.0,3130471626.0,0.010400062958436793
2026-05-11,83.61,84.35,83.1,83.51,33804429.0,2827899098.0,3130471626.0,0.010798509949503692
2026-05-12,83.48,84.16,82.55,83.29,27657148.0,2303340312.0,3130471626.0,0.008834818297120064
2026-05-13,83.59,83.68,82.5,83.33,24447392.0,2033189386.0,3130471626.0,0.007809491642394461
2026-05-14,83.25,85.65,81.9,81.99,34796946.0,2908157712.0,3130471626.0,0.011115560259673155
2026-05-15,82.4,83.85,81.43,81.81,28304797.0,2333925185.0,3130471626.0,0.009041703737199118
2026-05-18,81.3,81.33,79.13,79.9,34749164.0,2780663355.0,3130471626.0,0.011100296744871375
2026-05-19,80.01,80.2,78.36,79.5,23610453.0,1864504509.0,3130471626.0,0.00754213927508698
2026-05-20,79.0,79.99,78.03,79.0,25630205.0,2023230555.0,3130471626.0,0.008187330237121274
2026-05-21,79.32,80.77,77.49,77.49,28095163.0,2218851409.0,3130471626.0,0.008974738108678836
2026-05-22,78.0,78.5,76.83,77.99,21984710.0,1709829983.0,3130471626.0,0.007022810817835536
2026-05-25,78.5,79.4,76.5,76.85,28384366.0,2204057504.0,3130471626.0,0.009067121313049077
2026-05-26,76.5,77.78,76.1,77.58,27364583.0,2105416487.0,3130471626.0,0.008741361133167478
2026-05-27,76.5,76.51,74.62,75.04,24304329.0,1829629644.0,3130471626.0,0.0077637914997029265
2026-05-28,75.04,75.7,72.83,73.85,30996115.0,2288837276.0,3130471626.0,0.00990142020217116
2026-05-29,73.85,74.91,73.11,73.45,26179814.0,1937863847.0,3130471626.0,0.008362897712461171
2026-06-01,73.41,76.44,72.59,75.85,44626321.0,3361836513.0,3130471626.0,0.014255462540966024
2026-06-02,75.85,76.0,74.36,75.16,30096841.0,2259564386.0,3130471626.0,0.009614155499775803
2026-06-03,75.0,75.08,73.01,74.17,37269724.0,2751286793.0,3130471626.0,0.01190546615738596
2026-06-04,74.11,74.11,71.79,72.17,35026071.0,2533279477.0,3130471626.0,0.011188752106581145
2026-06-05,72.18,74.68,71.51,72.46,37062920.0,2714362441.0,3130471626.0,0.011839404546003702
2026-06-08,71.43,72.3,69.28,69.75,36573927.0,2575197714.0,3130471626.0,0.011683200287214486
2026-06-09,70.01,70.25,68.34,69.25,30845849.0,2127229573.0,3130471626.0,0.00985341912822691
2026-06-10,68.5,69.59,67.28,67.9,27950498.0,1903384088.0,3130471626.0,0.008928526222010229
2026-06-11,68.53,68.9,65.9,67.15,33294432.0,2228848680.0,3130471626.0,0.010635596158570645
2026-06-12,67.2,72.83,66.8,71.67,60211407.0,4241418179.0,3130471626.0,0.019233973085689932
2026-06-15,73.52,76.48,72.13,73.5,63193265.0,4696203608.0,3130471626.0,0.020186499847227812
2026-06-16,72.5,72.81,69.85,70.07,47916519.0,3398996352.0,3130471626.0,0.015306485643259428
2026-06-17,70.0,71.12,69.0,70.79,33298046.0,2328817794.0,3130471626.0,0.010636750617205563
2026-06-18,70.01,70.58,68.4,69.05,34831389.0,2413398157.0,3130471626.0,0.0111265627551802
2026-06-22,69.12,74.5,68.32,74.3,63398807.0,4575181113.0,3130471626.0,0.020252158324465835
2026-06-23,75.59,76.84,72.6,72.8,55264118.0,4133551354.0,3130471626.0,0.017653607699557535
2026-06-24,72.8,76.0,72.78,74.7,48294539.0,3616207876.0,3130471626.0,0.015427240610932789
2026-06-25,74.01,74.88,71.85,73.61,40088870.0,2940657512.0,3130471626.0,0.012806016086216397
2026-06-26,73.6,75.2,70.93,71.79,35201488.0,2557447882.0,3130471626.0,0.011244787433189149
2026-06-29,71.79,73.0,69.64,71.93,38579354.0,2754967970.0,3130471626.0,0.01232381526143882
2026-06-30,71.01,71.39,67.28,68.41,62129651.0,4257562768.0,3130471626.0,0.019846738262690133
2026-07-01,67.99,69.58,66.0,68.29,61132538.0,4129163220.0,3130471626.0,0.019528219803133268
2026-07-02,67.61,70.61,67.55,68.6,45077323.0,3117217148.0,3130471626.0,0.014399530928698473
2026-07-03,69.48,71.0,68.08,69.18,37063384.0,2566962131.0,3130471626.0,0.011839552766481456
2026-07-06,69.19,73.48,68.45,71.02,47174613.0,3358449959.0,3130471626.0,0.015069490682551869
2026-07-07,73.64,74.41,70.66,71.05,65352983.0,4730950894.0,3130471626.0,0.020876401644152772
2026-07-08,71.5,72.23,69.68,70.02,39932515.0,2825245786.0,3130471626.0,0.012756069937942316
2026-07-09,70.03,70.03,67.41,68.88,41375927.0,2834034341.0,3130471626.0,0.013217154455690952
2026-07-10,68.5,70.16,66.73,68.71,41039014.0,2820229907.0,3130471626.0,0.013109530736248239
2026-07-13,68.71,68.88,66.9,66.95,31822780.0,2151046274.0,3130471626.0,0.010165490635882863
2026-07-14,66.7,69.8,66.48,69.6,37742560.0,2585446821.0,3130471626.0,0.012056509213030638
2026-07-15,69.0,70.8,68.15,70.09,36645609.0,2549250956.0,3130471626.0,0.011706098434383317
2026-07-16,69.69,70.8,68.24,68.36,35740517.0,2467072314.0,3130471626.0,0.011416975226083714
2026-07-17,68.37,70.91,68.1,70.04,55904726.0,3901730937.0,3130471626.0,0.017858243957774814
2026-07-20,70.07,71.99,68.88,71.99,60333870.0,4274212919.0,3130471626.0,0.0192730927502743
2026-07-21,72.0,73.0,70.88,71.75,51952211.0,3731768424.0,3130471626.0,0.016595649859437504
2026-07-22,71.01,74.7,71.0,74.0,54359500.0,3990272129.0,3130471626.0,0.017364635906142532
2026-07-23,74.0,75.94,72.48,75.49,47917178.0,3572897641.0,3130471626.0,0.01530669615467072
2026-07-24,75.35,75.9,73.57,73.75,34032803.0,2534882955.0,3130471626.0,0.010871461896457386
2026-07-27,74.54,74.54,72.37,74.15,28032197.0,2067192069.0,3130471626.0,0.008954624206518842
2026-07-28,74.15,74.6,72.52,74.2,28169784.0,2070215966.0,3130471626.0,0.008998575092020336
2026-07-29,74.58,75.68,72.7,74.49,40525725.0,3012142930.0,3130471626.0,0.012945565346580784
2026-07-30,74.15,76.57,74.1,76.56,43719598.0,3314329353.0,3130471626.0,0.013965818324909488
2026-07-31,75.31,75.4,73.88,74.51,45042605.0,3351676407.0,3130471626.0,0.014388440587003103
2026-08-03,74.28,75.93,73.21,75.3,33959767.0,2543255217.0,3130471626.0,0.010848131226601318
2026-08-04,74.49,75.18,73.23,73.64,34285575.0,2529617922.0,3130471626.0,0.010952207557239172
2026-08-05,73.2,74.58,72.63,74.45,33976693.0,2511593591.0,3130471626.0,0.010853538079632477
2026-08-06,74.12,75.81,74.0,74.97,33319830.0,2497312204.0,3130471626.0,0.010643709313083548
2026-08-07,74.97,76.8,74.58,75.72,35125333.0,2664984747.0,3130471626.0,0.011220460427837144
2026-08-10,75.5,79.1,75.49,78.01,45539928.0,3549393789.0,3130471626.0,0.014547305786696819
2026-08-11,78.04,79.0,75.62,75.65,39077260.0,3013651281.0,3130471626.0,0.012482866695051782
2026-08-12,75.69,76.38,74.92,75.06,24221260.0,1828287678.0,3130471626.0,0.007737255881456119
2026-08-13,74.76,74.77,73.05,73.11,35048937.0,2580677326.0,3130471626.0,0.011196056437280099
2026-08-14,73.02,73.9,72.92,73.04,19427305.0,1423528493.0,3130471626.0,0.006205871613288981
2026-08-17,73.21,73.6,72.48,73.13,28796316.0,2100830033.0,3130471626.0,0.009198714903158173
2026-08-18,72.75,74.42,72.7,73.27,28431100.0,2091955897.0,3130471626.0,0.009082050054013172
2026-08-19,73.01,74.48,72.9,73.89,30646111.0,2259285686.0,3130471626.0,0.009789614684723547
2026-08-20,73.41,76.3,73.41,75.16,37717070.0,2838887297.0,3130471626.0,0.01204836666997473
2026-08-21,75.0,75.0,73.52,73.98,23056817.0,1706429325.0,3130471626.0,0.007365285412109338
2026-08-24,73.95,74.74,72.6,73.19,23340065.0,1713140028.0,3130471626.0,0.007455766347201512
2026-08-25,74.03,75.43,72.52,72.87,40606464.0,2998733819.0,3130471626.0,0.012971356668031975
2026-08-26,72.51,74.82,71.63,74.49,36209259.0,2666540510.0,3130471626.0,0.011566710491564762
2026-08-27,74.26,76.76,74.01,75.92,36425989.0,2744358759.0,3130471626.0,0.011635942871184484
2026-08-28,75.8,78.18,75.53,78.04,47622107.0,3678448502.0,3130471626.0,0.015212438472361992
2026-08-31,78.25,78.51,75.31,76.32,44547087.0,3396220087.0,3130471626.0,0.014230151977745477
2026-09-01,76.1,78.68,76.0,77.02,45219948.0,3507788587.0,3130471626.0,0.01444509115637006
2026-09-02,77.3,77.6,75.05,75.18,30948382.0,2341827520.0,3130471626.0,0.009886172339962937
2026-09-03,75.18,77.69,74.91,77.38,40677967.0,3123573312.0,3130471626.0,0.012994197635318226
2026-09-04,77.66,79.28,77.18,77.66,36248486.0,2830056610.0,3130471626.0,0.011579241191307958
2026-09-07,77.66,77.66,75.79,76.74,25121076.0,1922126073.0,3130471626.0,0.008024693720702645
2026-09-08,76.7,78.81,76.25,78.09,32982921.0,2572376892.0,3130471626.0,0.010536086871403574
2026-09-09,77.87,79.06,77.11,78.87,26444941.0,2069157360.0,3130471626.0,0.008447590062903831
2026-09-10,78.99,78.99,76.9,77.15,24683269.0,1916538673.0,3130471626.0,0.007884840352806316
2026-09-11,76.03,76.4,73.12,74.5,33673804.0,2498857171.0,3130471626.0,0.010756783010049873
2026-09-14,74.0,74.39,72.58,73.51,24064745.0,1765005715.0,3130471626.0,0.007687258622672467
2026-09-15,73.15,74.1,72.88,72.99,18504529.0,1358266689.0,3130471626.0,0.005911099415919127
2026-09-16,73.0,73.21,69.1,70.78,50675875.0,3581688452.0,3130471626.0,0.01618793621354484
