date,open,high,low,close,volume,amount,outstanding_share,turnover
2020-12-01,399.91,408.02,399.91,407.65,23692498.0,2071081958.0,6843031425.0,0.0034622810460058643
2020-12-02,412.66,420.03,410.52,416.88,36607195.0,3286902392.0,6843031425.0,0.005349558218636998
2020-12-03,416.32,417.67,408.99,415.44,25552024.0,2276665595.0,6843031425.0,0.0037340211396150354
2020-12-04,411.82,412.94,404.17,409.69,32722623.0,2876036668.0,6843031425.0,0.00478188992095707
2020-12-07,412.1,412.66,405.8,408.3,20228496.0,1786091234.0,6843031425.0,0.002956072352100882
2020-12-08,405.8,408.62,396.2,401.99,36690024.0,3164772039.0,6843031425.0,0.005361662357118285
2020-12-09,398.79,401.62,387.16,387.43,46112571.0,3893407709.0,6843031425.0,0.006738617454178942
2020-12-10,387.16,396.2,387.16,394.58,25300125.0,2144184257.0,6843031425.0,0.003697210114740924
2020-12-11,398.28,398.28,386.74,389.47,22506139.0,1901113979.0,6843031425.0,0.003288913582623216
2020-12-14,398.19,398.75,386.37,391.51,26247011.0,2213586003.0,6843031425.0,0.003835582415142862
2020-12-15,393.74,400.6,386.69,397.5,32812014.0,2794791701.0,6843031425.0,0.004794952991173791
2020-12-16,399.26,412.98,398.42,408.48,41302146.0,3638872836.0,6843031425.0,0.006035650493889117
2020-12-17,411.27,420.91,410.11,415.76,31646076.0,2841397961.0,6843031425.0,0.004624569731535319
2020-12-18,413.17,417.25,409.5,414.05,27477717.0,2446471118.0,6843031425.0,0.00401543048591217
2020-12-21,416.0,416.0,403.57,411.78,28368934.0,2499704931.0,6843031425.0,0.0041456676490419595
2020-12-22,409.55,420.91,405.33,416.14,31071453.0,2775989184.0,6843031425.0,0.004540597736623722
2020-12-23,417.2,433.52,415.12,426.57,39054660.0,3606420446.0,6843031425.0,0.00570721622836914
2020-12-24,426.57,430.69,419.84,430.69,19778311.0,1823517286.0,6843031425.0,0.002890284987986885
2020-12-25,429.67,436.86,424.25,433.89,21707194.0,2025214058.0,6843031425.0,0.0031721605019518085
2020-12-28,433.43,451.37,433.11,444.19,39478573.0,3781019562.0,6843031425.0,0.0057691643583238405
2020-12-29,444.0,444.14,434.73,441.36,21655220.0,2053512083.0,6843031425.0,0.003164565330050344
2020-12-30,442.8,447.9,436.81,445.02,23164406.0,2212516055.0,6843031425.0,0.0033851088152791874
2020-12-31,445.11,458.93,445.02,456.43,26867176.0,2633031805.0,6847113368.000001,0.003923869016915041
2021-01-04,458.56,472.7,454.53,459.07,33882680.0,3379358339.0,6862438628.0,0.004937411004559297
2021-01-05,454.71,472.66,449.75,470.8,35114801.0,3515823440.0,6862438628.0,0.00511695665396922
2021-01-06,477.57,485.92,462.04,468.11,36020338.0,3662399226.0,6862438628.0,0.0052489122238602555
2021-01-07,472.93,489.95,469.22,486.01,45140052.0,4687111403.0,6862438628.0,0.006577844181486791
2021-01-08,482.21,485.45,469.46,477.62,33069048.0,3409516335.0,6862438628.0,0.004818847904165184
2021-01-11,478.5,483.74,463.66,468.3,34189187.0,3506431350.0,6862438628.0,0.00498207544771357
2021-01-12,465.1,483.51,465.1,482.67,35529586.0,3670971678.0,6862438628.0,0.005177399453167102
2021-01-13,486.84,490.14,473.12,479.15,34348739.0,3560584735.0,6862438628.0,0.005005325491706532
2021-01-14,480.35,484.02,460.83,461.81,37381528.0,3780641251.0,6862438628.0,0.0054472659103247285
2021-01-15,459.16,464.45,448.73,462.22,35743823.0,3524028265.0,6862438628.0,0.005208618238734943
2021-01-18,460.83,464.96,452.12,459.58,28677180.0,2849767543.0,6869165118.0,0.0041747693507693025
2021-01-19,462.22,464.17,438.07,439.78,42307807.0,4087923630.0,6869165118.0,0.006159090118409933
2021-01-20,445.11,454.94,442.8,446.41,32202327.0,3113133925.0,6869165118.0,0.004687953549932413
2021-01-21,450.86,468.3,449.7,464.12,40930171.0,4074982808.0,6869165118.0,0.005958536488334855
2021-01-22,463.66,470.75,454.8,466.3,30775582.0,3069095083.0,6869165118.0,0.0044802507249906524
2021-01-25,468.3,476.97,457.63,472.84,37735992.0,3802697805.0,6869165118.0,0.005493533981461064
2021-01-26,468.3,468.3,450.21,454.11,40767026.0,4006657957.0,6869165118.0,0.005934786149363895
2021-01-27,450.17,462.92,446.88,454.16,28326851.0,2781047166.0,6869165118.0,0.004123769120904105
2021-01-28,447.57,449.7,438.16,441.22,31057214.0,2959282875.0,6869165118.0,0.004521250176184803
2021-01-29,442.1,453.41,434.36,446.64,37246508.0,3576339186.0,6869165118.0,0.005422275831221328
2021-02-01,446.64,456.75,438.9,455.31,28606271.0,2784442680.0,6869165118.0,0.0041644465533431365
2021-02-02,451.61,464.59,451.61,457.08,31544355.0,3125263983.0,6869165118.0,0.004592167236938444
2021-02-03,461.34,465.52,446.04,452.72,32395536.0,3178416762.0,6871775459.0,0.004714289079043087
2021-02-04,446.46,452.49,441.54,446.97,36486402.0,3514921395.0,6871775459.0,0.005309603350355922
2021-02-05,449.66,456.1,440.48,450.91,37262393.0,3600456020.0,6871775459.0,0.005422527732799717
2021-02-08,450.96,452.07,437.7,448.17,37743563.0,3614401924.0,6873367646.0,0.0054912766119771155
2021-02-09,452.49,472.47,449.24,472.47,53712247.0,5347054459.0,6873367646.0,0.00781454590622083
2021-02-10,477.2,500.75,470.62,496.63,53679907.0,5641813862.0,6873367646.0,0.0078098407890692945
2021-02-18,496.67,497.79,449.75,455.78,94042908.0,9433652348.0,6873367646.0,0.01368221705043362
2021-02-19,440.52,455.92,440.52,454.34,69387709.0,6722204870.0,6873367646.0,0.010095154598689425
2021-02-22,451.05,451.05,419.06,419.33,90398609.0,8324148677.0,6875002619.0,0.013148883572810752
2021-02-23,412.89,426.57,411.87,421.65,60475531.0,5494666678.0,6875002619.0,0.008796437521764382
2021-02-24,445.58,457.17,431.76,440.57,100354633.0,9587929017.0,6875002619.0,0.01459703196659975
2021-02-25,440.01,444.14,427.03,435.56,41637020.0,3934052807.0,6875002619.0,0.006056291511065096
2021-02-26,426.57,438.11,422.02,431.58,60112303.0,5569084605.0,6875002619.0,0.008743604378254565
2021-03-01,433.06,441.87,425.78,432.73,37084402.0,3475175712.0,6875002619.0,0.0053940927815085095
2021-03-02,439.87,444.37,429.81,433.62,47339822.0,4469317461.0,6875002619.0,0.006885789667798816
2021-03-03,429.95,434.54,424.25,433.48,33059187.0,3072269141.0,6875002619.0,0.004808607186364768
2021-03-04,427.59,429.26,414.7,416.83,44634820.0,4041856217.0,6875002619.0,0.006492334981319954
2021-03-05,406.03,418.55,398.89,414.98,40948709.0,3626107488.0,6875002619.0,0.005956173585568201
2021-03-08,410.34,415.95,396.15,396.43,48829340.0,4260904988.0,6875002619.0,0.007102446748900649
2021-03-09,392.49,393.65,378.81,380.16,56896333.0,4741767514.0,6875002619.0,0.008275827101906738
2021-03-10,389.47,392.53,380.43,387.9,47316765.0,3942944036.0,6875002619.0,0.006882435923621864
2021-03-11,392.16,401.07,387.16,398.52,40811644.0,3495579074.0,6875002619.0,0.005936236865890276
2021-03-12,398.61,408.16,395.09,398.56,32364532.0,2806048361.0,6875002619.0,0.004707566497583032
2021-03-15,393.23,393.37,375.56,381.59,49051385.0,4035896117.0,6875002619.0,0.00713474419114254
2021-03-16,382.1,384.98,378.12,382.89,34926115.0,2877253722.0,6875002619.0,0.005080160246554228
2021-03-17,380.25,390.77,377.23,389.8,37095228.0,3081574544.0,6875002619.0,0.00539566747181773
2021-03-18,394.02,403.38,393.18,402.04,34703588.0,2986372292.0,6875002619.0,0.005047792695248136
2021-03-19,394.11,401.53,391.28,395.55,30529185.0,2610073941.0,6875002619.0,0.004440607035643662
2021-03-22,394.07,396.57,381.59,386.6,31409285.0,2620969353.0,6875002619.0,0.004568621532331667
2021-03-23,386.6,386.88,375.89,377.74,36969597.0,3027477689.0,6875002619.0,0.005377393878778972
2021-03-24,377.88,382.43,376.77,378.72,23536758.0,1923709265.0,6875002619.0,0.003423527132186537
2021-03-25,375.89,377.88,367.68,374.08,24752483.0,1990607891.0,6875002619.0,0.003600359792095666
2021-03-26,376.03,382.52,370.74,380.25,31083020.0,2533340710.0,6875002619.0,0.004521164823137357
2021-03-29,380.02,382.38,375.56,377.74,29453524.0,2406536460.0,6875002619.0,0.0042841473134281
2021-03-30,379.55,387.11,376.07,382.38,35197152.0,2898062093.0,6875002619.0,0.005119583795172369
2021-03-31,383.91,384.75,376.72,381.27,27352508.0,2245618465.0,6875002619.0,0.003978545102573145
2021-04-01,380.2,398.19,379.27,396.11,35204512.0,2987621061.0,6875002619.0,0.005120654340219096
2021-04-02,396.43,410.34,393.65,403.89,29152538.0,2546245045.0,6875002619.0,0.00424036754828762
2021-04-06,404.13,406.63,389.47,391.24,25766840.0,2190978644.0,6875002619.0,0.003747902572253551
2021-04-07,391.24,391.75,379.65,383.54,29977466.0,2467818331.0,6875002619.0,0.0043603570298509
2021-04-08,382.57,384.47,379.97,383.35,18211406.0,1502128963.0,6875002619.0,0.0026489307727200445
2021-04-09,384.75,384.75,372.04,373.01,32238556.0,2610503420.0,6875002619.0,0.004689242722745209
2021-04-12,372.32,376.77,366.29,367.68,25277487.0,2012933376.0,6875002619.0,0.0036767239811868937
2021-04-13,366.06,370.09,362.21,364.85,21362828.0,1686748572.0,6875002619.0,0.003107319252644491
2021-04-14,366.15,373.85,365.78,371.53,21069229.0,1685738018.0,6875002619.0,0.003064613959821969
2021-04-15,371.53,375.56,366.11,372.23,17445281.0,1393503616.0,6875002619.0,0.002537494451534841
2021-04-16,372.32,373.71,365.83,370.46,15347818.0,1222574469.0,6875002619.0,0.0022324090404830144
2021-04-19,370.93,380.71,366.29,378.67,26759356.0,2175802611.0,6875002619.0,0.003892268480894378
2021-04-20,375.94,377.88,371.07,375.47,23153386.0,1866628042.0,6875002619.0,0.0033677639534292663
2021-04-21,370.93,373.25,368.61,369.07,25190606.0,2010416383.0,6875002619.0,0.003664086749637353
2021-04-22,369.17,372.27,366.34,372.09,23096878.0,1841507581.0,6875002619.0,0.003359544611105842
2021-04-23,372.88,389.47,372.13,388.83,45141558.0,3741273480.0,6875002619.0,0.006566042298696032
2021-04-26,390.59,394.11,370.51,371.07,41802919.0,3424838079.0,6875002619.0,0.006080422265508958
2021-04-27,370.79,378.49,367.22,374.27,19000053.0,1531692781.0,6875002619.0,0.0027636430199300265
2021-04-28,375.56,378.81,371.3,378.12,17902575.0,1452688937.0,6875002619.0,0.0026040099171051674
2021-04-29,380.48,390.63,379.6,386.83,29815963.0,2474034002.0,6881133022.0,0.004333001978696525
2021-04-30,392.72,392.72,370.0,371.72,58237700.0,4702118111.0,6881133022.0,0.008463388196944524
2021-05-06,363.09,369.86,359.29,359.62,49115946.0,3841342540.0,6881133022.0,0.0071377701670595605
2021-05-07,358.87,359.57,347.75,348.12,43729514.0,3308412783.0,6881133022.0,0.006354987450495475
2021-05-10,351.59,367.22,351.59,361.66,54943986.0,4265793301.0,6881133022.0,0.007984729524096679
2021-05-11,357.76,366.29,355.12,363.23,27333464.0,2127125363.0,6881133022.0,0.003972233048338242
2021-05-12,365.83,365.83,354.47,358.27,27341035.0,2106351405.0,6881133022.0,0.00397333330319101
2021-05-13,352.94,354.7,347.75,348.44,32950762.0,2482149422.0,6881133022.0,0.004788566344328985
2021-05-14,349.14,355.02,341.35,354.42,30481113.0,2297770136.0,6881133022.0,0.004429664838994883
2021-05-17,357.02,367.91,356.46,363.51,41809230.0,3276114961.0,6881133022.0,0.006075922361379981
2021-05-18,370.0,370.93,357.95,360.91,26855515.0,2106345389.0,6881133022.0,0.0039027751555069413
2021-05-19,357.25,360.54,354.7,358.55,22505269.0,1736145799.0,6881133022.0,0.003270576070546424
2021-05-20,366.29,374.92,359.66,374.17,73533093.0,5884598446.0,6881133022.0,0.010686189725573366
2021-05-21,376.03,385.3,374.96,378.12,50222428.0,4119754982.0,6881133022.0,0.007298569558157279
2021-05-24,383.12,384.84,375.33,381.13,36014944.0,2956298660.0,6881133022.0,0.0052338683011729165
2021-05-25,384.7,390.4,381.78,386.14,41746744.0,3478155176.0,6881133022.0,0.0060668415893908
2021-05-26,389.01,394.07,382.29,391.0,36038191.0,3021930597.0,6881133022.0,0.0052372466692302815
2021-05-27,394.07,394.25,386.83,389.01,29615660.0,2486863195.0,6881133022.0,0.004303892964329327
2021-05-28,386.14,386.18,380.2,382.66,38741514.0,3196831619.0,6881133022.0,0.005630106826323172
2021-05-31,383.45,383.45,369.72,375.56,52395101.0,4208270644.0,6881133022.0,0.007614313054621254
2021-06-01,375.15,375.15,367.78,371.72,47337082.0,3776569524.0,6881133022.0,0.0068792569259533785
2021-06-02,375.5,375.97,371.24,375.97,34284654.0,2706286215.0,6881133022.0,0.004982414071983043
2021-06-03,375.97,377.58,366.42,368.55,41669046.0,3262957927.0,6881133022.0,0.006055550134952761
2021-06-04,366.09,371.24,361.93,367.6,28306603.0,2194930978.0,6881397521.0,0.004113496264910809
2021-06-07,367.7,367.79,360.13,363.11,27727499.0,2124176470.0,6881397521.0,0.004029341266128549
2021-06-08,363.68,365.57,357.67,359.52,32089344.0,2446270922.0,6881397521.0,0.004663201610148631
2021-06-09,360.7,362.35,355.64,357.48,25138005.0,1900479894.0,6881397521.0,0.0036530377620659477
2021-06-10,358.0,359.14,354.22,356.58,32075563.0,2419455653.0,6881397521.0,0.004661198964616536
2021-06-11,356.58,357.53,347.64,349.96,46521367.0,3444045478.0,6881397521.0,0.006760453361113129
2021-06-15,349.35,352.33,340.5,346.37,44590030.0,3245305092.0,6881397521.0,0.006479792783940232
2021-06-16,349.49,355.92,346.18,354.69,44970185.0,3359892667.0,6881397521.0,0.0065350366495707055
2021-06-17,355.64,356.25,346.65,347.41,29929238.0,2214198276.0,6881397521.0,0.004349296477737956
2021-06-18,346.79,350.96,341.26,349.02,38817863.0,2831313013.0,6882408050.000001,0.0056401571540065825
2021-06-21,349.11,349.16,336.58,340.5,47738643.0,3450150411.0,6882408050.000001,0.006936328484621018
2021-06-22,340.03,344.67,335.21,337.1,41034169.0,2942649258.0,6882408050.000001,0.005962181942990142
2021-06-23,336.77,346.6,334.36,346.04,43404358.0,3139531924.0,6882408050.000001,0.006306565621316218
2021-06-24,352.33,352.33,343.86,346.18,28702816.0,2103271901.0,6882408050.000001,0.004170461238490501
2021-06-25,347.93,348.92,343.25,346.04,41255201.0,3019079359.0,6883999669.0,0.005992911531617333
2021-06-28,346.08,349.49,342.87,346.23,30684568.0,2240502744.0,6883999669.0,0.004457374996425207
2021-06-29,348.92,349.02,336.91,337.95,34979911.0,2518377824.0,6883999669.0,0.005081335369250727
2021-06-30,336.25,340.03,335.07,337.52,28444413.0,2022265552.0,6887324632.999999,0.004129965482345807
2021-07-01,337.19,347.08,333.69,346.37,44641783.0,3221962176.0,6887324632.999999,0.0064817306252856
2021-07-02,343.48,344.05,334.17,336.25,40318436.0,2873257073.0,6887324632.999999,0.0058540054590744605
2021-07-05,332.37,332.8,315.82,322.53,78081102.0,5309270148.0,6887324632.999999,0.011336927785555714
2021-07-06,319.98,327.97,315.96,324.47,41063662.0,2802133749.0,6887324632.999999,0.005962207996301952
2021-07-07,326.08,340.27,324.47,332.89,55959761.0,3961973980.0,6888072196.0,0.008124154249210196
2021-07-08,331.05,334.78,325.65,331.05,35977037.0,2508845301.0,6888072196.0,0.005223092321955099
2021-07-09,328.92,333.79,324.94,327.26,29079830.0,2016604915.0,6888072196.0,0.004221766144798404
2021-07-12,329.34,338.14,325.94,334.36,40495549.0,2860148826.0,6888072196.0,0.005879083123361618
2021-07-13,334.73,346.79,333.79,344.29,47453241.0,3430086441.0,6894382137.0,0.0068828852327945745
2021-07-14,342.63,344.29,338.42,340.5,33405515.0,2405155835.0,6894382137.0,0.0048453239661206205
2021-07-15,340.5,342.16,333.93,336.58,31970243.0,2276242686.0,6895804638.0,0.004636187461550879
2021-07-16,337.19,337.19,325.37,329.63,45691025.0,3180537684.0,6885864638.0,0.006635481148997864
2021-07-19,330.05,332.46,324.42,331.71,30561168.0,2124892125.0,6885864638.0,0.0044382469895424045
2021-07-20,329.44,332.09,326.36,329.2,23094780.0,1603201066.0,6892021215.0,0.0033509444152226104
2021-07-21,329.72,330.67,320.69,321.54,51518657.0,3525935837.0,6892021215.0,0.007475115846694328
2021-07-22,321.54,330.53,316.76,323.01,42883759.0,2952043816.0,6892021215.0,0.006222232587831638
2021-07-23,323.01,325.75,314.54,316.67,42451336.0,2851914804.0,6892021215.0,0.006159490035754337
2021-07-26,310.14,312.46,302.06,305.89,57012881.0,3709400702.0,6892021215.0,0.008272302017282749
2021-07-27,305.84,307.3,290.37,290.37,61869875.0,3893777294.0,6892021215.0,0.008977029099293043
2021-07-28,290.37,301.72,289.0,299.26,47782907.0,2994650504.0,6892021215.0,0.0069330760178166395
2021-07-29,305.03,305.03,296.19,299.36,39271265.0,2485962571.0,6892021215.0,0.005698076627293144
2021-07-30,298.37,303.05,293.02,300.35,41977874.0,2648623981.0,6892021215.0,0.006090792916980305
2021-08-02,300.31,315.25,295.95,312.51,54445260.0,3553099532.0,6892021215.0,0.007899752235455068
2021-08-03,309.76,341.73,308.25,335.4,89992768.0,6224743064.0,6893664860.0,0.013054415877130411
2021-08-04,332.94,338.99,329.77,331.0,42636229.0,3000695827.0,6893664860.0,0.0061848421508555905
2021-08-05,328.44,338.66,326.74,330.57,45338268.0,3201066026.0,6893664860.0,0.0065768018783553105
2021-08-06,331.05,336.01,321.82,332.7,34481766.0,2410493994.0,6893664860.0,0.005001949862703363
2021-08-09,329.15,347.6,328.07,342.73,51361921.0,3711851356.0,6893664860.0,0.0074505973300245405
2021-08-10,340.98,344.52,334.97,344.52,32371545.0,2326129709.0,6893664860.0,0.004695839681420196
2021-08-11,342.11,347.83,339.89,340.17,28560714.0,2073013761.0,6893664860.0,0.004143037786145003
2021-08-12,338.14,342.73,333.88,335.4,30539265.0,2176736609.0,6893664860.0,0.004430047822197147
2021-08-13,335.4,340.41,330.1,338.66,30301304.0,2153012742.0,6893664860.0,0.004395529027792047
2021-08-16,338.66,356.82,337.9,354.64,66305582.0,4925830245.0,6893664860.0,0.009618335580067638
2021-08-17,354.6,357.06,345.75,347.12,41410311.0,3078533154.0,6893664860.0,0.006007009600986027
2021-08-18,347.08,354.69,343.81,352.33,32617317.0,2419424671.0,6893664860.0,0.0047314915451227785
2021-08-19,354.5,356.02,339.89,340.22,32866221.0,2403024431.0,6893664860.0,0.0047675977390058384
2021-08-20,335.73,342.82,330.05,340.5,30129822.0,2143875730.0,6893664860.0,0.004370653725107258
2021-08-23,339.08,343.1,331.66,333.93,24216401.0,1715542962.0,6893664860.0,0.0035128486069164666
2021-08-24,331.99,336.48,322.44,333.41,38744022.0,2700934790.0,6893664860.0,0.005620235794288381
2021-08-25,331.52,334.36,326.32,327.03,25351879.0,1761336903.0,6821688617.0,0.0037163641472613995
2021-08-26,326.98,329.39,319.27,321.26,30560914.0,2082846696.0,6821688617.0,0.004479963204981333
2021-08-27,321.26,326.22,318.65,320.64,24556080.0,1670326403.0,6821688617.0,0.0035997069609429227
2021-08-30,321.35,322.11,308.87,312.03,45344420.0,2990768859.0,6821688617.0,0.006647096129102018
2021-08-31,311.66,321.07,308.63,312.13,31964102.0,2120020157.0,6821688617.0,0.0046856583163798786
2021-09-01,314.54,330.34,308.25,327.03,54120472.0,3688604134.0,6821688617.0,0.00793358874005609
2021-09-02,329.06,329.06,320.88,327.21,42761283.0,2930294690.0,6821688617.0,0.006268430794896835
2021-09-03,326.17,331.66,322.53,331.23,28680784.0,1995822443.0,6821688617.0,0.0042043525599403655
2021-09-06,331.61,346.37,331.57,341.07,39610616.0,2853865986.0,6821688617.0,0.005806570517054722
2021-09-07,343.81,349.63,339.61,345.33,38937022.0,2852011278.0,6821688617.0,0.005707827516924026
2021-09-08,345.23,348.31,341.5,343.91,26682359.0,1945966050.0,6821688617.0,0.003911400900578514
2021-09-09,343.91,346.89,336.86,340.6,22350846.0,1611240094.0,6821688617.0,0.003276438907560298
2021-09-10,340.6,345.23,336.25,342.4,21079581.0,1520883789.0,6821688617.0,0.00309008255631437
2021-09-13,342.02,343.77,334.5,335.68,21293772.0,1519720224.0,6821688617.0,0.003121481087092545
2021-09-14,335.77,337.67,322.58,323.62,30703335.0,2132022305.0,6821688617.0,0.004500840880289626
2021-09-15,321.63,323.57,311.18,314.59,39630658.0,2652852006.0,6821688617.0,0.0058095084992942
2021-09-16,314.59,317.71,311.18,311.89,29466222.0,1952956774.0,6821688617.0,0.004319490914107198
2021-09-17,313.83,322.91,312.55,322.82,26097737.0,1757915166.0,6821688617.0,0.0038257004189495097
2021-09-22,316.86,318.28,311.56,312.51,23967787.0,1589166507.0,6821688617.0,0.0035134683427606233
2021-09-23,315.72,317.33,312.13,315.86,19943038.0,1327533719.0,6821688617.0,0.0029234752741866465
2021-09-24,314.49,322.53,312.55,317.8,27372409.0,1841748628.0,6821688617.0,0.004012556206653371
2021-09-27,317.76,332.89,315.77,324.9,33266460.0,2292141631.0,6821688617.0,0.004876572629993439
2021-09-28,321.92,333.41,318.32,332.32,34751438.0,2424145960.0,6821688617.0,0.005094257441390336
2021-09-29,330.81,335.3,327.64,332.32,29530820.0,2075477391.0,6821688617.0,0.004328960416986444
2021-09-30,332.32,336.39,328.68,329.15,21879116.0,1537243045.0,6821688617.0,0.003207287407618711
2021-10-08,331.99,343.25,329.86,342.87,41613373.0,2987690472.0,6821688617.0,0.00610015720979954
2021-10-11,343.81,345.71,336.15,336.15,23449247.0,1683573325.0,6821688617.0,0.003437454905455999
2021-10-12,336.29,343.25,331.42,338.71,21599019.0,1548732744.0,6821688617.0,0.0031662276325797297
2021-10-13,340.5,341.54,332.23,335.77,16055890.0,1139319628.0,6821688617.0,0.002353653310998085
2021-10-14,335.92,338.71,329.39,331.66,16233358.0,1143450650.0,6821688617.0,0.0023796685705568025
2021-10-15,335.77,339.46,332.75,335.77,20425107.0,1447693569.0,6821688617.0,0.0029941423812719302
2021-10-18,335.77,335.77,326.32,329.25,21901873.0,1524555400.0,6821688617.0,0.0032106233851570713
2021-10-19,327.78,333.22,326.55,330.48,18104497.0,1265164860.0,6821688617.0,0.0026539612134864467
2021-10-20,331.05,333.41,321.68,321.92,30276609.0,2074541250.0,6821688617.0,0.004438286573876903
2021-10-21,322.91,330.05,321.78,329.53,20597302.0,1416973727.0,6821688617.0,0.003019384665062322
2021-10-22,330.9,354.69,330.81,352.33,81947936.0,6030294051.0,6821688617.0,0.012012852037218691
2021-10-25,349.91,351.38,338.61,342.4,43058106.0,3124400474.0,6821688617.0,0.006311942455522959
2021-10-26,339.32,340.41,331.14,331.14,39644810.0,2798221885.0,6821688617.0,0.005811583058951575
2021-10-27,326.6,328.44,316.86,316.86,67849700.0,4597497865.0,6821688617.0,0.009946173712900798
2021-10-28,314.49,323.24,312.32,322.15,27797860.0,1876958743.0,6821688617.0,0.004074923609196453
2021-10-29,318.89,328.68,318.28,325.23,28202116.0,1933712607.0,6821688617.0,0.004134184009765393
2021-11-01,337.05,349.58,334.12,344.33,74811069.0,5437920546.0,6821688617.0,0.010966649637681637
2021-11-02,344.33,347.08,332.84,334.88,33979598.0,2430850402.0,6821688617.0,0.004981112435317128
2021-11-03,331.19,338.14,327.83,327.83,22136290.0,1550205588.0,6821688617.0,0.0032449868709684615
2021-11-04,331.05,336.91,328.63,334.45,23674066.0,1667235035.0,6821688617.0,0.0034704114082549893
2021-11-05,332.51,339.61,330.05,334.59,18630632.0,1321929414.0,6821688617.0,0.0027310880114890476
2021-11-08,334.02,335.59,330.1,333.13,14960996.0,1051451982.0,6821688617.0,0.0021931514086873487
2021-11-09,332.7,332.7,323.34,326.32,22767037.0,1571550505.0,6821688617.0,0.003337448874940344
2021-11-10,324.85,330.1,321.68,329.06,23735791.0,1632341272.0,6821688617.0,0.003479459754414645
2021-11-11,327.21,342.21,325.84,340.69,36332028.0,2604623041.0,6821688617.0,0.005325958137323758
2021-11-12,339.94,349.39,338.61,341.31,26614392.0,1929374935.0,6821688617.0,0.0039014375317096067
2021-11-15,340.5,345.23,338.14,342.77,21497317.0,1553116115.0,6821688617.0,0.0031513190072070393
2021-11-16,345.23,347.6,342.35,343.96,21140190.0,1540309641.0,6821688617.0,0.003098967306616364
2021-11-17,341.69,346.18,338.23,341.02,14390330.0,1039576298.0,6821688617.0,0.002109496754826738
2021-11-18,339.7,339.75,330.95,332.09,19413431.0,1370784034.0,6821688617.0,0.0028458395112935424
2021-11-19,332.09,333.41,327.78,331.05,25102995.0,1750975581.0,6821688617.0,0.003679879925542488
2021-11-22,329.77,332.37,328.68,330.81,22966239.0,1602179694.0,6821688617.0,0.0033666501491678978
2021-11-23,330.76,330.76,326.41,328.54,22415718.0,1554230542.0,6821688617.0,0.003285948576447608
2021-11-24,331.75,332.8,326.41,331.75,25270993.0,1761908033.0,6821688617.0,0.003704506965771405
2021-11-25,331.05,331.05,326.69,326.98,18110345.0,1254877493.0,6821688617.0,0.0026548184792351977
2021-11-26,326.32,328.44,324.33,325.42,14048378.0,969361340.0,6821688617.0,0.0020593695767629613
2021-11-29,321.54,324.33,320.26,322.39,20002100.0,1361366066.0,6821688617.0,0.0029321332477934767
2021-11-30,320.92,327.03,320.03,320.55,19543671.0,1332560745.0,6826932218.000001,0.0028627310739179216
2021-12-01,320.03,322.53,317.8,322.34,18010101.0,1220013295.0,6826932218.000001,0.002638095769065097
2021-12-02,318.65,321.44,317.38,320.36,17292840.0,1169569318.0,6826932218.000001,0.002533032326643791
2021-12-03,320.22,320.22,315.34,317.61,21709179.0,1455435330.0,6826932218.000001,0.0031799318210251485
2021-12-06,317.61,325.28,317.38,324.28,28156018.0,1927815523.0,6826932218.000001,0.004124256269274709
2021-12-07,326.79,332.94,326.79,332.13,45996100.0,3221759579.0,6826932218.000001,0.006737447880136547
2021-12-08,332.89,333.17,326.32,331.0,24448618.0,1705575367.0,6826932218.000001,0.003581201221763763
2021-12-09,338.14,344.05,335.21,341.54,58720574.0,4231464731.0,6826932218.000001,0.008601311998554252
2021-12-10,338.9,342.4,334.36,340.03,29774271.0,2133466230.0,6826932218.000001,0.0043612958279410875
2021-12-13,344.05,355.97,342.96,345.0,54392976.0,4021351649.0,6826932218.000001,0.007967411168458153
2021-12-14,341.69,342.77,336.01,336.01,25330123.0,1813446503.0,6826932218.000001,0.003710322908028028
2021-12-15,335.73,337.71,331.9,332.7,16566927.0,1169764121.0,6826932218.000001,0.002426701550708145
2021-12-16,333.17,335.21,330.19,332.94,15360353.0,1077897222.0,6826932218.000001,0.002249964187354994
2021-12-17,331.47,332.27,324.9,324.9,20467841.0,1419353358.0,6826932218.000001,0.002998102272941008
2021-12-20,325.75,332.65,325.42,329.25,20657979.0,1440391946.0,6826932218.000001,0.0030259534356490074
2021-12-21,329.2,341.12,328.68,338.85,31759660.0,2268444040.0,6826932218.000001,0.004652112982206262
2021-12-22,337.9,340.03,331.19,338.28,22483108.0,1595253318.0,6826932218.000001,0.003293295917120822
2021-12-23,336.2,344.62,335.77,339.89,19654181.0,1412656991.0,6826932218.000001,0.002878918432525149
2021-12-24,337.34,341.69,334.97,341.26,16377482.0,1174612544.0,6828719687.0,0.0023983239539291986
2021-12-27,341.45,349.96,340.03,345.47,27562336.0,2020201844.0,6828719687.0,0.004036237722932322
2021-12-28,345.47,356.87,345.47,355.54,51272047.0,3839791458.0,6828719687.0,0.007508295749437167
2021-12-29,354.69,357.29,348.78,350.01,21584258.0,1603790663.0,6828719687.0,0.003160805976717785
2021-12-30,349.96,352.33,346.08,349.77,21829008.0,1615514268.0,6828719687.0,0.0031966472487597367
2021-12-31,349.49,352.04,344.19,349.06,21673393.0,1593276845.0,6830024963.0,0.003173252384494982
2022-01-04,349.96,357.06,348.07,356.39,31040801.0,2323005429.0,6830232863.0,0.0045446182615750735
2022-01-05,356.58,377.53,353.46,360.7,61369922.0,4743653586.0,6830232863.0,0.008985040954086136
2022-01-06,358.52,369.78,353.75,354.6,34188949.0,2599839612.0,6830232863.0,0.005005531976106508
2022-01-07,356.96,371.15,354.74,367.84,43722085.0,3393184313.0,6830232863.0,0.006401258328518572
2022-01-10,369.82,382.5,364.15,367.93,35252163.0,2760629556.0,6830232863.0,0.005161194897316636
2022-01-11,364.24,372.76,357.06,357.53,33694529.0,2592315667.0,6830232863.0,0.004933144985806614
2022-01-12,359.85,360.93,345.37,351.29,38464129.0,2852050498.0,6830232863.0,0.005631452070743258
2022-01-13,352.71,356.39,341.45,342.02,26732585.0,1957650625.0,6830232863.0,0.003913861435795678
2022-01-14,340.98,344.52,337.67,340.5,20996990.0,1516106943.0,6830232863.0,0.0030741250585675675
2022-01-17,340.98,347.31,339.18,345.37,20381136.0,1481637501.0,6830232863.0,0.0029839591722277126
2022-01-18,344.33,348.45,340.6,346.65,21307718.0,1554810615.0,6830232863.0,0.0031196180902448977
2022-01-19,348.54,360.32,347.41,355.78,40401059.0,3035602736.0,6830232863.0,0.005915033910316039
2022-01-20,355.59,372.66,355.21,371.81,50662197.0,3941616641.0,6830232863.0,0.007417345501416472
2022-01-21,369.45,372.76,362.4,366.09,30226221.0,2345227569.0,6830232863.0,0.004425357320354072
2022-01-24,363.2,373.75,361.79,364.53,16913071.0,1307756735.0,6830232863.0,0.002476207083893093
2022-01-25,363.2,372.66,355.73,358.71,25185151.0,1938021219.0,6830232863.0,0.0036873048847910123
2022-01-26,361.64,366.66,357.25,361.83,17996504.0,1376378669.0,6830232863.0,0.002634830226285361
2022-01-27,358.24,363.06,352.37,353.84,25896559.0,1951701430.0,6830232863.0,0.0037914606309082145
2022-01-28,353.89,359.42,345.37,346.18,26921924.0,1996946182.0,6830232863.0,0.003941582159788217
2022-02-07,352.33,357.72,347.03,353.27,21295784.0,1582887132.0,6830232863.0,0.0031178708584536294
2022-02-08,351.85,354.22,345.23,351.38,25222789.0,1858705328.0,6830232863.0,0.003692815385055782
2022-02-09,352.8,364.48,349.49,362.21,30821130.0,2329350902.0,6830232863.0,0.0045124566933817
2022-02-10,359.89,362.31,347.6,348.31,40093808.0,2986309640.0,6830232863.0,0.005870049938881564
2022-02-11,345.94,352.8,342.77,350.62,26315615.0,1943208566.0,6830232863.0,0.003852813736784013
2022-02-14,347.6,347.74,338.61,345.23,19833640.0,1443390305.0,6830232863.0,0.002903801436615822
2022-02-15,343.91,346.65,340.03,340.65,22662561.0,1639397266.0,6830232863.0,0.0033179777987900204
2022-02-16,341.35,347.55,339.56,346.65,18939258.0,1380576751.0,6830232863.0,0.0027728568527430014
2022-02-17,345.28,349.02,341.02,341.78,17712319.0,1288420222.0,6830232863.0,0.0025932232993034925
2022-02-18,339.51,345.9,337.24,345.23,15392511.0,1114787734.0,6830232863.0,0.002253585098596367
2022-02-21,344.29,344.38,340.5,343.81,10709058.0,776053568.0,6830232863.0,0.0015678906143906093
2022-02-22,340.98,341.21,327.5,331.85,36301446.0,2550080184.0,6830232863.0,0.0053148182101738104
2022-02-23,331.28,334.07,329.63,333.32,19598560.0,1377756703.0,6830232863.0,0.002869383869204109
2022-02-24,328.78,329.91,319.03,323.01,41899669.0,2867573789.0,6830232863.0,0.006134442242368391
2022-02-25,325.13,326.08,320.69,322.15,22417097.0,1528873766.0,6830232863.0,0.0032820399318206966
2022-02-28,319.22,319.79,309.76,315.53,48362395.0,3207726548.0,6830232863.0,0.0070806363370103445
2022-03-01,315.01,323.43,310.62,323.15,40633496.0,2724504805.0,6837917659.0,0.0059423786635568205
2022-03-02,319.22,319.22,313.07,316.48,24786934.0,1658320778.0,6837917659.0,0.0036249243170361494
2022-03-03,318.04,318.04,311.89,315.3,26230556.0,1743964880.0,6837917659.0,0.003836044437516091
2022-03-04,311.89,313.69,307.82,310.24,30520427.0,2001514125.0,6837917659.0,0.004463409552735592
2022-03-07,305.41,305.41,293.4,295.62,47645242.0,2998946563.0,6838718870.0,0.006966983568956096
2022-03-08,292.74,297.94,282.33,282.62,57768670.0,3513393050.0,6838718870.0,0.008447294164031047
2022-03-09,280.35,283.8,267.72,281.48,56275807.0,3289964731.0,6838718870.0,0.00822899845274675
2022-03-10,289.48,290.33,274.86,278.41,47362869.0,2809518529.0,6838718870.0,0.006925693232949053
2022-03-11,275.71,282.19,271.13,280.82,35638996.0,2080976811.0,6838718870.0,0.005211355617547121
2022-03-14,274.39,279.45,268.1,268.1,31918608.0,1851362819.0,6838718870.0,0.004667337348815451
2022-03-15,265.78,270.65,256.7,257.27,49926766.0,2779415595.0,6838718870.0,0.0073006021959782655
2022-03-16,265.78,271.03,256.56,269.52,52945781.0,2962039193.0,6838718870.0,0.0077420613431357505
2022-03-17,281.1,282.24,272.45,277.61,52266437.0,3071637071.0,6838718870.0,0.007642723438929725
2022-03-18,277.61,279.07,272.64,278.55,36839305.0,2148265063.0,6838718870.0,0.005386872263693448
2022-03-21,279.17,281.62,274.29,276.42,30641715.0,1798629636.0,6838718870.0,0.004480622113948661
2022-03-22,274.77,278.74,274.39,277.04,19403969.0,1134303593.0,6838718870.0,0.0028373690114856264
2022-03-23,277.75,278.36,273.96,274.29,24373729.0,1418165963.0,6838718870.0,0.0035640782233237202
2022-03-24,271.93,273.44,270.09,272.31,23678670.0,1361843503.0,6838718870.0,0.0034624423740933804
2022-03-25,272.36,273.92,265.07,265.26,25216369.0,1430819628.0,6838718870.0,0.003687294284112018
2022-03-28,264.22,265.59,259.16,263.89,21585282.0,1198968556.0,6838718870.0,0.003156334162921951
2022-03-29,265.36,265.92,257.55,258.45,25242958.0,1391082042.0,6838718870.0,0.003691182293036707
2022-03-30,260.06,269.57,259.87,269.57,33900253.0,1899860141.0,6838718870.0,0.0049571058036488634
2022-03-31,269.09,270.51,265.88,269.57,25133597.0,1428403894.0,6838718870.0,0.0036751908475512463
2022-04-01,267.2,280.16,263.94,277.13,45775170.0,2655473470.0,6844430403.0,0.006687944402201265
2022-04-06,274.53,279.88,273.82,276.23,30753172.0,1798592444.0,6844430403.0,0.004493167464530065
2022-04-07,272.64,279.59,272.45,272.88,26942029.0,1567998978.0,6844430403.0,0.0039363434812911486
2022-04-08,272.88,273.92,268.81,271.13,22682729.0,1297780224.0,6844430403.0,0.0033140418799580277
2022-04-11,271.69,271.79,261.38,261.81,33812428.0,1894585191.0,6844430403.0,0.004940137602272877
2022-04-12,263.61,271.93,261.48,271.65,29717487.0,1671057317.0,6844430403.0,0.0043418495404635065
2022-04-13,269.47,271.69,266.87,267.53,21198659.0,1206396766.0,6844430403.0,0.0030972130260406125
2022-04-14,269.66,279.4,269.66,277.7,42741664.0,2497101925.0,6844430403.0,0.006244736447501284
2022-04-15,275.81,280.44,275.05,277.37,21242110.0,1246877157.0,6844430403.0,0.003103561399453973
2022-04-18,276.66,276.66,272.07,272.26,15468205.0,893259008.0,6844430403.0,0.002259969652583521
2022-04-19,272.64,275.0,269.85,270.98,16849454.0,971057234.0,6844430403.0,0.002461775926980669
2022-04-20,273.11,278.5,269.57,272.21,21662822.0,1255101326.0,6844430403.0,0.003165029187893402
2022-04-21,270.04,274.25,262.94,264.98,27999954.0,1586256608.0,6844430403.0,0.0040909107626731465
2022-04-22,262.94,272.02,258.59,269.42,24469829.0,1373768018.0,6844430403.0,0.0035751446883402547
2022-04-25,267.44,271.88,260.25,260.44,32560068.0,1837475015.0,6844430403.0,0.004757162551573103
2022-04-26,260.44,262.33,243.6,244.93,63204589.0,3336916858.0,6844430403.0,0.009234455649121164
2022-04-27,239.91,252.3,238.83,251.12,37571041.0,1983750319.0,6844430403.0,0.005489286732104419
2022-04-28,253.01,253.96,246.25,251.97,25258916.0,1335819843.0,6844430403.0,0.0036904336099215355
2022-04-29,255.38,270.94,251.97,269.99,57524101.0,3198610308.0,6844430403.0,0.00840451251791332
2022-05-05,274.53,280.82,273.59,277.61,46790722.0,2748594256.0,6844430403.0,0.006836320810493016
2022-05-06,272.4,276.66,271.41,275.24,21216998.0,1232140906.0,6844430403.0,0.0030998924308880873
2022-05-09,270.75,272.02,263.75,266.54,21529684.0,1216418057.0,6844430403.0,0.003145577167467912
2022-05-10,261.19,269.05,260.11,267.67,30057137.0,1689113756.0,6844430403.0,0.004391473830579909
2022-05-11,267.11,271.93,264.84,268.05,35911506.0,2038556237.0,6844430403.0,0.005246821705464276
2022-05-12,267.58,267.58,261.43,263.61,22579089.0,1261668407.0,6844430403.0,0.003298899641101369
2022-05-13,267.3,270.37,265.78,269.61,24432011.0,1386786846.0,6844430403.0,0.0035696193198620505
2022-05-16,272.02,277.84,262.71,265.78,28664501.0,1624257211.0,6844430403.0,0.004188003867704753
2022-05-17,264.84,271.93,263.42,271.41,22831367.0,1301041283.0,6844430403.0,0.0033357585154190077
2022-05-18,271.93,272.73,264.46,267.82,22269749.0,1258738707.0,6844430403.0,0.0032537037691608185
2022-05-19,263.84,265.73,261.67,263.98,20195890.0,1125169384.0,6844430403.0,0.00295070426768426
2022-05-20,264.36,270.13,261.81,269.09,26608469.0,1502431004.0,6844430403.0,0.0038876089657274
2022-05-23,266.49,267.2,255.8,256.84,55783104.0,3054327110.0,6844430403.0,0.008150145551271814
2022-05-24,255.66,258.64,253.25,254.38,26346272.0,1425290686.0,6844430403.0,0.0038493008838912436
2022-05-25,253.01,254.43,250.65,252.54,22197439.0,1182899111.0,6844430403.0,0.0032431389747597673
2022-05-26,252.54,255.76,244.97,254.53,42382765.0,2242918334.0,6844430403.0,0.006192299797719194
2022-05-27,257.41,259.11,250.7,251.22,35255705.0,1897823157.0,6844430403.0,0.005151006427729469
2022-05-30,251.36,254.43,250.7,252.54,21638531.0,1152606788.0,6844430403.0,0.0031614801708722993
2022-05-31,252.97,257.65,251.12,257.65,35509917.0,1910341886.0,6844430403.0,0.005188147867561858
2022-06-01,256.8,259.02,254.67,256.65,29205803.0,1584914303.0,6844430403.0,0.004267090361120295
2022-06-02,257.44,257.53,254.12,256.46,27584641.0,1445923346.0,6844430403.0,0.004030231790787047
2022-06-06,256.56,258.26,251.68,257.58,36520890.0,1916117643.0,6844430403.0,0.005335855264740867
2022-06-07,256.17,259.24,254.22,258.61,29169548.0,1540591783.0,6844430403.0,0.004261793353500186
2022-06-08,258.66,262.51,256.31,258.56,36297664.0,1921801465.0,6844430403.0,0.005303241009520716
2022-06-09,257.87,259.34,254.65,255.58,28683558.0,1507868964.0,6844430403.0,0.004190788175364839
2022-06-10,254.26,255.39,252.51,254.95,30034887.0,1563195289.0,6844430403.0,0.004388223012222511
2022-06-13,252.75,253.0,247.19,249.14,40426293.0,2064281836.0,6844430403.0,0.00590645102947948
2022-06-14,245.43,251.58,244.55,250.95,34842410.0,1764306398.0,6844430403.0,0.005090622294110571
2022-06-15,249.43,268.37,249.43,265.63,91507776.0,4906858801.0,6844430403.0,0.013369670025410878
2022-06-16,265.78,268.02,261.0,262.66,35938169.0,1942251730.0,6844430403.0,0.005250717281637907
2022-06-17,258.75,270.37,256.26,267.19,53813436.0,2909185799.0,6844430403.0,0.00786236879206382
2022-06-20,269.15,280.81,269.15,278.42,76530884.0,4349794665.0,6844430403.0,0.01118148326359715
2022-06-21,278.61,284.91,276.42,279.54,53707727.0,3093973214.0,6844430403.0,0.007846924263625973
2022-06-22,279.44,279.44,273.24,273.24,29721130.0,1674082885.0,6844736176.999999,0.004342187811397366
2022-06-23,273.05,275.54,269.83,273.2,30453200.0,1698132572.0,6844807486.000001,0.004449095180877962
2022-06-24,273.2,287.64,272.07,282.03,73201062.0,4236370540.0,6844807486.000001,0.010694393107435307
2022-06-27,284.47,293.15,284.47,288.37,58158368.0,3454900579.0,6844807486.000001,0.008496713474988739
2022-06-28,290.81,290.81,285.2,288.37,32252221.0,1902451600.0,6847442876.0,0.004710111728429701
2022-06-29,290.22,295.88,288.91,289.2,42072308.0,2520771106.0,6847442876.0,0.006144236434225932
2022-06-30,289.64,295.98,287.88,294.66,37053894.0,2223920748.0,6847708476.0,0.005411137774025764
2022-07-01,293.69,293.69,283.78,286.86,33785737.0,1992141899.0,6847708476.0,0.004933874904051917
2022-07-04,280.76,293.05,280.76,292.62,31375014.0,1867732492.0,6847708476.0,0.004581826768759774
2022-07-05,291.54,300.03,287.39,290.52,28384693.0,1695670010.0,6847708476.0,0.0041451374718248155
2022-07-06,293.01,297.79,286.27,289.25,30764043.0,1828885012.0,6847975276.0,0.004492429040714895
2022-07-07,287.98,291.79,285.44,286.42,19747189.0,1165987949.0,6847975276.0,0.002883653664639779
2022-07-08,288.47,288.47,282.52,285.83,22725014.0,1326085879.0,6847975276.0,0.003318501175032572
2022-07-11,284.27,288.86,281.64,287.39,27354736.0,1600533212.0,6853330836.0,0.003991451259919885
2022-07-12,288.13,297.06,288.13,293.25,40810385.0,2451083764.0,6853526936.999999,0.005954654497624835
2022-07-13,293.15,293.98,283.15,284.47,38790065.0,2277523772.0,6841374436.999999,0.005669922814078537
2022-07-14,287.88,288.81,272.51,274.22,54519966.0,3101127519.0,6841374436.999999,0.007969153932745051
2022-07-15,272.27,276.07,269.1,269.34,30267863.0,1686983214.0,6841374436.999999,0.004424237158589542
2022-07-18,269.34,272.66,263.49,269.78,23549370.0,1297826117.0,6841374436.999999,0.0034421986717520755
2022-07-19,268.85,271.59,267.19,268.51,19709717.0,1084831637.0,6849502074.0,0.002877540117086181
2022-07-20,270.66,274.95,268.85,270.46,21705190.0,1207951154.0,6849502074.0,0.0031688712209301537
2022-07-21,270.8,272.76,267.39,267.83,16384697.0,902059284.0,6849502074.0,0.0023921004509502393
2022-07-22,266.66,270.66,264.95,268.8,18646088.0,1022770983.0,6849502074.0,0.0027222545228183254
2022-07-25,268.85,276.76,268.41,275.44,36027403.0,2023496096.0,6849502074.0,0.005259857229149004
2022-07-26,275.68,282.32,275.05,280.08,26304234.0,1507831169.0,6849502074.0,0.0038403133126783252
2022-07-27,279.1,279.34,272.12,272.85,24440950.0,1372601235.0,6849502074.0,0.003568281275915707
2022-07-28,273.24,273.93,270.85,272.02,14614702.0,815071057.0,6849502074.0,0.0021336882363282863
2022-07-29,273.0,274.22,267.29,268.27,23747370.0,1312270362.0,6849502074.0,0.0034670213605953277
2022-08-01,269.59,269.83,263.88,266.46,18646747.0,1017042234.0,6849502074.0,0.002722350734191485
2022-08-02,263.88,263.97,258.12,261.53,26048594.0,1393045271.0,6849502074.0,0.0038029908916850704
2022-08-03,259.63,263.53,254.12,254.95,31878019.0,1682530016.0,6849502074.0,0.004654063705010859
2022-08-04,255.68,257.48,254.22,256.17,13529107.0,709252637.0,6849502074.0,0.0019751956936191156
2022-08-05,257.34,258.46,254.12,258.46,19819083.0,1039336002.0,6849502074.0,0.002893507117142308
2022-08-08,256.41,258.46,255.34,255.83,21808178.0,1144520138.0,6849502074.0,0.00318390705840963
2022-08-09,255.92,258.9,254.95,256.95,16051580.0,846230165.0,6849502074.0,0.002343466696788097
2022-08-10,256.8,256.8,252.6,252.9,16302356.0,847521283.0,6849502074.0,0.002380078993169745
2022-08-11,255.19,258.51,253.14,258.22,22953884.0,1206195924.0,6849502074.0,0.0033511755675103105
2022-08-12,257.19,260.85,255.83,259.39,16987856.0,899862141.0,6849502074.0,0.002480159260697816
2022-08-15,259.44,261.53,256.26,257.63,18323472.0,969855784.0,6849502074.0,0.002675153872798141
2022-08-16,257.73,258.07,255.19,256.65,16335748.0,858701197.0,6849502074.0,0.002384954092065875
2022-08-17,256.95,262.9,254.26,260.7,23843481.0,1266823797.0,6849502074.0,0.0034810531834872176
2022-08-18,259.09,259.83,255.73,256.75,14088456.0,742672220.0,6849502074.0,0.0020568584179977575
2022-08-19,257.05,257.68,254.95,256.7,13215250.0,695288655.0,6849502074.0,0.0019293738226846765
2022-08-22,255.97,261.29,255.14,258.8,23817591.0,1266026528.0,6849502074.0,0.003477273346687361
2022-08-23,258.36,259.09,253.73,254.31,22034863.0,1151798157.0,6849502074.0,0.0032170021648204265
2022-08-24,254.22,254.61,250.36,250.75,21584197.0,1113905675.0,6849502074.0,0.0031512067252204177
2022-08-25,250.75,255.73,248.7,254.85,20989258.0,1083006134.0,6849502074.0,0.0030643480027070943
2022-08-26,256.07,256.95,253.19,254.85,16040627.0,837907694.0,6849502074.0,0.0023418676024478564
2022-08-29,251.78,257.97,251.34,255.09,16456070.0,857943932.0,6849502074.0,0.002402520624450285
2022-08-30,256.12,259.63,254.12,255.19,20270847.0,1065091301.0,6849502074.0,0.002959462860365578
2022-08-31,254.22,261.78,254.17,259.78,46283836.0,2459353194.0,6849502074.0,0.006757255563975759
2022-09-01,259.73,270.8,259.73,268.9,64210545.0,3521209362.0,6849502074.0,0.009374483620311113
2022-09-02,268.9,268.9,259.44,261.78,36746048.0,1976289178.0,6849502074.0,0.005364776534557773
2022-09-05,259.09,263.49,258.02,262.51,19027545.0,1017336572.0,6849502074.0,0.002777945724292367
2022-09-06,262.56,264.51,260.56,260.85,17796217.0,953823605.0,6849502074.0,0.002598176744489588
2022-09-07,261.88,261.97,258.51,258.85,20995308.0,1116835915.0,6849502074.0,0.003065231278591186
2022-09-08,258.85,262.27,258.85,260.41,15365677.0,822398889.0,6849502074.0,0.002243327592866424
2022-09-09,260.41,271.44,259.88,270.51,52388062.0,2884912065.0,6851257544.0,0.007646488496973658
2022-09-13,270.51,277.64,268.71,275.64,34602446.0,1947119369.0,6851257544.0,0.00505052477998045
2022-09-14,270.8,274.46,270.32,272.9,18747266.0,1046314871.0,6851257544.0,0.002736324810387248
2022-09-15,272.71,279.1,271.73,274.9,28969848.0,1636891139.0,6851257544.0,0.004228398628127824
2022-09-16,273.2,273.73,267.88,268.95,25993997.0,1439024736.0,6851257544.0,0.003794047564707925
2022-09-19,266.75,270.51,264.07,268.27,20360049.0,1115777266.0,6851257544.0,0.0029717243687372905
2022-09-20,267.63,268.85,260.07,261.14,35065981.0,1883992924.0,6851257544.0,0.005118181702380914
2022-09-21,265.58,265.73,255.39,257.87,26775169.0,1414578653.0,6851257544.0,0.003908066340820656
2022-09-22,257.34,257.39,250.26,251.29,40143184.0,2075058537.0,6851257544.0,0.005859243174292208
2022-09-23,249.38,253.19,248.85,250.51,17517602.0,899511432.0,6851257544.0,0.00255684476718308
2022-09-26,248.85,253.73,248.31,249.09,20553286.0,1055235704.0,6851257544.0,0.0029999289718716784
2022-09-27,249.58,253.14,245.43,252.17,24764967.0,1268264653.0,6851257544.0,0.003614660059259918
2022-09-28,251.29,252.6,249.34,249.68,13557668.0,697308166.0,6851257544.0,0.001978858320962281
2022-09-29,251.14,252.56,245.43,246.41,25319493.0,1286757816.0,6851257544.0,0.003695597901172696
2022-09-30,244.6,246.75,240.6,240.6,35563830.0,1767860148.0,6851257544.0,0.0051908470483853116
2022-10-10,240.6,243.92,236.45,237.63,26014496.0,1282724398.0,6851257544.0,0.003797039570170915
2022-10-11,237.58,238.36,234.21,236.01,22003690.0,1061344410.0,6851257544.0,0.003211627917749168
2022-10-12,234.45,235.67,229.33,235.53,24097124.0,1147459231.0,6851257544.0,0.0035171826259987986
2022-10-13,234.16,234.21,229.38,229.62,27745374.0,1314811925.0,6851257544.0,0.00404967611008844
2022-10-14,230.55,235.43,229.82,234.16,31338771.0,1498957703.0,6851257544.0,0.00457416332676692
2022-10-17,232.79,233.48,230.79,232.6,23501711.0,1116822628.0,6851257544.0,0.003430276974565299
2022-10-18,234.11,234.94,230.94,231.48,27008601.0,1286487097.0,6851257544.0,0.0039421377501204615
2022-10-19,231.09,231.09,220.4,220.64,55654921.0,2560635750.0,6851257544.0,0.008123314682388475
2022-10-20,218.6,220.94,214.01,216.55,36647844.0,1635034406.0,6852134071.0,0.005348383966259962
2022-10-21,216.6,218.5,213.57,214.69,27243190.0,1202555595.0,6852134071.0,0.003975869374083063
2022-10-24,213.23,216.25,206.4,206.84,45916936.0,1972598643.0,6852134071.0,0.00670111464898685
2022-10-25,208.84,209.57,204.84,205.03,41440111.0,1755695125.0,6852134071.0,0.006047767100090065
2022-10-26,205.91,210.84,205.71,207.18,36281405.0,1546847301.0,6852134071.0,0.005294905882468393
2022-10-27,208.35,209.81,206.4,207.76,22640281.0,965896179.0,6852134071.0,0.003304121134438906
2022-10-28,205.96,206.79,198.2,198.88,40175030.0,1664548587.0,6852134071.0,0.00586314126135259
2022-10-31,198.74,199.08,195.66,196.05,34553505.0,1396541436.0,6852134071.0,0.005042736269017174
2022-11-01,198.0,202.98,195.61,202.98,48067142.0,1965965682.0,6852134071.0,0.007014915572570676
2022-11-02,202.01,207.86,201.13,205.32,38019949.0,1594625960.0,6852134071.0,0.005548628880586303
2022-11-03,203.96,204.3,201.03,202.88,28853488.0,1197662698.0,6852134071.0,0.004210876159314426
2022-11-04,203.13,211.52,202.88,210.25,45749125.0,1955851185.0,6852134071.0,0.006676624322577415
2022-11-07,209.81,211.08,207.42,210.11,33159614.0,1424760638.0,6852134071.0,0.004839311907269889
2022-11-08,210.4,211.23,207.76,209.81,30558188.0,1312592117.0,6852134071.0,0.004459659966276804
2022-11-09,211.72,213.96,209.57,210.01,22990425.0,995215200.0,6852134071.0,0.0033552211269918687
2022-11-10,208.59,209.72,207.52,209.67,22305399.0,954033824.0,6852134071.0,0.0032552484771718355
2022-11-11,217.28,225.43,213.28,222.65,82883508.0,3734773540.0,6852134071.0,0.012096013758806092
2022-11-14,233.82,239.63,230.79,233.23,100020407.0,4791202404.0,6852134071.0,0.0145969716826342
2022-11-15,236.65,241.92,232.75,239.43,51228792.0,2501777032.0,6852134071.0,0.007476326567632917
2022-11-16,241.04,241.04,234.99,236.45,25992649.0,1264627973.0,6852134071.0,0.0037933655019985087
2022-11-17,236.11,239.58,232.65,234.01,19284595.0,927024366.0,6852134071.0,0.0028143925381754254
2022-11-18,235.97,236.84,232.65,234.06,16067621.0,772609930.0,6852134071.0,0.0023449075621567767
2022-11-21,231.62,231.62,225.62,226.11,34523382.0,1604372658.0,6852134071.0,0.005038340120359271
2022-11-22,226.4,229.53,223.96,225.91,23569157.0,1092152104.0,6852134071.0,0.003439681237375485
2022-11-23,225.57,227.09,224.55,225.82,14255219.0,659509322.0,6852134071.0,0.0020804057323296934
2022-11-24,228.11,230.31,223.38,224.01,21379992.0,987544043.0,6852134071.0,0.0031201946398692992
2022-11-25,224.01,229.77,223.62,227.82,24697464.0,1150838919.0,6852134071.0,0.0036043462874618933
2022-11-28,222.89,226.65,220.69,225.87,22655140.0,1036165230.0,6852134071.0,0.0033062896559310478
2022-11-29,234.21,238.02,228.94,236.26,38928672.0,1868785967.0,6852134071.0,0.005681247856015571
2022-11-30,235.09,238.99,231.72,233.58,27287554.0,1310967680.0,6852134071.0,0.003982343853353362
2022-12-01,238.16,240.7,235.53,235.72,27604487.0,1344223508.0,6852134071.0,0.004028597034729561
2022-12-02,234.4,237.14,233.04,234.4,17015014.0,818020498.0,6852134071.0,0.002483170034867229
2022-12-05,236.6,243.97,236.16,242.5,36106842.0,1785930108.0,6852134071.0,0.005269430169618758
2022-12-06,242.46,247.19,239.19,243.97,32526956.0,1629245814.0,6852134071.0,0.004746981839958806
2022-12-07,243.97,252.17,241.53,250.07,43656379.0,2229128245.0,6852134071.0,0.006371209107650865
2022-12-08,250.56,256.07,248.07,252.51,39078018.0,2028801619.0,6852134071.0,0.005703043401527746
2022-12-09,253.53,265.1,252.8,264.95,69940581.0,3745342826.0,6852134071.0,0.01020712383547873
2022-12-12,262.02,268.22,260.07,265.58,46663287.0,2533376175.0,6852134071.0,0.006810037065312408
2022-12-13,264.51,265.44,261.78,263.24,30619330.0,1650838607.0,6852134071.0,0.004468583025774249
2022-12-14,260.8,268.66,260.8,267.83,26085029.0,1420701035.0,6852134071.0,0.0038068474331812295
2022-12-15,267.88,272.27,259.83,261.68,27804272.0,1498675160.0,6852134071.0,0.004057753644616332
2022-12-16,259.97,264.22,257.48,263.49,19744959.0,1058833013.0,6853080880.0,0.0028811799168493107
2022-12-19,263.49,265.34,259.97,261.92,16076366.0,864239617.0,6853080880.0,0.002345859662464687
2022-12-20,258.61,259.05,251.53,251.63,27245386.0,1417537681.0,6853080880.0,0.003975640515131349
2022-12-21,250.26,256.12,250.26,252.17,13074160.0,679672974.0,6853080880.0,0.0019077784472317507
2022-12-22,253.43,259.97,252.6,254.7,22812320.0,1199123082.0,6853080880.0,0.0033287685348315924
2022-12-23,253.63,259.34,250.95,255.58,16343914.0,860296627.0,6853080880.0,0.0023849002056429837
2022-12-26,257.05,258.02,250.6,251.29,15387918.0,795665125.0,6853080880.0,0.002245401487221321
2022-12-27,252.7,258.75,250.85,258.31,17339127.0,911438654.0,6853080880.0,0.0025301214597659907
2022-12-28,255.83,257.39,253.24,253.97,16322911.0,852152449.0,6853080880.0,0.002381835452670157
2022-12-29,251.87,254.65,248.95,252.41,11995050.0,619844870.0,6853080880.0,0.0017503149619912263
2022-12-30,252.75,256.17,252.26,252.75,12773275.0,665300213.0,6853080880.0,0.0018638733766118925
2023-01-03,253.73,254.85,249.97,253.14,16362802.0,846525405.0,6853658060.0,0.002387455262102761
2023-01-04,252.21,262.66,252.02,262.27,26134113.0,1390708575.0,6853658060.0,0.003813162660175083
2023-01-05,263.49,268.32,263.24,267.93,29421668.0,1608128838.0,6853658060.0,0.004292841536947059
2023-01-06,268.22,269.15,263.05,263.53,19500149.0,1058139217.0,6853658060.0,0.0028452176675998336
2023-01-09,263.97,265.68,260.56,264.02,20427678.0,1101325466.0,6853658060.0,0.002980551089821951
2023-01-10,263.44,265.44,260.7,261.05,15434014.0,829875435.0,6853658060.0,0.0022519381423589725
2023-01-11,260.8,269.24,260.56,265.93,21461041.0,1171606255.0,6853658060.0,0.0031313264846481123
2023-01-12,264.95,268.37,263.53,267.24,14581825.0,797908670.0,6853658060.0,0.002127597389940402
2023-01-13,267.73,273.24,265.93,273.0,26580330.0,1471250757.0,6853658060.0,0.003878269059720204
2023-01-16,273.39,284.76,273.34,281.54,33018079.0,1899010907.0,6853658060.0,0.004817584815429207
2023-01-17,281.49,283.88,278.86,283.0,18811356.0,1087194817.0,6853658060.0,0.0027447176143479794
2023-01-18,283.0,285.44,279.93,281.05,13035753.0,751785488.0,6853658060.0,0.0019020139151791882
2023-01-19,280.37,280.81,276.66,279.98,19467945.0,1110365667.0,6853658060.0,0.0028405188630026283
2023-01-20,280.37,282.22,277.93,278.51,10860828.0,621198692.0,6853658060.0,0.0015846760817244507
2023-01-30,280.27,283.39,271.24,271.54,25619569.0,1445902234.0,6853658060.0,0.003738086840007889
2023-01-31,270.32,273.98,268.37,269.34,23259835.0,1290578245.0,6853658060.0,0.0033937839904431997
2023-02-01,269.78,273.2,265.68,270.8,26724709.0,1474820029.0,6853658060.0,0.003899335036274045
2023-02-02,270.56,271.29,261.63,263.29,36767804.0,1990832647.0,6853658060.0,0.0053646977538298725
2023-02-03,262.02,263.24,257.92,260.12,20830020.0,1109569943.0,6853658060.0,0.0030392557985304564
2023-02-06,257.68,257.68,249.24,250.07,42185653.0,2172641979.0,6853658060.0,0.006155202467162477
2023-02-07,250.6,252.26,249.34,251.29,20900869.0,1075310677.0,6853658060.0,0.0030495931978258045
2023-02-08,250.75,251.29,248.16,248.9,19101762.0,976761616.0,6853658060.0,0.0027870900229883954
2023-02-09,247.87,252.41,246.36,251.43,22738253.0,1167989709.0,6853658060.0,0.003317681273407445
2023-02-10,250.56,252.51,250.26,251.87,13988866.0,720948239.0,6853658060.0,0.002041080234458035
2023-02-13,251.29,256.56,248.99,255.87,30639111.0,1588991529.0,6853658060.0,0.004470475581327732
2023-02-14,255.92,256.9,252.8,254.75,21437513.0,1116499050.0,6853658060.0,0.0031278935733773682
2023-02-15,254.7,254.75,249.73,250.56,17948800.0,924114015.0,6853658060.0,0.002618864239048424
2023-02-16,249.34,252.51,247.87,250.21,21698675.0,1115558778.0,6853658060.0,0.0031659990635716077
2023-02-17,249.09,251.29,248.95,250.7,15806609.0,811189152.0,6853658060.0,0.002306302541157123
2023-02-20,251.29,261.97,249.38,260.07,38313606.0,2019572889.0,6853658060.0,0.005590241833570553
2023-02-21,260.07,262.51,257.29,261.24,25649338.0,1369820914.0,6853658060.0,0.0037424303598828797
2023-02-22,258.61,259.48,255.73,257.53,22911545.0,1208465938.0,6853658060.0,0.003342965873030438
2023-02-23,257.58,262.9,257.58,260.41,24010720.0,1283774547.0,6853658060.0,0.0035033437311577814
2023-02-24,259.48,260.51,257.73,258.51,16927779.0,898514540.0,6853658060.0,0.002469889634383073
2023-02-27,256.65,258.51,253.04,255.68,16947143.0,888727921.0,6853658060.0,0.0024727149868927077
2023-02-28,253.82,259.29,253.82,255.97,19404536.0,1019960547.0,6853658060.0,0.00283126701538419
2023-03-01,256.22,268.32,256.22,266.51,43297470.0,2350199969.0,6853658060.0,0.006317424887695666
2023-03-02,266.41,271.68,264.22,267.63,25548979.0,1408679946.0,6853658060.0,0.0037277872307507564
2023-03-03,269.59,272.46,266.71,269.34,19741500.0,1090871927.0,6853658060.0,0.0028804325846393335
2023-03-06,267.58,268.37,262.56,262.66,25935684.0,1403695330.0,6853658060.0,0.003784210384140466
2023-03-07,262.71,265.29,257.14,257.92,19473791.0,1041648712.0,6853658060.0,0.00284137183815091
2023-03-08,256.9,257.63,254.07,255.14,14494798.0,759112018.0,6853658060.0,0.002114899499377709
2023-03-09,255.14,259.83,255.04,257.14,13013102.0,688042450.0,6853658060.0,0.0018987089647714349
2023-03-10,254.9,256.17,248.95,249.58,19213389.0,991798894.0,6853658060.0,0.002803377237644097
2023-03-13,248.9,254.9,248.85,254.02,19483658.0,1009855801.0,6853658060.0,0.0028428115072901667
2023-03-14,252.36,253.29,247.38,249.58,16501073.0,844706515.0,6853658060.0,0.0024076300357476544
2023-03-15,251.29,251.92,245.92,246.21,20945617.0,1067097771.0,6853658060.0,0.003056122265895477
2023-03-16,244.36,245.87,242.26,244.16,12181953.0,610120756.0,6853658060.0,0.0017774381058047709
2023-03-17,246.41,249.73,244.26,245.58,20123077.0,1018389815.0,6853658060.0,0.0029361075244538825
2023-03-20,244.85,249.48,244.46,246.12,16301524.0,826038623.0,6853658060.0,0.0023785143433315667
2023-03-21,246.65,254.41,246.65,254.22,23146646.0,1191368462.0,6853658060.0,0.0033772688682983405
2023-03-22,254.7,255.04,250.31,252.26,13554248.0,700825341.0,6853658060.0,0.0019776662158135154
2023-03-23,251.19,253.73,250.75,252.85,12379007.0,641022829.0,6853658060.0,0.0018061897590496367
2023-03-24,252.85,254.56,251.97,254.17,13277563.0,689957504.0,6853658060.0,0.0019372958037535944
2023-03-27,254.17,255.97,252.26,253.0,12768345.0,663222020.0,6853658060.0,0.0018629970868432849
2023-03-28,252.26,254.12,249.14,249.29,12867893.0,660858734.0,6853658060.0,0.001877521885006326
2023-03-29,250.7,251.63,249.34,250.8,12803042.0,656903325.0,6853658060.0,0.001868059638796745
2023-03-30,250.56,267.39,250.31,265.78,57157412.0,3061435505.0,6853658060.0,0.008339694145756667
2023-03-31,264.02,266.51,260.36,262.56,27788750.0,1500198904.0,6880114243.0,0.004038995432128612
2023-04-03,268.37,270.32,264.46,266.85,37391478.0,2056019795.0,6880114243.0,0.005434717604877422
2023-04-04,265.93,267.0,262.27,266.56,17989125.0,975597257.0,6880114243.0,0.002614654984588749
2023-04-06,265.54,268.37,262.27,263.58,15243479.0,827518348.0,6880114243.0,0.0022155851576896556
2023-04-07,263.05,269.68,263.05,266.8,15864067.0,869954356.0,6880114243.0,0.0023057854040927444
2023-04-10,265.44,268.66,263.53,267.19,15649255.0,853817627.0,6880114243.0,0.0022745632481207625
2023-04-11,265.49,275.05,265.44,272.46,32436552.0,1815026843.0,6880114243.0,0.00471453683098384
2023-04-12,272.46,276.9,270.32,270.8,22302460.0,1251325789.0,6880114243.0,0.0032415828011418675
2023-04-13,268.61,269.78,264.17,264.17,18259494.0,994810155.0,6880114243.0,0.0026539521518233024
2023-04-14,264.36,266.66,262.66,263.19,14212447.0,771635252.0,6880114243.0,0.0020657283437495386
2023-04-17,263.05,271.2,262.95,270.41,26228048.0,1444699532.0,6880114243.0,0.0038121529779371137
2023-04-18,269.34,280.08,269.19,277.05,38706349.0,2197663192.0,6880114243.0,0.00562582940237959
2023-04-19,277.05,279.34,273.49,273.63,19188658.0,1084909581.0,6880114243.0,0.0027890028162719854
2023-04-20,274.12,283.2,274.12,278.32,36794925.0,2114956905.0,6880114243.0,0.005348010759768426
2023-04-21,280.08,285.93,276.9,277.39,39892402.0,2311553652.0,6880114243.0,0.005798217964271091
2023-04-24,274.22,286.66,273.29,278.27,33992120.0,1960933654.0,6880114243.0,0.004940633076635963
2023-04-25,278.12,283.2,271.54,281.3,42962096.0,2450369691.0,6880114243.0,0.006244387009083564
2023-04-26,278.22,279.83,273.1,276.66,23934184.0,1357589707.0,6880114243.0,0.003478748049038755
2023-04-27,274.07,281.78,274.07,279.39,15777059.0,898336283.0,6880114243.0,0.002293139102457779
2023-04-28,279.34,279.83,274.27,277.05,15690551.0,891005835.0,6880114243.0,0.002280565474034673
2023-05-04,279.2,285.2,272.51,276.07,26856562.0,1525949937.0,6880114243.0,0.003903505240094601
2023-05-05,275.2,275.2,263.88,269.98,34212287.0,1879206731.0,6880114243.0,0.0049726335627069615
2023-05-08,269.98,273.2,265.78,268.41,20872170.0,1151128787.0,6880114243.0,0.003033695264760446
2023-05-09,267.39,271.1,263.53,267.39,18139372.0,995439011.0,6880114243.0,0.002636492848713297
2023-05-10,265.93,273.24,262.9,270.32,17462598.0,965082241.0,6880114243.0,0.002538126168147118
2023-05-11,271.05,276.76,270.02,270.56,12622453.0,706491978.0,6880114243.0,0.001834628402114456
2023-05-12,269.98,280.51,269.88,272.37,16559010.0,935578508.0,6880537283.0,0.002406644905611218
2023-05-15,272.56,276.86,268.41,276.12,14066647.0,786956985.0,6880537283.0,0.002044411129746363
2023-05-16,276.12,279.29,268.9,270.07,13612588.0,760273937.0,6880537283.0,0.001978419335599435
2023-05-17,269.44,275.2,267.44,268.46,9076272.0,501402350.0,6880537283.0,0.001319122566550883
2023-05-18,269.1,270.41,266.17,268.37,11069523.0,609452710.0,6880537283.0,0.001608816658453386
2023-05-19,266.71,277.44,266.71,272.27,20384343.0,1140023139.0,6880537283.0,0.0029626091919252233
2023-05-22,272.27,277.88,272.27,276.71,15199783.0,860397294.0,6880537283.0,0.0022090982687579747
2023-05-23,276.61,277.88,272.66,273.0,15585136.0,878179042.0,6880537283.0,0.0022651045055023214
2023-05-24,272.37,272.71,261.05,261.53,26674242.0,1447402650.0,6880537283.0,0.0038767673079695454
2023-05-25,260.56,265.88,257.05,263.53,17143391.0,923732853.0,6880596777.999999,0.0024915558276593437
2023-05-26,263.53,265.68,260.95,264.75,11166052.0,602101038.0,6880596777.999999,0.0016228319083749106
2023-05-29,264.8,266.85,259.0,260.8,17433449.0,936727538.0,6880596777.999999,0.0025337117640350125
2023-05-30,260.8,261.83,252.7,255.34,32084604.0,1678415610.0,6880596777.999999,0.004663055405686208
2023-05-31,256.61,257.14,249.34,250.46,28064959.0,1445385156.0,6880596777.999999,0.004078855353031996
2023-06-01,251.18,255.17,248.66,250.51,34893493.0,1711949689.0,6880596777.999999,0.0050712887451228586
2023-06-02,256.2,266.96,256.15,265.42,49939227.0,2566107482.0,6880596777.999999,0.007257979011308371
2023-06-05,269.06,277.46,264.34,276.38,39939970.0,2119331989.0,6880596777.999999,0.0058047246901175705
2023-06-06,276.38,283.4,271.82,277.77,34261827.0,1866611024.0,6880596777.999999,0.004979484789684039
2023-06-07,284.38,285.76,279.2,283.1,36908674.0,2035955381.0,6880596777.999999,0.00536416755564164
2023-06-08,285.4,292.63,282.84,291.5,47553147.0,2680031436.0,6880596777.999999,0.0069111951381959046
2023-06-09,294.63,295.96,285.76,287.5,41065187.0,2319633365.0,6880596777.999999,0.005968259487505752
2023-06-12,287.56,296.27,285.4,293.86,39621001.0,2256003427.0,6880596777.999999,0.005758366937978996
2023-06-13,293.4,296.01,288.27,290.07,24850143.0,1409611782.0,6880596777.999999,0.0036116261135161675
2023-06-14,293.24,297.09,290.12,292.47,36000680.0,2057761143.0,6880596777.999999,0.005232203130273303
2023-06-15,293.4,300.16,292.12,297.19,31276544.0,1814552067.0,6880596777.999999,0.004545615011186752
2023-06-16,299.24,302.26,294.11,298.98,30006082.0,1745695208.0,6880596777.999999,0.004360970852984928
2023-06-19,297.19,297.91,290.53,291.09,28911037.0,1651975820.0,6880596777.999999,0.004201821140346441
2023-06-20,291.65,301.9,291.04,295.04,24381022.0,1413907766.0,6880596777.999999,0.003543445835680389
2023-06-21,297.19,305.39,294.11,298.62,45130347.0,2649838248.0,6880596777.999999,0.0065590745186957684
2023-06-26,306.56,307.18,296.16,297.91,33558138.0,1957482192.0,6880596777.999999,0.004877213282908642
2023-06-27,298.32,308.2,296.57,305.85,48123655.0,2851634265.0,6880596777.999999,0.0069941106204436275
2023-06-28,304.62,310.1,303.39,305.9,32790073.0,1964640593.0,6880596777.999999,0.004765585610952075
2023-06-29,306.0,306.36,298.32,303.03,27678349.0,1635162204.0,6880596777.999999,0.004022666912919338
2023-06-30,303.49,306.51,300.06,301.9,26487591.0,1563113127.0,6880596777.999999,0.0038496066336413362
2023-07-03,301.7,309.38,298.88,302.62,31876184.0,1892919808.0,6883595588.0,0.004630746183806753
2023-07-04,303.75,305.39,297.8,301.8,21944569.0,1290009362.0,6883595588.0,0.0031879515174097995
2023-07-05,302.77,304.0,299.34,302.93,18701574.0,1103273064.0,6883595588.0,0.002716832178898189
2023-07-06,302.98,306.16,298.73,299.08,16957694.0,995554523.0,6883595588.0,0.002463493647064613
2023-07-07,297.39,300.21,293.09,295.91,29379608.0,1698410265.0,6883894754.999999,0.004267875824025436
2023-07-10,296.27,296.83,287.15,290.17,32085974.0,1818167156.0,6883894754.999999,0.004661020416777131
2023-07-11,291.04,292.47,288.99,290.32,15802795.0,896629010.0,6883894754.999999,0.0022956183327064827
2023-07-12,291.55,297.6,288.99,292.53,18781502.0,1079865899.0,6883894754.999999,0.0027283249771298985
2023-07-13,293.09,298.83,293.09,296.16,16930674.0,978559177.0,6889429175.0,0.002457485746632993
2023-07-14,295.91,298.57,292.17,294.42,10500005.0,603243716.0,6871190925.0,0.001528120105322208
2023-07-17,293.09,293.09,288.48,292.73,9042488.0,512387287.0,6871190925.0,0.0013160001080889773
2023-07-18,294.11,294.11,285.25,290.73,23988228.0,1351665336.0,6882643297.0,0.0034853219852982887
2023-07-19,291.5,298.98,290.37,297.85,27804425.0,1601948634.0,6882643297.0,0.0040397887555961775
2023-07-20,296.68,300.52,294.32,294.78,14051590.0,815686031.0,6882643297.0,0.0020415978852376085
2023-07-21,294.88,297.6,292.01,292.73,12070921.0,693513021.0,6882643297.0,0.0017538205132992236
2023-07-24,292.73,293.91,287.61,290.89,11588757.0,657937835.0,6882643297.0,0.0016837654517198786
2023-07-25,296.47,303.75,296.16,302.21,37648119.0,2216891659.0,6882643297.0,0.005470008741613855
2023-07-26,301.34,305.08,299.65,300.16,18752582.0,1105031414.0,6882643297.0,0.00272461918928355
2023-07-27,300.01,302.93,298.98,299.65,15197044.0,893501893.0,6882643297.0,0.002208024351141962
2023-07-28,300.77,306.51,297.75,306.1,24004126.0,1424164599.0,6882643297.0,0.003487631853660482
2023-07-31,312.3,314.1,303.08,303.95,32518268.0,1952524583.0,6882643297.0,0.004724677220185744
2023-08-01,303.95,305.85,297.85,298.47,20418627.0,1197877269.0,6882643297.0,0.002966683891478155
2023-08-02,297.7,301.39,296.01,298.73,23543608.0,1370719586.0,6882643297.0,0.0034207218046970653
2023-08-03,297.09,298.21,292.01,297.09,23362911.0,1344124458.0,6882643297.0,0.0033944677926550986
2023-08-04,298.73,302.26,296.21,296.78,19663692.0,1147020985.0,6882643297.0,0.0028569971087374223
2023-08-07,296.11,298.16,293.81,296.57,15370696.0,887391729.0,6882643297.0,0.002233254773888945
2023-08-08,294.63,294.88,291.86,292.06,13635468.0,779253638.0,6882643297.0,0.001981138264995284
2023-08-09,293.04,295.65,292.27,294.93,15143409.0,868904097.0,6882643297.0,0.002200231560249635
2023-08-10,293.14,293.6,284.38,288.73,38530464.0,2159087492.0,6882643297.0,0.005598207307473659
2023-08-11,288.43,289.25,282.53,282.74,25533312.0,1419423215.0,6882643297.0,0.0037098118990315006
2023-08-14,279.25,284.74,278.13,284.07,19516687.0,1073370152.0,6882643297.0,0.002835638308977441
2023-08-15,283.4,284.69,279.77,282.64,16370434.0,901353362.0,6882643297.0,0.002378509722730441
2023-08-16,280.79,283.66,278.54,282.99,15358726.0,843256905.0,6882643297.0,0.0022315156164920747
2023-08-17,281.3,286.63,279.41,286.12,15216504.0,842880581.0,6882643297.0,0.0022108517532257637
2023-08-18,285.81,286.17,279.92,280.74,13463834.0,741138399.0,6882643297.0,0.001956201043553805
2023-08-21,279.82,283.66,278.49,278.64,13117158.0,718680501.0,6882643297.0,0.0019058314420736426
2023-08-22,278.23,280.18,273.67,278.59,23054276.0,1249497364.0,6882643297.0,0.003349625282781817
2023-08-23,277.31,280.07,274.64,275.26,15798313.0,854634875.0,6882643297.0,0.002295384537345725
2023-08-24,276.64,284.12,274.13,282.07,25583579.0,1398433375.0,6882643297.0,0.0037171153430472486
2023-08-25,281.56,286.89,279.36,283.15,16472788.0,907722078.0,6882643297.0,0.0023933810440503497
2023-08-28,293.6,297.09,285.81,287.76,28800377.0,1624044691.0,6882643297.0,0.004184493625080567
2023-08-29,286.33,289.45,284.63,287.2,21787121.0,1221870560.0,6882643297.0,0.003165516511584517
2023-08-30,287.15,292.99,285.45,291.14,23366421.0,1323189377.0,6882643297.0,0.0033949777711398954
2023-08-31,293.6,296.16,289.4,289.55,28083765.0,1596998960.0,6882643297.0,0.0040803749065771175
2023-09-01,292.06,299.75,292.01,296.83,26650564.0,1541478628.0,6882643297.0,0.003872140811309577
2023-09-04,299.75,301.29,295.24,298.32,20090011.0,1169057320.0,6882643297.0,0.002918938281859938
2023-09-05,298.52,299.7,295.19,296.06,15309015.0,887170820.0,6882643297.0,0.002224292955393007
2023-09-06,294.68,297.19,291.45,292.99,20888335.0,1194824718.0,6882643297.0,0.0030349291832550422
2023-09-07,292.53,292.68,289.5,289.86,13639911.0,774015905.0,6882643297.0,0.001981783801863646
2023-09-08,290.73,291.19,285.97,287.35,8400181.0,471931158.0,6882643297.0,0.0012204876291731497
2023-09-11,288.53,291.45,286.99,289.14,14072130.0,793322668.0,6882643297.0,0.0020445822037782704
2023-09-12,289.09,295.75,288.48,293.14,16403440.0,937947089.0,6882643297.0,0.0023833052640037174
2023-09-13,292.58,294.83,290.53,292.06,10743402.0,613122121.0,6882643297.0,0.0015609412745075462
2023-09-14,292.12,293.4,288.27,289.76,10289465.0,581688866.0,6882643297.0,0.0014949873988798696
2023-09-15,290.22,290.48,283.35,285.86,16451182.0,917665599.0,6882643297.0,0.0023902418431550458
2023-09-18,285.92,289.96,282.89,287.45,14427793.0,808841172.0,6882643297.0,0.0020962575535897338
2023-09-19,286.89,287.71,284.12,287.2,12366126.0,689874974.0,6882643297.0,0.0017967117379728418
2023-09-20,287.09,293.29,285.56,291.5,21380110.0,1210967114.0,6882643297.0,0.00310638065600743
2023-09-21,291.45,291.45,287.04,288.58,16769142.0,946858135.0,6882643297.0,0.0024364392103989056
2023-09-22,289.96,292.63,287.81,292.32,22170248.0,1259327923.0,6882643297.0,0.0032211821887767372
2023-09-25,291.5,291.5,288.12,290.17,16643159.0,941423313.0,6882643297.0,0.002418134760413111
2023-09-26,290.83,293.09,286.94,286.94,18934941.0,1067479335.0,6882643297.0,0.002751114678317463
2023-09-27,286.94,290.32,284.02,287.91,18810949.0,1054884218.0,6882643297.0,0.0027330995067257513
2023-09-28,288.94,289.5,283.92,284.28,17097578.0,953613284.0,6889712290.000001,0.0024816098670500503
2023-10-09,284.17,287.5,281.3,285.71,28659545.0,1591907096.0,6889712290.000001,0.004159759332998214
2023-10-10,284.33,285.76,278.84,280.64,21499637.0,1179223500.0,6889712290.000001,0.0031205420625771874
2023-10-11,280.54,286.38,279.25,280.64,20418379.0,1123573121.0,6889712290.000001,0.0029636040142976706
2023-10-12,281.82,284.28,279.82,283.25,17604242.0,970427692.0,6889712290.000001,0.0025551490772047895
2023-10-13,282.79,284.07,279.41,281.77,12996004.0,712981554.0,6889712290.000001,0.0018862912488904523
2023-10-16,280.79,283.92,280.79,282.23,15020214.0,826944835.0,6889712290.000001,0.0021800930674276383
2023-10-17,282.23,286.89,282.07,286.33,16830158.0,936368372.0,6889712290.000001,0.002442795474119863
2023-10-18,285.3,286.38,282.89,284.22,10637084.0,590623193.0,6889712290.000001,0.0015439083015758265
2023-10-19,283.3,283.3,277.61,277.87,20196084.0,1103206370.0,6889712290.000001,0.002931339241743576
2023-10-20,276.38,277.0,270.95,272.49,21089804.0,1123754128.0,6889712290.000001,0.0030610572854559647
2023-10-23,271.57,274.8,270.08,272.85,16864366.0,897561653.0,6889712290.000001,0.0024477605580827525
2023-10-24,271.62,274.08,267.47,272.49,25019782.0,1323069266.0,6889712290.000001,0.003631469783769446
2023-10-25,275.62,276.74,267.16,268.6,25856546.0,1364767551.0,6889712290.000001,0.0037529210091296855
2023-10-26,267.57,270.13,266.6,269.06,15165512.0,794020501.0,6889712290.000001,0.0022011821918909184
2023-10-27,268.29,276.69,267.52,275.36,25318794.0,1352282943.0,6889712290.000001,0.0036748695641106366
2023-10-30,273.26,279.97,273.26,279.25,16488474.0,892765170.0,6889712290.000001,0.0023932021114919442
2023-10-31,278.23,278.23,270.03,271.16,23807212.0,1263696550.0,6889712290.000001,0.003455472594197398
2023-11-01,270.59,273.93,270.03,271.62,18933823.0,1004719416.0,6889712290.000001,0.002748129704556937
2023-11-02,271.57,278.79,270.59,272.49,20085478.0,1072266180.0,6889712290.000001,0.002915285450911042
2023-11-03,272.18,273.36,270.13,270.54,17740644.0,939971081.0,6889712290.000001,0.00257494700116135
2023-11-06,271.57,273.11,270.03,272.29,24918224.0,1322403103.0,6889712290.000001,0.0036167292553227932
2023-11-07,272.08,273.0,269.42,272.08,18898188.0,999762782.0,6889712290.000001,0.002742957500189024
2023-11-08,269.78,271.52,269.06,270.8,21385728.0,1128009345.0,6889712290.000001,0.0031040088613047147
2023-11-09,270.95,273.26,268.24,268.75,14146893.0,743811714.0,6890652360.0,0.0020530556848466523
2023-11-10,267.98,270.85,267.73,270.03,13027077.0,685147777.0,6890652360.0,0.00189054335052828
2023-11-13,269.72,269.72,259.68,261.63,38291558.0,1957444236.0,6890652360.0,0.005557029436324662
2023-11-14,261.42,263.47,260.3,261.78,24802793.0,1266466646.0,6890652360.0,0.003599484011699583
2023-11-15,263.58,265.21,261.06,264.09,19636284.0,1010107978.0,6890652360.0,0.002849698834610777
2023-11-16,263.37,267.42,262.91,265.16,21605533.0,1121013155.0,6890652360.0,0.0031354844028149463
2023-11-17,264.39,266.29,262.4,265.73,13513422.0,697252680.0,6890652360.0,0.001961123750552988
2023-11-20,264.09,271.06,264.09,268.65,18219075.0,955124720.0,6890652360.0,0.0026440275968297434
2023-11-21,269.62,272.54,268.75,268.75,15845902.0,836507594.0,6890652360.0,0.0022996229053703124
2023-11-22,268.75,269.52,265.93,267.21,9786906.0,511071755.0,6890652360.0,0.0014203163196583031
2023-11-23,267.21,271.21,265.68,270.34,10103351.0,529662623.0,6890652360.0,0.0014662401282423715
2023-11-24,270.54,270.8,266.8,268.9,15724530.0,822539515.0,6890652360.0,0.0022820088982111993
2023-11-27,268.65,268.65,265.16,266.29,15922506.0,827425456.0,6890652360.0,0.0023107399950155084
2023-11-28,267.47,270.54,264.04,269.16,21787637.0,1138681641.0,6890652360.0,0.0031619120892640708
2023-11-29,269.16,269.42,265.01,266.5,12426538.0,646048742.0,6891034767.999999,0.0018032905678701985
2023-11-30,265.47,266.44,263.42,264.75,12861862.0,664815261.0,6891034767.999999,0.0018664630832697028
2023-12-01,267.98,268.29,257.89,259.01,31604983.0,1604750727.0,6891034767.999999,0.004586391458473628
2023-12-04,258.66,260.24,255.38,256.66,22058672.0,1107559874.0,6891034767.999999,0.003201068162133528
2023-12-05,256.66,257.17,252.2,252.2,22510318.0,1120255577.0,6891034767.999999,0.0032666092623028836
2023-12-06,251.38,254.4,249.79,252.0,19114114.0,942351431.0,6891034767.999999,0.0027737654276191576
2023-12-07,252.92,258.71,252.2,257.32,25021860.0,1251685067.0,6891034767.999999,0.00363107440934624
2023-12-08,257.12,261.73,256.66,257.94,21811340.0,1102240031.0,6891034767.999999,0.0031651763101364174
2023-12-11,255.43,263.37,252.2,261.42,25201467.0,1272635678.0,6891034767.999999,0.0036571382743602497
2023-12-12,263.88,264.14,259.89,261.32,17204815.0,879672020.0,6891034767.999999,0.002496695428079141
2023-12-13,260.81,261.27,258.81,259.73,12858695.0,652164458.0,6891034767.999999,0.0018660035006225935
2023-12-14,260.86,263.73,259.17,260.76,16563410.0,847402713.0,6891034767.999999,0.0024036172443818965
2023-12-15,258.81,261.83,257.73,257.89,20470155.0,1034871742.0,6891034767.999999,0.002970548791171039
2023-12-18,256.35,262.24,254.92,261.78,22307469.0,1133044740.0,6891034767.999999,0.0032371726091978996
2023-12-19,261.73,261.73,258.55,260.04,16954533.0,859776400.0,6891034767.999999,0.002460375483625771
2023-12-20,260.04,263.37,258.86,261.47,25417029.0,1298397556.0,6891034767.999999,0.00368841978827758
2023-12-21,262.45,267.88,260.65,266.55,27421212.0,1422425462.0,6891034767.999999,0.0039792589826039325
2023-12-22,265.98,271.52,264.91,270.39,22728114.0,1194539708.0,6891034767.999999,0.003298214965558276
2023-12-25,269.62,272.85,268.65,269.88,11314960.0,598032182.0,6891034767.999999,0.0016419827182622049
2023-12-26,269.62,272.75,269.16,270.54,16152328.0,855413703.0,6891034767.999999,0.002343962633160234
2023-12-27,270.44,275.16,270.13,274.64,20306883.0,1081963247.0,6891034767.999999,0.00294685539743601
2023-12-28,273.82,277.51,272.85,276.95,24728048.0,1331261038.0,6891034767.999999,0.003588437561631528
2023-12-29,277.05,281.71,275.26,279.92,25937253.0,1410074987.0,6891034767.999999,0.0037639126594521347
2024-01-02,279.92,282.07,277.72,279.56,23905697.0,1305162004.0,6892205935.0,0.0034685117109751595
2024-01-03,279.72,280.79,277.2,279.0,20689673.0,1126649739.0,6892205935.0,0.003001894196883135
2024-01-04,280.07,283.46,279.0,283.1,26702502.0,1467886385.0,6892205935.0,0.003874304141784179
2024-01-05,282.84,287.35,281.05,284.89,30042877.0,1669357551.0,6892205935.0,0.004358963920018156
2024-01-08,284.89,284.89,279.87,281.82,27809739.0,1531117699.0,6892205935.0,0.004034954739059172
2024-01-09,280.33,283.51,277.26,282.69,21607041.0,1184711712.0,6892205935.0,0.0031349964298476815
2024-01-10,282.69,285.76,281.0,282.94,17820813.0,984854746.0,6893348860.000001,0.0025852185000252545
2024-01-11,282.94,284.33,280.43,281.82,21236920.0,1168392665.0,6893348860.000001,0.0030807841633014345
2024-01-12,281.3,285.45,279.66,281.82,24361080.0,1343879865.0,6893348860.000001,0.0035339978426683015
2024-01-15,281.0,286.84,280.07,286.33,19124097.0,1063527119.0,6893348860.000001,0.002774282484232199
2024-01-16,284.94,291.81,282.33,291.65,33730399.0,1903147107.0,6893348860.000001,0.00489318032280757
2024-01-17,290.17,293.55,288.84,288.84,26914126.0,1530395102.0,6893348860.000001,0.0039043615152244008
2024-01-18,290.99,292.01,282.23,288.99,39023100.0,2175726536.0,6893348860.000001,0.005660978545049292
2024-01-19,286.94,290.01,286.22,287.66,29937004.0,1681993909.0,6893348860.000001,0.0043428824810703105
2024-01-22,286.33,290.32,282.23,283.56,35980322.0,2017295149.0,6895386997.0,0.005218027938918306
2024-01-23,284.48,290.48,280.79,288.89,28848518.0,1612570166.0,6895386997.0,0.004183741683034067
2024-01-24,287.71,294.32,287.04,293.04,26463721.0,1503303923.0,6895386997.0,0.003837887708335103
2024-01-25,293.6,294.57,288.17,288.73,24963629.0,1412367268.0,6895386997.0,0.0036203376272950327
2024-01-26,288.73,295.91,288.73,294.68,32745737.0,1874299633.0,6895386997.0,0.004748933890765928
2024-01-29,296.68,304.77,295.6,300.72,37498736.0,2204469370.0,6895386997.0,0.005438235158710411
2024-01-30,300.77,303.34,297.19,298.32,27373299.0,1604993046.0,6895386997.0,0.003969798796196558
2024-01-31,296.73,302.0,294.22,298.47,25544153.0,1486711039.0,6895386997.0,0.0037045278257933287
2024-02-01,298.37,304.67,297.19,301.34,30340175.0,1785789271.0,6897901679.999999,0.00439846440374314
2024-02-02,299.75,301.7,293.65,298.47,28950504.0,1687829337.0,6897901679.999999,0.00419700154380861
2024-02-05,297.19,305.39,296.27,304.62,46160268.0,2724269122.0,6897901679.999999,0.0066919289577348695
2024-02-06,303.64,311.48,302.41,307.18,37946385.0,2279549238.0,6897901679.999999,0.005501149010288591
2024-02-07,303.8,313.43,302.47,313.12,46195919.0,2791586567.0,6831001663.0,0.006762685954275107
2024-02-08,314.05,319.53,307.33,308.92,34723180.0,2112587867.0,6831001663.0,0.005083175456987149
2024-02-19,316.15,316.15,306.46,310.51,35695854.0,2157379733.0,6831001663.0,0.00522556658027855
2024-02-20,308.97,316.61,305.75,316.15,29630917.0,1807531882.0,6831001663.0,0.0043377118703535585
2024-02-21,312.56,320.5,310.92,316.2,27797182.0,1719403866.0,6831001663.0,0.0040692688087843615
2024-02-22,313.64,316.61,312.71,314.35,19259055.0,1180530930.0,6831001663.0,0.002819360314947123
2024-02-23,316.04,318.2,303.95,305.49,43093597.0,2580957129.0,6831001663.0,0.006308532646597894
2024-02-26,306.67,315.12,306.67,308.97,34097731.0,2070387072.0,6831001663.0,0.004991615092803997
2024-02-27,310.46,317.63,307.95,317.27,28014795.0,1720508595.0,6831001663.0,0.004101125483798612
2024-02-28,317.68,319.27,312.3,316.76,25367364.0,1568616989.0,6831001663.0,0.0037135643133278506
2024-02-29,317.68,325.27,316.4,320.91,48920998.0,3071855396.0,6831001663.0,0.007161614125345587
2024-03-01,325.37,330.54,322.19,330.34,32844906.0,2102800960.0,6831001663.0,0.004808212268180793
2024-03-04,333.06,338.18,325.37,331.01,37384392.0,2415284580.0,6831001663.0,0.0054727540475494095
2024-03-05,331.26,335.11,325.11,333.26,35525326.0,2288367736.0,6831001663.0,0.0052006027450443035
2024-03-06,332.54,335.77,329.47,330.54,21923001.0,1422222516.0,6831001663.0,0.0032093391396382683
2024-03-07,330.24,341.51,328.96,337.15,30634033.0,2020641414.0,6831001663.0,0.004484559441103447
2024-03-08,337.51,340.69,332.44,338.69,26125410.0,1714883401.0,6836216377.0,0.003821618357180329
2024-03-11,338.64,338.69,330.8,335.21,28027002.0,1826293592.0,6836216377.0,0.004099782753263195
2024-03-12,334.85,334.85,323.06,328.6,50739915.0,3241294651.0,6836340734.0,0.007422086899157768
2024-03-13,326.19,329.62,322.81,328.29,32723164.0,2084900582.0,6836340734.0,0.0047866490675711835
2024-03-14,327.21,331.77,325.88,330.49,31531677.0,2026233407.0,6836340734.0,0.004612361821460961
2024-03-15,329.93,330.49,324.35,328.03,25463904.0,1624685427.0,6836340734.0,0.003724785669818546
2024-03-18,327.32,327.37,319.48,319.53,42501113.0,2667915014.0,6836340734.0,0.006216938952241523
2024-03-19,318.71,323.42,318.55,320.76,29794618.0,1867932284.0,6836340734.0,0.004358269893105068
2024-03-20,318.71,320.25,314.61,317.07,37790890.0,2337851554.0,6836340734.0,0.005527941258405977
2024-03-21,317.22,317.89,308.1,310.25,39189153.0,2377326996.0,6836340734.0,0.005732475095206394
2024-03-22,310.31,321.01,310.0,320.86,43156777.0,2671677605.0,6836340734.0,0.00631284757141539
2024-03-25,318.66,326.19,316.56,322.3,26903326.0,1694247611.0,6836340734.0,0.003935340125192771
2024-03-26,319.27,324.09,319.27,321.37,25353749.0,1591428438.0,6836340734.0,0.0037086725174339443
2024-03-27,320.4,332.44,320.3,326.24,34842794.0,2227887825.0,6836340734.0,0.0050967023669127726
2024-03-28,329.11,335.05,323.73,330.9,45185411.0,2915943394.0,6836340734.0,0.006609590241058924
2024-03-29,330.9,336.8,326.19,329.06,25468858.0,1638381690.0,6836340734.0,0.003725510326501523
2024-04-01,330.49,339.61,328.44,339.31,32771225.0,2146737286.0,6836340734.0,0.004793679290591077
2024-04-02,338.18,340.9,336.9,339.46,22653632.0,1497277780.0,6836340734.0,0.0033137072713965167
2024-04-03,339.2,342.79,338.08,341.92,20626495.0,1370613983.0,6836340734.0,0.0030171835785504017
2024-04-08,341.87,342.53,331.36,334.7,32434492.0,2125546169.0,6836340734.0,0.004744422968663575
2024-04-09,333.06,336.13,332.13,333.26,19478279.0,1270147986.0,6836340734.0,0.002849225888219164
2024-04-10,332.39,339.2,330.8,333.93,18081970.0,1184377719.0,6836340734.0,0.00264497787684437
2024-04-11,332.8,337.92,331.06,333.41,19004769.0,1239842458.0,6836340734.0,0.002779962225329303
2024-04-12,333.0,336.13,330.9,332.49,21734388.0,1414407755.0,6839153406.999999,0.0031779354412133022
2024-04-15,332.49,343.3,331.57,342.48,31783741.0,2102897321.0,6839153406.999999,0.004647320963362038
2024-04-16,342.18,352.37,341.1,350.02,39191380.0,2659237097.0,6839153406.999999,0.00573044318027534
2024-04-17,348.43,352.53,343.2,351.4,24549649.0,1664966380.0,6839153406.999999,0.00358957425561956
2024-04-18,351.4,365.49,350.37,358.68,39542136.0,2777734457.0,6839153406.999999,0.005781729645006632
2024-04-19,355.75,361.65,355.75,358.68,28812335.0,2017233100.0,6839153406.999999,0.004212851106762724
2024-04-22,359.7,364.77,356.11,358.57,28943754.0,2032072605.0,6839153406.999999,0.004232066789198724
2024-04-23,357.8,358.68,346.33,350.43,38217940.0,2605557575.0,6839153406.999999,0.005588109774066954
2024-04-24,350.17,351.71,342.02,347.92,30783047.0,2079963046.0,6839153406.999999,0.004501002561003089
2024-04-25,343.97,351.3,343.97,349.66,22033298.0,1500859468.0,6839153406.999999,0.0032216411431053023
2024-04-26,349.71,351.76,345.46,350.32,24225747.0,1650078938.0,6839153406.999999,0.0035422143002677062
2024-04-29,349.96,352.94,344.48,349.45,33226398.0,2264197665.0,6839153406.999999,0.004858261837787141
2024-04-30,342.48,364.57,342.28,357.55,57131843.0,3988190598.0,6839153406.999999,0.008353642563643113
2024-05-06,361.24,366.16,356.88,363.85,46179914.0,3263609833.0,6839153406.999999,0.006752285151658393
2024-05-07,362.83,370.61,361.85,364.31,30431457.0,2176139138.0,6842708138.999999,0.004447282622877919
2024-05-08,361.24,365.54,360.67,362.52,17661960.0,1252248295.0,6842708138.999999,0.0025811359539559637
2024-05-09,363.8,370.67,361.85,368.15,28571831.0,2046734810.0,6842708138.999999,0.004175515076721586
2024-05-10,369.95,370.61,365.54,368.31,22487905.0,1616063316.0,6842708138.999999,0.00328640423399476
2024-05-13,368.31,374.0,362.26,372.56,27167410.0,1965130433.0,6842708138.999999,0.003970271630490772
2024-05-14,372.41,373.48,359.7,362.98,39923610.0,2827063811.0,6842708138.999999,0.005834475062944082
2024-05-15,366.4,374.96,364.31,373.14,30189455.0,2090761786.0,6842708138.999999,0.004411916216027872
2024-05-16,373.14,373.35,368.0,370.89,24600403.0,1703048548.0,6842708138.999999,0.003595126739337319
2024-05-17,367.9,371.75,355.81,363.88,41848256.0,2828611123.0,6842708138.999999,0.006115744694923632
2024-05-20,358.43,363.08,354.15,356.07,42643037.0,2846862349.0,6842708138.999999,0.006231894760636671
2024-05-21,354.47,359.98,354.1,355.97,24358794.0,1626841822.0,6842708138.999999,0.003559817765888203
2024-05-22,354.84,355.91,349.34,349.87,26105215.0,1715205332.0,6842708138.999999,0.0038150414236160957
2024-05-23,349.82,354.04,347.68,351.64,24096149.0,1582459055.0,6842708138.999999,0.003521434571009109
2024-05-24,349.82,358.27,348.21,356.34,25926968.0,1724580967.0,6842708138.999999,0.003788992234263114
2024-05-27,355.7,365.22,350.57,361.53,30546219.0,2062139516.0,6842708138.999999,0.004464054052795544
2024-05-28,361.58,362.55,355.7,358.54,19173667.0,1284865352.0,6842708138.999999,0.002802058280217993
2024-05-29,356.24,359.44,350.35,352.22,24132098.0,1590410761.0,6842708138.999999,0.0035266881927141047
2024-05-30,351.47,354.04,348.43,348.64,19358623.0,1269509292.0,6842708138.999999,0.0028290879293339393
2024-05-31,348.69,350.73,345.27,346.39,26129419.0,1696172930.0,6842708138.999999,0.0038185786196367833
2024-06-03,347.04,354.63,343.77,347.78,35755629.0,2337233616.0,6842708138.999999,0.005225362279623016
2024-06-04,347.62,347.62,339.12,345.97,30621198.0,1969401516.0,6842708138.999999,0.004475011556531917
2024-06-05,345.27,348.75,341.26,341.9,28331925.0,1825603150.0,6842708138.999999,0.00414045498134317
2024-06-06,341.26,353.19,341.26,351.74,43603719.0,2848032777.0,6842708138.999999,0.006372289759295841
2024-06-07,348.75,350.08,340.78,348.53,40064590.0,2591739293.0,6842708138.999999,0.005855078016794544
2024-06-11,345.0,355.7,343.29,347.68,33689664.0,2188026772.0,6842708138.999999,0.0049234401520044145
2024-06-12,346.82,351.64,345.16,348.53,25707199.0,1675974671.0,6842708138.999999,0.003756874979583285
2024-06-13,349.34,350.08,340.51,341.9,27485047.0,1763239544.0,6842708138.999999,0.004016691409553045
2024-06-14,339.71,351.74,339.65,350.94,37924447.0,2468107111.0,6847505788.0,0.005538432266309463
2024-06-17,351.74,351.74,343.29,345.16,25335808.0,1639603939.0,6847505788.0,0.0037000053427337096
2024-06-18,343.93,348.69,340.56,346.82,21867469.0,1409611739.0,6847505788.0,0.003193494051267825
2024-06-19,346.45,348.1,335.91,342.33,34699957.0,2206055298.0,6847505788.0,0.005067532335760912
2024-06-20,341.79,346.34,339.87,344.84,28085788.0,1806800938.0,6847505788.0,0.004101608508198606
2024-06-21,344.95,346.34,339.65,342.06,24153669.0,1544527731.0,6847505788.0,0.003527367445578273
2024-06-24,340.78,350.62,340.24,347.04,30799053.0,1993977958.0,6847783704.0,0.00449766732293389
2024-06-25,346.87,351.9,345.11,349.23,25309206.0,1652171356.0,6847783704.0,0.0036959704181684532
2024-06-26,347.73,349.76,341.85,343.67,23831407.0,1531598024.0,6847783704.0,0.0034801635142300636
2024-06-27,342.6,344.9,339.49,342.86,27409461.0,1750926675.0,6847783704.0,0.00400267622121144
2024-06-28,339.65,346.55,339.55,345.0,25195612.0,1624767679.0,6847783704.0,0.003679381985339647
2024-07-01,343.88,349.71,340.19,342.81,19528313.0,1255074545.0,6847774704.0,0.0028517750428606976
2024-07-02,340.72,343.4,335.91,336.98,29181345.0,1843585722.0,6847774704.0,0.004261434737762949
2024-07-03,337.25,340.62,335.59,337.14,18120842.0,1145370115.0,6847790513.000001,0.0026462319438071277
2024-07-04,338.05,348.75,338.05,345.54,27753098.0,1794060146.0,6847790513.000001,0.004052854413012911
2024-07-05,345.0,348.48,336.98,342.33,26479582.0,1686503681.0,6847790513.000001,0.0038668796818083963
2024-07-08,340.19,346.18,337.89,343.56,19443576.0,1247645531.0,6847790513.000001,0.0028393941028259954
2024-07-09,341.31,345.91,340.3,342.86,21664464.0,1392889372.0,6847790513.000001,0.0031637159400352112
2024-07-10,345.22,348.0,341.31,341.31,15846909.0,1016718370.0,6847790513.000001,0.002314163812388225
2024-07-11,341.53,344.74,334.41,341.79,27182655.0,1727208383.0,6852405460.0,0.003966877786008885
2024-07-12,341.2,348.75,340.4,347.68,24574092.0,1588658353.0,6852405460.0,0.00358619934903852
2024-07-15,346.5,348.53,344.25,347.36,17045913.0,1104204269.0,6852405460.0,0.002487580908558788
2024-07-16,345.7,347.46,340.99,343.77,20406778.0,1313240364.0,6852405460.0,0.0029780459021466017
2024-07-17,342.54,344.36,329.81,336.07,46462849.0,2909157024.0,6854315147.000001,0.006778627478244253
2024-07-18,331.68,344.79,331.68,341.79,34532462.0,2193053871.0,6854315147.000001,0.005038061609278963
2024-07-19,338.9,341.15,336.39,340.19,21796963.0,1381064608.0,6857336090.000001,0.0031786341975838604
2024-07-22,339.39,345.75,338.69,340.35,19930345.0,1273643439.0,6860173902.0,0.0029052244570927786
2024-07-23,340.35,341.2,333.66,333.66,18537845.0,1165932040.0,6860173902.0,0.0027022412645538794
2024-07-24,331.68,335.48,319.01,321.36,45547336.0,2757887294.0,6860173902.0,0.006639385043390989
2024-07-25,318.37,321.41,315.05,317.72,30109151.0,1787253322.0,6862097628.0,0.004387747396239755
2024-07-26,336.07,336.93,328.42,336.12,57740171.0,3598947643.0,6862097628.0,0.008414361632571048
2024-07-29,333.23,338.1,332.49,336.34,20712828.0,1297587355.0,6862097628.0,0.0030184397137522044
2024-07-30,334.36,335.75,324.14,326.6,22575846.0,1381015834.0,6869152395.0,0.003286554832650499
2024-07-31,324.84,341.58,324.84,341.04,40174739.0,2530147580.0,6869152395.0,0.005848572966475873
2024-08-01,341.26,345.91,339.17,340.08,24406833.0,1561027259.0,6869152395.0,0.003553106933217195
2024-08-02,338.58,343.83,334.68,336.93,20261524.0,1280021474.0,6869152395.0,0.0029496396112493003
2024-08-05,334.52,343.93,329.28,329.76,35476754.0,2214817315.0,6869152395.0,0.005164647974009609
2024-08-06,329.54,333.02,318.37,320.5,38493182.0,2316733895.0,6869152395.0,0.005603774641543675
2024-08-07,320.5,328.31,316.87,324.68,25298592.0,1535238304.0,6869152395.0,0.0036829277537086874
2024-08-08,323.18,328.85,322.06,326.07,14231910.0,867672450.0,6869152395.0,0.0020718582412524856
2024-08-09,325.48,330.03,322.7,323.61,13802375.0,839905714.0,6869152395.0,0.002009327236653919
2024-08-12,323.61,332.38,322.59,328.31,16949235.0,1042597208.0,6869152395.0,0.002467441981973964
2024-08-13,328.31,332.22,325.85,328.21,9835074.0,602892300.0,6869152395.0,0.0014317740289411646
2024-08-14,328.21,328.9,324.14,325.75,11227780.0,685993302.0,6869152395.0,0.0016345218964966637
2024-08-15,324.68,328.15,322.48,326.28,19163262.0,1166672167.0,6869152395.0,0.0027897564208866268
2024-08-16,325.27,331.1,324.52,330.24,18066988.0,1112521867.0,6869152395.0,0.002630162640320924
2024-08-19,329.97,337.78,329.87,333.56,17275349.0,1075574308.0,6869152395.0,0.0025149171261034456
2024-08-20,339.55,339.6,330.35,337.09,25780974.0,1623775567.0,6869152395.0,0.0037531521383578213
2024-08-21,335.43,340.72,333.4,337.84,21187130.0,1337959065.0,6869152395.0,0.0030843878227861036
2024-08-22,337.67,344.95,335.48,342.81,24978743.0,1597113183.0,6869152395.0,0.003636364658059097
2024-08-23,342.33,352.81,341.69,350.14,29047135.0,1895805009.0,6869152395.0,0.00422863452864187
2024-08-26,352.7,356.5,347.14,354.74,33958151.0,2241141518.0,6869152395.0,0.004943572226570175
2024-08-27,353.03,355.59,350.3,352.97,24113793.0,1590912374.0,6869152395.0,0.003510446648054021
2024-08-28,352.92,353.83,345.38,347.3,26542959.0,1726057217.0,6869152395.0,0.0038640806716299385
2024-08-29,344.57,349.34,342.06,342.06,23285563.0,1500197088.0,6869152395.0,0.003389874275747525
2024-08-30,339.55,352.01,339.01,346.34,33386334.0,2160911498.0,6877009029.0,0.004854775362255817
2024-09-02,345.0,355.81,344.68,348.91,26075882.0,1706301995.0,6877009029.0,0.0037917475300729316
2024-09-03,347.73,355.59,347.68,352.87,24237888.0,1599193264.0,6877009029.0,0.0035244810495071405
2024-09-04,352.28,356.77,349.6,350.24,27499633.0,1814975104.0,6877009029.0,0.003998778085652561
2024-09-05,347.41,349.82,339.55,340.14,43212322.0,2763225151.0,6877009029.0,0.006283592448079655
2024-09-06,340.19,345.27,336.44,337.09,23320164.0,1480652837.0,6877009029.0,0.003391032918767453
2024-09-09,328.15,332.7,324.57,326.76,54840638.0,3359451100.0,6877009029.0,0.00797448974819428
2024-09-10,323.5,329.7,323.5,324.94,40111034.0,2451075854.0,6877009029.0,0.005832627793689639
2024-09-11,323.71,332.06,319.33,329.81,41921762.0,2572399328.0,6877009029.0,0.006095929469223909
2024-09-12,330.56,336.18,329.81,333.61,27616861.0,1719561913.0,6878568027.999999,0.0040149142797719535
2024-09-13,331.9,341.15,329.44,339.71,32148994.0,2037679478.0,6878568027.999999,0.0046737916771534185
2024-09-18,340.3,351.47,339.12,349.01,29502596.0,1915513518.0,6878568027.999999,0.004289060728905537
2024-09-19,333.23,351.58,333.23,349.17,47611503.0,3085181571.0,6878568027.999999,0.006921717253677208
2024-09-20,347.2,354.63,346.39,353.35,39801250.0,2608979309.0,6878568027.999999,0.0057862697349193104
2024-09-23,355.49,363.14,354.1,361.58,39162141.0,2643088028.0,6878568027.999999,0.005693356646410418
2024-09-24,361.58,365.06,354.1,363.94,50090152.0,3378454557.0,6878568027.999999,0.0072820610039912815
2024-09-25,364.85,382.44,364.85,375.01,62766129.0,4428074584.0,6878568027.999999,0.009124883078062656
2024-09-26,374.42,394.11,373.3,393.46,50134212.0,3592524658.0,6878568027.999999,0.007288466406950247
2024-09-27,399.83,408.65,380.57,390.47,85744787.0,6253333702.0,6878568027.999999,0.012465499599766408
2024-09-30,391.32,411.33,385.28,406.84,125166492.0,9344041944.0,6878568027.999999,0.018196591425787383
2024-10-08,447.54,447.54,421.12,428.93,135239267.0,11050056032.0,6878568027.999999,0.01966096234703111
2024-10-09,419.35,424.27,395.92,401.22,89550113.0,6896386875.0,6878568027.999999,0.013018714452699458
2024-10-10,406.25,424.59,405.82,418.82,67303399.0,5259062088.0,6878568027.999999,0.009784507287859014
2024-10-11,417.21,418.44,405.98,410.63,38060178.0,2930030642.0,6878568027.999999,0.005533154261914934
2024-10-14,412.02,424.11,409.72,422.56,46282832.0,3620244782.0,6878568027.999999,0.006728556265141295
2024-10-15,422.56,422.56,406.51,406.51,37583316.0,2905639306.0,6878568027.999999,0.005463828495555006
2024-10-16,399.56,403.84,394.37,402.45,34282949.0,2559503194.0,6878568027.999999,0.004984024125435313
2024-10-17,402.45,404.0,389.93,390.9,39437630.0,2920853670.0,6878568027.999999,0.0057334069881208715
2024-10-18,390.9,407.58,388.6,401.22,42785106.0,3180240270.0,6878568027.999999,0.0062200600220624885
2024-10-21,403.04,406.41,391.97,396.24,34322896.0,2547898013.0,6878568027.999999,0.004989831584173439
2024-10-22,397.69,411.65,396.57,409.19,40405973.0,3073890031.0,6878568027.999999,0.005874183817841571
2024-10-23,409.72,416.04,406.51,408.55,26831280.0,2053544728.0,6878568027.999999,0.0039007072243496324
2024-10-24,407.1,408.98,402.77,404.59,17108673.0,1296926992.0,6878568027.999999,0.0024872434103082484
2024-10-25,403.41,405.77,399.94,402.61,21057289.0,1583775153.0,6878568027.999999,0.0030612896338720347
2024-10-28,403.79,404.27,395.87,400.47,28059096.0,2091524794.0,6878568027.999999,0.004079206004183172
2024-10-29,399.08,403.84,394.75,396.19,29727177.0,2214621306.0,6878568027.999999,0.004321710111609294
2024-10-30,394.21,397.69,385.76,389.13,40413734.0,2939634796.0,6878568027.999999,0.005875312105003726
2024-10-31,390.31,394.16,380.31,382.02,50046867.0,3595551677.0,6888702761.0,0.007265064081925192
2024-11-01,382.12,390.47,376.45,386.46,41651482.0,3009423819.0,6888702761.0,0.0060463462345635675
2024-11-04,385.87,392.45,383.51,389.61,23231578.0,1680407656.0,6888702761.0,0.003372416956574794
2024-11-05,387.79,393.04,380.89,391.16,41696728.0,3027068197.0,6888702761.0,0.006052914379767358
2024-11-06,391.22,391.22,379.61,380.68,52593143.0,3768679119.0,6888702761.0,0.007634694778493434
2024-11-07,376.29,385.65,373.83,385.65,54774602.0,3895318881.0,6888702761.0,0.007951366737741002
2024-11-08,388.65,394.53,380.31,388.22,59337382.0,4283549293.0,6888702761.0,0.008613723665932464
2024-11-11,381.0,384.26,378.81,382.98,44207913.0,3153791634.0,6888702761.0,0.006417451083864526
2024-11-12,384.64,400.58,384.0,387.21,57547722.0,4231304809.0,6888702761.0,0.008353927291768657
2024-11-13,387.69,397.42,387.58,392.61,45841657.0,3373337471.0,6889174662.0,0.006654158044919083
2024-11-14,393.04,400.58,386.88,393.89,40843466.0,3020822981.0,6889174662.0,0.0059286442867080265
2024-11-15,391.27,396.41,384.32,386.46,34282515.0,2496870647.0,6889174662.0,0.0049762876805982195
2024-11-18,386.03,390.36,378.86,380.04,31938599.0,2292938837.0,6889174662.0,0.004636055923530307
2024-11-19,380.04,383.78,378.17,381.43,22665163.0,1614053712.0,6889174662.0,0.0032899678280794327
2024-11-20,381.8,383.25,378.38,382.07,22637119.0,1610809493.0,6889174662.0,0.0032858970937206878
2024-11-21,381.75,381.86,377.36,378.91,21652845.0,1534662636.0,6889174662.0,0.003143024536659657
2024-11-22,378.86,389.51,375.6,376.51,38845820.0,2781161792.0,6889174662.0,0.005638675444573886
2024-11-25,375.01,387.15,375.01,376.51,38586774.0,2737579009.0,6889174662.0,0.0056010735528075365
2024-11-26,375.01,380.84,370.94,377.63,27418796.0,1932586725.0,6889174662.0,0.003979982704058781
2024-11-27,376.13,382.44,373.03,381.48,26482499.0,1875798199.0,6889174662.0,0.0038440742613298543
2024-11-28,385.12,385.12,373.14,375.44,32328951.0,2275593420.0,6889174662.0,0.004692717573024134
2024-11-29,372.71,378.54,372.01,375.12,27750141.0,1951115164.0,6889498003.0,0.004027890128992901
2024-12-02,375.22,377.26,370.3,374.85,35790565.0,2500096040.0,6889498003.0,0.005194945260803496
2024-12-03,374.42,374.42,371.21,373.62,31317422.0,2181594388.0,6889498003.0,0.004545675459425778
2024-12-04,373.78,385.07,372.28,382.39,53195506.0,3779094534.0,6889498003.0,0.00772124557940742
2024-12-05,382.98,389.83,382.02,383.62,36764463.0,2647263413.0,6889498003.0,0.005336305052122968
2024-12-06,383.94,391.16,382.5,389.67,45677846.0,3318584662.0,6889498003.0,0.006630068835219894
2024-12-09,385.17,395.17,381.43,391.16,41321923.0,3017126124.0,6889498003.0,0.005997813335892769
2024-12-10,409.24,410.04,394.69,394.96,55513289.0,4164810151.0,6889498003.0,0.00805766820395724
2024-12-11,394.21,402.93,393.68,401.7,33543390.0,2512587263.0,6889498003.0,0.004868771278457979
2024-12-12,402.24,405.18,397.8,404.16,28639814.0,2153602254.0,6889860085.999999,0.004156806327344048
2024-12-13,402.24,402.4,392.23,395.82,37063334.0,2744782532.0,6889947266.000001,0.005379334930892343
2024-12-16,396.35,398.22,388.6,391.64,28047059.0,2054964896.0,6889947266.000001,0.004070721867263707
2024-12-17,391.54,399.45,389.45,394.05,27887305.0,2058385955.0,6889947266.000001,0.004047535332761717
2024-12-18,394.0,398.92,393.57,396.35,22578549.0,1675256403.0,6889947266.000001,0.003277027839011039
2024-12-19,395.07,402.4,391.75,398.17,25355278.0,1893593092.0,6889947266.000001,0.0036800394866766746
2024-12-20,398.12,400.04,394.0,395.82,20939651.0,1552494957.0,6889947266.000001,0.0030391598355667296
2024-12-23,395.82,402.5,395.55,399.08,22602881.0,1689849270.0,6889947266.000001,0.003280559360960426
2024-12-24,397.96,408.55,397.96,407.85,34414101.0,2606513926.0,6889947266.000001,0.004994827924130006
2024-12-25,408.12,409.72,401.38,404.05,22733866.0,1719267176.0,6889947266.000001,0.0032995703918062467
2024-12-26,402.56,407.8,399.29,406.41,24214292.0,1829497500.0,6889947266.000001,0.0035144379289361017
2024-12-27,406.41,406.78,400.1,403.41,19842117.0,1493951286.0,6890030699.999999,0.0028798299839215523
2024-12-30,401.17,407.48,400.74,402.88,22182724.0,1676164969.0,6890030699.999999,0.0032195392104711527
2024-12-31,401.7,406.78,399.51,402.34,30766003.0,2324365541.0,6890705959.0,0.004464855006592801
2025-01-02,403.31,412.93,401.17,402.88,41367089.0,3143071622.0,6890705959.0,0.006003316531881636
2025-01-03,401.17,406.84,395.28,399.51,29642200.0,2225340636.0,6890705959.0,0.004301765330921444
2025-01-06,399.45,408.01,397.31,403.2,30681009.0,2308954916.0,6890705959.0,0.004452520421354987
2025-01-07,401.17,410.58,398.49,406.14,25178525.0,1913943076.0,6890705959.0,0.0036539833726490895
2025-01-08,403.89,415.39,403.47,414.97,40692962.0,3129132562.0,6891501432.000001,0.0059048035325141605
2025-01-09,415.61,422.56,412.93,421.12,34598694.0,2715146336.0,6891501432.000001,0.005020487094342665
2025-01-10,421.12,421.97,408.49,408.49,27109567.0,2093133229.0,6891501432.000001,0.003933767883166856
2025-01-13,404.43,406.62,395.44,397.42,25584606.0,1911136129.0,6891501432.000001,0.0037124864954972553
2025-01-14,397.42,403.04,392.77,399.13,28858396.0,2150563704.0,6891501432.000001,0.004187533919096194
2025-01-15,399.24,405.28,393.68,394.85,25663453.0,1910565918.0,6891501432.000001,0.003723927688795697
2025-01-16,395.76,403.57,395.28,396.3,26233035.0,1953070088.0,6891501432.000001,0.003806577602696201
2025-01-17,396.24,400.47,393.84,397.69,15928751.0,1184446629.0,6891501432.000001,0.0023113614873583907
2025-01-20,401.7,410.47,400.52,400.58,29699251.0,2245932516.0,6891501432.000001,0.004309547243521489
2025-01-21,402.56,402.72,396.99,397.96,16286277.0,1217315662.0,6891501432.000001,0.0023632407481447067
2025-01-22,397.85,397.85,386.62,390.47,32217997.0,2351219471.0,6891501432.000001,0.004675033055989648
2025-01-23,392.61,395.39,387.26,392.66,27008672.0,1981526548.0,6891501432.000001,0.003919127387043398
2025-01-24,390.52,393.89,388.06,389.51,30486076.0,2224547325.0,6891501432.000001,0.004423720476707868
2025-01-27,389.72,397.42,388.44,395.17,28011516.0,2066038991.0,6893052120.000001,0.004063731930696615
2025-02-05,392.61,394.16,383.41,386.24,36351088.0,2623254186.0,6893052120.000001,0.005273583801075335
2025-02-06,386.08,388.11,382.07,386.56,28567493.0,2058313211.0,6893052120.000001,0.004144389524795874
2025-02-07,387.26,392.82,383.35,392.82,35534968.0,2588044043.0,6893052120.000001,0.005155186321150289
2025-02-10,392.18,392.23,387.79,390.52,31864987.0,2324957366.0,6893052120.000001,0.004622768904872287
2025-02-11,392.82,395.07,388.38,394.21,30044016.0,2200715457.0,6893052120.000001,0.004358594056300273
2025-02-12,392.93,393.62,388.76,391.97,22807278.0,1667138730.0,6893052120.000001,0.00330873430273729
2025-02-13,390.47,392.55,385.81,385.87,41066444.0,2979276852.0,6893052120.000001,0.005957657549236693
2025-02-14,385.76,388.81,384.58,387.74,23435076.0,1697819619.0,6893052120.000001,0.0033998112290495775
2025-02-17,386.46,387.63,381.11,385.33,40235806.0,2886662764.0,6893052120.000001,0.005837153890546818
2025-02-18,385.07,388.6,382.61,384.58,29346513.0,2117878259.0,6893052120.000001,0.0042574047735475405
2025-02-19,381.37,384.96,379.77,382.18,33715017.0,2408852125.0,6893052120.000001,0.004891159447667138
2025-02-20,381.96,383.57,380.09,381.0,31420228.0,2241810157.0,6893052120.000001,0.004558246108256613
2025-02-21,379.88,381.0,375.49,377.58,55339013.0,3903770927.0,6893052120.000001,0.008028230751285831
2025-02-24,377.9,382.44,375.92,379.18,46937741.0,3326317437.0,6893052120.000001,0.006809427838767016
2025-02-25,377.1,378.01,368.97,369.23,56599867.0,3932087508.0,6893052120.000001,0.008211147400986139
2025-02-26,367.52,375.28,367.47,375.06,40412376.0,2820753654.0,6893052120.000001,0.00586276953901808
2025-02-27,379.77,388.92,377.79,387.69,65248235.0,4700242778.0,6893052120.000001,0.009465797423855834
2025-02-28,389.13,393.14,385.65,390.74,50647934.0,3702978856.0,6894525671.0,0.007346108552911355
2025-03-03,388.86,390.41,378.97,379.77,40591782.0,2908667199.0,6894525671.0,0.005887538017406854
2025-03-04,381.27,387.63,381.27,384.96,30041994.0,2159097772.0,6894525671.0,0.00435736922793162
2025-03-05,384.58,385.92,380.84,383.78,28618620.0,2050696436.0,6894525671.0,0.0041509193475595665
2025-03-06,384.64,384.96,376.67,380.52,40239881.0,2857881528.0,6894525671.0,0.00583649737780489
2025-03-07,380.41,381.05,375.81,378.65,31482660.0,2228492957.0,6894525671.0,0.004566327185120724
2025-03-10,378.75,381.16,377.15,380.14,27344026.0,1937259286.0,6894525671.0,0.003966048906745742
2025-03-11,377.1,382.12,376.03,379.4,25282497.0,1788427242.0,6894525671.0,0.003667039359407151
2025-03-12,379.66,379.66,374.96,374.96,30130110.0,2117631624.0,6894525671.0,0.004370149802579508
2025-03-13,374.47,377.9,373.41,374.47,25262164.0,1774959974.0,6894525671.0,0.003664090208012223
2025-03-14,374.58,385.65,373.46,384.42,42544964.0,3036261982.0,6894525671.0,0.006170832633048877
2025-03-17,387.9,387.9,382.98,384.48,34733287.0,2497780791.0,6894525671.0,0.005037806610264197
2025-03-18,385.12,407.05,383.03,401.06,77931396.0,5762238290.0,6894525671.0,0.011303373099007785
2025-03-19,413.09,416.89,401.33,409.24,106626103.0,8164296255.0,6894525671.0,0.01546532830365612
2025-03-20,408.65,411.06,401.7,402.08,58569319.0,4434498828.0,6894525671.0,0.0084950469103852
2025-03-21,399.94,408.81,399.94,402.66,38452793.0,2903191225.0,6894525671.0,0.005577293469475574
2025-03-24,400.52,409.19,400.2,406.84,38734811.0,2945134162.0,6894525671.0,0.005618198096342979
2025-03-25,410.85,414.54,408.49,411.11,32418622.0,2493718323.0,6894525671.0,0.004702081556728459
2025-03-26,409.03,414.0,405.82,410.74,23706858.0,1814277211.0,6894525671.0,0.0034385045659800256
2025-03-27,410.74,414.54,408.23,409.19,25721538.0,1974042919.0,6894525671.0,0.0037307190120693654
2025-03-28,407.64,412.83,404.8,411.17,24911431.0,1909917934.0,6897003085.0,0.003611921104425604
2025-03-31,411.33,430.58,411.33,419.89,68968445.0,5458996643.0,6897003085.0,0.009999770066798513
2025-04-01,417.75,421.38,402.24,403.25,55181654.0,4204786523.0,6897003085.0,0.008000816197982026
2025-04-02,403.04,410.74,402.18,406.3,26853625.0,2036925144.0,6897003085.0,0.003893520804478515
2025-04-03,399.03,400.26,391.27,392.39,56598874.0,4179850012.0,6897003085.0,0.008206299649639783
2025-04-07,364.9,371.59,353.13,359.34,88089693.0,5986991841.0,6897003085.0,0.0127721695806665
2025-04-08,363.72,377.1,362.6,375.65,74473332.0,5151771418.0,6897003085.0,0.010797926444598654
2025-04-09,370.09,377.1,365.97,372.66,57883954.0,4027838482.0,6899775346.0,0.008389251982465923
2025-04-10,377.63,382.93,375.12,380.25,45084852.0,3199356700.0,6899775346.0,0.006534249267425352
2025-04-11,377.2,378.38,372.44,377.04,29562589.0,2075657472.0,6899962994.0,0.004284456166751435
2025-04-14,378.27,379.24,372.87,373.99,34883505.0,2447104070.0,6900070510.0,0.0050555287731400295
2025-04-15,374.96,384.21,372.76,382.34,34366681.0,2441442777.0,6900160978.0,0.004980562208558955
2025-04-16,380.79,382.34,376.4,379.77,26672943.0,1890971340.0,6900220558.0,0.0038655203519655378
2025-04-17,378.38,380.68,376.24,379.5,19591273.0,1388823325.0,6900273881.0,0.002839202231370097
2025-04-18,379.5,381.54,376.94,379.34,15448383.0,1094653676.0,6900301799.0,0.0022387981641960645
2025-04-21,378.59,383.03,377.1,381.86,17751380.0,1262930782.0,6900301799.0,0.0025725512473342184
2025-04-22,381.37,386.35,380.89,383.62,22615500.0,1626765493.0,6900301799.0,0.0032774653426430518
2025-04-23,385.65,387.37,384.05,384.32,22586871.0,1627423197.0,6900436191.0,0.0032732526429936812
2025-04-24,387.26,391.48,384.91,390.2,23180750.0,1684714693.0,6900478841.0,0.0033592958596248236
2025-04-25,390.2,390.47,387.15,389.13,17097238.0,1244078508.0,6900560146.0,0.002477659441880329
2025-04-28,392.55,393.57,389.4,391.7,23966015.0,1755320152.0,6900560146.0,0.003473053562744789
2025-04-29,391.86,397.8,389.72,396.89,23497383.0,1733740168.0,6900560146.0,0.003405141394734537
2025-04-30,401.17,401.81,392.87,393.78,47810026.0,3548715615.0,6900436496.0,0.0069285509732194776
2025-05-06,397.05,397.85,391.0,396.08,34641179.0,2556249632.0,6900436496.0,0.005020143148926966
2025-05-07,399.94,402.13,395.82,397.74,30028102.0,2239595605.0,6900436496.0,0.004351623555612242
2025-05-08,397.69,404.59,395.17,401.17,27707567.0,2081094569.0,6900883851.0,0.0040150751118619285
2025-05-09,401.11,406.68,399.61,405.44,24563898.0,1861536388.0,6901132047.0,0.003559401244999826
2025-05-12,407.05,410.47,405.98,409.62,27223912.0,2078979154.0,6901439209.0,0.0039446717091266926
2025-05-13,411.86,412.93,408.87,412.45,25527841.0,1963341233.0,6902112609.0,0.003698554695661298
2025-05-14,411.33,414.81,407.21,412.34,29249633.0,2248759306.0,6902784225.0,0.004237367422563466
2025-05-15,410.04,412.24,408.23,409.19,20490185.0,1571335906.0,6903417737.0,0.0029681218463978344
2025-05-16,407.64,411.01,404.21,409.72,23865992.0,1819974356.0,6903752803.0,0.003456959233770526
2025-05-19,408.87,415.71,408.07,414.97,26308625.0,2031022754.0,6904105805.0,0.0038105767412989406
2025-05-20,414.7,423.1,414.43,420.8,27799540.0,2184604655.0,6905059796.0,0.004025966584113271
2025-05-21,419.89,424.91,419.73,421.49,20543826.0,1619842976.0,6906085691.0,0.002974742411142202
2025-05-22,421.12,425.56,418.87,424.49,23403426.0,1850376659.0,6907117273.0,0.003388305869871974
2025-05-23,424.49,430.48,421.06,421.97,29974589.0,2385953118.0,6909268842.0,0.004338315628679947
2025-05-26,421.06,423.58,415.13,418.66,24168884.0,1893696279.0,6910818401.0,0.003497253523041894
2025-05-27,418.28,421.97,417.32,419.78,20644898.0,1620472097.0,6911990665.0,0.0029868237676504445
2025-05-28,422.45,428.44,420.96,424.27,24044877.0,1911343092.0,6914561205.0,0.003477426301847306
2025-05-29,422.94,425.18,419.14,422.45,25167731.0,1988440748.0,6914561205.0,0.003639816071307738
2025-05-30,421.17,425.29,418.82,422.88,21573317.0,1703126097.0,6915262030.0,0.0031196673251729264
2025-06-03,422.83,422.83,404.75,406.03,56190781.0,4293054877.0,6915262030.0,0.008125618487951932
2025-06-04,405.34,409.62,403.84,404.16,36755439.0,2790934593.0,6915262030.0,0.005315118767813343
2025-06-05,403.52,405.98,401.43,402.5,23580308.0,1776718063.0,6915262030.0,0.003409893637826476
2025-06-06,403.14,405.61,401.7,404.91,27555948.0,2081019011.0,6915262030.0,0.003984801715460087
2025-06-09,402.5,404.27,396.19,403.31,46695588.0,3500234348.0,6915262030.0,0.006752540655353879
2025-06-10,404.54,409.19,401.43,401.43,32107412.0,2433498302.0,6915262030.0,0.0046429783659260706
2025-06-11,402.24,405.44,400.26,403.79,26308346.0,1986827774.0,6915262030.0,0.003804388884451281
2025-06-12,406.58,407.54,401.09,404.85,34702892.0,2510413458.0,6915262030.0,0.0050183047076814815
2025-06-13,401.48,404.62,398.12,400.81,30045204.0,2148718105.0,6915262030.0,0.004344767250995983
2025-06-16,401.48,402.6,397.28,399.57,25020494.0,1784037774.0,6915262030.0,0.003618155594315202
2025-06-17,402.6,409.78,402.6,404.06,32639478.0,2362020250.0,6915262030.0,0.004719919195889096
2025-06-18,404.79,407.31,403.84,404.28,17528837.0,1265648159.0,6915262030.0,0.002534804454835676
2025-06-19,404.85,406.02,398.85,399.97,21125341.0,1512893148.0,6915262030.0,0.0030548865550362957
2025-06-20,400.08,405.85,399.57,405.85,22986421.0,1655767156.0,6915262030.0,0.0033240130164669986
2025-06-23,403.72,405.57,400.7,402.15,21054495.0,1510951196.0,6915262030.0,0.0030446416793262136
2025-06-24,404.28,411.24,403.72,408.21,27050087.0,1971805636.0,6904171289.0,0.0039179339369950555
2025-06-25,408.21,411.18,405.41,410.34,24327543.0,1772058946.0,6904171289.0,0.0035236007308740453
2025-06-26,409.33,412.64,407.93,409.89,22672619.0,1658102065.0,6904171289.0,0.0032839015793427544
2025-06-27,409.67,410.4,404.96,405.29,22364021.0,1623349472.0,6904171289.0,0.0032392042525988957
2025-06-30,405.13,406.98,403.61,404.85,19302259.0,1394828333.0,6904171289.0,0.0027957387196857536
2025-07-01,405.29,405.69,402.6,404.34,18625209.0,1341760455.0,6904171289.0,0.002697674814307464
2025-07-02,404.34,409.89,402.66,406.53,26615479.0,1929453681.0,6904171289.0,0.0038549853249447677
2025-07-03,408.15,409.05,405.63,408.71,17936923.0,1304399831.0,6904171289.0,0.0025979834869650203
2025-07-04,408.66,414.04,407.09,412.02,21146224.0,1548790547.0,6904171289.0,0.003062818565016051
2025-07-07,410.45,411.85,405.57,406.81,21545334.0,1567324871.0,6906728003.0,0.003119470462806931
2025-07-08,406.81,407.65,404.12,404.96,25686651.0,1856483047.0,6907660727.0,0.0037185744950672646
2025-07-09,404.12,405.69,402.6,402.6,27205267.0,1958489420.0,6908293133.0,0.003938059152418424
2025-07-10,402.83,403.56,399.97,401.93,23151388.0,1656983409.0,6908673794.0,0.003351061099469824
2025-07-11,402.27,408.21,401.99,406.42,32055369.0,2324470998.0,6911445374.0,0.004638012349860757
2025-07-14,406.36,410.51,403.61,409.89,23373900.0,1702246964.0,6911768606.0,0.003381753836450699
2025-07-15,409.95,412.14,408.27,410.51,24900978.0,1821265543.0,6912098657.0,0.003602520628779272
2025-07-16,411.97,415.44,408.21,408.71,20688807.0,1514278424.0,6912340956.0,0.0029930246687327904
2025-07-17,407.93,411.74,407.09,407.26,24729994.0,1804135157.0,6912689202.000001,0.0035774780664007055
2025-07-18,408.6,410.9,406.64,408.38,21951230.0,1596482224.0,6912946498.0,0.0031753797033364515
2025-07-21,407.14,409.11,405.97,406.81,30897062.0,2244011063.0,6915284303.0,0.004467938069675051
2025-07-22,406.98,410.56,405.18,410.4,35720411.0,2602924271.0,6915588845.0,0.005165201662592479
2025-07-23,410.45,414.1,410.34,412.14,36987240.0,2718700800.0,6915894888.000001,0.005348149530753828
2025-07-24,413.26,414.66,409.84,412.19,29069915.0,2134051794.0,6916197415.999999,0.004203164434368136
2025-07-25,411.57,411.57,406.81,407.99,24456208.0,1780421843.0,6916353007.0,0.003535997652989663
2025-07-28,408.32,408.88,402.6,403.39,37773632.0,2725637108.0,6921373662.0,0.005457533987420198
2025-07-29,403.39,404.12,398.23,399.46,39836931.0,2843589788.0,6921592425.000001,0.0057554574950286815
2025-07-30,400.86,407.87,399.24,404.34,41132530.0,2964849148.0,6921808780.0,0.005942453960711697
2025-07-31,403.72,403.84,391.84,393.57,69477714.0,4895784250.0,6921891239.0,0.01003738885819844
2025-08-01,393.63,397.95,393.07,396.94,28644667.0,2019147913.0,6922101242.0,0.004138146207136911
2025-08-04,395.59,398.12,393.63,397.78,19776642.0,1398398728.0,6922201662.0,0.0028569872658529318
2025-08-05,398.73,400.98,396.32,400.25,19174845.0,1365340860.0,6922271437.0,0.002770022119836154
2025-08-06,400.25,402.49,398.06,402.04,22135849.0,1583549584.0,6922359117.000001,0.0031977319618738866
2025-08-07,400.98,403.33,399.29,400.81,20361565.0,1456650769.0,6922419917.0,0.002941394085325032
2025-08-08,400.36,402.77,399.74,401.37,20118405.0,1439938213.0,6922480906.999999,0.0029062420352299286
2025-08-11,399.8,402.71,399.18,402.38,17912366.0,1282650770.0,6922520087.0,0.0025875498770510106
2025-08-12,402.32,406.19,401.48,403.33,24047589.0,1734351324.0,6922616675.0,0.0034737715706322854
2025-08-13,403.61,405.35,401.48,402.71,25384669.0,1827058280.0,6922726054.0,0.0036668602515814645
2025-08-14,402.6,409.61,402.15,405.57,45514924.0,3301054398.0,6922726054.0,0.006574711124630038
2025-08-15,405.57,405.97,402.66,405.41,27469955.0,1980637245.0,6922985269.000001,0.003967934920070678
2025-08-18,405.46,406.86,401.54,402.83,54299761.0,3906936963.0,6922985269.000001,0.007843402649308742
2025-08-19,410.45,412.86,404.85,407.54,53760260.0,3916336802.0,6922985269.000001,0.00776547369539116
2025-08-20,404.9,405.52,400.98,404.96,40377028.0,2901846346.0,6922985269.000001,0.005832314591337027
2025-08-21,404.23,406.53,401.82,403.28,33801371.0,2436115382.0,6922985269.000001,0.004882484894393323
2025-08-22,403.56,404.79,401.76,404.23,39138892.0,2814332706.0,6922985269.000001,0.005653470356965452
2025-08-25,404.4,414.1,404.4,412.25,70023449.0,5110086586.0,6922985269.000001,0.01011463209571651
2025-08-26,412.25,416.51,411.07,413.82,46293790.0,3417986336.0,6922985269.000001,0.006686969306044322
2025-08-27,414.32,418.02,407.59,407.71,48841858.0,3605612810.0,6922985269.000001,0.007055028445417308
2025-08-28,407.71,414.77,406.58,412.14,43298746.0,3171280840.0,6922985269.000001,0.006254346111912837
2025-08-29,412.14,419.65,411.52,413.31,56766900.0,4210933505.0,6922985269.000001,0.008199771889475616
2025-09-01,420.55,425.26,412.25,415.11,77625858.0,5792738594.0,6922985269.000001,0.011212772378354744
2025-09-02,416.12,428.4,414.88,427.05,80590924.0,6106472167.0,6922985269.000001,0.011641065359603322
2025-09-03,429.24,432.55,420.27,424.02,50488071.0,3826685200.0,6925611687.0,0.007290052241128488
2025-09-04,426.04,426.15,417.29,423.85,44353949.0,3328858300.0,6926235121.000001,0.006403760228341228
2025-09-05,425.09,430.02,423.01,427.39,46425167.0,3530971109.0,6926424213.0,0.0067026167575566595
2025-09-08,429.91,437.82,428.96,431.93,55029371.0,4245832274.0,6927090135.0,0.007944081847868146
2025-09-09,431.87,435.12,428.12,432.77,38315019.0,2947171767.0,6927889990.0,0.0055305466823672815
2025-09-10,431.76,433.27,428.4,431.87,27154194.0,2087580321.0,6928402526.0,0.003919257563067288
2025-09-11,431.2,433.27,425.59,431.87,45960511.0,3515566425.0,6928714922.0,0.0066333384353953655
2025-09-12,431.48,435.63,422.84,423.74,59117075.0,4507931249.0,6928984961.0,0.008531852115821038
2025-09-15,421.67,425.87,417.74,421.5,48068047.0,3614905666.0,6929259026.0,0.006936967837345788
2025-09-16,421.27,421.67,415.22,417.52,45602831.0,3396155196.0,6929429892.0,0.006581036493730645
2025-09-17,417.24,422.96,415.89,416.9,57722675.0,4303710294.0,6929519324.000001,0.00832996811194115
2025-09-18,418.3,422.51,410.4,413.48,60084003.0,4452255641.0,6929630766.0,0.008670592276691008
2025-09-19,411.63,418.25,410.51,416.9,38847838.0,2879645243.0,6929791125.0,0.005605917595387841
2025-09-22,419.48,419.99,408.77,410.79,47973993.0,3520814681.0,6929894928.0,0.006922759074767894
2025-09-23,410.73,412.98,407.76,412.3,42147721.0,3082692695.0,6929970891.0,0.00608194776903573
2025-09-24,412.19,416.9,409.05,415.5,30628481.0,2260146501.0,6930053364.0,0.004419660194697456
2025-09-25,411.01,413.54,406.81,408.43,47860729.0,3487388578.0,6930104081.0,0.006906206377364219
2025-09-26,409.56,418.86,408.71,416.06,47698312.0,3524465566.0,6930167709.999999,0.006882706738997519
2025-09-29,417.35,418.02,409.61,413.42,46593907.0,3431995413.0,6930223870.0,0.006723290311255126
2025-09-30,413.26,413.31,406.81,407.42,50610839.0,3690464285.0,6930258641.0,0.007302878813293052
2025-10-09,405.69,409.16,400.25,407.26,61593908.0,4446685218.0,6930328763.0,0.008887588180353111
2025-10-10,406.25,413.42,404.28,408.38,43330526.0,3168138019.0,6930396935.000001,0.006252243039813706
2025-10-13,400.25,404.34,398.23,402.66,48160457.0,3450611700.0,6930420061.999999,0.006949139672509508
2025-10-14,403.72,410.17,401.99,407.09,51909507.0,3767793739.0,6930510157.0,0.007489997968990784
2025-10-15,408.21,412.08,407.09,408.88,37633251.0,2753955979.0,6930536844.0,0.005430062900910826
2025-10-16,410.45,413.2,406.64,410.34,34678000.0,2535057433.0,6930571298.0,0.005003627913041924
2025-10-17,407.65,412.64,407.31,408.21,27649108.0,2017092908.0,6930621152.999999,0.003989412693266572
2025-10-20,409.84,411.57,405.91,408.6,29755742.0,2166679568.0,6930642757.999999,0.004293359654940103
2025-10-21,408.77,410.79,406.98,408.83,28394659.0,2070032731.0,6930691139.0,0.004096944796777792
2025-10-22,408.21,414.88,407.14,414.27,39329827.0,2894112406.0,6930718919.0,0.005674711016223799
2025-10-23,413.82,420.27,413.14,419.93,34763341.0,2588236881.0,6930783795.0,0.0050157878283663875
2025-10-24,419.93,420.55,417.52,418.36,24483806.0,1829626026.0,6930935768.0,0.0035325397348279107
2025-10-27,419.09,422.51,417.01,419.87,34055264.0,2552508383.0,6931041506.000001,0.004913441070944294
2025-10-28,418.36,420.1,415.67,417.24,23365775.0,1740011912.0,6931041506.000001,0.003371178051635231
2025-10-29,416.34,417.29,412.14,417.18,27358650.0,2025139821.0,6931041506.000001,0.003947263910671493
2025-10-30,417.74,426.71,417.74,422.23,49965301.0,3777679276.0,6931041506.000001,0.007208916720055203
2025-10-31,421.67,430.81,421.11,428.4,50974159.0,3888018216.0,6931358602.0,0.007354136746768768
2025-11-03,428.34,431.48,421.56,422.73,28196997.0,2132026191.0,6931683217.0,0.004067842703897182
2025-11-04,421.22,424.98,419.99,421.44,30260649.0,2282008180.0,6931827145.999999,0.004365465030019086
2025-11-05,420.55,428.34,416.62,425.82,26615133.0,2015978787.0,6931940628.0,0.003839492348289051
2025-11-06,425.82,434.17,425.82,431.93,35511147.0,2732619897.0,6932094861.0,0.005122715097248004
2025-11-07,433.27,433.27,426.77,427.27,26441999.0,2021807280.0,6932465339.0,0.003814227364577668
2025-11-10,427.61,434.84,425.87,433.61,39100815.0,3010493959.0,6932465339.0,0.005640246735895004
2025-11-11,433.61,433.95,429.97,433.05,22770754.0,1755331384.0,6932465339.0,0.003284654576186407
2025-11-12,433.05,451.67,433.05,445.72,73784703.0,5857421168.0,6932465339.0,0.010643356928870466
2025-11-13,444.1,448.58,441.24,446.34,33337014.0,2639881174.0,6932465339.0,0.004808825197070344
2025-11-14,445.78,450.94,443.26,444.26,27312749.0,2181244560.0,6932465339.0,0.0039398320315208145
2025-11-17,444.26,445.16,436.86,439.72,26109532.0,2050426784.0,6932465339.0,0.0037662693894934453
2025-11-18,441.76,443.84,434.48,436.73,23590408.0,1833005280.0,6932465339.0,0.0034028887050162864
2025-11-19,436.62,440.63,434.59,436.73,21441520.0,1661622968.0,6932465339.0,0.00309291412960644
2025-11-20,437.3,445.08,434.65,439.78,26192879.0,2050174663.0,6932465339.0,0.003778292096557138
2025-11-21,435.04,447.4,435.04,444.35,43949476.0,3442968265.0,6932465339.0,0.006339660402303528
2025-11-24,443.5,448.47,441.53,443.28,36773938.0,2903024266.0,6932465339.0,0.005304597455846004
2025-11-25,445.71,445.76,437.92,444.07,29101152.0,2280195509.0,6933866253.0,0.004196958945870801
2025-11-26,444.01,451.4,442.43,450.28,32072777.0,2538706360.0,6934233135.0,0.004625281033329434
2025-11-27,449.15,455.52,445.48,450.28,31646071.0,2524590682.0,6934952063.0,0.004563271773548523
2025-11-28,450.28,451.8,447.62,450.61,18126661.0,1445017043.0,6935476529.0,0.002613614352842978
2025-12-01,450.28,452.53,446.72,451.4,30352024.0,2419268736.0,6935887744.0,0.004376083512345842
2025-12-02,451.97,460.77,451.46,460.21,37804931.0,3071966512.0,6936332081.0,0.005450276970382554
2025-12-03,460.15,467.65,458.51,463.65,36866005.0,3038100689.0,6937093429.0,0.005314330184149521
2025-12-04,463.42,469.29,461.39,462.07,28917966.0,2377656054.0,6937898032.0,0.00416811631802893
2025-12-05,462.07,466.02,461.0,463.99,24616511.0,2020996778.0,6938287460.0,0.0035479231931390747
2025-12-08,468.33,468.9,457.27,461.62,27336529.0,2235419968.0,6938593478.0,0.003939779594621756
2025-12-09,459.87,460.21,451.07,452.53,35647940.0,2872571867.0,6938688296.000001,0.0051375618098524825
2025-12-10,451.29,454.9,449.71,451.8,24571972.0,1970629706.0,6938688296.000001,0.0035412992992011464
2025-12-11,452.08,454.56,446.78,447.45,27294485.0,2178536617.0,6938688296.000001,0.0039336663985518215
2025-12-12,447.74,451.29,446.89,447.57,32895862.0,2615339990.0,6938688296.000001,0.0047409338187109126
2025-12-15,449.65,457.61,448.3,453.72,36554689.0,2945959175.0,6938688296.000001,0.005268241984738378
2025-12-16,452.81,456.2,450.5,451.18,21423089.0,1718619061.0,6938688296.000001,0.0030874839863248983
2025-12-17,449.77,456.6,447.91,454.06,23028180.0,1850597016.0,6938688296.000001,0.0033188088321066725
2025-12-18,452.93,454.85,448.64,450.44,21409792.0,1710070019.0,6940297693.0,0.0030848521125533225
2025-12-19,450.56,450.84,444.63,448.3,27801766.0,2205368624.0,6845297693.0,0.004061440020122146
2025-12-22,447.45,450.22,445.2,446.66,24503713.0,1941379877.0,6845392938.0,0.0035795918834659597
2025-12-23,447.91,453.15,445.87,449.43,25468020.0,2029842283.0,6845392938.0,0.0037204613717092072
2025-12-24,448.19,451.07,444.41,444.63,21704738.0,1715476084.0,6845392938.0,0.00317070739351033
2025-12-25,443.05,445.08,441.13,443.45,22675780.0,1780124525.0,6845392938.0,0.0033125607551500354
2025-12-26,443.45,446.16,443.22,445.03,21410712.0,1688269460.0,6845392938.0,0.0031277550016369855
2025-12-29,444.58,449.82,441.53,442.43,25697385.0,2026008965.0,6845392938.0,0.003753967848558294
2025-12-30,441.02,447.91,440.8,444.92,21362222.0,1681118068.0,6845914947.0,0.003120433450515084
2025-12-31,445.03,452.98,439.27,440.97,28775822.0,2256598466.0,6845914947.0,0.004203356632791658
2026-01-05,451.63,454.23,441.53,443.96,44294709.0,3501427582.0,6845914947.0,0.006470239455634885
2026-01-06,443.39,448.53,436.68,444.86,45452476.0,3572813822.0,6845914947.0,0.006639357390777704
2026-01-07,445.71,449.03,440.46,447.85,40196784.0,3173707531.0,6845914947.0,0.0058716452528547606
2026-01-08,447.85,448.47,441.87,445.93,31253684.0,2464225429.0,6845914947.0,0.004565304161965365
2026-01-09,449.15,451.12,447.45,450.11,34108097.0,2719435078.0,6845914947.0,0.004982255441976644
2026-01-12,450.16,450.22,439.05,443.62,52501410.0,4117420887.0,6845914947.0,0.007669012894033549
2026-01-13,439.55,440.12,429.4,429.96,94571232.0,7277543658.0,6847567101.0,0.013810924464864182
2026-01-14,429.96,438.03,428.33,435.32,53968401.0,4151813691.0,6847567101.0,0.00788139790439127
2026-01-15,437.07,440.4,433.86,435.72,36031372.0,2794124458.0,6847567101.0,0.005261923171915771
2026-01-16,435.89,439.27,435.32,436.23,37186855.0,2882035811.0,6847567101.0,0.005430666753826966
2026-01-19,436.56,440.91,434.76,437.97,33637393.0,2609235772.0,6847567101.0,0.004912313016266418
2026-01-20,438.2,447.85,435.61,445.76,45535750.0,3580248041.0,6847567101.0,0.006649916580350134
2026-01-21,445.54,445.54,437.58,438.88,36808644.0,2881638098.0,6847567101.0,0.005375433852210746
2026-01-22,441.53,441.59,436.56,437.24,34404058.0,2673285096.0,6847567101.0,0.005024274679247134
2026-01-23,437.69,438.93,432.84,433.24,37370740.0,2879013288.0,6848277912.0,0.005456954358484276
2026-01-26,433.35,439.39,428.95,430.81,47313168.0,3631661682.0,6848381004.999999,0.006908664685194454
2026-01-27,431.09,435.04,428.38,429.4,32580654.0,2493849777.0,6848471779.0,0.004757361211577827
2026-01-28,429.34,430.87,423.19,425.11,62893723.0,4759175492.0,6848555368.0,0.009183502157823249
2026-01-29,427.14,440.57,425.84,439.44,62244106.0,4784027398.0,6848636614.0,0.009088539735450476
2026-01-30,437.86,445.76,436.73,437.81,53250829.0,4168550768.0,6848661263.999999,0.007775363234843149
2026-02-02,437.86,442.83,434.48,439.27,34591579.0,2696447814.0,6848661263.999999,0.0050508526654443695
2026-02-03,438.99,445.14,436.9,439.61,34503710.0,2691523350.0,6848661263.999999,0.005038022566741448
2026-02-04,440.68,450.73,440.18,450.33,38910259.0,3080223023.0,6848661263.999999,0.005681440138459154
2026-02-05,450.44,457.95,449.32,453.94,42919791.0,3456314703.0,6848661263.999999,0.006266887694622592
2026-02-06,453.83,455.92,448.02,448.81,31256590.0,2494058799.0,6848661263.999999,0.0045638977889445815
2026-02-09,446.78,447.68,442.43,446.66,33466953.0,2637206616.0,6848661263.999999,0.004886641594601722
2026-02-10,446.95,452.98,445.08,452.48,30618408.0,2442130413.0,6848661263.999999,0.00447071432207426
2026-02-11,451.4,452.59,449.15,449.65,19806640.0,1581382077.0,6848661263.999999,0.002892045501522121
2026-02-12,448.36,451.74,447.45,450.28,18878441.0,1505278311.0,6848661263.999999,0.002756515510445021
2026-02-13,448.64,451.4,445.25,446.04,25510243.0,2024367758.0,6848661263.999999,0.0037248510353541124
2026-02-24,452.53,454.79,448.7,448.7,25251393.0,2020103221.0,6848661263.999999,0.0036870553275475887
2026-02-25,452.98,455.75,447.4,449.71,28552395.0,2280423704.0,6848661263.999999,0.00416904762834245
2026-02-26,452.25,452.53,444.35,447.17,25327062.0,2011764284.0,6848661263.999999,0.0036981040562090216
2026-02-27,445.93,448.58,442.94,443.73,20160388.0,1590463839.0,6850816429.0,0.002942771596485876
2026-03-02,440.12,440.46,432.78,437.02,27478559.0,2126756401.0,6850816429.0,0.004010990410381057
2026-03-03,437.07,438.09,431.66,431.99,28800034.0,2219134173.0,6851114471.0,0.004203700598188414
2026-03-04,428.83,431.77,425.28,429.74,28493355.0,2165428071.0,6851255935.0,0.004158851350807113
2026-03-05,432.22,434.42,429.51,430.36,19687239.0,1505981137.0,6851401000.0,0.002873461792704879
2026-03-06,430.08,432.9,427.48,431.77,20662879.0,1576695274.0,6851509240.0,0.0030158142208095455
2026-03-09,427.31,429.4,423.3,425.5,25947837.0,1958550801.0,6851612779.0,0.0037871137551044026
2026-03-10,427.42,433.57,427.42,432.22,20908556.0,1598535440.0,6851750143.0,0.0030515642811874788
2026-03-11,432.22,438.54,429.4,436.68,25135764.0,1941618421.0,6851750143.0,0.0036685173095051663
2026-03-12,436.17,438.71,434.08,436.73,19330478.0,1493891519.0,6851750143.0,0.0028212467758691883
2026-03-13,434.19,437.07,432.5,433.69,18729288.0,1443018566.0,6851750143.0,0.0027335042301760712
2026-03-16,431.77,433.8,427.03,432.45,20560029.0,1570261577.0,6852045787.0,0.00300056795285977
2026-03-17,434.36,437.86,432.22,432.22,21407454.0,1649202285.0,6852045787.0,0.0031242426956070777
2026-03-18,433.01,436.17,430.53,434.82,20071638.0,1544837048.0,6852045787.0,0.002929291283791592
2026-03-19,431.26,434.36,428.44,428.83,23272907.0,1777663110.0,6852045787.0,0.0033964902926005504
2026-03-20,428.38,429.68,423.87,423.87,21912595.0,1657477564.0,6852045787.0,0.0031979638900798838
2026-03-23,417.27,417.38,408.24,413.99,46200800.0,3377621418.0,6852045787.0,0.006742628615771099
2026-03-24,416.03,419.92,410.78,418.85,26714723.0,1968463615.0,6852045787.0,0.0038987951672308347
2026-03-25,420.37,423.02,417.27,422.06,18496362.0,1376467588.0,6852045787.0,0.0026993926449079054
2026-03-26,422.57,426.24,418.56,419.35,17708533.0,1325335069.0,6852045787.0,0.0025844154505793586
2026-03-27,411.34,422.91,410.78,421.95,31912535.0,2367294087.0,6852045787.0,0.004657373285588058
2026-03-30,413.88,417.55,404.97,406.83,45622715.0,3304801590.0,6852045787.0,0.006658261841530219
2026-03-31,423.47,436.28,419.3,430.81,69491461.0,5310077352.0,6852080736.999999,0.010141658230142948
2026-04-01,431.66,436.73,430.75,433.57,27361577.0,2100652578.0,6852366162.0,0.003993011516479437
2026-04-02,433.63,439.22,432.11,436.56,32631797.0,2523387318.0,6852490095.0,0.004762034902291968
2026-04-03,436.17,436.45,429.96,430.81,17277260.0,1325461933.0,6852490095.0,0.002521311196437417
2026-04-07,430.81,432.78,426.69,429.51,16382605.0,1246113300.0,6852724560.0,0.0023906702883735925
2026-04-08,434.19,435.89,430.81,432.95,28680412.0,2200099879.0,6852891740.0,0.00418515468916484
2026-04-09,431.09,434.59,428.27,431.77,23502394.0,1796387351.0,6852990110.000001,0.00342950939994863
2026-04-10,431.77,433.01,429.17,431.15,25837267.0,1971065632.0,6853056309.0,0.0037701816291905214
2026-04-13,429.0,431.49,426.46,427.59,18237520.0,1384781818.0,6853111952.0,0.00266120269561299
2026-04-14,429.17,431.94,426.01,431.94,19578158.0,1489302845.0,6853219830.0,0.002856782430106288
2026-04-15,431.94,439.44,429.96,437.24,31845072.0,2461286853.0,6853291430.0,0.004646682885919532
2026-04-16,438.82,442.6,436.73,439.55,23807803.0,1853913748.0,6853420705.0,0.003473856928501517
2026-04-17,441.13,447.17,439.22,443.79,27735236.0,2181684923.0,6853535143.0,0.004046851066099509
2026-04-20,442.38,450.84,440.4,449.03,27669979.0,2201771534.0,6853786132.0,0.004037181561707943
2026-04-21,449.99,451.86,446.89,448.58,23879288.0,1903225382.0,6854151524.0,0.0034839159765269294
2026-04-22,448.58,449.32,445.03,447.45,20278160.0,1606990585.0,6854494499.0,0.0029583742467016896
2026-04-23,447.4,452.25,444.24,450.56,29943246.0,2388456633.0,6854699604.0,0.004368279826956513
2026-04-24,448.92,452.53,448.36,449.49,21788011.0,1740580503.0,6855009500.0,0.003178407119640024
2026-04-27,447.12,452.25,445.82,448.58,25851162.0,2060818397.0,6855243702.0,0.003771005543166611
2026-04-28,448.3,455.92,446.78,453.94,30472906.0,2450034708.0,6855243702.0,0.004445196600539468
2026-04-29,454.51,462.35,453.94,458.8,33110792.0,2684108096.0,6855243702.0,0.004829994882653115
2026-04-30,457.05,463.54,454.85,457.61,35443269.0,2889837730.0,6855243702.0,0.0051702420133743045
2026-05-06,449.71,456.37,446.61,453.89,36041863.0,2885237850.0,6855630880.0,0.00525726423007185
2026-05-07,451.4,456.93,450.11,450.33,37217647.0,2988466109.0,6856157293.0,0.005428353727823379
2026-05-08,449.43,457.55,447.57,453.66,28242327.0,2273797150.0,6856430946.0,0.004119100334041343
2026-05-11,452.19,465.23,449.03,455.18,43644407.0,3540579382.0,6856672478.0,0.006365245990680671
2026-05-12,455.13,458.01,449.88,451.91,35775583.0,2875768679.0,6857062907.0,0.005217333351788076
2026-05-13,451.18,456.76,449.32,453.55,32849685.0,2636662837.0,6857353234.0,0.004790432092243012
2026-05-14,453.6,463.14,453.6,461.62,38926688.0,3174393395.0,6857599091.000001,0.005676430990415855
2026-05-15,459.59,470.02,455.64,465.91,42660857.0,3525964212.0,6857862415.999999,0.006220722203535091
2026-05-18,466.53,470.81,463.14,467.37,37735368.0,3123465724.0,6858101718.0,0.0055023050913576435
2026-05-19,467.37,467.43,454.23,457.05,33581768.0,2725821114.0,6858397539.0,0.004896445242352698
2026-05-20,455.47,463.59,451.86,459.87,30159703.0,2454297430.0,6858818767.0,0.0043972153259258144
2026-05-21,463.54,469.18,459.87,459.87,31181254.0,2562761519.0,6859229248.0,0.004545883053710701
2026-05-22,460.83,462.69,450.78,452.98,30984802.0,2493884552.0,6859508895.000001,0.0045170583600504235
2026-05-25,451.4,452.19,444.58,450.33,23127455.0,1842662846.0,6859891254.0,0.003371402569467029
2026-05-26,450.28,455.35,448.19,448.87,24495312.0,1954515555.0,6860264756.999999,0.003570607384358709
2026-05-27,448.75,452.98,445.03,451.57,25588779.0,2034009882.0,6860593885.999999,0.003729819812278567
2026-05-28,449.15,450.16,443.56,445.48,24199752.0,1913267193.0,6860869404.0,0.0035272136190044874
2026-05-29,445.31,458.51,442.94,456.2,42972944.0,3461222698.0,6861147205.000001,0.006263230144469695
2026-06-01,453.21,462.69,453.04,461.0,37671119.0,3058758977.0,6861458500.0,0.005490249485586774
2026-06-02,458.51,467.15,458.29,466.07,26317746.0,2162929060.0,6861662796.0,0.0038354764409789864
2026-06-03,464.38,466.64,460.21,466.13,23032626.0,1895269952.0,6861840269.000001,0.003356625205056926
2026-06-04,462.97,471.04,461.56,465.06,24365847.0,2019048245.0,6862037799.0,0.0035508179514182826
2026-06-05,464.38,470.02,460.43,460.94,20949437.0,1725517859.0,6862170148.0,0.0030528880147493538
2026-06-08,459.25,472.56,456.37,467.49,36703053.0,3034363535.0,6862243458.0,0.005348550109689216
2026-06-09,465.51,468.28,461.28,464.72,22099177.0,1819542341.0,6862243458.0,0.0032204011902604228
2026-06-10,465.51,478.94,459.7,473.41,38697291.0,3242378394.0,6862243458.0,0.005639160317882153
2026-06-11,472.06,484.7,470.59,481.59,52143692.0,4432709137.0,6862243458.0,0.007598636265113985
2026-06-12,476.8,477.7,465.79,469.63,42935287.0,3569548761.0,6862243458.0,0.006256742020708412
2026-06-15,468.05,468.22,454.23,456.65,43292554.0,3514282135.0,6862243458.0,0.00630880473200489
2026-06-16,456.88,456.99,443.28,445.54,41523880.0,3291473115.0,6862243458.0,0.006051064823646191
2026-06-17,445.59,450.56,443.17,447.0,33447229.0,2647888308.0,6862243458.0,0.004874095360316492
2026-06-18,447.06,448.53,438.99,440.12,36366779.0,2850857596.0,6862243458.0,0.005299546602008652
2026-06-22,436.34,446.61,433.91,441.7,30670955.0,2398663377.0,6862243458.0,0.004469523004789901
2026-06-23,441.08,449.26,439.1,440.51,36089100.0,2832542710.0,6862243458.0,0.00525908184704921
2026-06-24,442.94,444.07,428.83,432.39,38487790.0,2950191887.0,6862243458.0,0.005608630797721254
2026-06-25,432.45,442.21,429.96,431.66,41148953.0,3173689872.0,6862243458.0,0.0059964286099509585
2026-06-26,433.8,445.42,432.28,443.22,44953388.0,3512507556.0,6862243458.0,0.006550829663088295
2026-06-29,448.92,461.95,445.07,457.69,74325828.0,5697834978.0,6862243458.0,0.010831126650476235
2026-06-30,453.25,465.92,446.08,447.38,57750898.0,4402003723.0,6862312128.0,0.008415661794857957
2026-07-01,450.22,459.64,436.07,458.46,50224160.0,3810029159.0,6862312128.0,0.007318839344988768
2026-07-02,459.7,469.48,455.97,456.15,56146785.0,4362682503.0,6862312128.0,0.008181904867152088
2026-07-03,459.05,473.27,457.93,461.78,55780335.0,4376620902.0,6862312128.0,0.008128504498127078
2026-07-06,465.57,474.75,462.01,473.86,50383690.0,4006480145.0,6862312128.0,0.007342086611656962
2026-07-07,470.48,475.93,465.86,468.65,34065422.0,2696340986.0,6862312128.0,0.004964131820965168
2026-07-08,466.45,473.62,463.97,470.36,31545922.0,2505012480.0,6862312128.0,0.00459698151462457
2026-07-09,467.94,471.43,462.01,469.89,30121549.0,2381427421.0,6862312128.0,0.004389416925105509
2026-07-10,468.76,469.71,461.18,467.88,27961858.0,2201420876.0,6862312128.0,0.004074699238163245
2026-07-13,464.97,477.83,464.5,476.23,47041628.0,3769459401.0,6865227495.0,0.0068521586552318615
2026-07-14,476.41,485.71,473.33,480.85,45750333.0,3706958309.0,6865099495.0,0.006664190815198083
2026-07-15,480.79,490.21,477.29,489.67,33221104.0,2726356543.0,6870310969.999999,0.00483545856149216
2026-07-16,486.59,494.29,484.52,484.52,36238235.0,2982559446.0,6871842577.0,0.005273437887138025
2026-07-17,487.54,494.29,481.8,489.91,46279515.0,3817607250.0,6873386394.0,0.006733146130181024
2026-07-20,481.14,500.51,480.43,499.33,54704808.0,4571947511.0,6878721793.0,0.00795275774282212
2026-07-21,498.44,507.92,495.24,499.15,45909911.0,3881820711.0,6879929031.0,0.006673021014190168
2026-07-22,497.79,502.29,494.65,502.29,32691694.0,2751711197.0,6880795908.999999,0.004751150075130066
2026-07-23,501.52,504.54,499.15,502.11,19123849.0,1620699967.0,6881332335.0,0.002779091034846815
2026-07-24,501.99,504.66,498.2,500.51,23791082.0,2014365070.0,6881694811.0,0.003457154473338646
2026-07-27,497.73,500.81,492.81,498.32,22819203.0,1919459061.0,6881967389.999999,0.003315796444074694
2026-07-28,498.26,508.92,497.61,505.67,33671143.0,2871540848.0,6882279310.0,0.004892440641151485
2026-07-29,505.55,518.28,504.07,515.38,47814431.0,4150483891.0,6882279310.0,0.006947470285102393
2026-07-30,515.38,530.13,512.36,526.87,46149832.0,4071773624.0,6882279310.0,0.006705602885506837
2026-07-31,515.38,520.0,500.57,518.88,47504454.0,4107738670.0,6883544865.0,0.006901161382929405
2026-08-03,517.63,521.07,507.32,508.81,33669260.0,2911398283.0,6883841707.0,0.004891056685072029
2026-08-04,509.34,510.58,501.46,504.3,38112065.0,3241774673.0,6884032297.0,0.005536299563354591
2026-08-05,503.47,507.03,499.21,506.26,29129662.0,2473355698.0,6884142717.0,0.0042314145998260545
2026-08-06,506.44,509.4,502.29,505.37,20869634.0,1780112924.0,6884270925.0,0.003031495161559174
2026-08-07,505.01,505.43,491.45,494.59,40016776.0,3352328493.0,6884306425.0,0.005812753461217409
2026-08-10,494.59,509.81,492.34,505.25,31141903.0,2645240983.0,6884471025.0,0.004523499755741945
2026-08-11,505.01,510.11,503.65,507.15,19509179.0,1671643827.0,6884544025.0,0.0028337648694170417
2026-08-12,504.54,505.67,498.5,499.57,21928458.0,1852073192.0,6884581375.0,0.0031851548853251807
2026-08-13,498.68,500.93,496.37,498.68,19974952.0,1681491988.0,6884651675.0,0.0029013743821687246
2026-08-14,496.19,499.33,491.63,491.81,22392363.0,1866196093.0,6884703075.0,0.0032524805726643485
2026-08-17,492.52,493.29,488.02,489.32,18845181.0,1559306864.0,6884756505.0,0.0027372327527217318
2026-08-18,490.44,496.9,488.02,495.06,22707020.0,1887839778.0,6884827905.0,0.003298124559294994
2026-08-19,494.65,502.17,493.88,501.82,33406706.0,2816516541.0,6884854605.0,0.004852202103983284
2026-08-20,502.17,506.61,497.26,505.73,26335546.0,2237151428.0,6884854605.0,0.0038251419254190628
2026-08-21,505.73,509.34,499.03,499.33,18021093.0,1530494658.0,6884854605.0,0.002617497976923508
2026-08-24,498.2,511.47,497.85,509.34,27668264.0,2368707197.0,6884854605.0,0.004018714350177624
2026-08-25,510.58,517.69,509.58,513.48,25305523.0,2195605977.0,6884854605.0,0.003675534844500903
2026-08-26,509.58,516.86,509.52,511.71,16637658.0,1440578174.0,6884854605.0,0.0024165590930442025
2026-08-27,509.4,512.71,505.84,510.46,21921885.0,1883865957.0,6884854605.0,0.003184073776093925
2026-08-28,512.36,515.2,505.96,510.76,16936204.0,1459282370.0,6884854605.0,0.002459921809779453
2026-08-31,512.95,521.13,510.11,519.65,26791786.0,2344709677.0,6884854605.0,0.0038914091200332617
2026-09-01,520.65,523.67,515.32,518.22,18426037.0,1616473120.0,6884854605.0,0.0026763146147804526
2026-09-02,517.51,520.59,513.43,515.2,12320101.0,1070635834.0,6885092810.0,0.0017893877889497904
2026-09-03,516.8,524.21,512.71,516.8,14859632.0,1302253143.0,6885092810.0,0.002158232635356443
2026-09-04,515.32,522.9,509.52,518.7,17952369.0,1569955404.0,6885135681.0,0.002607409618599207
2026-09-07,518.52,519.47,509.16,511.0,22890520.0,1977895653.0,6885168513.0,0.0033246128917222627
2026-09-08,508.69,511.65,501.58,504.36,22943453.0,1956253772.0,6885216763.000001,0.0033322775142380794
2026-09-09,503.47,509.63,500.16,509.52,17978628.0,1537157622.0,6885278033.0,0.002611169500175796
2026-09-10,509.34,512.95,505.84,510.58,20498723.0,1764174850.0,6885323027.999999,0.002977162134098787
2026-09-11,510.58,514.73,509.1,510.94,22286340.0,1926234922.0,6885391593.000001,0.0032367570818567963
2026-09-14,511.12,517.69,510.94,514.14,18095085.0,1572363570.0,6885402703.0,0.002628035828916135
2026-09-15,513.54,521.84,512.0,516.68,19677644.0,1722618379.0,6885402703.0,0.002857878449350009
2026-09-16,515.32,517.75,500.57,503.47,29845489.0,2546175026.0,6885402703.0,0.004334603259588025
