date,open,high,low,close,volume,amount,outstanding_share,turnover
2020-12-01,168.2,176.22,167.31,174.27,227756383.0,7047064632.0,9814661700.0,0.023205729342662927
2020-12-02,174.27,175.94,171.49,173.05,156773587.0,4885400051.0,9814661700.0,0.015973407111933364
2020-12-03,172.77,173.88,171.6,172.04,95761478.0,2969043286.0,9814661700.0,0.009756982046564071
2020-12-04,172.32,172.43,168.03,168.7,122822708.0,3728786979.0,9814661700.0,0.012514206984841871
2020-12-07,168.76,169.76,166.92,167.09,89856976.0,2706322161.0,9814661700.0,0.009155381891563313
2020-12-08,166.98,168.31,166.03,167.09,74325594.0,2234187122.0,9814661700.0,0.007572914510135383
2020-12-09,167.59,168.59,163.08,163.08,109933791.0,3279290970.0,9814661700.0,0.011200976086623547
2020-12-10,162.58,164.14,160.63,162.36,105444462.0,3067176193.0,9814661700.0,0.010743565618772169
2020-12-11,162.19,162.86,158.85,160.07,101138981.0,2921226964.0,9814661700.0,0.01030488712616554
2020-12-14,160.35,161.08,159.35,160.57,54477222.0,1569747354.0,9814661700.0,0.0055505960027129615
2020-12-15,160.35,160.85,158.35,160.41,72795506.0,2085014875.0,9814661700.0,0.0074170163195742145
2020-12-16,160.74,161.24,159.02,159.29,59936753.0,1721769491.0,9814661700.0,0.0061068587825090295
2020-12-17,158.79,162.97,158.18,162.69,98178231.0,2839885026.0,9814661700.0,0.010003221099306969
2020-12-18,161.74,162.86,160.07,160.41,66384473.0,1920950651.0,9814661700.0,0.006763806540575922
2020-12-21,159.79,162.08,158.79,161.63,66578392.0,1924521516.0,9814661700.0,0.006783564633715292
2020-12-22,161.24,161.24,155.9,155.95,122566471.0,3487570026.0,9814661700.0,0.01248809941151614
2020-12-23,156.01,157.9,155.34,157.01,77782008.0,2185111673.0,9814661700.0,0.007925082939944837
2020-12-24,156.96,158.12,155.34,156.23,61188990.0,1717372551.0,9814661700.0,0.006234447184256998
2020-12-25,155.34,157.23,154.23,156.01,75959697.0,2127687338.0,9814661700.0,0.007739410620745084
2020-12-28,155.34,157.34,154.62,155.79,74036266.0,2070095196.0,9814661700.0,0.007543435348362542
2020-12-29,156.4,158.79,155.9,156.73,81814054.0,2308756897.0,9814661700.0,0.008335901582832957
2020-12-30,156.4,158.68,155.67,158.68,105013574.0,2966992163.0,9814661700.0,0.010699663137650481
2020-12-31,160.35,165.7,160.18,163.69,216591275.0,6349142520.0,9814661700.0,0.022068134554245514
2021-01-04,163.91,164.19,159.79,162.47,194546207.0,5663123706.0,9814661700.0,0.019821998245746972
2021-01-05,161.24,163.58,159.4,162.24,165552219.0,4797399390.0,9814661700.0,0.016867847722148183
2021-01-06,163.58,166.87,162.97,164.92,205744273.0,6100119937.0,9814661700.0,0.020962951071456695
2021-01-07,165.36,166.31,161.46,165.64,172968682.0,5094446902.0,9814661700.0,0.0176234991370105
2021-01-08,165.92,169.98,164.86,167.37,220741504.0,6643557631.0,9814661700.0,0.022490994671777634
2021-01-11,168.65,169.43,162.86,163.02,172541863.0,5148428767.0,9814661700.0,0.017580011239714966
2021-01-12,161.46,179.34,160.35,178.34,516156790.0,15965170575.0,9814661700.0,0.05259038016562507
2021-01-13,177.56,178.0,171.49,172.32,355977649.0,11164422407.0,9814661700.0,0.036269986666988226
2021-01-14,171.6,173.44,168.15,168.15,210335841.0,6434610778.0,9814661700.0,0.021430778505590265
2021-01-15,167.09,172.04,167.03,168.03,167939781.0,5107971640.0,9814661700.0,0.017111112551133578
2021-01-18,167.14,172.6,166.25,168.98,169553350.0,5167176626.0,9814661700.0,0.017275516485708315
2021-01-19,168.87,174.99,167.26,169.54,214391455.0,6580405965.0,9814661700.0,0.021843998453864182
2021-01-20,170.26,176.5,169.59,173.16,216623713.0,6739778462.0,9814661700.0,0.02207143960957921
2021-01-21,173.83,177.0,170.71,173.55,239859806.0,7486003626.0,9814661700.0,0.02443892752818979
2021-01-22,171.49,173.1,167.48,168.87,198893424.0,6066479145.0,9814661700.0,0.020264929151862666
2021-01-25,167.92,168.54,164.86,166.87,190174497.0,5692128786.0,9814661700.0,0.019376571787492178
2021-01-26,165.47,166.81,159.79,160.24,189734986.0,5533012476.0,9814661700.0,0.019331790722852932
2021-01-27,160.18,161.3,159.07,159.85,100688886.0,2896690373.0,9814661700.0,0.010259027674891738
2021-01-28,158.68,160.8,157.18,158.68,130052690.0,3710540069.0,9814661700.0,0.013250858152349764
2021-01-29,159.63,160.24,155.9,157.85,122964454.0,3483745647.0,9814661700.0,0.012528649255429762
2021-02-01,158.63,158.85,156.9,157.57,88647664.0,2513717502.0,9814661700.0,0.00903216704861055
2021-02-02,158.4,158.63,155.23,156.79,143519640.0,4034528314.0,9814661700.0,0.014622983897651817
2021-02-03,156.73,158.01,155.17,155.73,95817587.0,2690715494.0,9814661700.0,0.009762698901786906
2021-02-04,154.56,155.67,147.94,150.83,179866566.0,4893990086.0,9814661700.0,0.01832631337664955
2021-02-05,150.89,152.83,149.88,150.44,92497185.0,2513992576.0,9814661700.0,0.009424388514583238
2021-02-08,150.44,153.0,150.16,152.11,92630256.0,2523128967.0,9814661700.0,0.009437946903457712
2021-02-09,152.17,156.18,150.66,155.84,139532636.0,3854607120.0,9814661700.0,0.014216754511263491
2021-02-10,155.4,156.4,153.39,155.17,115793272.0,3223799526.0,9814661700.0,0.011797989124780531
2021-02-18,157.01,157.85,154.89,155.56,131078310.0,3677901070.0,9814661700.0,0.013355356914645362
2021-02-19,155.01,159.63,153.78,159.35,139274422.0,3911897777.0,9814661700.0,0.014190445504606644
2021-02-22,160.07,160.07,154.39,154.62,167624304.0,4751289722.0,9814661700.0,0.017078969110061123
2021-02-23,154.78,156.18,153.17,153.67,98655537.0,2740894350.0,9814661700.0,0.010051853035342014
2021-02-24,153.95,155.23,151.33,152.67,95863434.0,2643981239.0,9814661700.0,0.00976737017843417
2021-02-25,153.56,157.4,152.06,154.39,137927539.0,3838408238.0,9814661700.0,0.014053213775060632
2021-02-26,151.39,153.39,151.05,151.72,109779777.0,2998556041.0,9814661700.0,0.011185283849365893
2021-03-01,146.43,146.43,139.25,142.65,280313799.0,7174752280.0,9814661700.0,0.028560719418377914
2021-03-02,142.65,142.92,139.47,140.08,149000872.0,3772426528.0,9814661700.0,0.015181457757224582
2021-03-03,139.47,141.7,139.25,141.25,97033697.0,2456529414.0,9814661700.0,0.009886606381960164
2021-03-04,140.2,140.86,137.97,138.14,128801316.0,3213067352.0,9814661700.0,0.01312335768027542
2021-03-05,138.14,140.25,136.63,139.47,114981679.0,2875252557.0,9814661700.0,0.011715297227208555
2021-03-08,140.08,140.98,136.63,136.63,120373647.0,3001137173.0,9814661700.0,0.012264676122254932
2021-03-09,136.47,137.8,131.96,132.23,130534180.0,3147410023.0,9814661700.0,0.013299916389374888
2021-03-10,133.51,133.9,131.68,131.9,87628625.0,2089672290.0,9814661700.0,0.008928338813756567
2021-03-11,132.29,134.18,132.29,133.79,79347041.0,1899214313.0,9814661700.0,0.00808454162001325
2021-03-12,133.96,133.96,130.23,132.4,115645517.0,2740710972.0,9814661700.0,0.011782934606905503
2021-03-15,131.12,131.4,128.89,129.51,89762651.0,2095722683.0,9814661700.0,0.009145771269935876
2021-03-16,130.23,130.62,129.0,130.29,60211576.0,1405967220.0,9814661700.0,0.006134860053301684
2021-03-17,130.34,132.23,129.84,131.62,75368773.0,1774038247.0,9814661700.0,0.0076792023305296405
2021-03-18,131.62,132.62,130.84,131.12,68655765.0,1623037548.0,9814661700.0,0.006995224807391986
2021-03-19,130.34,133.57,129.34,133.51,121014211.0,2858344897.0,9814661700.0,0.012329942151750376
2021-03-22,132.96,135.69,132.62,134.46,105306921.0,2536783204.0,9814661700.0,0.010729551788830378
2021-03-23,134.18,135.3,131.96,133.96,76063192.0,1827226025.0,9814661700.0,0.007749955558835003
2021-03-24,133.29,136.47,133.07,133.85,93133097.0,2256002316.0,9814661700.0,0.00948918055932585
2021-03-25,133.07,134.46,132.9,133.07,47595215.0,1141050223.0,9814661700.0,0.004849399444914133
2021-03-26,132.9,134.07,132.74,133.51,53854248.0,1291467343.0,9814661700.0,0.0054871221898560195
2021-03-29,133.35,136.69,132.79,135.07,79638946.0,1933718385.0,9814661700.0,0.008114283348146376
2021-03-30,134.52,136.13,134.29,135.07,53652829.0,1302583247.0,9814661700.0,0.005466599933852024
2021-03-31,135.02,135.02,133.01,133.01,54736785.0,1313456130.0,9814661700.0,0.005577042456797059
2021-04-01,133.01,134.57,132.29,134.52,58431613.0,1400948481.0,9814661700.0,0.00595350250330075
2021-04-02,134.68,135.57,133.9,134.35,61462331.0,1486654621.0,9814661700.0,0.006262297456467603
2021-04-06,136.41,136.86,134.35,134.46,72629237.0,1766795732.0,9814661700.0,0.007400075440195763
2021-04-07,134.29,134.91,133.24,133.9,59422033.0,1428625210.0,9814661700.0,0.006054414794551706
2021-04-08,133.07,135.02,133.01,133.57,60919847.0,1467351775.0,9814661700.0,0.006207024639473819
2021-04-09,133.13,133.24,131.4,131.4,68648453.0,1628840396.0,9814661700.0,0.006994479799543167
2021-04-12,131.4,131.84,129.45,129.73,59000998.0,1386702568.0,9814661700.0,0.006011516219657373
2021-04-13,129.73,130.45,129.17,130.12,46245147.0,1078853329.0,9814661700.0,0.00471184320087161
2021-04-14,130.12,132.23,130.01,131.29,50417531.0,1190093273.0,9814661700.0,0.005136960655505834
2021-04-15,130.95,131.18,129.39,130.17,48101445.0,1123290223.0,9814661700.0,0.0049009784005087
2021-04-16,130.34,132.29,130.17,131.79,51971974.0,1226250915.0,9814661700.0,0.005295340337609395
2021-04-19,131.4,134.02,130.9,133.74,84798817.0,2026806627.0,9814661700.0,0.008640014255407296
2021-04-20,133.01,134.46,132.18,132.35,62818308.0,1500891625.0,9814661700.0,0.0064004557589590685
2021-04-21,131.57,132.35,131.18,131.4,40765320.0,963694035.0,9814661700.0,0.004153512494475485
2021-04-22,132.12,132.29,130.45,130.73,54543894.0,1286346764.0,9814661700.0,0.005557389104914334
2021-04-23,130.4,131.12,129.9,130.29,49375978.0,1155874943.0,9814661700.0,0.005030838505620627
2021-04-26,130.23,131.4,128.17,128.34,71499774.0,1667558787.0,9814661700.0,0.007284996282653329
2021-04-27,128.39,128.56,126.33,126.67,70618507.0,1611466439.0,9814661700.0,0.0071952054139573654
2021-04-28,126.72,127.39,125.78,127.39,48516953.0,1102788248.0,9814661700.0,0.004943313838315996
2021-04-29,128.06,133.4,127.61,132.46,159256538.0,3762356956.0,9814661700.0,0.01622639097178459
2021-04-30,131.4,134.07,131.01,132.79,106939646.0,2550243520.0,9814661700.0,0.010895907497249752
2021-05-06,134.29,135.8,132.68,133.63,98138630.0,2364329450.0,9814661700.0,0.009999186217493366
2021-05-07,133.13,133.96,129.84,130.51,83755798.0,1982046012.0,9814661700.0,0.008533742737154149
2021-05-10,131.01,133.24,130.51,132.35,66267619.0,1567994299.0,9814661700.0,0.006751900475591532
2021-05-11,131.01,134.07,129.56,132.9,68055603.0,1610726663.0,9814661700.0,0.006934075272304088
2021-05-12,132.23,133.57,131.68,133.29,57021920.0,1360121546.0,9814661700.0,0.005809871164484457
2021-05-13,132.18,133.35,131.12,131.57,55686038.0,1321510279.0,9814661700.0,0.005673760309028278
2021-05-14,132.68,142.98,132.51,141.64,332616383.0,8260003590.0,9814661700.0,0.033889745073943815
2021-05-17,139.19,139.47,136.86,138.58,212858427.0,5282182312.0,9814661700.0,0.02168780071146008
2021-05-18,137.63,140.31,137.02,137.91,92557501.0,2301327778.0,9814661700.0,0.009430534014228937
2021-05-19,137.58,139.64,137.36,137.97,80658372.0,2003739445.0,9814661700.0,0.008218151013804175
2021-05-20,137.91,140.7,137.52,139.53,110911508.0,2771628425.0,9814661700.0,0.01130059408975859
2021-05-21,139.64,140.03,136.97,137.02,82748062.0,2049817658.0,9814661700.0,0.008431066146681347
2021-05-24,138.02,141.81,137.91,140.47,140013126.0,3529483788.0,9814661700.0,0.014265710859906664
2021-05-25,140.47,147.82,139.97,146.04,291182720.0,7609292958.0,9814661700.0,0.029668136192610692
2021-05-26,146.32,147.88,143.82,144.09,194085708.0,5075432827.0,9814661700.0,0.019775078747747362
2021-05-27,144.04,145.93,143.26,144.32,111909739.0,2898121527.0,9814661700.0,0.011402302231160958
2021-05-28,144.32,147.55,143.2,145.76,139290043.0,3632519021.0,9814661700.0,0.014192037103021086
2021-05-31,145.76,145.76,143.82,145.37,92405431.0,2401854963.0,9814661700.0,0.009415039847985794
2021-06-01,144.71,144.71,141.59,143.48,104695173.0,2688762186.0,9814661700.0,0.010667221774949207
2021-06-02,143.48,144.26,139.97,140.31,97646648.0,2484072248.0,9814661700.0,0.009949058967564822
2021-06-03,140.98,142.81,140.03,140.2,78228892.0,1985269578.0,9814661700.0,0.007970615227624198
2021-06-04,139.53,147.27,139.19,142.2,136771857.0,3497660080.0,9814661700.0,0.01393546320603185
2021-06-07,143.48,148.1,142.37,145.1,136612391.0,3569513962.0,9814661700.0,0.013919215473315805
2021-06-08,144.32,147.21,143.65,144.32,109286352.0,2852858224.0,9814661700.0,0.011135009574502195
2021-06-09,144.59,145.6,142.37,143.26,72410243.0,1869766952.0,9814661700.0,0.007377762495878997
2021-06-10,142.53,145.1,142.53,142.87,81987740.0,2115225804.0,9814661700.0,0.008353598168340332
2021-06-11,142.65,143.37,138.14,138.86,129016416.0,3247154543.0,9814661700.0,0.013145273871232871
2021-06-15,138.64,139.08,136.41,136.86,79246445.0,1950889196.0,9814661700.0,0.008074292056342604
2021-06-16,136.52,138.02,136.41,137.25,64021985.0,1576132967.0,9814661700.0,0.006523096460879543
2021-06-17,136.86,137.69,135.8,136.63,59939235.0,1472184418.0,9814661700.0,0.006107111669473029
2021-06-18,136.3,138.08,135.63,137.25,75679518.0,1862777564.0,9814661700.0,0.007710863635778704
2021-06-21,137.52,138.92,136.35,136.41,76188065.0,1879519795.0,9814661700.0,0.00776267866675425
2021-06-22,136.91,138.02,136.19,137.3,60920940.0,1500322603.0,9814661700.0,0.006207136003475291
2021-06-23,137.41,138.92,136.52,137.86,72418519.0,1790898068.0,9814661700.0,0.007378605724128015
2021-06-24,138.02,140.53,137.8,139.19,86781281.0,2169644850.0,9814661700.0,0.008842004304641493
2021-06-25,139.64,143.98,138.64,142.03,165826722.0,4221097987.0,9814661700.0,0.016895816388658613
2021-06-28,142.48,142.48,139.53,139.92,94077611.0,2371759538.0,9814661700.0,0.009585415562515007
2021-06-29,139.97,140.59,137.91,138.08,78454857.0,1957833732.0,9814661700.0,0.007993638435851538
2021-06-30,138.14,139.36,137.13,138.86,74681831.0,1853722672.0,9814661700.0,0.007609210921656118
2021-07-01,140.59,141.14,136.47,137.36,105500229.0,2624412771.0,9814661700.0,0.010749247628168377
2021-07-02,136.3,136.3,131.45,131.68,122945369.0,2936774813.0,9814661700.0,0.012526704715660246
2021-07-05,131.68,132.46,129.62,131.01,67815947.0,1594505061.0,9814661700.0,0.00690965711023947
2021-07-06,131.34,132.12,130.29,131.84,60057390.0,1414267899.0,9814661700.0,0.006119150291242336
2021-07-07,131.29,132.62,131.06,131.62,60338682.0,1428018731.0,9814661700.0,0.006147810677977826
2021-07-08,132.46,132.85,130.79,131.4,66194556.0,1567128504.0,9814661700.0,0.006744456204741117
2021-07-09,130.84,131.84,130.01,130.9,62946431.0,1478749899.0,9814661700.0,0.006413510004119653
2021-07-12,132.62,134.07,131.51,133.01,104790330.0,2502105932.0,9814661700.0,0.010676917167710426
2021-07-13,132.51,133.4,131.29,132.07,61632113.0,1464278743.0,9814661700.0,0.006279596269731844
2021-07-14,131.84,131.84,129.62,129.84,80289208.0,1878814834.0,9814661700.0,0.008180537491169971
2021-07-15,129.78,132.12,129.23,131.79,72788660.0,1711742526.0,9814661700.0,0.007416318791711384
2021-07-16,132.74,134.07,131.73,132.68,91080316.0,2172917760.0,9814661700.0,0.009280026024738071
2021-07-19,131.84,132.68,130.29,132.51,65180561.0,1536306775.0,9814661700.0,0.00664114189488569
2021-07-20,131.23,132.74,130.95,131.45,45967742.0,1085840749.0,9814661700.0,0.00468357885427676
2021-07-21,131.84,133.79,131.68,132.62,84450681.0,2013428701.0,9814661700.0,0.008604543241668738
2021-07-22,132.35,134.96,131.9,134.35,101471856.0,2441415802.0,9814661700.0,0.010338803221307159
2021-07-23,134.13,138.3,132.79,134.96,140422333.0,3413292957.0,9814661700.0,0.014307404299019293
2021-07-26,134.8,135.74,130.51,130.84,123681267.0,2949757785.0,9814661700.0,0.012601684172160513
2021-07-27,130.84,131.73,127.11,127.56,101892586.0,2368717730.0,9814661700.0,0.010381670720244998
2021-07-28,127.5,129.28,127.28,127.33,82213193.0,1889236200.0,9814661700.0,0.008376569209716113
2021-07-29,129.62,129.84,127.33,128.17,85800342.0,1979421197.0,9814661700.0,0.008742058017139806
2021-07-30,127.67,127.89,125.11,125.78,89686085.0,2032185292.0,9814661700.0,0.009137970084083489
2021-08-02,125.72,131.96,122.88,129.56,147751759.0,3392800772.0,9814661700.0,0.015054187654781824
2021-08-03,128.67,132.51,128.06,129.9,112313014.0,2620644794.0,9814661700.0,0.01144339126839186
2021-08-04,129.84,130.29,128.73,129.51,69389557.0,1612431665.0,9814661700.0,0.007069989686959867
2021-08-05,128.84,130.23,127.0,127.33,77863492.0,1794024580.0,9814661700.0,0.007933385212859655
2021-08-06,128.06,129.34,127.5,128.5,60133417.0,1386423868.0,9814661700.0,0.0061268965592568515
2021-08-09,128.06,132.51,127.84,130.95,112829321.0,2655103100.0,9814661700.0,0.011495996953211338
2021-08-10,130.4,132.74,129.45,132.35,108177014.0,2549716976.0,9814661700.0,0.011021980920646506
2021-08-11,132.12,134.07,131.4,131.96,101874079.0,2428059535.0,9814661700.0,0.01037978507196025
2021-08-12,132.29,133.9,131.57,132.18,72611386.0,1727545062.0,9814661700.0,0.007398256630689573
2021-08-13,131.84,134.46,131.45,134.18,110272444.0,2641504162.0,9814661700.0,0.011235480892836072
2021-08-16,134.29,136.41,133.13,133.68,121335413.0,2939197476.0,9814661700.0,0.012362668903809491
2021-08-17,132.96,137.19,132.62,133.13,183934860.0,4468568717.0,9814661700.0,0.018740825269606593
2021-08-18,133.4,141.42,133.07,140.59,316218764.0,7855653035.0,9814661700.0,0.03221901820620063
2021-08-19,139.58,141.03,136.41,137.19,198178309.0,4914386696.0,9814661700.0,0.020192067241604467
2021-08-20,137.76,138.6,135.27,137.19,136330033.0,3302682015.0,9814661700.0,0.013890446473565157
2021-08-23,138.04,139.96,137.25,138.26,116459641.0,2848711691.0,9814661700.0,0.011865884383972196
2021-08-24,139.0,143.47,138.1,142.28,220882177.0,5515599058.0,9814661700.0,0.02250532761613169
2021-08-25,141.83,144.15,140.81,141.04,135368551.0,3396550359.0,9814661700.0,0.01379248262831107
2021-08-26,140.42,141.49,139.0,139.11,104462404.0,2584003710.0,9814661700.0,0.010643505318171079
2021-08-27,139.51,142.51,139.23,139.96,103832997.0,2578768899.0,9814661700.0,0.010579376057353053
2021-08-30,142.34,143.08,137.42,137.76,138613143.0,3418390264.0,9814661700.0,0.014123068857279104
2021-08-31,137.25,147.89,136.91,145.34,306285509.0,7787736124.0,9814661700.0,0.031206934926753513
2021-09-01,145.45,156.21,144.66,152.19,437522304.0,11646798443.0,9814661700.0,0.044578439621612224
2021-09-02,151.68,153.94,150.26,153.32,260435655.0,7004440992.0,9814661700.0,0.02653536749004808
2021-09-03,159.04,159.77,149.87,150.49,282581190.0,7711825432.0,9814661700.0,0.028791740218615993
2021-09-06,150.66,155.02,150.66,151.79,180082562.0,4861495805.0,9814661700.0,0.018348320859597228
2021-09-07,151.79,154.96,148.85,153.66,209608191.0,5642029407.0,9814661700.0,0.021356639424464318
2021-09-08,152.81,156.38,152.02,152.24,156658662.0,4251631335.0,9814661700.0,0.015961697589637756
2021-09-09,150.6,152.07,149.19,151.28,119915271.0,3193017867.0,9814661700.0,0.012217972933290203
2021-09-10,151.73,158.36,151.73,154.34,215249192.0,5887666065.0,9814661700.0,0.02193139188893286
2021-09-13,154.22,156.15,153.15,153.89,121574166.0,3316633770.0,9814661700.0,0.012386995060665209
2021-09-14,154.22,155.13,148.96,149.87,160229628.0,4290873196.0,9814661700.0,0.016325537537376353
2021-09-15,149.53,150.77,147.21,148.51,108905216.0,2857648545.0,9814661700.0,0.011096176244159288
2021-09-16,148.74,149.02,143.25,144.21,134773468.0,3487369505.0,9814661700.0,0.013731850584315097
2021-09-17,144.32,147.72,144.32,146.87,107762295.0,2781670928.0,9814661700.0,0.010979725872772569
2021-09-22,144.38,146.98,143.19,145.4,89572723.0,2290076453.0,9814661700.0,0.00912641981332887
2021-09-23,146.13,148.79,145.79,148.28,104000718.0,2711282463.0,9814661700.0,0.010596464878662094
2021-09-24,148.62,149.7,147.21,147.38,81694657.0,2140439502.0,9814661700.0,0.008323736415693268
2021-09-27,147.26,148.57,143.64,145.17,95222937.0,2458101849.0,9814661700.0,0.009702110975460315
2021-09-28,144.89,147.49,144.38,146.36,71104682.0,1836158848.0,9814661700.0,0.0072447409980519245
2021-09-29,144.94,146.02,142.4,144.94,94426335.0,2408742004.0,9814661700.0,0.009620946486622152
2021-09-30,145.17,145.85,141.89,143.08,83429037.0,2112289889.0,9814661700.0,0.008500449587579773
2021-10-08,143.75,146.3,143.75,145.74,75130570.0,1928003141.0,9814661700.0,0.007654932212283996
2021-10-11,146.3,147.94,145.17,145.23,58934508.0,1525344367.0,9814661700.0,0.006004741661141514
2021-10-12,144.26,145.17,138.94,140.7,112569024.0,2814644340.0,9814661700.0,0.011469475713054888
2021-10-13,140.59,141.83,139.68,139.85,60036326.0,1491566055.0,9814661700.0,0.00611700411436494
2021-10-14,140.36,140.64,138.15,140.13,49316357.0,1215383760.0,9814661700.0,0.005024763818400384
2021-10-15,139.79,142.17,139.23,141.26,62077888.0,1547360032.0,9814661700.0,0.006325015563195622
2021-10-18,141.26,142.68,140.36,141.38,48679776.0,1214138617.0,9814661700.0,0.004959903610330247
2021-10-19,140.92,142.74,140.7,141.77,51162748.0,1281873537.0,9814661700.0,0.005212889609837495
2021-10-20,142.51,142.79,141.38,141.49,50328726.0,1261270363.0,9814661700.0,0.005127912457746761
2021-10-21,141.49,143.7,140.81,142.4,63257028.0,1591270026.0,9814661700.0,0.006445156229888189
2021-10-22,142.62,144.72,142.17,144.09,69222132.0,1754717788.0,9814661700.0,0.007052931024611882
2021-10-25,144.09,145.62,142.51,145.17,80874465.0,2058553023.0,9814661700.0,0.008240168379924903
2021-10-26,145.17,145.51,142.91,142.96,60900289.0,1550328524.0,9814661700.0,0.00620503190649964
2021-10-27,142.0,142.96,139.0,139.62,80214794.0,1994918674.0,9814661700.0,0.00817295556911554
2021-10-28,139.28,141.83,139.11,140.08,64838831.0,1610473942.0,9814661700.0,0.006606323578121903
2021-10-29,141.49,147.94,140.42,146.47,164183024.0,4208839254.0,9814661700.0,0.0167283426590241
2021-11-01,146.02,147.72,145.62,147.04,97959391.0,2540040719.0,9814661700.0,0.009980923845801022
2021-11-02,146.58,147.66,142.91,144.49,89883688.0,2300876823.0,9814661700.0,0.009158103534021963
2021-11-03,144.32,145.23,142.91,143.7,57029540.0,1449182234.0,9814661700.0,0.005810647553954916
2021-11-04,144.89,145.79,143.19,143.98,63036712.0,1605802620.0,9814661700.0,0.006422708589130484
2021-11-05,143.19,145.28,142.79,143.53,54523818.0,1386543786.0,9814661700.0,0.0055553435937583055
2021-11-08,143.02,145.34,141.6,144.09,56821193.0,1441756439.0,9814661700.0,0.005789419415240772
2021-11-09,144.49,145.06,142.91,144.77,56357529.0,1435080522.0,9814661700.0,0.00574217744051229
2021-11-10,144.26,144.72,140.19,141.55,105743048.0,2649688785.0,9814661700.0,0.010773988063185101
2021-11-11,140.92,146.75,140.92,145.74,145557939.0,3719322568.0,9814661700.0,0.014830662884692194
2021-11-12,145.4,145.4,141.94,143.42,108859945.0,2756837665.0,9814661700.0,0.011091563655220026
2021-11-15,143.64,144.32,141.77,142.74,64213673.0,1619936939.0,9814661700.0,0.0065426272410387815
2021-11-16,141.83,142.34,135.55,135.89,228149064.0,5565688292.0,9814661700.0,0.02324573897437545
2021-11-17,135.32,136.62,135.04,136.06,67813735.0,1628413109.0,9814661700.0,0.0069094317331385964
2021-11-18,135.83,136.74,134.13,136.28,78501160.0,1878985477.0,9814661700.0,0.00799835617360097
2021-11-19,135.89,138.32,135.43,137.53,79663696.0,1928681033.0,9814661700.0,0.00811680508559964
2021-11-22,137.42,138.77,137.19,137.47,69691326.0,1699313815.0,9814661700.0,0.007100736442092548
2021-11-23,137.42,138.66,136.96,137.02,64603990.0,1572556787.0,9814661700.0,0.006582396008616374
2021-11-24,136.96,137.7,136.11,136.91,51681849.0,1248099643.0,9814661700.0,0.0052657799707961405
2021-11-25,136.68,137.19,135.94,136.34,45110508.0,1086929612.0,9814661700.0,0.0045962366690642025
2021-11-26,136.0,136.28,135.32,135.38,47073822.0,1128056855.0,9814661700.0,0.004796275555784057
2021-11-29,134.13,134.76,133.68,134.7,63221801.0,1499468699.0,9814661700.0,0.0064415670078572344
2021-11-30,135.55,135.77,134.25,134.53,61879933.0,1476947411.0,9814661700.0,0.0063048462485467026
2021-12-01,134.13,137.47,133.85,137.13,84245897.0,2034164816.0,9814661700.0,0.008583678131259482
2021-12-02,136.91,138.94,136.4,138.1,73973221.0,1803837004.0,9814661700.0,0.007537011795322502
2021-12-03,138.66,140.92,138.38,140.25,104571887.0,2584044237.0,9814661700.0,0.010654660363892114
2021-12-06,141.55,149.98,141.55,146.64,316417033.0,8215428684.0,9814661700.0,0.03223921951380148
2021-12-07,148.28,149.98,147.21,148.0,183699377.0,4821063398.0,9814661700.0,0.018716832287759853
2021-12-08,149.13,150.66,147.49,149.92,141808680.0,3737147807.0,9814661700.0,0.014448656951670582
2021-12-09,149.41,154.17,149.13,152.13,189588187.0,5090108069.0,9814661700.0,0.01931683361027105
2021-12-10,150.38,150.72,148.57,149.64,121397597.0,3207991786.0,9814661700.0,0.012369004730952673
2021-12-13,152.81,154.34,150.89,150.94,154817858.0,4166017710.0,9814661700.0,0.0157741410485906
2021-12-14,149.98,150.77,148.34,148.96,91013687.0,2401177775.0,9814661700.0,0.009273237303737122
2021-12-15,149.81,151.45,148.9,149.41,67840263.0,1798785313.0,9814661700.0,0.006912134628134967
2021-12-16,149.7,151.56,149.36,150.83,59021070.0,1569049267.0,9814661700.0,0.0060135613232598735
2021-12-17,151.4,151.79,148.68,148.79,66580324.0,1764408204.0,9814661700.0,0.006783761482069219
2021-12-20,148.85,149.98,146.08,146.47,74911893.0,1952963391.0,9814661700.0,0.007632651566584307
2021-12-21,146.19,148.74,146.19,147.77,53078849.0,1385647973.0,9814661700.0,0.005408118040380342
2021-12-22,147.83,148.45,146.41,146.47,39866680.0,1035741773.0,9814661700.0,0.004061951518919903
2021-12-23,146.64,147.49,145.57,146.75,44802878.0,1158008777.0,9814661700.0,0.004564892746124912
2021-12-24,146.7,148.28,145.34,145.4,49996091.0,1293655211.0,9814661700.0,0.00509402081581681
2021-12-27,146.08,147.43,145.11,147.15,45189583.0,1171037662.0,9814661700.0,0.0046042934928669016
2021-12-28,147.72,148.74,146.24,147.43,54914212.0,1430073410.0,9814661700.0,0.005595120206741308
2021-12-29,147.89,147.89,146.19,146.47,48599317.0,1262206536.0,9814661700.0,0.004951705773006929
2021-12-30,146.3,150.66,146.3,149.24,78134617.0,2057978148.0,9814661700.0,0.007961009700415859
2021-12-31,149.75,151.06,149.36,149.47,67051136.0,1778955655.0,9814661700.0,0.006831731754951879
2022-01-04,149.47,150.49,147.55,149.64,60626175.0,1595586728.0,9814661700.0,0.0061771028745697875
2022-01-05,148.9,149.64,145.51,146.81,98236320.0,2556421423.0,9814661700.0,0.010009139693526065
2022-01-06,146.13,147.26,143.64,143.87,89895862.0,2296422305.0,9814661700.0,0.009159343923183821
2022-01-07,144.55,147.04,144.32,145.57,57216655.0,1472192683.0,9814661700.0,0.005829712398543498
2022-01-10,146.87,147.66,145.68,146.19,45867051.0,1188399863.0,9814661700.0,0.004673319611209829
2022-01-11,146.19,149.64,145.57,146.92,65887859.0,1719747122.0,9814661700.0,0.006713207343662187
2022-01-12,146.58,148.45,145.45,148.11,60587666.0,1573836749.0,9814661700.0,0.006173179254869274
2022-01-13,150.89,151.9,149.07,149.19,114438216.0,3040495243.0,9814661700.0,0.011659924661488841
2022-01-14,144.38,146.02,141.55,141.66,185099533.0,4704172333.0,9814661700.0,0.01885949191707749
2022-01-17,140.81,147.72,140.3,145.28,161964314.0,4151338076.0,9814661700.0,0.016502281887107735
2022-01-18,145.06,147.32,144.55,145.45,131025343.0,3369833619.0,9814661700.0,0.013349960192718615
2022-01-27,148.93,149.47,143.35,144.97,224922039.0,5455226610.0,9814661700.0,0.022916942618613132
2022-01-28,145.27,152.24,145.15,147.67,179878654.0,4456353055.0,9814661700.0,0.01832754500341056
2022-02-07,149.83,152.48,148.81,151.76,117847182.0,2962016431.0,9814661700.0,0.012007258691351531
2022-02-08,151.28,152.66,149.89,152.3,84622762.0,2135107603.0,9814661700.0,0.008622076296323082
2022-02-09,152.06,152.6,150.25,151.94,79955449.0,2020199321.0,9814661700.0,0.008146531326698708
2022-02-10,151.4,152.54,150.68,152.06,62934537.0,1589715087.0,9814661700.0,0.006412298143704739
2022-02-11,151.88,157.1,151.58,154.22,115987512.0,2996549412.0,9814661700.0,0.011817779924090506
2022-02-14,152.48,153.56,148.39,148.87,99627731.0,2492266420.0,9814661700.0,0.010150908308943548
2022-02-15,147.73,148.63,145.93,148.21,80511183.0,1975261948.0,11366683345.000002,0.0070830848855673815
2022-02-16,148.63,149.59,147.19,147.31,68418174.0,1688144918.0,11366683345.000002,0.006019185361585349
2022-02-17,147.85,148.27,145.39,145.93,62812713.0,1535516980.0,11366683345.000002,0.00552603702359934
2022-02-18,145.45,148.27,145.45,147.91,51114941.0,1253203058.0,11366683345.000002,0.004496909032174679
2022-02-21,148.87,149.17,145.87,147.19,62934157.0,1540352871.0,11366683345.000002,0.005536721230796281
2022-02-22,145.87,146.17,142.45,144.25,106578687.0,2555568164.0,11366683345.000002,0.009376410318220224
2022-02-23,144.25,145.63,143.53,145.57,76322818.0,1839487956.0,11366683345.000002,0.006714607566997371
2022-02-24,144.07,144.25,139.45,140.83,133845636.0,3157525864.0,11366683345.000002,0.01177525861656701
2022-02-25,141.67,142.63,139.69,139.99,72758608.0,1707564915.0,11366683345.000002,0.006401041164923908
2022-02-28,139.57,140.35,138.13,140.05,61445364.0,1425287540.0,11366683345.000002,0.005405742566676559
2022-03-01,140.35,140.83,138.79,140.29,76805831.0,1787849859.0,11366683345.000002,0.00675710131696292
2022-03-02,139.33,139.81,137.89,138.43,68857750.0,1590911543.0,11366683345.000002,0.006057857680207945
2022-03-03,138.79,139.45,138.13,139.27,57813871.0,1337785438.0,11366683345.000002,0.005086256847775326
2022-03-04,138.07,138.25,136.03,136.45,79029058.0,1802673006.0,11366683345.000002,0.006952692848152883
2022-03-07,135.55,135.55,129.54,130.51,141964499.0,3128219482.0,11366683345.000002,0.012489527040660248
2022-03-08,130.69,131.35,126.3,126.66,118329068.0,2541319587.0,11366683345.000002,0.010410166660624958
2022-03-09,127.26,127.74,120.06,124.62,138208606.0,2869523129.0,11366683345.000002,0.012159097056292631
2022-03-10,127.26,127.74,123.54,124.02,123467455.0,2583539701.0,11366683345.000002,0.0108622235046524
2022-03-11,122.28,126.6,119.76,125.46,154696788.0,3162146916.0,11366683345.000002,0.013609668124347662
2022-03-14,123.06,125.58,122.7,123.18,81273814.0,1681293879.0,11366683345.000002,0.007150178423484532
2022-03-15,122.16,123.96,117.0,117.72,156699377.0,3151440343.0,11366683345.000002,0.013785848716277402
2022-03-16,119.16,127.08,116.34,125.04,231060591.0,4703705299.0,11366683345.000002,0.020327881404529437
2022-03-17,126.36,128.04,124.02,124.38,162889429.0,3407112854.0,11366683345.000002,0.014330427272054878
2022-03-18,124.86,128.76,123.72,128.76,145058017.0,3054310032.0,11366683345.000002,0.01276168365012195
2022-03-21,126.54,126.72,124.02,124.92,118243508.0,2467372297.0,11366683345.000002,0.010402639398942452
2022-03-22,124.26,126.42,124.2,125.16,66478956.0,1386652930.0,11366683345.000002,0.005848579922765499
2022-03-23,125.64,125.76,124.5,125.1,54951473.0,1146055819.0,11366683345.000002,0.004834433346308724
2022-03-24,124.14,125.4,123.78,124.14,54081859.0,1121941210.0,11366683345.000002,0.004757927828066894
2022-03-25,123.78,125.04,122.04,122.28,61637117.0,1266244931.0,11366683345.000002,0.005422612307319448
2022-03-28,121.14,123.66,120.42,122.82,65002636.0,1323383427.0,11366683345.000002,0.005718698588413962
2022-03-29,123.48,123.78,121.14,121.56,53234744.0,1085804758.0,11366683345.000002,0.004683401691084937
2022-03-30,122.64,127.02,122.64,126.48,134041292.0,2799762310.0,11366683345.000002,0.011792471729140087
2022-03-31,125.4,126.18,124.86,125.46,68817480.0,1437739412.0,11366683345.000002,0.006054314870157051
2022-04-01,124.32,127.92,124.14,126.78,100026755.0,2105149936.0,11366683345.000002,0.008799994859010474
2022-04-06,125.52,126.9,125.04,126.78,66707020.0,1401218930.0,11366683345.000002,0.005868644174850108
2022-04-07,126.06,127.14,124.14,124.14,72482520.0,1516140868.0,11366683345.000002,0.0063767519337013774
2022-04-08,124.68,126.72,123.48,126.54,95096452.0,1987247835.0,11366683345.000002,0.00836624449838582
2022-04-11,125.94,126.06,122.4,122.88,88909651.0,1832635640.0,11366683345.000002,0.007821951953918884
2022-04-12,122.88,128.46,122.7,126.66,115696931.0,2423728062.0,11366683345.000002,0.010178600695416836
2022-04-13,124.86,126.42,123.9,124.26,92859147.0,1931557542.0,11366683345.000002,0.008169414435288817
2022-04-14,125.46,127.26,124.98,125.88,99287343.0,2088214902.0,11366683345.000002,0.008734944045368757
2022-04-15,125.46,126.66,124.5,125.34,77065140.0,1611278731.0,11366683345.000002,0.0067799143919936465
2022-04-18,124.02,124.02,120.66,121.8,92584262.0,1882755877.0,11366683345.000002,0.00814523103968812
2022-04-19,121.92,122.58,120.72,121.38,57387434.0,1163116380.0,11366683345.000002,0.005048740451210308
2022-04-20,121.02,121.68,119.28,119.52,71213321.0,1426214527.0,11366683345.000002,0.006265092361469315
2022-04-21,119.16,121.5,118.32,119.1,83654466.0,1670154355.0,11366683345.000002,0.007359619641097689
2022-04-22,118.14,120.18,117.84,119.34,73904089.0,1470291950.0,11366683345.000002,0.006501816471601548
2022-04-25,117.0,119.76,115.32,115.44,105141543.0,2057375930.0,11366683345.000002,0.009249975547726493
2022-04-26,115.44,115.92,109.31,110.03,145888606.0,2740075636.0,11366683345.000002,0.01283475588894396
2022-04-27,108.65,114.0,108.11,112.92,103662752.0,1930097268.0,11366683345.000002,0.009119876823664606
2022-04-28,111.96,113.1,110.76,112.68,78335859.0,1462246037.0,11366683345.000002,0.006891707688369671
2022-04-29,115.74,119.34,113.64,118.2,157135792.0,3059354435.0,11366683345.000002,0.013824242941466404
2022-05-05,116.88,118.08,116.28,116.34,81889220.0,1595800945.0,11366683345.000002,0.007204319634365602
2022-05-06,114.06,115.02,112.86,112.86,66916313.0,1265980645.0,11366683345.000002,0.005887057021733193
2022-05-09,112.56,113.4,111.96,112.44,42202096.0,791761664.0,11366683345.000002,0.003712788921718659
2022-05-10,111.12,115.14,110.94,114.12,69568652.0,1315714502.0,11366683345.000002,0.006120400286386265
2022-05-11,114.36,117.18,113.82,114.84,97680157.0,1883547827.0,11366683345.000002,0.008593549590080534
2022-05-12,114.12,116.28,113.94,114.6,53280922.0,1018389172.0,11366683345.000002,0.004687464265769074
2022-05-13,115.26,116.1,114.54,115.8,56155815.0,1078771324.0,11366683345.000002,0.004940387032484892
2022-05-16,116.64,116.88,114.0,114.48,59129590.0,1134387156.0,11366683345.000002,0.005202009082623915
2022-05-17,114.9,116.76,114.06,115.98,60007350.0,1154783362.0,11366683345.000002,0.00527923125670569
2022-05-18,116.34,117.6,115.86,117.18,77286235.0,1504432616.0,11366683345.000002,0.006799365536473471
2022-05-19,115.56,116.7,115.26,116.28,48800851.0,940895894.0,11366683345.000002,0.004293323700397321
2022-05-20,117.42,119.22,117.18,118.56,92175256.0,1816395798.0,11366683345.000002,0.008109248159934553
2022-05-23,118.02,118.86,117.06,118.26,57712688.0,1133136155.0,11366683345.000002,0.005077355130631555
2022-05-24,118.14,118.5,115.44,115.5,62809226.0,1224046504.0,11366683345.000002,0.005525730249855921
2022-05-25,115.56,116.7,115.32,115.92,43326343.0,835603947.0,11366683345.000002,0.003811696137295711
2022-05-26,116.04,118.56,115.32,117.78,66040447.0,1289281158.0,11366683345.000002,0.005810001474972908
2022-05-27,118.14,118.86,117.06,117.72,55147402.0,1084452030.0,11366683345.000002,0.0048516704764418675
2022-05-30,118.14,118.62,116.76,117.06,51413910.0,1006754836.0,11366683345.000002,0.004523211251645894
2022-05-31,116.94,118.98,116.64,118.8,74046278.0,1456466211.0,11366683345.000002,0.006514325749434343
2022-06-01,118.86,119.46,117.06,117.72,58577822.0,1151985191.0,11366683345.000002,0.005153466514554337
2022-06-02,116.94,118.68,116.1,118.14,73083518.0,1431501513.0,11366683345.000002,0.006429625580459943
2022-06-06,117.66,120.48,116.94,119.82,106521297.0,2114788181.0,11366683345.000002,0.009371361352021546
2022-06-07,119.64,122.58,119.34,120.72,121889407.0,2462366349.0,11366683345.000002,0.01072339250601337
2022-06-08,121.14,122.82,120.36,122.22,112341851.0,2274137709.0,11366683345.000002,0.009883432800071548
2022-06-09,122.28,124.62,120.96,121.44,112643288.0,2302461290.0,11366683345.000002,0.009909952145323881
2022-06-10,120.66,125.64,120.3,124.8,137841552.0,2821335822.0,11366683345.000002,0.012126804962912423
2022-06-13,122.94,123.54,120.72,121.68,119970788.0,2439449279.0,11366683345.000002,0.01055459929327344
2022-06-14,120.06,126.96,117.72,126.72,204170769.0,4153409395.0,11366683345.000002,0.01796221138594584
2022-06-15,127.26,136.57,127.2,131.29,387078232.0,8513421375.0,11366683345.000002,0.0340537534346172
2022-06-16,130.81,130.81,124.86,124.98,245636172.0,5205614911.0,11366683345.000002,0.021610188701882936
2022-06-17,123.66,127.56,122.76,124.98,147740014.0,3071579908.0,11366683345.000002,0.012997636119157675
2022-06-20,124.8,126.48,123.48,124.38,112338363.0,2328711843.0,11366683345.000002,0.009883125938351719
2022-06-21,124.08,127.2,123.96,126.12,130347041.0,2721466192.0,11366683345.000002,0.011467464786668602
2022-06-22,126.36,127.5,124.14,124.62,108703754.0,2273574971.0,11366683345.000002,0.009563366084955362
2022-06-23,124.44,133.87,124.38,130.69,218982535.0,4717812248.0,11366683345.000002,0.019265297391813634
2022-06-24,131.11,131.95,129.0,129.84,135348461.0,2930563834.0,11366683345.000002,0.01190747176567889
2022-06-27,130.57,132.25,129.66,130.87,114777407.0,2504562260.0,11366683345.000002,0.01009770427452688
2022-06-28,130.57,132.01,127.86,130.57,130724162.0,2817082078.0,11366683345.000002,0.011500642538573328
2022-06-29,129.54,131.17,128.28,128.52,102487381.0,2212563602.0,11366683345.000002,0.009016471902077078
2022-06-30,128.7,131.77,128.7,130.02,105079372.0,2282859792.0,11366683345.000002,0.009244505966309206
2022-07-01,130.26,130.51,127.56,128.1,76240524.0,1637094316.0,11366683345.000002,0.006707367636271563
2022-07-04,128.1,128.88,125.46,128.7,97443865.0,2063687975.0,11366683345.000002,0.00857276146809032
2022-07-05,128.76,129.96,125.52,127.02,97833758.0,2072638883.0,11366683345.000002,0.008607062854709972
2022-07-06,126.36,127.38,125.16,125.58,78223168.0,1640435211.0,11366683345.000002,0.006881793538693849
2022-07-07,125.64,126.48,125.1,125.4,56550116.0,1183417275.0,11366683345.000002,0.004975076219122034
2022-07-08,125.82,126.18,123.84,124.08,70928516.0,1476542956.0,11366683345.000002,0.0062400362398764425
2022-07-11,123.18,123.54,120.96,121.26,101975391.0,2072625943.0,11366683345.000002,0.008971428859664426
2022-07-12,121.56,122.64,120.78,121.38,72840383.0,1475160291.0,11366683345.000002,0.0064082354358926666
2022-07-13,121.38,122.4,120.96,121.38,54402374.0,1102259333.0,11366683345.000002,0.004786125587278775
2022-07-14,121.14,121.38,120.06,120.18,56537824.0,1136079835.0,11366683345.000002,0.004973994813084149
2022-07-15,120.06,121.02,117.48,117.48,84482229.0,1680384788.0,11366683345.000002,0.007432443258583622
2022-07-18,117.96,119.88,117.96,119.28,62230230.0,1234444120.0,11366683345.000002,0.005474792260081209
2022-07-19,119.28,120.54,118.26,119.82,56733751.0,1127763566.0,11366683345.000002,0.004991231767264472
2022-07-20,120.18,120.6,119.64,119.94,47160729.0,943903049.0,11366683345.000002,0.00414903165405282
2022-07-21,119.7,120.0,118.62,118.68,42683240.0,848576662.0,11366683345.000002,0.003755118243772981
2022-07-22,119.1,120.36,118.44,119.34,47138943.0,937888911.0,11366683345.000002,0.004147114999973635
2022-07-25,119.28,119.34,117.72,118.02,46347869.0,912775390.0,11366683345.000002,0.004077519149012591
2022-07-26,118.26,119.52,118.14,119.04,34384560.0,680693832.0,11366683345.000002,0.0030250301654725998
2022-07-27,118.56,119.34,118.44,118.92,32673454.0,647004596.0,11366683345.000002,0.0028744932016050626
2022-07-28,119.52,120.78,119.16,119.28,59537617.0,1189440910.0,11366683345.000002,0.005237905833471601
2022-07-29,119.34,120.54,117.6,117.66,58242166.0,1152065653.0,11366683345.000002,0.0051239367045110545
2022-08-01,117.36,117.42,115.5,116.1,56155971.0,1086370171.0,11366683345.000002,0.00494040075680493
2022-08-02,114.66,114.66,111.66,112.86,95612427.0,1800256410.0,11366683345.000002,0.008411638126794319
2022-08-03,112.86,114.0,112.26,112.56,56153809.0,1057628963.0,11366683345.000002,0.004940210551805426
2022-08-04,112.92,114.24,112.8,113.1,61983348.0,1170035869.0,11366683345.000002,0.005453072467903784
2022-08-05,113.28,116.04,113.04,115.86,70252170.0,1340690461.0,11366683345.000002,0.006180533746539412
2022-08-08,115.38,116.94,115.2,116.64,47086263.0,911638245.0,11366683345.000002,0.004142480402668417
2022-08-09,116.46,117.9,116.1,116.34,50554449.0,984708370.0,11366683345.000002,0.004447598957899886
2022-08-10,116.52,118.2,115.74,116.94,48722345.0,950413303.0,11366683345.000002,0.004286417024314491
2022-08-11,117.72,121.56,117.12,121.08,139731113.0,2794285676.0,11366683345.000002,0.012293041757116001
2022-08-12,120.06,121.02,119.7,120.42,74175036.0,1486937917.0,11366683345.000002,0.006525653416097692
2022-08-15,119.82,121.2,119.4,119.76,50225495.0,1005543300.0,11366683345.000002,0.0044186587657597835
2022-08-16,120.06,120.72,119.52,119.7,37111055.0,742068576.0,11366683345.000002,0.003264897408822819
2022-08-17,120.0,121.74,118.92,121.26,77617825.0,1562602114.0,11366683345.000002,0.006828537634431655
2022-08-18,120.66,121.26,119.88,120.18,37190218.0,746336598.0,11366683345.000002,0.0032718618854073473
2022-08-19,120.3,121.14,119.82,119.94,37306157.0,748570008.0,11366683345.000002,0.003282061782464478
2022-08-22,119.58,120.78,119.46,119.76,36270255.0,725333782.0,11366683345.000002,0.003190926842873179
2022-08-23,119.76,121.14,118.92,119.46,51528235.0,1028794272.0,11366683345.000002,0.004533269154776476
2022-08-24,119.4,120.96,117.06,117.3,76814972.0,1523222370.0,11366683345.000002,0.006757905509331314
2022-08-25,117.42,121.74,117.12,120.78,96157089.0,1913109809.0,11366683345.000002,0.008459555534490874
2022-08-26,121.52,121.64,119.3,119.67,64858949.0,1264575447.0,11366683345.000002,0.0057060575219182365
2022-08-29,118.93,120.29,118.5,119.48,39991409.0,773930982.0,11366683345.000002,0.003518300614716385
2022-08-30,119.42,120.29,117.2,118.74,60910384.0,1169277160.0,11366683345.000002,0.005358676946586479
2022-08-31,118.13,121.89,117.94,120.41,88923112.0,1730202291.0,11366683345.000002,0.007823136204380644
2022-09-01,119.55,120.29,118.25,119.05,53011085.0,1025710175.0,11366683345.000002,0.004663724975088588
2022-09-02,119.05,120.16,117.82,118.68,44617925.0,859353525.0,11366683345.000002,0.003925324885524027
2022-09-05,118.19,119.3,117.7,118.87,43061279.0,825521886.0,11366683345.000002,0.003788376758022548
2022-09-06,119.05,120.29,118.93,120.16,59981828.0,1163733943.0,11366683345.000002,0.0052769859227568714
2022-09-07,119.67,119.98,119.05,119.48,31908676.0,617375997.0,11366683345.000002,0.0028072107783345657
2022-09-08,119.67,120.53,119.11,119.11,37476782.0,727404073.0,11366683345.000002,0.003297072757506292
2022-09-09,119.36,122.88,119.18,122.01,100742074.0,1984218133.0,11366683345.000002,0.008862926056993979
2022-09-13,122.51,123.37,121.64,122.32,62230131.0,1237405554.0,11366683345.000002,0.0054747835504165695
2022-09-14,120.9,121.77,120.53,120.78,52353243.0,1027554616.0,11366683345.000002,0.004605850397251476
2022-09-15,120.9,122.14,119.73,120.47,61597212.0,1208139228.0,11366683345.000002,0.005419101608658387
2022-09-16,119.61,120.1,113.25,113.62,191865438.0,3568153682.0,11366683345.000002,0.016879632534533315
2022-09-19,113.19,114.49,112.95,113.62,65878315.0,1214639439.0,11366683345.000002,0.005795737683585483
2022-09-20,113.87,114.55,113.01,113.62,44783614.0,826409453.0,11366683345.000002,0.003939901609003606
2022-09-21,112.95,114.43,112.51,113.69,48107051.0,883134038.0,11366683345.000002,0.004232285666791397
2022-09-22,112.76,113.99,112.64,113.44,32702348.0,600874336.0,11366683345.000002,0.0028770351920100923
2022-09-23,113.32,114.12,112.58,113.25,37678620.0,693021349.0,11366683345.000002,0.0033148297402490886
2022-09-26,112.51,112.95,111.03,111.16,47775469.0,867140318.0,11366683345.000002,0.004203114272644497
2022-09-27,111.65,112.14,109.99,111.47,59660975.0,1072756775.0,11366683345.000002,0.005248758427518242
2022-09-28,110.79,111.03,108.87,109.31,54425384.0,970287343.0,11366683345.000002,0.004788149924484414
2022-09-29,110.11,110.23,106.84,107.33,56827620.0,998002671.0,11366683345.000002,0.004999490024941835
2022-09-30,107.27,108.38,107.09,107.46,41239914.0,720565494.0,11366683345.000002,0.003628139603109529
2022-10-10,106.59,108.63,106.41,106.9,44461082.0,775291356.0,11366683345.000002,0.003911526401371744
2022-10-11,107.39,108.87,106.53,107.27,39316492.0,685117715.0,11366683345.000002,0.0034589238396699608
2022-10-12,107.27,109.92,106.72,109.74,56254789.0,988898508.0,11366683345.000002,0.0049490944097378645
2022-10-13,109.31,109.62,108.5,109.25,41440444.0,732435144.0,11366683345.000002,0.00364578151270739
2022-10-14,110.23,112.27,109.92,111.47,62160623.0,1122144653.0,11366683345.000002,0.005468668486075433
2022-10-17,111.03,112.58,110.79,112.14,39546042.0,718127458.0,11366683345.000002,0.0034791188247005746
2022-10-18,112.39,112.88,111.65,112.08,37594828.0,683828853.0,11366683345.000002,0.003307458020860349
2022-10-19,112.02,112.7,111.4,111.65,43564045.0,789800042.0,11366683345.000002,0.003832608306024733
2022-10-20,111.34,113.25,111.16,111.65,46229114.0,839249616.0,11366683345.000002,0.004067071510383488
2022-10-21,113.44,114.12,111.9,112.27,70202020.0,1286407733.0,11366683345.000002,0.006176121729552763
2022-10-24,113.01,114.43,108.94,109.55,85251766.0,1538595727.0,11366683345.000002,0.007500144361591696
2022-10-25,109.8,110.85,107.7,108.13,73666778.0,1298643943.0,11366683345.000002,0.006480938701649033
2022-10-26,107.95,110.05,107.64,108.13,69515314.0,1222304306.0,11366683345.000002,0.006115707800602937
2022-10-27,108.44,109.86,108.26,108.57,51271482.0,905111219.0,11366683345.000002,0.0045106809474509905
2022-10-28,108.07,108.81,105.79,106.22,59471142.0,1033364039.0,11366683345.000002,0.005232057601583516
2022-10-31,106.04,107.58,105.11,106.16,61830415.0,1064433273.0,11366683345.000002,0.005439617971516562
2022-11-01,106.59,110.42,106.47,110.42,83409411.0,1472122077.0,11366683345.000002,0.0073380605818222505
2022-11-02,109.18,111.16,109.0,110.48,65151125.0,1161990071.0,11366683345.000002,0.005731762117632915
2022-11-03,110.11,110.29,108.87,109.37,37755465.0,670310454.0,11366683345.000002,0.0033215902875140747
2022-11-04,109.25,113.44,109.25,112.58,86270559.0,1566133757.0,11366683345.000002,0.007589774112775725
2022-11-07,111.96,113.5,111.71,112.7,59813022.0,1093059799.0,11366683345.000002,0.0052621349768057595
2022-11-08,112.88,113.44,111.77,112.76,37208130.0,678142380.0,11366683345.000002,0.0032734377188722496
2022-11-09,112.7,113.56,112.27,112.58,33356453.0,610214925.0,11366683345.000002,0.0029345810020011596
2022-11-10,112.02,114.43,111.77,113.69,61765177.0,1135083188.0,11366683345.000002,0.005433878566448266
2022-11-11,117.2,118.44,115.41,116.96,124793778.0,2365374902.0,11366683345.000002,0.010978908641357948
2022-11-14,118.07,120.41,117.2,118.44,134059198.0,2584313144.0,11366683345.000002,0.011794047034746527
2022-11-15,117.88,123.93,117.88,122.14,142483317.0,2808436508.0,11366683345.000002,0.012535170786003802
2022-11-16,121.58,122.57,119.67,119.85,73020755.0,1428915772.0,11366683345.000002,0.006424103917007639
2022-11-17,119.42,120.23,118.68,120.04,51361801.0,994845908.0,11366683345.000002,0.004518626888871073
2022-11-18,119.98,120.29,117.94,118.13,56586483.0,1089377396.0,11366683345.000002,0.004978275657242741
2022-11-21,117.2,117.2,115.35,116.28,46038106.0,866142945.0,11366683345.000002,0.004050267312166423
2022-11-22,116.83,119.24,116.09,118.19,53508775.0,1021392562.0,11366683345.000002,0.004707509954831067
2022-11-23,118.0,119.79,117.7,118.56,48763730.0,939238707.0,11366683345.000002,0.004290057928063095
2022-11-24,119.55,120.23,117.63,117.82,40616459.0,781955002.0,11366683345.000002,0.0035732902701003317
2022-11-25,117.82,119.98,117.57,119.36,54237450.0,1048979348.0,11366683345.000002,0.004771616165753229
2022-11-28,117.2,117.51,115.66,117.26,53679828.0,1013846304.0,11366683345.000002,0.004722558583776576
2022-11-29,117.51,122.82,117.51,121.77,121273259.0,2376980932.0,11366683345.000002,0.010669186016635707
2022-11-30,121.21,123.93,121.03,122.26,105567645.0,2100630625.0,11366683345.000002,0.009287462472193992
2022-12-01,124.48,129.29,122.94,123.19,197949708.0,4043440760.0,11366683345.000002,0.017414904769655126
2022-12-02,123.37,124.17,121.77,122.32,58584964.0,1164943796.0,11366683345.000002,0.0051540948420781395
2022-12-05,124.23,128.8,124.23,128.49,168080567.0,3464055945.0,11366683345.000002,0.014787124959712685
2022-12-06,127.26,131.14,127.26,128.92,125161813.0,2623225949.0,11366683345.000002,0.01101128703959686
2022-12-07,128.55,129.42,126.46,127.01,76081404.0,1572242846.0,11366683345.000002,0.006693368829832568
2022-12-08,126.76,127.81,125.84,126.52,63247457.0,1296641378.0,11366683345.000002,0.005564284240206393
2022-12-09,126.76,128.06,124.97,127.32,84404958.0,1730139478.0,11366683345.000002,0.007425645233367762
2022-12-12,126.09,126.76,124.36,124.85,69433652.0,1410994404.0,11366683345.000002,0.006108523470968566
2022-12-13,125.22,126.46,124.67,125.22,59767149.0,1216271655.0,11366683345.000002,0.005258099234926826
2022-12-14,125.53,127.69,124.36,126.7,59059350.0,1209323882.0,11366683345.000002,0.005195829619550292
2022-12-15,126.15,127.07,124.91,125.04,43305946.0,881017355.0,11366683345.000002,0.0038099016824507123
2022-12-16,124.73,126.95,124.54,125.9,59449899.0,1209081446.0,11366683345.000002,0.005230188718695233
2022-12-19,126.21,127.07,122.51,123.12,68277182.0,1376290870.0,11366683345.000002,0.006006781391515925
2022-12-20,122.75,123.99,120.66,121.58,48812040.0,967149200.0,11366683345.000002,0.004294308068454421
2022-12-21,122.38,122.45,121.34,121.77,29533481.0,583451980.0,11366683345.000002,0.0025982496479935147
2022-12-22,123.37,123.74,121.95,122.57,46856350.0,933124631.0,11366683345.000002,0.004122253482200792
2022-12-23,121.71,123.19,121.4,122.08,35493718.0,703233961.0,11366683345.000002,0.003122609904991595
2022-12-26,121.83,122.82,121.03,121.34,34223769.0,674190443.0,11366683345.000002,0.003010884350451657
2022-12-27,122.14,124.42,121.52,124.23,59665274.0,1194599236.0,11366683345.000002,0.005249136638106988
2022-12-28,123.74,124.3,123.12,123.68,31369783.0,628623837.0,11366683345.000002,0.0027598009065501945
2022-12-29,122.75,123.25,121.09,122.01,48367877.0,954677744.0,11366683345.000002,0.0042552322020368545
2022-12-30,122.45,124.3,122.45,122.82,44871281.0,897017212.0,11366683345.000002,0.003947614236983039
2023-01-03,122.01,123.19,119.42,122.75,69294429.0,1365455659.0,11366683345.000002,0.006096275131169319
2023-01-04,123.0,124.6,122.75,124.3,49264467.0,989875833.0,11366683345.000002,0.004334110971928372
2023-01-05,125.22,126.76,124.67,126.09,78058636.0,1591291319.0,11366683345.000002,0.00686731860392122
2023-01-06,125.47,126.52,124.91,125.9,50333737.0,1026057457.0,11366683345.000002,0.004428181508385284
2023-01-09,126.76,128.92,126.46,127.38,78613352.0,1626914351.0,11366683345.000002,0.006916120526448957
2023-01-10,127.07,128.06,125.9,126.09,47981044.0,986290681.0,11366683345.000002,0.004221200023233338
2023-01-11,126.46,126.95,124.54,125.47,55266759.0,1125438269.0,11366683345.000002,0.004862171076870092
2023-01-12,125.78,126.27,124.73,126.21,38784306.0,789388196.0,11366683345.000002,0.0034121040256708227
2023-01-13,126.21,128.0,125.04,128.0,82863902.0,1704679743.0,11366683345.000002,0.007290068658106001
2023-01-16,128.18,135.65,127.44,132.87,236624301.0,5085505441.0,11366683345.000002,0.0208173566394006
2023-01-17,131.82,133.67,131.39,133.43,80704744.0,1732795031.0,11366683345.000002,0.007100113687560457
2023-01-18,132.69,133.86,131.88,131.88,59336899.0,1274724374.0,11366683345.000002,0.005220247384308566
2023-01-19,131.58,133.43,131.14,133.36,67817960.0,1454364179.0,11366683345.000002,0.005966380688332617
2023-01-20,133.49,133.86,131.7,133.67,71077974.0,1534298760.0,11366683345.000002,0.006253185018237173
2023-01-30,137.25,137.5,132.38,133.3,127823154.0,2779462653.0,11366683345.000002,0.011245422267897267
2023-01-31,134.04,134.66,131.33,132.07,82906282.0,1786535983.0,11366683345.000002,0.007293797098383054
2023-02-01,132.56,136.82,132.07,136.26,100556616.0,2188098234.0,11366683345.000002,0.008846610127855196
2023-02-02,138.61,138.73,132.01,132.19,194369152.0,4207608079.0,11366683345.000002,0.017099900305175605
2023-02-03,131.39,131.88,129.91,131.76,81982031.0,1739508783.0,11366683345.000002,0.007212484813000655
2023-02-06,130.53,130.53,128.31,128.61,78873041.0,1652494588.0,11366683345.000002,0.006938967032515674
2023-02-07,129.23,129.72,128.49,128.92,41628582.0,870715019.0,11366683345.000002,0.003662333218626316
2023-02-08,128.98,129.42,128.37,128.74,30749474.0,642319285.0,11366683345.000002,0.0027052283473284347
2023-02-09,128.55,130.59,128.31,130.59,50569213.0,1064504321.0,11366683345.000002,0.00444889784162453
2023-02-10,130.16,130.16,128.8,129.29,38988599.0,818068365.0,11366683345.000002,0.0034300769905014007
2023-02-13,128.43,129.72,128.0,129.11,47059216.0,982251453.0,11366683345.000002,0.004140100904693584
2023-02-14,129.54,129.66,128.06,129.05,37826103.0,789200109.0,11366683345.000002,0.003327804765199078
2023-02-15,128.86,129.29,127.75,128.0,44150235.0,917073306.0,11366683345.000002,0.0038841791980965923
2023-02-16,128.12,129.85,125.84,126.89,75467200.0,1570985449.0,11366683345.000002,0.006639333366596919
2023-02-17,126.76,127.38,124.79,124.85,53464914.0,1094081583.0,11366683345.000002,0.004703651221490062
2023-02-20,126.27,130.16,125.9,129.79,96545541.0,2006356648.0,11366683345.000002,0.008493730147102993
2023-02-21,129.11,130.59,128.86,130.09,71727165.0,1509584143.0,11366683345.000002,0.0063102985121470355
2023-02-22,129.54,130.16,127.87,128.31,69016739.0,1442714213.0,11366683345.000002,0.006071844961737165
2023-02-23,128.37,130.65,128.37,129.72,69463259.0,1461387798.0,11366683345.000002,0.006111128188554283
2023-02-24,129.85,130.09,127.01,127.01,76029528.0,1576456261.0,11366683345.000002,0.0066888049655613934
2023-02-27,125.72,126.7,125.22,126.09,37436202.0,765068167.0,11366683345.000002,0.003293502674768142
2023-02-28,126.46,127.5,125.53,127.38,41840610.0,858376722.0,11366683345.000002,0.003680986680992123
2023-03-01,127.13,129.54,126.64,128.92,57092049.0,1189825667.0,11366683345.000002,0.005022753539194329
2023-03-02,128.55,129.48,128.18,128.8,39571172.0,826551674.0,11366683345.000002,0.0034813296718964764
2023-03-03,129.05,130.96,128.61,130.59,71036141.0,1496285928.0,11366683345.000002,0.0062495047010566645
2023-03-06,130.65,130.71,127.26,127.63,87747883.0,1829806799.0,11366683345.000002,0.007719743775443406
2023-03-07,127.38,130.53,126.27,126.52,120109755.0,2501219156.0,11366683345.000002,0.010566825111111598
2023-03-08,125.78,126.15,124.91,125.59,67684041.0,1376618833.0,11366683345.000002,0.005954598975414669
2023-03-09,126.09,126.52,124.97,125.1,44234894.0,900495809.0,11366683345.000002,0.003891627193033237
2023-03-10,124.11,124.36,122.82,123.31,58713024.0,1176959572.0,11366683345.000002,0.005165361101206958
2023-03-13,123.37,124.48,123.06,124.17,44613133.0,895084584.0,11366683345.000002,0.003924903302564904
2023-03-14,123.56,123.68,121.46,122.51,56896129.0,1129415983.0,11366683345.000002,0.00500551720084888
2023-03-15,123.62,123.99,123.0,123.68,49521098.0,992407890.0,11366683345.000002,0.0043566884461317765
2023-03-16,122.45,123.93,122.32,122.82,47292320.0,944159544.0,11366683345.000002,0.00416060855788712
2023-03-17,123.68,126.46,123.68,124.36,88154824.0,1785662524.0,11366683345.000002,0.007755544983909287
2023-03-20,124.36,125.96,123.43,123.68,65184520.0,1316058836.0,11366683345.000002,0.005734700089861612
2023-03-21,124.17,125.53,123.68,124.67,43853465.0,885654386.0,11366683345.000002,0.0038580704387520697
2023-03-22,125.22,125.72,124.42,125.22,53998250.0,1094844207.0,11366683345.000002,0.004750572208361277
2023-03-23,124.36,126.46,124.17,126.39,50900685.0,1037667741.0,11366683345.000002,0.004478059558366275
2023-03-24,126.21,127.01,125.65,126.58,42871624.0,878613153.0,11366683345.000002,0.003771691591888891
2023-03-27,126.58,127.01,125.04,125.84,51391665.0,1049583840.0,11366683345.000002,0.004521254216394289
2023-03-28,126.09,126.39,125.22,125.78,38034140.0,775246859.0,11366683345.000002,0.003346107113710573
2023-03-29,126.33,126.39,123.99,124.67,48101074.0,973412021.0,11366683345.000002,0.004231759831785829
2023-03-30,124.42,127.2,123.74,126.33,57689081.0,1173840730.0,11366683345.000002,0.0050752782715088466
2023-03-31,125.9,127.01,125.65,126.33,39027074.0,799826390.0,11366683345.000002,0.0034334618828954448
2023-04-03,126.33,129.85,126.27,129.54,128558535.0,2680201165.0,11366683345.000002,0.011310118448628252
2023-04-04,129.54,130.46,128.92,129.97,99253593.0,2088420959.0,11366683345.000002,0.008731974841514332
2023-04-06,129.85,130.03,128.37,128.86,56680174.0,1186593277.0,11366683345.000002,0.004986518255119034
2023-04-07,128.92,131.7,128.49,130.59,78999864.0,1667342293.0,11366683345.000002,0.006950124464824702
2023-04-10,131.51,132.38,129.85,130.28,84966504.0,1807635650.0,11366683345.000002,0.0074750480347792235
2023-04-11,131.08,133.92,131.02,131.64,116138994.0,2496887124.0,11366683345.000002,0.01021749181137235
2023-04-12,131.64,132.5,130.96,131.64,61283348.0,1306727741.0,11366683345.000002,0.005391488980552752
2023-04-13,130.9,130.96,129.11,129.17,64718439.0,1362170050.0,11366683345.000002,0.005693695956478674
2023-04-14,129.6,130.34,128.43,129.23,48102498.0,1008174941.0,11366683345.000002,0.0042318851101943835
2023-04-17,129.23,134.35,128.98,134.35,162422806.0,3496576628.0,11366683345.000002,0.01428937545545745
2023-04-18,134.29,135.21,133.24,134.04,99057868.0,2156498959.0,11366683345.000002,0.008714755658568931
2023-04-19,133.92,134.04,132.13,132.5,65868389.0,1420881184.0,11366683345.000002,0.005794864429734845
2023-04-20,132.07,133.18,131.58,132.93,56848392.0,1220398232.0,11366683345.000002,0.0050013174709407715
2023-04-21,132.75,132.87,128.31,128.37,95291729.0,2011565963.0,11366683345.000002,0.008383424267899318
2023-04-24,128.24,128.92,126.39,127.2,71296672.0,1474860985.0,11366683345.000002,0.006272425283261024
2023-04-25,127.07,128.92,126.39,127.81,74554055.0,1540111176.0,11366683345.000002,0.0065589981472295505
2023-04-26,127.07,128.06,126.33,127.26,65194027.0,1343921020.0,11366683345.000002,0.005735536481596249
2023-04-27,127.07,130.16,126.64,129.72,88640057.0,1848054657.0,11366683345.000002,0.0077982340415061495
2023-04-28,128.18,130.96,126.64,129.66,126827870.0,2658143470.0,11366683345.000002,0.011157860754147715
2023-05-04,128.49,132.38,126.58,131.21,107027240.0,2253852597.0,11366683345.000002,0.009415872401079894
2023-05-05,131.82,137.13,131.7,135.28,218306583.0,4787990388.0,11366683345.000002,0.01920582956118234
2023-05-08,134.47,141.75,133.55,139.96,283876218.0,6358561217.0,11366683345.000002,0.024974410686374227
2023-05-09,141.14,147.49,140.03,140.27,402373594.0,9384941676.0,11366683345.000002,0.03539938448069787
2023-05-10,138.79,139.78,134.29,135.03,210339984.0,4656419690.0,11366683345.000002,0.0185049567772577
2023-05-11,135.21,136.39,133.98,134.47,83092668.0,1820599631.0,11366683345.000002,0.007310194669630782
2023-05-12,134.23,134.97,132.19,132.62,85129080.0,1838150021.0,11366683345.000002,0.007489350887692912
2023-05-15,132.44,135.09,130.03,134.6,112291816.0,2414280250.0,11366683345.000002,0.009879030900372107
2023-05-16,134.47,136.63,133.73,134.47,80485515.0,1760859552.0,11366683345.000002,0.00708082670706263
2023-05-17,133.86,135.09,132.93,133.61,48331983.0,1048547411.0,11366683345.000002,0.0042520743767583144
2023-05-18,133.67,135.83,133.24,133.67,60472352.0,1316619074.0,11366683345.000002,0.005320140463541697
2023-05-19,133.24,133.24,130.83,131.33,76675284.0,1634752012.0,11366683345.000002,0.006745616260501183
2023-05-22,131.21,132.38,130.83,131.39,48494921.0,1032995598.0,11366683345.000002,0.004266409077132604
2023-05-23,131.27,131.51,128.61,128.61,77384570.0,1625452016.0,11366683345.000002,0.006808016696800133
2023-05-24,128.55,128.55,124.97,125.1,109007651.0,2233926547.0,11366683345.000002,0.00959010185217753
2023-05-25,124.67,125.59,123.99,125.34,66011739.0,1336241724.0,11366683345.000002,0.005807475848180232
2023-05-26,125.34,126.39,124.36,125.65,45769269.0,930327420.0,11366683345.000002,0.004026615997896437
2023-05-29,125.59,126.09,124.73,125.53,50016271.0,1017562180.0,11366683345.000002,0.004400251989249023
2023-05-30,125.78,126.21,123.99,125.59,65588311.0,1330113854.0,11366683345.000002,0.005770224172634413
2023-05-31,125.22,125.22,123.06,123.68,98247798.0,1970325164.0,11366683345.000002,0.008643488607714002
2023-06-01,123.68,125.28,123.12,123.99,75012546.0,1508997266.0,11366683345.000002,0.006599334539656782
2023-06-02,124.3,125.04,124.05,124.54,88261978.0,1782217067.0,11366683345.000002,0.007764972008200162
2023-06-05,124.6,124.73,123.25,123.37,61300447.0,1231346310.0,11366683345.000002,0.005392993289195916
2023-06-06,123.37,124.67,122.14,122.32,74098024.0,1482148342.0,11366683345.000002,0.006518878176772152
2023-06-07,122.45,123.62,122.2,122.57,47680278.0,949185852.0,11366683345.000002,0.004194739710152451
2023-06-08,122.63,125.16,121.77,124.6,77134635.0,1548094659.0,11366683345.000002,0.006786028312641447
2023-06-09,124.48,125.22,123.86,124.48,51067840.0,1030974935.0,11366683345.000002,0.004492765255263649
2023-06-12,124.3,124.42,122.32,122.45,89754722.0,1788103755.0,11366683345.000002,0.007896298267117775
2023-06-13,122.2,123.37,122.2,123.25,50998973.0,1016642731.0,11366683345.000002,0.004486706583801644
2023-06-14,123.37,124.97,123.25,123.37,75619125.0,1521827733.0,11366683345.000002,0.006652699182762356
2023-06-15,124.17,125.59,123.56,125.22,83087922.0,1679572453.0,11366683345.000002,0.007309777133586542
2023-06-16,125.41,126.02,124.73,125.78,70242566.0,1428084238.0,11366683345.000002,0.006179688821092956
2023-06-19,125.72,125.72,123.93,124.3,67958305.0,1371655372.0,11366683345.000002,0.005978727737664446
2023-06-20,124.3,124.67,123.37,123.74,60137878.0,1207409414.0,11366683345.000002,0.005290714641615627
2023-06-21,123.49,123.93,122.26,122.45,51231779.0,1022579949.0,11366683345.000002,0.00450718802002485
2023-06-26,121.27,121.27,118.93,118.99,83398003.0,1618562464.0,11366683345.000002,0.00733705694693125
2023-06-27,119.05,120.66,119.05,120.23,37666567.0,731925831.0,11366683345.000002,0.0033137693605733145
2023-06-28,120.1,120.53,119.42,120.29,38411665.0,747052105.0,11366683345.000002,0.0033793204080851424
2023-06-29,120.23,120.72,119.48,119.92,29588577.0,575913727.0,11366683345.000002,0.002603096796306504
2023-06-30,119.79,122.82,119.79,122.01,51832942.0,1022917693.0,11366683345.000002,0.004560076182891148
2023-07-03,122.14,125.78,122.01,124.85,87162947.0,1757998859.0,11366683345.000002,0.007668283205790315
2023-07-04,124.48,125.9,124.36,125.1,46244364.0,938334579.0,11366683345.000002,0.0040684131506436355
2023-07-05,124.97,125.47,124.3,124.3,34373312.0,695068835.0,11366683345.000002,0.0030240406068072793
2023-07-06,123.37,124.79,123.19,123.68,42141342.0,845509328.0,11366683345.000002,0.0037074440028750525
2023-07-07,123.19,124.85,122.88,124.17,41507406.0,834597709.0,11366683345.000002,0.0036516725891073895
2023-07-10,124.36,125.16,123.49,124.11,33942821.0,684436063.0,11366683345.000002,0.0029861675538740886
2023-07-11,124.6,125.22,124.3,124.85,35391125.0,716118203.0,11366683345.000002,0.0031135841411090172
2023-07-12,125.04,125.28,123.74,123.86,31557168.0,637090767.0,11366683345.000002,0.0027762863662320132
2023-07-13,124.54,126.7,124.48,126.27,80379278.0,1643443226.0,11366683345.000002,0.007071480357140184
2023-07-14,126.64,126.95,125.78,126.46,44511052.0,911724353.0,11366683345.000002,0.003915922582604503
2023-07-17,126.09,126.09,124.6,125.1,34943894.0,708736502.0,11366683345.000002,0.003074238363064032
2023-07-18,125.72,125.78,124.6,125.16,27426249.0,556363980.0,11366683345.000002,0.0024128629405396704
2023-07-19,124.23,126.02,124.23,125.9,38718239.0,787116076.0,11366683345.000002,0.003406291688158222
2023-07-20,126.46,126.76,125.16,125.22,44111794.0,902068661.0,11366683345.000002,0.003880797296900505
2023-07-21,125.22,126.89,125.04,125.59,44541499.0,909156710.0,11366683345.000002,0.003918601200375042
2023-07-24,124.36,127.07,124.3,125.78,39666069.0,809092394.0,11366683345.000002,0.003489678369323835
2023-07-25,131.39,134.17,129.48,133.12,259002492.0,5533914221.0,11366683345.000002,0.022786109557097013
2023-07-26,132.93,134.47,132.25,134.35,128430179.0,2778443919.0,11366683345.000002,0.011298826148481924
2023-07-27,134.29,135.52,132.44,132.75,91624331.0,1988769914.0,11366683345.000002,0.008060779755979028
2023-07-28,132.44,146.01,132.38,146.01,441337721.0,10176122551.0,11366683345.000002,0.03882730851248148
2023-07-31,149.9,153.41,147.43,148.66,446501705.0,10869042988.0,11366683345.000002,0.03928161728868853
2023-08-01,147.43,149.71,144.22,146.01,273839909.0,6526470476.0,11366683345.000002,0.02409145224587058
2023-08-02,146.07,151.68,145.89,147.12,223960826.0,5398448771.0,11366683345.000002,0.019703269564425432
2023-08-03,150.88,153.23,146.75,150.7,263385730.0,6391229794.0,11366683345.000002,0.023171731102710678
2023-08-04,154.21,161.0,151.07,152.36,467781268.0,11765352796.0,11366683345.000002,0.041153716858468525
2023-08-07,149.77,153.47,147.49,152.8,191968937.0,4694751561.0,11366683345.000002,0.016888738005043806
2023-08-08,150.64,156.68,147.31,153.6,248817953.0,6180883719.0,11366683345.000002,0.021890110373264732
2023-08-09,151.99,155.45,151.31,153.66,163923647.0,4073148150.0,11366683345.000002,0.014421414059370892
2023-08-10,153.6,155.45,152.67,155.45,187211147.0,4681327784.0,11366683345.000002,0.016470164718923996
2023-08-11,154.09,154.09,147.92,148.66,280168751.0,6841019604.0,11366683345.000002,0.024648241047661557
2023-08-14,144.96,149.46,144.96,146.5,193848614.0,4625763875.0,11366683345.000002,0.017054105240405987
2023-08-15,146.38,148.91,145.76,148.72,149124726.0,3567792836.0,11366683345.000002,0.013119458110495993
2023-08-16,146.56,151.99,144.59,148.11,145308338.0,3500021811.0,11366683345.000002,0.01278370599317509
2023-08-17,146.81,149.46,144.96,147.74,133095469.0,3171207800.0,11366683345.000002,0.01170926161663035
2023-08-18,149.65,153.17,147.86,147.86,160076731.0,3906812258.0,11366683345.000002,0.014082976198190201
2023-08-21,146.01,146.56,141.2,141.51,211663789.0,4904903314.0,11366683345.000002,0.018621420389361605
2023-08-22,143.3,144.78,141.26,143.23,127726698.0,2960309535.0,11366683345.000002,0.011236936415245936
2023-08-23,142.56,143.36,140.58,140.64,75234309.0,1729103031.0,11366683345.000002,0.006618844452378821
2023-08-24,141.94,147.55,141.57,145.33,155638416.0,3652547198.0,11366683345.000002,0.013692509175815347
2023-08-25,144.83,148.92,143.82,147.6,134360545.0,3140901213.0,11366683345.000002,0.011820558462121914
2023-08-28,162.34,162.34,149.05,149.87,505635393.0,12580601070.0,11366683345.000002,0.04448398689864268
2023-08-29,147.22,149.61,144.26,147.28,251146131.0,5863110757.0,11366683345.000002,0.022094935116713236
2023-08-30,147.28,147.28,141.93,142.12,231633510.0,5279777694.0,11366683345.000002,0.020378284761657532
2023-08-31,142.12,143.13,139.72,139.85,121641395.0,2724111212.0,11366683345.000002,0.010701573300492078
2023-09-01,140.61,142.69,139.91,140.98,99838612.0,2237552330.0,11366683345.000002,0.008783442713209496
2023-09-04,141.8,143.38,140.48,142.18,99220964.0,2237230617.0,11366683345.000002,0.00872910425921608
2023-09-05,141.55,141.55,140.1,140.98,64690750.0,1444051083.0,11366683345.000002,0.005691259977648299
2023-09-06,140.1,140.61,138.34,139.41,97795653.0,2165464958.0,11366683345.000002,0.008603710513587812
2023-09-07,139.41,141.24,138.65,139.35,85782404.0,1902128417.0,11366683345.000002,0.007546827988107377
2023-09-08,138.78,140.61,137.2,140.17,73570094.0,1624646995.0,11366683345.000002,0.0064724327903761085
2023-09-11,140.48,143.5,139.28,142.37,112708154.0,2535351116.0,11366683345.000002,0.00991565882316747
2023-09-12,141.8,142.5,140.86,141.05,65593393.0,1472288763.0,11366683345.000002,0.005770671268752582
2023-09-13,141.36,141.49,139.72,140.35,55895303.0,1245310858.0,11366683345.000002,0.004917468121832331
2023-09-14,140.29,140.98,139.6,140.42,55979679.0,1245730184.0,11366683345.000002,0.004924891219444803
2023-09-15,140.73,140.98,138.28,138.91,74910246.0,1655739492.0,11366683345.000002,0.006590334552862481
2023-09-18,138.28,139.54,137.46,139.47,59728433.0,1316765339.0,11366683345.000002,0.005254693140217851
2023-09-19,139.47,139.54,138.34,138.72,47937179.0,1056327476.0,11366683345.000002,0.00421734093798669
2023-09-20,138.53,138.91,136.89,137.96,39326742.0,863974539.0,11366683345.000002,0.003459825597877601
2023-09-21,137.46,138.78,136.83,136.89,49302907.0,1075917809.0,11366683345.000002,0.004337492785148049
2023-09-22,136.64,142.69,136.51,142.43,127837680.0,2845536840.0,11366683345.000002,0.01124670021323621
2023-09-25,141.61,141.61,137.65,137.96,103685407.0,2283798077.0,11366683345.000002,0.009121869929244518
2023-09-26,137.77,139.47,137.52,138.46,57162593.0,1256759752.0,11366683345.000002,0.005028959747096746
2023-09-27,138.02,139.72,138.02,138.78,58367837.0,1287934747.0,11366683345.000002,0.005134992787995185
2023-09-28,139.03,139.6,136.39,136.45,85442572.0,1857947584.0,11366683345.000002,0.007516930788573841
2023-10-09,134.94,136.95,132.86,136.57,70771449.0,1518711509.0,11366683345.000002,0.006226218049008208
2023-10-10,137.39,137.71,134.87,135.0,40555403.0,875088891.0,11366683345.000002,0.0035679187823807537
2023-10-11,135.94,136.51,135.13,135.5,39384579.0,848855684.0,11366683345.000002,0.0034649138895317746
2023-10-12,137.83,138.46,136.39,137.08,57707114.0,1259034623.0,11366683345.000002,0.005076864750119419
2023-10-13,135.94,136.32,135.19,135.57,37522825.0,808262917.0,11366683345.000002,0.0033011234553750116
2023-10-16,135.25,136.76,134.31,135.5,42436710.0,913187508.0,11366683345.000002,0.0037334294192920524
2023-10-17,136.01,139.79,135.5,138.28,85770886.0,1878763551.0,11366683345.000002,0.007545814675811222
2023-10-18,137.39,138.84,137.08,137.71,46929087.0,1026300485.0,11366683345.000002,0.004128652622371437
2023-10-19,136.7,138.15,135.57,135.82,79091678.0,1716268486.0,11366683345.000002,0.006958201930978485
2023-10-20,135.0,137.02,134.81,135.63,65423351.0,1408421601.0,11366683345.000002,0.0057557115839580895
2023-10-23,134.56,135.25,132.61,133.42,54602624.0,1157653821.0,11366683345.000002,0.004803742863481695
2023-10-24,134.18,137.2,133.87,136.2,76561297.0,1645720767.0,11366683345.000002,0.006735588093397352
2023-10-25,138.09,139.22,136.89,137.58,78453063.0,1716120460.0,11366683345.000002,0.006902018875586086
2023-10-26,136.76,137.96,135.5,137.33,53043193.0,1151839754.0,11366683345.000002,0.004666549721676969
2023-10-27,136.45,139.72,134.81,138.78,92986343.0,2036093789.0,11366683345.000002,0.008180604682798963
2023-10-30,137.71,137.83,134.37,136.07,102883741.0,2219521625.0,11366683345.000002,0.009051342232143442
2023-10-31,135.94,137.71,135.44,136.76,67283393.0,1459095668.0,11366683345.000002,0.005919351402500075
2023-11-01,138.15,138.84,135.44,136.89,58170119.0,1262852979.0,11366683345.000002,0.005117598268063655
2023-11-02,136.89,137.77,135.31,135.63,48260339.0,1044968156.0,11366683345.000002,0.004245771394804347
2023-11-03,135.63,137.96,134.94,137.71,89510265.0,1944098923.0,11366683345.000002,0.007874791817735817
2023-11-06,142.06,145.14,140.23,143.82,193512623.0,4386204004.0,11366683345.000002,0.017024545958265188
2023-11-07,142.43,144.39,142.24,143.57,96608033.0,2201868370.0,11366683345.000002,0.00849922796894805
2023-11-08,143.5,143.76,141.17,142.24,91889393.0,2074489489.0,11366683345.000002,0.00808409895929937
2023-11-09,141.55,142.43,140.48,141.49,61013594.0,1370665767.0,11366683345.000002,0.005367756991914337
2023-11-10,140.8,142.06,140.48,141.49,56773178.0,1273422338.0,11366683345.000002,0.004994700413201314
2023-11-13,141.49,141.61,139.91,140.42,53295812.0,1187792909.0,11366683345.000002,0.004688774234521441
2023-11-14,140.54,144.58,140.48,142.5,110552708.0,2503959004.0,11366683345.000002,0.009726030421057708
2023-11-15,144.2,144.39,141.87,142.37,72854276.0,1653764168.0,11366683345.000002,0.006409457692163763
2023-11-16,142.37,143.0,141.24,141.3,46210073.0,1041928836.0,11366683345.000002,0.00406539635155113
2023-11-17,140.67,141.87,140.1,141.87,48463924.0,1084784401.0,11366683345.000002,0.00426368207233629
2023-11-20,141.8,141.87,139.03,140.8,58828187.0,1309022862.0,11366683345.000002,0.005175492728569539
2023-11-21,141.55,143.88,140.86,141.36,74422236.0,1681355682.0,11366683345.000002,0.006547401184773656
2023-11-22,140.54,141.61,139.85,139.91,36460255.0,814714390.0,11366683345.000002,0.003207642360868459
2023-11-23,139.91,140.42,138.09,140.1,49874640.0,1103374760.0,11366683345.000002,0.004387791802253289
2023-11-24,139.79,140.1,138.78,138.91,46539972.0,1030017515.0,11366683345.000002,0.004094419681399156
2023-11-27,138.59,138.65,135.5,136.64,82089881.0,1776390368.0,11366683345.000002,0.007221973068873239
2023-11-28,136.57,137.2,135.57,136.13,46339788.0,1002729416.0,11366683345.000002,0.004076808211639329
2023-11-29,136.45,136.45,134.18,134.81,49881325.0,1068905926.0,11366683345.000002,0.004388379924557491
2023-11-30,134.81,135.44,134.05,135.13,47745435.0,1021759159.0,11366683345.000002,0.004200471989131495
2023-12-01,134.87,136.2,134.24,135.82,49445465.0,1061627029.0,11366683345.000002,0.0043500345262763185
2023-12-04,135.5,136.2,134.81,134.87,37454414.0,805841197.0,11366683345.000002,0.003295104901156195
2023-12-05,134.43,135.31,132.92,133.11,47729212.0,1015731747.0,11366683345.000002,0.00419904474782393
2023-12-06,132.86,133.42,131.98,131.98,46364681.0,976104843.0,11366683345.000002,0.004078998208425942
2023-12-07,131.66,133.11,131.16,132.48,43100353.0,904550113.0,11366683345.000002,0.0037918143482864827
2023-12-08,132.42,133.3,131.98,131.98,46835044.0,985080412.0,11366683345.000002,0.004120379056798647
2023-12-11,131.03,133.87,129.71,133.61,71746851.0,1499788017.0,11366683345.000002,0.006312030415764168
2023-12-12,132.73,133.55,132.48,133.11,41815143.0,882611587.0,11366683345.000002,0.003678746185745882
2023-12-13,133.05,133.05,130.4,130.46,66797748.0,1391965532.0,11366683345.000002,0.005876626098622086
2023-12-14,131.03,131.47,129.02,129.14,54777009.0,1131395763.0,11366683345.000002,0.004819084629826995
2023-12-15,129.58,131.09,128.76,128.89,58935207.0,1212153705.0,11366683345.000002,0.005184907964021408
2023-12-18,128.51,129.71,128.01,128.76,42235914.0,863807557.0,11366683345.000002,0.003715764107968998
2023-12-19,128.7,130.02,128.26,130.02,48547223.0,996618096.0,11366683345.000002,0.004271010419354652
2023-12-20,129.83,129.9,126.87,127.0,61428051.0,1248872128.0,11366683345.000002,0.005404219431081546
2023-12-21,126.68,128.2,126.18,127.69,53244409.0,1076501136.0,11366683345.000002,0.004684251983092434
2023-12-22,127.25,128.45,126.12,127.76,53062026.0,1073349240.0,11366683345.000002,0.004668206581415943
2023-12-25,127.13,127.88,125.93,126.05,49795694.0,1000339778.0,11366683345.000002,0.00438084641654984
2023-12-26,125.99,126.31,124.29,125.05,40262336.0,799476197.0,11366683345.000002,0.003542135799684318
2023-12-27,124.92,126.5,123.6,125.36,63184178.0,1253913602.0,11366683345.000002,0.00555871718092627
2023-12-28,124.92,128.83,124.79,128.32,87207998.0,1761385734.0,11366683345.000002,0.007672246631059817
2023-12-29,128.07,129.39,127.76,128.32,64438237.0,1314516775.0,11366683345.000002,0.00566904479030334
2024-01-02,128.39,128.51,126.37,126.43,58776514.0,1183083968.0,11366683345.000002,0.005170946723509697
2024-01-03,125.99,127.57,125.87,127.13,54751355.0,1101533870.0,11366683345.000002,0.0048168276829919894
2024-01-04,126.75,127.0,124.98,125.99,50391805.0,1006917540.0,11366683345.000002,0.004433290122590285
2024-01-05,125.68,127.13,123.85,124.67,69614777.0,1387740195.0,11366683345.000002,0.006124458198320646
2024-01-08,124.23,125.11,122.21,122.34,62567092.0,1222235532.0,11366683345.000002,0.005504428169675557
2024-01-09,122.34,123.22,121.77,122.59,45845833.0,892306220.0,11366683345.000002,0.004033351823790073
2024-01-10,122.53,123.66,121.33,122.59,52596063.0,1024533120.0,11366683345.000002,0.004627212829249445
2024-01-11,122.72,123.85,121.83,123.47,44793313.0,874928732.0,11366683345.000002,0.00394075489220906
2024-01-12,122.84,124.29,122.53,122.97,39747110.0,778895688.0,11366683345.000002,0.003496808065607285
2024-01-15,121.96,124.04,121.77,122.72,33855797.0,659832780.0,11366683345.000002,0.0029785114947266083
2024-01-16,122.53,123.6,121.08,123.35,58008393.0,1127694935.0,11366683345.000002,0.005103370195098893
2024-01-17,122.84,123.03,121.08,121.08,56149064.0,1088333238.0,11366683345.000002,0.004939793103737596
2024-01-18,120.13,123.09,118.31,122.78,112136644.0,2140221938.0,11366683345.000002,0.009865379424801772
2024-01-19,121.58,123.35,121.27,122.65,69114136.0,1343840467.0,11366683345.000002,0.006080413600190776
2024-01-22,122.21,123.28,119.19,120.51,98447057.0,1907709426.0,11366683345.000002,0.008661018699294115
2024-01-23,120.01,125.68,119.31,124.61,115286960.0,2254756633.0,11366683345.000002,0.010142532918427137
2024-01-24,125.24,129.9,123.53,129.27,145399272.0,2920645095.0,11366683345.000002,0.012791706040087631
2024-01-25,128.13,130.4,126.81,129.52,154279390.0,3154344626.0,11366683345.000002,0.013572946946557168
2024-01-26,128.51,132.79,127.94,131.22,148255677.0,3064826716.0,11366683345.000002,0.013043002298926097
2024-01-29,130.53,131.6,129.33,129.65,89354435.0,1849438738.0,11366683345.000002,0.007861082453687373
2024-01-30,128.83,131.03,127.76,128.76,90056671.0,1848202280.0,11366683345.000002,0.007922862656292285
2024-01-31,128.2,130.53,127.57,129.14,79319770.0,1627214289.0,11366683345.000002,0.006978268646402588
2024-02-01,127.88,130.91,127.76,128.76,76505057.0,1572022998.0,11366683345.000002,0.006730640300070749
2024-02-02,128.76,129.27,123.91,127.13,102218152.0,2061606711.0,11366683345.000002,0.008992786101054175
2024-02-05,126.5,129.27,124.48,127.13,99699061.0,2008152346.0,11366683345.000002,0.008771165517147603
2024-02-06,127.0,133.68,125.99,133.17,121024553.0,2509414266.0,11366683345.000002,0.010647305755485528
2024-02-07,132.42,134.05,131.66,133.42,112172568.0,2367112733.0,11366683345.000002,0.009868539889372627
2024-02-08,134.18,135.63,132.79,133.87,100939581.0,2149633923.0,11366683345.000002,0.008880302013902894
2024-02-19,133.05,133.05,129.46,131.35,95223930.0,1979888090.0,11366683345.000002,0.008377459555243728
2024-02-20,130.59,133.36,130.28,132.23,88862866.0,1858586985.0,11366683345.000002,0.007817835977553573
2024-02-21,131.66,136.76,131.09,134.68,128712979.0,2749494326.0,11366683345.000002,0.011323705877371741
2024-02-22,133.99,137.33,133.74,136.89,109404058.0,2365138039.0,11366683345.000002,0.009624976317135188
2024-02-23,136.95,137.2,135.19,135.57,77753585.0,1679100350.0,11366683345.000002,0.006840481311921335
2024-02-26,135.69,136.26,134.24,134.43,64641353.0,1386960298.0,11366683345.000002,0.005686914206898757
2024-02-27,134.31,135.25,133.74,135.19,81028401.0,1728538412.0,11366683345.000002,0.0071285878686541335
2024-02-28,135.57,136.95,132.29,132.29,117292456.0,2512179783.0,11366683345.000002,0.010318969257782203
2024-02-29,132.29,134.5,131.98,134.18,96392297.0,2037055653.0,11366683345.000002,0.008480248290052105
2024-03-01,134.18,135.06,132.92,134.31,72393608.0,1537955150.0,11366683345.000002,0.00636892977509087
2024-03-04,134.37,134.56,132.67,133.3,59070856.0,1250669911.0,11366683345.000002,0.005196841876129522
2024-03-05,132.48,133.8,132.42,133.42,79044486.0,1672330722.0,11366683345.000002,0.0069540501482141
2024-03-06,133.36,134.81,132.48,132.92,65445062.0,1385700082.0,11366683345.000002,0.005757621639806487
2024-03-07,132.73,133.55,130.46,131.09,89248571.0,1868871438.0,11366683345.000002,0.007851768918966044
2024-03-08,131.03,131.66,130.46,131.03,46543289.0,967921209.0,11366683345.000002,0.004094711499152789
2024-03-11,131.6,133.55,131.47,133.49,75836858.0,1598127873.0,11366683345.000002,0.006671854550550074
2024-03-12,134.18,135.13,133.3,134.81,82088824.0,1749861586.0,11366683345.000002,0.0072218800778073395
2024-03-13,134.81,135.0,132.61,132.73,63546808.0,1345066748.0,11366683345.000002,0.00559062006666642
2024-03-14,132.35,133.3,130.46,131.03,67506033.0,1410848005.0,11366683345.000002,0.005938938470534123
2024-03-15,130.46,131.6,129.71,131.47,60880390.0,1262584774.0,11366683345.000002,0.0053560381821298984
2024-03-18,131.6,135.0,131.47,133.93,102678963.0,2177023126.0,11366683345.000002,0.00903332659875377
2024-03-19,133.68,133.68,131.09,131.22,72465689.0,1522354516.0,11366683345.000002,0.006375271202736227
2024-03-20,130.84,132.1,130.65,131.28,47950221.0,999311219.0,11366683345.000002,0.004218488326332451
2024-03-21,131.47,133.36,131.03,131.22,68056123.0,1423455162.0,11366683345.000002,0.005987333414186879
2024-03-22,131.22,131.47,128.76,129.14,76624905.0,1576797500.0,11366683345.000002,0.00674118409691653
2024-03-25,124.73,125.49,122.84,122.84,179974202.0,3533742867.0,11366683345.000002,0.015833484274827395
2024-03-26,122.27,123.6,122.27,123.47,76399835.0,1490546285.0,11366683345.000002,0.006721383246204963
2024-03-27,122.97,123.09,121.71,121.9,68782249.0,1335178798.0,11366683345.000002,0.006051215373238674
2024-03-28,121.58,123.03,121.14,121.64,103701495.0,2007001601.0,11366683345.000002,0.009123285293736665
2024-03-29,121.46,121.46,120.32,120.95,86723088.0,1661488228.0,11366683345.000002,0.007629585989843547
2024-04-01,121.58,122.46,121.58,122.27,90708676.0,1757060951.0,11366683345.000002,0.0079802237158213
2024-04-02,122.34,122.65,121.46,121.64,68856339.0,1331754403.0,11366683345.000002,0.006057733545492727
2024-04-03,121.46,121.52,120.51,120.7,53094835.0,1018810156.0,11366683345.000002,0.004671092999468086
2024-04-08,119.69,120.13,118.31,119.19,72459954.0,1371551741.0,11366683345.000002,0.006374766658022001
2024-04-09,119.06,120.01,118.94,119.25,44879326.0,850475059.0,11366683345.000002,0.003948322007205523
2024-04-10,119.0,119.12,115.6,115.98,97599833.0,1813346733.0,11366683345.000002,0.008586482972883414
2024-04-11,115.53,116.67,115.22,115.53,61275915.0,1126874595.0,11366683345.000002,0.005390835051893494
2024-04-12,115.6,116.04,112.76,113.01,105756734.0,1909255553.0,11366683345.000002,0.009304097843679306
2024-04-15,110.24,112.89,108.73,111.75,179911656.0,3165646153.0,11366683345.000002,0.01582798170225617
2024-04-16,110.31,113.39,110.12,111.06,124925193.0,2217573728.0,11366683345.000002,0.010990470061344
2024-04-17,110.75,114.09,109.93,114.02,120547541.0,2145695272.0,11366683345.000002,0.010605339951959397
2024-04-18,113.46,116.73,113.27,114.72,134937611.0,2464131258.0,11366683345.000002,0.011871326657424358
2024-04-19,114.02,115.28,113.77,114.21,78230986.0,1420736104.0,11366683345.000002,0.00688248133827115
2024-04-22,114.21,116.86,114.21,115.16,77961623.0,1429239753.0,11366683345.000002,0.006858783748409241
2024-04-23,115.41,116.1,114.65,115.09,66568808.0,1217707087.0,11366683345.000002,0.005856484779201878
2024-04-24,114.97,115.47,113.71,115.09,54856952.0,998853309.0,11366683345.000002,0.004826117728011714
2024-04-25,114.97,115.41,114.09,114.53,51667856.0,940710872.0,11366683345.000002,0.004545552509187102
2024-04-26,116.86,121.39,115.72,120.7,225574137.0,4248412847.0,11366683345.000002,0.019845202875227976
2024-04-29,120.76,122.97,120.01,122.09,188665203.0,3638439646.0,11366683345.000002,0.016598087346472126
2024-04-30,121.27,121.96,119.38,119.75,102240996.0,1955881347.0,11366683345.000002,0.008994795834175671
2024-05-06,121.27,122.53,120.45,121.01,107831815.0,2079020102.0,11366683345.000002,0.009486656021559117
2024-05-07,120.95,121.27,120.13,120.45,65979247.0,1262187135.0,11366683345.000002,0.005804617318650218
2024-05-08,119.88,120.32,118.12,118.31,78310260.0,1478924663.0,11366683345.000002,0.006889455580237244
2024-05-09,118.62,119.82,118.56,119.12,74266702.0,1404596262.0,11366683345.000002,0.00653371786174272
2024-05-10,119.31,120.57,118.75,120.07,90579371.0,1720456371.0,11366683345.000002,0.007968847926061408
2024-05-13,119.88,120.51,118.18,119.57,81422538.0,1542516577.0,11366683345.000002,0.007163262627159953
2024-05-14,119.75,119.88,118.62,119.75,66901854.0,1266821447.0,11366683345.000002,0.005885784970813752
2024-05-15,120.07,120.26,118.05,118.12,77412096.0,1459083366.0,11366683345.000002,0.006810438335475596
2024-05-16,118.43,119.57,118.05,118.31,60508935.0,1139557602.0,11366683345.000002,0.0053233589045670725
2024-05-17,118.31,121.08,117.99,120.89,101014101.0,1918998124.0,11366683345.000002,0.008886858016013464
2024-05-20,120.89,122.9,120.64,121.52,132560646.0,2568987458.0,11366683345.000002,0.01166220980883672
2024-05-21,121.14,121.96,120.64,121.2,56540133.0,1088790431.0,11366683345.000002,0.004974197950615997
2024-05-22,120.95,121.96,120.64,121.64,64484219.0,1243525648.0,11366683345.000002,0.0056730901216110186
2024-05-23,121.01,121.39,118.68,118.87,86317822.0,1640457685.0,11366683345.000002,0.007593932141865256
2024-05-24,118.43,119.19,116.67,117.11,72645880.0,1360105854.0,11366683345.000002,0.006391123760120898
2024-05-27,117.17,118.18,116.79,117.99,58370293.0,1087384826.0,11366683345.000002,0.005135208858059377
2024-05-28,117.68,119.12,117.17,117.3,47092170.0,881360400.0,11366683345.000002,0.0041430000793252495
2024-05-29,116.92,118.43,116.92,117.49,37977769.0,709786485.0,11366683345.000002,0.0033411477954741944
2024-05-30,117.11,117.68,116.23,116.92,47548869.0,882503726.0,11366683345.000002,0.004183178818024862
2024-05-31,117.42,118.68,117.05,117.3,51955219.0,971574137.0,11366683345.000002,0.004570833674438037
2024-06-03,116.86,116.92,115.6,116.1,58595707.0,1079851030.0,11366683345.000002,0.005155039972656156
2024-06-04,116.1,117.23,116.1,116.92,48649749.0,901981204.0,11366683345.000002,0.0042800302888177265
2024-06-05,116.67,117.61,116.67,116.79,45134222.0,838900165.0,11366683345.000002,0.003970746842336707
2024-06-06,117.05,117.68,116.1,116.48,59233268.0,1098537259.0,11366683345.000002,0.005211130300911888
2024-06-07,116.86,117.17,114.65,115.79,57164346.0,1052028679.0,11366683345.000002,0.005029113969744355
2024-06-11,115.16,116.42,115.16,115.53,45270974.0,832296170.0,11366683345.000002,0.003982777792425605
2024-06-12,115.35,115.79,115.09,115.16,41591118.0,761921767.0,11366683345.000002,0.003659037270383289
2024-06-13,115.28,115.66,114.65,115.03,46159590.0,842708376.0,11366683345.000002,0.004060955038419784
2024-06-14,114.9,118.24,114.65,117.36,121165400.0,2242525169.0,11366683345.000002,0.010659696968975427
2024-06-17,116.61,117.61,116.29,117.55,59644131.0,1108331617.0,11366683345.000002,0.005247276552859755
2024-06-18,117.49,119.0,117.17,117.86,57472966.0,1077622166.0,11366683345.000002,0.00505626524955332
2024-06-19,118.05,118.05,116.67,116.73,46344891.0,861542371.0,11366683345.000002,0.004077257155262117
2024-06-20,116.73,117.17,115.66,115.79,42317417.0,780553079.0,11366683345.000002,0.0037229344493540997
2024-06-21,115.91,117.11,114.97,116.16,60417022.0,1111691879.0,11366683345.000002,0.005315272728748651
2024-06-24,115.98,116.98,115.91,116.04,51976654.0,960506542.0,11366683345.000002,0.004572719448797137
2024-06-25,116.1,116.29,113.39,114.15,74915915.0,1362945574.0,11366683345.000002,0.006590833291133614
2024-06-26,113.96,116.23,113.52,115.91,51017306.0,933106619.0,11366683345.000002,0.004488319455335368
2024-06-27,115.66,116.29,114.97,115.91,54151268.0,996013882.0,11366683345.000002,0.004764034182743391
2024-06-28,115.66,117.17,114.21,114.84,70738608.0,1300681101.0,11366683345.000002,0.006223328815710929
2024-07-01,114.59,115.16,113.39,114.65,46620988.0,845784492.0,11366683345.000002,0.004101547178272344
2024-07-02,114.34,115.85,114.21,114.59,40020689.0,730763530.0,11366683345.000002,0.003520876564015868
2024-07-03,114.59,116.1,113.83,115.79,43434363.0,794590716.0,11366683345.000002,0.0038211993491580804
2024-07-04,115.6,116.23,113.58,113.64,52014443.0,946439321.0,11366683345.000002,0.004576043989373577
2024-07-05,114.02,114.02,111.5,112.2,78678398.0,1401453947.0,11366683345.000002,0.006921843040046435
2024-07-08,111.5,112.01,109.93,110.24,60217254.0,1058986203.0,11366683345.000002,0.005297697857175592
2024-07-09,110.05,112.83,109.3,112.51,64141161.0,1131167617.0,11366683345.000002,0.005642909110177204
2024-07-10,112.2,116.23,111.88,114.46,91748765.0,1669558470.0,11366683345.000002,0.008071727012643368
2024-07-11,115.03,116.23,114.53,115.41,55823833.0,1023550001.0,11366683345.000002,0.0049111804477737905
2024-07-12,115.47,115.98,114.84,115.66,36218180.0,664064595.0,11366683345.000002,0.0031863454712963146
2024-07-15,115.66,116.86,115.41,116.29,53440139.0,986784181.0,11366683345.000002,0.004701471605919888
2024-07-16,116.48,118.75,115.91,117.99,84941179.0,1588630417.0,11366683345.000002,0.007472820032183274
2024-07-17,117.8,119.12,117.55,118.75,83777183.0,1578637964.0,11366683345.000002,0.007370415842265199
2024-07-18,118.81,119.69,117.42,119.5,88410384.0,1668453861.0,11366683345.000002,0.007778028235377044
2024-07-19,119.44,122.46,119.19,122.15,159109624.0,3066945339.0,11366683345.000002,0.01399789359575935
2024-07-22,125.93,127.5,123.28,127.19,370449492.0,7364394033.0,11366683345.000002,0.032590816578254904
2024-07-23,125.05,125.17,120.83,120.95,257122946.0,5022003950.0,11366683345.000002,0.02262075384664461
2024-07-24,120.13,121.58,118.18,118.94,168789715.0,3198694067.0,11366683345.000002,0.014849513255266985
2024-07-25,118.68,121.83,118.37,119.82,130620674.0,2490783477.0,11366683345.000002,0.011491538035803352
2024-07-26,119.19,123.09,118.87,121.33,113424535.0,2186433087.0,11366683345.000002,0.009978683452098926
2024-07-29,120.01,120.89,118.81,118.94,95943051.0,1821926953.0,11366683345.000002,0.008440725239539959
2024-07-30,118.56,119.5,118.05,119.19,70006292.0,1320638610.0,11366683345.000002,0.006158902282678131
2024-07-31,119.19,126.75,118.94,124.73,225317640.0,4428709175.0,11366683345.000002,0.01982263718986358
2024-08-01,123.16,124.86,122.9,123.35,126438939.0,2483167598.0,11366683345.000002,0.011123644000834966
2024-08-02,122.72,123.79,120.64,121.01,97703187.0,1890702077.0,11366683345.000002,0.008595575686814383
2024-08-05,120.45,122.34,120.26,120.45,96617014.0,1859377630.0,11366683345.000002,0.008500018085090764
2024-08-06,121.71,122.02,119.25,120.38,75060005.0,1433376713.0,11366683345.000002,0.006603509812122771
2024-08-07,120.45,121.08,119.25,119.5,57245073.0,1088904006.0,11366683345.000002,0.005036216041434907
2024-08-08,119.25,121.08,118.75,120.13,64732498.0,1233211162.0,11366683345.000002,0.0056949328168339145
2024-08-09,120.57,120.95,118.94,119.0,53998402.0,1027402387.0,11366683345.000002,0.004750585580775673
2024-08-12,118.56,119.19,117.93,118.87,45072581.0,848463355.0,11366683345.000002,0.003965323888416986
2024-08-13,118.75,120.2,118.43,120.07,47472446.0,898005759.0,11366683345.000002,0.004176455396805109
2024-08-14,119.63,120.13,118.62,118.75,46502325.0,879791557.0,11366683345.000002,0.004091107633473007
2024-08-15,118.68,121.58,118.49,120.64,83514500.0,1597152698.0,11366683345.000002,0.00734730593482544
2024-08-16,120.32,121.01,119.69,120.32,45332130.0,865184296.0,11366683345.000002,0.0039881580777862335
2024-08-19,120.13,121.08,119.75,119.94,43305842.0,826900172.0,11366683345.000002,0.0038098925329040204
2024-08-20,120.07,120.2,118.87,119.25,41658617.0,788835154.0,11366683345.000002,0.003664975590115728
2024-08-21,119.06,119.57,118.37,119.19,37924159.0,716968058.0,11366683345.000002,0.0033364313801072104
2024-08-22,119.69,120.26,117.42,117.99,50241548.0,944929814.0,11366683345.000002,0.004420071051077564
2024-08-23,117.86,120.95,117.74,120.32,68655877.0,1305618025.0,11366683345.000002,0.006040097618290781
2024-08-26,120.35,120.94,118.67,119.26,58841279.0,1089938097.0,11366683345.000002,0.005176644515735825
2024-08-27,118.87,119.58,117.96,119.26,40210254.0,739365132.0,11366683345.000002,0.00353755381227258
2024-08-28,118.93,119.71,118.42,119.06,33370073.0,614642147.0,11366683345.000002,0.0029357792407121897
2024-08-29,119.51,122.42,119.26,121.39,86632408.0,1629341686.0,11366683345.000002,0.007621608288939273
2024-08-30,121.13,125.85,120.94,124.62,142158143.0,2735400700.0,11366683345.000002,0.012506563144695395
2024-09-02,123.97,124.04,122.16,122.23,65395420.0,1243771468.0,11366683345.000002,0.005753254314836373
2024-09-03,122.16,124.36,122.16,123.52,50871883.0,971650931.0,11366683345.000002,0.004475525661791011
2024-09-04,123.07,124.62,123.07,123.52,46710930.0,894498620.0,11245203200.999998,0.004153853795709637
2024-09-05,123.07,123.91,122.55,123.45,52389478.0,999567984.0,11245203200.999998,0.004658828930307029
2024-09-06,125.59,126.49,123.0,123.13,117612817.0,2270723933.0,11245203200.999998,0.010458932124013649
2024-09-09,121.39,124.04,121.13,122.62,72901485.0,1386724718.0,11245203200.999998,0.006482896191108144
2024-09-10,123.0,123.13,121.13,121.97,53073412.0,1001496950.0,11245203200.999998,0.00471964899622982
2024-09-11,121.78,123.26,121.58,122.74,46040786.0,874378090.0,12176550974.0,0.0037811023908419276
2024-09-12,122.87,123.0,121.71,121.97,34125596.0,645613092.0,12176550974.0,0.0028025666769569426
2024-09-13,122.16,123.26,121.71,122.23,46149992.0,876310760.0,12176550974.0,0.0037900709403296423
2024-09-18,121.45,122.81,121.26,122.36,37932607.0,716767636.0,12176550974.0,0.003115217690214221
2024-09-19,123.2,125.97,122.42,124.94,98938852.0,1906649056.0,12176550974.0,0.008125359324759478
2024-09-20,124.68,125.07,123.58,124.62,62919701.0,1211200793.0,12176550974.0,0.005167284326600315
2024-09-23,124.81,125.78,123.84,124.75,53651089.0,1037305241.0,12176550974.0,0.004406098994252032
2024-09-24,127.33,134.57,125.33,134.5,286916339.0,5812378580.0,12176550974.0,0.02356302204233683
2024-09-25,137.54,140.7,135.99,136.7,300731823.0,6440028901.0,12176550974.0,0.024697619518214815
2024-09-26,135.73,145.29,135.73,145.23,309320312.0,6741430788.0,12176550974.0,0.025402949707226348
2024-09-27,151.17,159.76,146.65,159.76,279934718.0,6591736856.0,12176550974.0,0.022989655986964706
2024-09-30,175.72,175.72,170.81,175.72,394917453.0,10719669520.0,12176550974.0,0.032432620192963356
2024-10-08,193.29,193.29,193.29,193.29,147521340.0,4413838493.0,12176550974.0,0.012115199149167541
2024-10-09,200.27,212.48,185.86,196.07,1351455140.0,42197359701.0,12176550974.0,0.11098833675362561
2024-10-10,187.99,192.13,177.53,179.27,774670412.0,22003292806.0,12176550974.0,0.06361985538056845
2024-10-11,175.72,186.31,172.36,181.98,485999047.0,13374058536.0,12176550974.0,0.03991270171970127
2024-10-14,180.69,180.76,168.42,177.4,450419082.0,12170846100.0,12176550974.0,0.0369906948988887
2024-10-15,174.43,179.53,172.23,172.62,278100853.0,7580601663.0,12176550974.0,0.022839049710695194
2024-10-16,168.68,175.33,168.42,170.61,259489205.0,6871284447.0,12176550974.0,0.02131056697040687
2024-10-17,171.2,174.36,168.87,169.0,206519367.0,5484875177.0,12176550974.0,0.01696041575656118
2024-10-18,168.74,185.93,168.61,180.31,571182902.0,15746269660.0,12176550974.0,0.04690843106718965
2024-10-21,177.27,180.24,175.72,177.4,363397689.0,10009390464.0,12176550974.0,0.029844057629779194
2024-10-22,177.53,180.31,176.49,178.75,223802073.0,6179374320.0,12176550974.0,0.018379759053107382
2024-10-23,178.82,182.11,177.46,178.11,279364960.0,7763427776.0,12176550974.0,0.022942864576062177
2024-10-24,177.01,179.01,175.14,176.24,162902254.0,4461535778.0,12176550974.0,0.01337835766037832
2024-10-25,176.24,180.18,175.72,177.66,166572085.0,4581169511.0,12176550974.0,0.013679742757671963
2024-10-28,177.72,178.37,176.62,177.59,134573195.0,3691356706.0,12176550974.0,0.011051831942177027
2024-10-29,177.79,180.63,175.72,175.91,186891626.0,5145710569.0,12176550974.0,0.015348486315957666
2024-10-30,176.04,179.47,175.52,177.4,194475316.0,5331028926.0,12176550974.0,0.01597129732510082
2024-10-31,177.01,186.05,175.72,181.66,409520352.0,11535642433.0,12176550974.0,0.033631884174297716
2024-11-01,181.66,184.89,179.85,180.56,272158167.0,7672169096.0,12176550974.0,0.02235100625629755
2024-11-04,180.95,187.8,180.95,187.73,274289684.0,7846310564.0,12176550974.0,0.02252605722143138
2024-11-05,188.83,200.2,185.34,196.84,427442377.0,12816061523.0,12176550974.0,0.03510373158316316
2024-11-06,200.33,213.19,197.62,200.78,545096360.0,17240261829.0,12176550974.0,0.04476607219597059
2024-11-07,197.04,220.88,197.04,220.88,480450523.0,15537735137.0,12176550974.0,0.03945702884387235
2024-11-08,235.73,235.73,223.2,225.33,745430253.0,26491205205.0,12176550974.0,0.06121850551865476
2024-11-11,216.74,229.98,213.83,225.33,513305843.0,17642461682.0,12176550974.0,0.0421552740259567
2024-11-12,225.4,226.75,214.35,219.2,414565034.0,14166082324.0,12176550974.0,0.03404617899479094
2024-11-13,213.19,216.35,209.76,212.67,364705539.0,12011916259.0,12176550974.0,0.029951464891720004
2024-11-14,212.74,217.26,210.54,211.06,255445067.0,8452182996.0,12176550974.0,0.020978441887644497
2024-11-15,211.06,213.19,200.98,201.11,302257008.0,9658174454.0,12176550974.0,0.024822875430439602
2024-11-18,200.59,202.92,196.26,198.14,245026383.0,7563239700.0,12176550974.0,0.020122806821339885
2024-11-19,198.33,203.63,196.91,202.21,219410612.0,6795769179.0,12176550974.0,0.018019110047541118
2024-11-20,202.46,207.76,200.33,205.05,217290426.0,6873427378.0,12176550974.0,0.01784498964148138
2024-11-21,203.63,207.5,202.72,206.02,190430590.0,6042276754.0,12176550974.0,0.015639123952802172
2024-11-22,206.02,206.6,195.36,195.94,230577943.0,7164401757.0,12176550974.0,0.018936227794910228
2024-11-25,195.94,197.04,188.25,191.61,231810113.0,6880269269.0,12176550974.0,0.01903741983218178
2024-11-26,191.74,195.42,191.16,192.0,136519265.0,4077617099.0,12176550974.0,0.011211653060994281
2024-11-27,191.8,195.68,190.51,195.62,178303390.0,5342614122.0,12176550974.0,0.014643176904586741
2024-11-28,196.13,196.46,192.58,192.97,128196740.0,3858994298.0,12176550974.0,0.010528165181892007
2024-11-29,193.03,205.95,192.19,198.65,293290911.0,9039101215.0,12176550974.0,0.024086534161130674
2024-12-02,197.68,203.24,196.97,202.01,193238036.0,6024240988.0,12176550974.0,0.015869685628763994
2024-12-03,202.01,203.24,198.33,200.78,154230920.0,4787944453.0,12176550974.0,0.012666223820630474
2024-12-04,200.27,201.56,197.81,198.98,117878574.0,3643248466.0,12176550974.0,0.009680785162539082
2024-12-05,198.33,201.88,198.01,199.62,115893331.0,3584769689.0,12176550974.0,0.009517746958679959
2024-12-06,199.62,204.4,198.01,201.82,205417748.0,6420319586.0,12176550974.0,0.01686994522821927
2024-12-09,201.24,202.72,198.65,201.04,125857170.0,3912475318.0,12176550974.0,0.010336027851296867
2024-12-10,213.19,213.19,202.79,203.37,306678393.0,9869463926.0,12176550974.0,0.025185981946352094
2024-12-11,203.05,204.92,201.3,202.46,131147987.0,4119760433.0,12176550974.0,0.010770536523850962
2024-12-12,202.08,206.6,200.53,204.53,169464117.0,5331870964.0,12176550974.0,0.013917251064102514
2024-12-13,202.46,202.53,196.2,196.52,201322645.0,6204088515.0,12176550974.0,0.016533634641687493
2024-12-16,195.74,196.07,193.48,194.0,126345331.0,3801767876.0,12176550974.0,0.010376118103540081
2024-12-17,193.87,198.01,193.23,195.29,119716603.0,3621328203.0,12176550974.0,0.009831733407565497
2024-12-18,196.39,197.04,194.97,195.68,69869446.0,2116480629.0,12176550974.0,0.005738032563505778
2024-12-19,193.81,196.33,193.03,195.94,92146787.0,2782391123.0,12176550974.0,0.007567560567582444
2024-12-20,195.94,199.0,195.55,197.57,97771248.0,2964895280.0,12176550974.0,0.00802946977422147
2024-12-23,196.0,198.8,194.57,194.83,104588907.0,3149338369.0,12176550974.0,0.008589370440227584
2024-12-24,194.83,197.83,194.7,197.44,108200942.0,3264728040.0,12176550974.0,0.00888600903745537
2024-12-25,197.57,197.89,194.7,195.94,94086226.0,2833858815.0,12176550974.0,0.007726837115115583
2024-12-26,195.94,197.5,195.03,196.33,81141198.0,2447344066.0,12176550974.0,0.00666372589194238
2024-12-27,196.39,200.3,194.83,196.79,179264402.0,5429064622.0,12176550974.0,0.014722100074378582
2024-12-30,196.0,198.87,195.35,198.67,120669105.0,3662919134.0,12176550974.0,0.009909957693082293
2024-12-31,198.8,199.06,189.82,189.95,198081281.0,5903231591.0,12176550974.0,0.016267437423204106
2025-01-02,188.71,188.84,176.92,178.75,282848733.0,7898902462.0,12176550974.0,0.023228969648626547
2025-01-03,178.03,179.53,174.78,175.62,183954608.0,4998126763.0,12176550974.0,0.015107283531501602
2025-01-06,174.52,176.53,172.69,176.21,123687710.0,3329164147.0,12176550974.0,0.010157860814947055
2025-01-07,176.47,177.9,174.58,176.86,97972405.0,2650426338.0,12176550974.0,0.008045989805257312
2025-01-08,176.6,177.64,172.56,175.69,119233601.0,3199334778.0,12176550974.0,0.009792066838515582
2025-01-09,175.36,176.6,174.52,175.1,63000753.0,1699066076.0,12176550974.0,0.0051739407271010045
2025-01-10,175.36,176.34,172.3,172.3,80024977.0,2145973115.0,12176550974.0,0.0065720561734495635
2025-01-13,170.35,173.15,170.35,172.63,66066389.0,1745282889.0,12176550974.0,0.005425706272742451
2025-01-14,173.34,180.77,172.89,180.38,166624923.0,4556431362.0,12176550974.0,0.013684082081681925
2025-01-15,179.01,180.12,177.64,178.23,88863984.0,2439628711.0,12176550974.0,0.0072979601686673804
2025-01-16,179.4,180.96,175.95,177.45,88458384.0,2422135499.0,12176550974.0,0.007264650243642958
2025-01-17,176.53,179.66,176.53,177.84,67056250.0,1835393759.0,12176550974.0,0.005506998668439196
2025-01-20,179.4,181.35,177.9,178.42,90952804.0,2509191200.0,12176550974.0,0.007469504640041923
2025-01-21,179.72,179.98,177.45,178.55,72906952.0,2001896776.0,12176550974.0,0.00598748793116168
2025-01-22,178.1,178.62,176.47,177.32,70067082.0,1906375662.0,12176550974.0,0.005754263432199385
2025-01-23,181.16,185.59,178.62,178.75,162452767.0,4530428409.0,12176550974.0,0.013341443512771188
2025-01-24,178.62,180.64,178.03,179.33,96903722.0,2672866999.0,12176550974.0,0.007958224147947463
2025-01-27,179.92,180.05,175.3,175.36,88625976.0,2413270221.0,12176550974.0,0.007278413746982931
2025-02-05,177.58,177.58,174.78,175.49,78652890.0,2123929188.0,12176550974.0,0.006459373443920508
2025-02-06,175.17,178.81,174.78,178.23,104484162.0,2841760897.0,12176550974.0,0.008580768250640101
2025-02-07,178.1,186.69,177.32,183.24,215736565.0,6040036146.0,12176550974.0,0.017717378710987358
2025-02-10,183.37,184.28,182.07,183.31,108905279.0,3061349664.0,12176550974.0,0.008943852757036058
2025-02-11,183.05,183.18,181.22,182.13,89039231.0,2488585227.0,12176550974.0,0.007312352339354646
2025-02-12,182.13,184.61,180.44,184.09,115983826.0,3249412218.0,12176550974.0,0.009525178866138257
2025-02-13,184.09,186.04,182.33,183.11,147661669.0,4172564748.0,12176550974.0,0.012126723676950462
2025-02-14,182.33,184.74,182.07,183.89,98633225.0,2779540098.0,12176550974.0,0.008100259688528118
2025-02-17,185.59,186.43,182.98,184.22,120864874.0,3429274427.0,12176550974.0,0.009926035234285712
2025-02-18,183.57,183.83,178.81,179.33,111498104.0,3107292513.0,12176550974.0,0.009156788670131345
2025-02-19,179.4,183.37,179.07,182.26,100071844.0,2792111250.0,12176550974.0,0.008218406362662018
2025-02-20,181.87,182.72,180.51,181.61,71257049.0,1988990232.0,12176550974.0,0.005851989545492129
2025-02-21,181.61,186.3,180.44,185.32,184740434.0,5232423977.0,12176550974.0,0.015171819540234941
2025-02-24,185.32,186.76,183.05,184.61,119793301.0,3405197278.0,12176550974.0,0.009838032235547557
2025-02-25,182.98,183.76,180.51,181.22,103860361.0,2906055926.0,12176550974.0,0.008529538555028268
2025-02-26,181.55,185.26,180.77,185.26,139382674.0,3916115612.0,12176550974.0,0.011446810701783869
2025-02-27,183.83,185.59,181.22,183.89,144479996.0,4062952243.0,12176550974.0,0.011865428585524845
2025-02-28,183.37,186.11,177.77,177.97,159499112.0,4442533958.0,12176550974.0,0.013098874413663667
2025-03-03,178.62,181.03,177.18,178.16,106508981.0,2931519667.0,12176550974.0,0.008747056635940956
2025-03-04,177.25,179.01,176.86,178.16,64173120.0,1755293975.0,12176550974.0,0.005270221439307876
2025-03-05,178.16,178.94,176.6,178.03,78185646.0,2134914467.0,12176550974.0,0.006421001001592818
2025-03-06,179.14,182.98,179.07,182.33,156284409.0,4359222945.0,12176550974.0,0.012834866731450189
2025-03-07,181.03,181.61,179.2,179.59,95791193.0,2653091475.0,12176550974.0,0.007866857635182434
2025-03-10,179.07,179.07,176.73,177.38,90443787.0,2465622786.0,12176550974.0,0.0074277015875119515
2025-03-11,175.82,177.84,175.23,177.77,77948559.0,2112824030.0,12176550974.0,0.006401530217090191
2025-03-12,177.77,180.51,177.05,177.77,97578618.0,2674523652.0,12176550974.0,0.00801365002358672
2025-03-13,177.45,178.75,175.69,176.47,86042862.0,2338986157.0,12176550974.0,0.007066275350361786
2025-03-14,177.32,185.32,176.73,182.79,261208380.0,7293137589.0,12176550974.0,0.021451754323350315
2025-03-17,183.5,183.5,181.22,181.42,104001952.0,2908938808.0,12176550974.0,0.00854116672463905
2025-03-18,182.07,183.05,181.29,182.0,68407227.0,1912300538.0,12176550974.0,0.005617947737915822
2025-03-19,181.87,182.92,181.22,181.87,67762255.0,1893145480.0,12176550974.0,0.005564979372622795
2025-03-20,181.87,182.0,179.79,180.25,64119108.0,1777878916.0,12176550974.0,0.005265785700475482
2025-03-21,179.72,180.44,176.14,176.4,97701264.0,2668760589.0,12176550974.0,0.008023722333903647
2025-03-24,176.4,177.12,175.82,177.05,66879005.0,1812137629.0,12176550974.0,0.00549244241187866
2025-03-25,177.12,177.25,175.82,175.95,53905068.0,1459856180.0,12176550974.0,0.004426957035296849
2025-03-26,175.95,176.53,175.43,175.69,56408101.0,1523533196.0,12176550974.0,0.004632518774852213
2025-03-27,175.43,176.86,173.93,175.17,72547231.0,1953678394.0,12176550974.0,0.005957945821842867
2025-03-28,175.69,176.01,174.06,174.52,65897568.0,1769583853.0,12176550974.0,0.005411841837701652
2025-03-31,173.99,174.78,171.26,172.69,79783870.0,2115699502.0,12176550974.0,0.0065522552461989144
2025-04-01,172.69,173.6,171.85,172.17,59639770.0,1580113214.0,12176550974.0,0.004897919790862446
2025-04-02,171.91,173.28,171.58,172.82,45671867.0,1211260842.0,12176550974.0,0.003750804895205623
2025-04-03,171.26,173.99,171.26,172.17,55867758.0,1479533337.0,12176550974.0,0.004588143072639512
2025-04-07,162.79,163.9,154.98,156.41,227729985.0,5537982335.0,12176550974.0,0.018702339068448925
2025-04-08,157.0,160.12,155.5,159.54,171895621.0,4187725099.0,12176550974.0,0.014116938480119731
2025-04-09,159.15,163.58,157.26,162.08,142335172.0,3510522520.0,12176550974.0,0.011689284782195008
2025-04-10,164.42,165.4,160.84,163.71,122731517.0,3093831094.0,12176550974.0,0.010079333405827534
2025-04-11,163.64,166.64,162.99,165.14,93228996.0,2355030858.0,12176550974.0,0.007656437048476811
2025-04-14,165.66,165.98,164.16,164.29,63510014.0,1608059450.0,12176550974.0,0.00521576381814603
2025-04-15,164.03,164.16,162.4,163.51,56251565.0,1409537552.0,12176550974.0,0.004619663246194366
2025-04-16,163.38,164.42,161.3,163.77,66204342.0,1651630526.0,12176550974.0,0.005437035671378778
2025-04-17,163.12,164.42,162.6,163.9,48169473.0,1210732279.0,12176550974.0,0.003955920942051156
2025-04-18,163.18,164.42,162.79,163.77,47629384.0,1196730534.0,12176550974.0,0.003911566099604126
2025-04-21,163.25,164.62,162.73,164.29,44137123.0,1112592222.0,12176550974.0,0.003624763949516071
2025-04-22,164.1,164.75,163.31,163.31,45949114.0,1157699163.0,12176550974.0,0.003773573822186013
2025-04-23,164.29,164.62,163.05,163.64,48372379.0,1216639786.0,12176550974.0,0.003972584609819907
2025-04-24,163.58,164.42,162.47,162.79,51916077.0,1302315279.0,12176550974.0,0.004263611026706486
2025-04-25,163.45,164.94,163.31,164.1,67011322.0,1690527144.0,12176550974.0,0.005503308953667261
2025-04-28,164.1,164.16,162.79,163.64,44065597.0,1106437411.0,12176550974.0,0.00361888987235311
2025-04-29,163.71,164.1,162.53,162.86,46258639.0,1158492283.0,12176550974.0,0.003798993581907868
2025-04-30,163.31,164.62,162.92,163.31,51451423.0,1293711645.0,12176550974.0,0.004225451288288591
2025-05-06,164.62,167.22,164.1,166.11,81902958.0,2086441329.0,12176550974.0,0.006726285478940911
2025-05-07,171.13,172.04,166.77,167.16,117323426.0,3040010228.0,12176550974.0,0.009635193598787952
2025-05-08,166.96,170.61,166.38,168.39,83674744.0,2170080322.0,12176550974.0,0.006871793513505313
2025-05-09,168.0,168.52,166.31,166.38,47695837.0,1223488810.0,12176550974.0,0.003917023556329096
2025-05-12,167.87,171.78,167.03,171.26,131458156.0,3436067273.0,12176550974.0,0.01079600917211255
2025-05-13,172.56,172.89,169.7,169.89,79642618.0,2088033654.0,12176550974.0,0.0065406549169840485
2025-05-14,169.63,180.64,169.37,176.27,273905637.0,7367935399.0,12176550974.0,0.02249451733786172
2025-05-15,174.52,175.88,172.69,173.08,99456456.0,2657150207.0,12176550974.0,0.008167867585194244
2025-05-16,172.37,173.73,170.15,170.67,71479998.0,1878231801.0,12176550974.0,0.005870299245872479
2025-05-19,170.48,170.87,169.44,170.02,49274631.0,1285903214.0,12176550974.0,0.004046682110986415
2025-05-20,170.35,171.13,169.7,169.89,50524073.0,1320882683.0,12176550974.0,0.004149292612323606
2025-05-21,169.89,170.61,169.5,169.57,53649225.0,1400914012.0,12176550974.0,0.004405945913137028
2025-05-22,169.31,169.76,168.39,169.24,44399458.0,1153132884.0,12176550974.0,0.003646308227576431
2025-05-23,168.85,170.28,167.09,167.16,66448183.0,1720713753.0,12176550974.0,0.005457061128548108
2025-05-26,167.03,167.81,166.25,166.83,45069898.0,1154448356.0,12176550974.0,0.0037013681539407647
2025-05-27,166.64,166.9,165.53,166.11,43510492.0,1110726854.0,12176550974.0,0.0035733018399796337
2025-05-28,166.31,166.57,165.14,165.53,35473327.0,902758248.0,12176550974.0,0.0029132491684832986
2025-05-29,165.46,167.94,165.46,167.35,54271635.0,1392291072.0,12176550974.0,0.004457061372788041
2025-05-30,166.57,167.03,165.2,166.18,54977072.0,1402145833.0,12176550974.0,0.004514995429936596
2025-06-03,165.4,167.87,165.14,166.64,54994639.0,1407063923.0,12176550974.0,0.004516438120895432
2025-06-04,166.57,169.63,166.44,168.59,63914301.0,1653640823.0,12176550974.0,0.005248965912964444
2025-06-05,168.78,170.8,168.39,170.48,85204555.0,2221904942.0,12176550974.0,0.006997429336265512
2025-06-06,170.48,171.13,168.98,169.18,50405365.0,1313321249.0,12176550974.0,0.0041395437104996425
2025-06-09,169.83,172.76,169.83,172.11,90876994.0,2399507281.0,12176550974.0,0.007463278739114652
2025-06-10,172.11,172.5,168.13,168.98,73534370.0,1920532860.0,12176550974.0,0.006039014673121673
2025-06-11,169.63,173.86,169.31,171.78,103266558.0,2730197606.0,12176550974.0,0.008480772447017228
2025-06-12,170.41,173.73,169.7,172.17,74801514.0,1978379473.0,12176550974.0,0.006143078952301029
2025-06-13,171.58,172.17,170.48,171.26,73726526.0,1937850752.0,12176550974.0,0.006054795496477179
2025-06-16,170.61,174.19,170.41,173.73,78096124.0,2072284895.0,12176550974.0,0.006413649001819553
2025-06-17,173.67,173.99,172.69,173.86,51496764.0,1371101918.0,12176550974.0,0.004229174920711008
2025-06-18,173.86,173.93,170.93,171.78,52304769.0,1381128495.0,12176550974.0,0.00429553238118773
2025-06-19,171.58,172.04,168.39,168.72,65214670.0,1698490899.0,12176550974.0,0.005355758797318693
2025-06-20,168.72,169.63,168.52,168.52,41992436.0,1089208101.0,12176550974.0,0.0034486313973196856
2025-06-23,167.87,171.26,167.68,170.8,55235775.0,1439115622.0,12176550974.0,0.004536241429772871
2025-06-24,171.13,176.27,171.0,175.23,136424965.0,3659696310.0,12176550974.0,0.011203908667676227
2025-06-25,175.43,183.63,174.84,182.52,285636122.0,7881370307.0,12176550974.0,0.023457884142225906
2025-06-26,182.2,182.72,179.4,179.53,166940228.0,4633306781.0,12176550974.0,0.01370997652426039
2025-06-27,180.05,185.32,179.07,179.59,177658492.0,4968291923.0,12176550974.0,0.01459021461654828
2025-06-30,179.79,181.35,178.1,179.85,96862649.0,2670400296.0,12176550974.0,0.00795485102528837
2025-07-01,179.92,180.9,177.84,178.36,70762348.0,1940654049.0,12176550974.0,0.005811362195345416
2025-07-02,178.42,179.2,177.32,177.64,57525052.0,1573744149.0,12176550974.0,0.004724248444640067
2025-07-03,178.36,180.7,178.16,180.18,72598917.0,2000459020.0,12176550974.0,0.005962190537781754
2025-07-04,179.72,182.65,178.1,180.12,102139372.0,2830151537.0,12176550974.0,0.008388202227222903
2025-07-07,179.27,181.74,179.01,180.96,57222377.0,1588782683.0,12176550974.0,0.004699391241590839
2025-07-08,180.51,182.85,180.44,182.46,84580324.0,2365303710.0,12176550974.0,0.006946164326877149
2025-07-09,182.46,184.02,180.77,181.09,80770210.0,2261446228.0,12176550974.0,0.006633258479553423
2025-07-10,180.9,185.06,180.51,183.83,142197216.0,4006903003.0,12176550974.0,0.011677955137183496
2025-07-11,184.48,190.73,183.37,186.63,246501548.0,7099768618.0,12176550974.0,0.020243954837978573
2025-07-14,187.34,187.67,184.8,185.0,100929723.0,2880998854.0,12176550974.0,0.008288859728465832
2025-07-15,185.26,186.37,182.85,183.89,94326837.0,2669330265.0,12176550974.0,0.0077465973083356305
2025-07-16,183.89,184.48,181.68,182.85,76152358.0,2140328874.0,12176550974.0,0.006254017099144449
2025-07-17,182.79,184.8,182.39,183.96,63999706.0,1801602017.0,12176550974.0,0.005255979803858702
2025-07-18,184.28,185.32,183.37,184.54,66669830.0,1886801282.0,12176550974.0,0.005475263902098128
2025-07-21,185.26,188.91,184.54,188.19,132900464.0,3827828697.0,12176550974.0,0.010914458805599051
2025-07-22,188.19,189.36,185.85,188.39,112187441.0,3231521991.0,12176550974.0,0.009213400513786574
2025-07-23,188.91,195.74,188.84,193.92,288781318.0,8542345798.0,12176550974.0,0.02371618355777599
2025-07-24,192.49,197.18,191.97,195.61,209784096.0,6293474532.0,12176550974.0,0.017228531827111128
2025-07-25,195.94,196.79,192.81,193.4,121393484.0,3625225120.0,12176550974.0,0.009969447363149518
2025-07-28,193.59,198.15,193.01,195.09,125792547.0,3779720808.0,12176550974.0,0.010330720683434803
2025-07-29,194.05,195.29,191.77,195.03,122993105.0,3656078962.0,12176550974.0,0.010100816336466806
2025-07-30,194.7,197.5,191.77,193.92,126880860.0,3797224729.0,12176550974.0,0.010420098455705771
2025-07-31,192.68,194.7,187.86,188.97,141339521.0,4146844446.0,12176550974.0,0.011607516882391035
2025-08-01,188.84,190.14,186.89,187.21,96389080.0,2786733536.0,12176550974.0,0.007915959141945443
2025-08-04,186.56,188.78,186.24,188.25,71371756.0,2055044707.0,12176550974.0,0.00586140986494424
2025-08-05,188.58,190.66,188.06,190.01,91358852.0,2654420805.0,12176550974.0,0.007502851357093986
2025-08-06,189.49,190.53,188.58,189.88,73924034.0,2153758084.0,12176550974.0,0.0060710158531628875
2025-08-07,190.21,191.77,188.45,189.56,88005636.0,2566335297.0,12176550974.0,0.007227468286209631
2025-08-08,189.49,189.56,187.67,188.06,65456137.0,1894690752.0,12176550974.0,0.005375589289591554
2025-08-11,188.12,193.07,188.12,191.32,126773499.0,3724263635.0,12176550974.0,0.010411281426956888
2025-08-12,191.71,192.55,190.86,191.97,82051260.0,2415805698.0,12176550974.0,0.006738464789840743
2025-08-13,193.07,195.74,190.92,192.88,200047866.0,5945238503.0,12176550974.0,0.01642894333766208
2025-08-14,193.46,196.66,192.55,193.07,186187703.0,5562185689.0,12176550974.0,0.015290676596152523
2025-08-15,193.07,205.19,192.16,202.52,400806610.0,12313562406.0,12176550974.0,0.032916267574933405
2025-08-18,203.1,210.33,201.21,206.42,356648188.0,11284010952.0,12176550974.0,0.029289754443728246
2025-08-19,205.12,207.27,201.47,201.99,196858262.0,6158371746.0,12176550974.0,0.016166996912372143
2025-08-20,201.21,202.91,197.63,202.84,185823025.0,5718792645.0,12176550974.0,0.015260727392902877
2025-08-21,204.14,204.6,200.04,201.08,137901268.0,4284970507.0,12176550974.0,0.011325150142635127
2025-08-22,201.02,209.81,200.95,209.68,270491980.0,8561038378.0,12176550974.0,0.02221417054612332
2025-08-25,213.49,213.69,207.77,211.12,251449182.0,8054612646.0,12176550974.0,0.020650279585484203
2025-08-26,209.81,210.8,207.77,208.1,139998282.0,4459689621.0,12176550974.0,0.011497367546765218
2025-08-27,208.04,210.73,202.78,202.91,209491695.0,6604013663.0,12176550974.0,0.01720451837694578
2025-08-28,202.98,206.92,201.6,206.92,163948378.0,5092858422.0,12176550974.0,0.01346427065842134
2025-08-29,208.23,210.73,205.93,206.79,248687107.0,7870324453.0,12176550974.0,0.02042344400569665
2025-09-01,206.85,207.25,202.98,204.75,170874307.0,5328087689.0,12176550974.0,0.014033063004857422
2025-09-02,204.95,205.8,201.4,202.19,170084591.0,5255366923.0,12176550974.0,0.013968207529634081
2025-09-03,203.44,204.1,193.91,195.69,188476082.0,5681134739.0,12176550974.0,0.015478609862714316
2025-09-04,195.49,196.48,191.81,194.18,181580653.0,5367895398.0,12176550974.0,0.014912322330660002
2025-09-05,194.24,196.08,192.67,195.95,133373060.0,3946998043.0,12176550974.0,0.010953270781256946
2025-09-08,195.75,195.75,192.8,193.45,155119817.0,4576095541.0,12176550974.0,0.012739224541598013
2025-09-09,193.45,195.36,192.99,193.91,117928405.0,3481157225.0,12176550974.0,0.00968487753648852
2025-09-10,194.24,195.03,192.73,193.65,88404843.0,2609280738.0,12176550974.0,0.007260253185714624
2025-09-11,193.06,199.23,192.47,199.23,186399077.0,5582043266.0,12176550974.0,0.015308035698943727
2025-09-12,199.43,199.89,195.1,195.62,147984324.0,4443482473.0,12176550974.0,0.012153221738732402
2025-09-15,196.15,198.05,193.26,194.37,172454102.0,5134931803.0,12176550974.0,0.014162803766701499
2025-09-16,194.44,196.15,191.88,192.34,208344421.0,6137333282.0,12176550974.0,0.017110298428912075
2025-09-17,192.4,193.85,190.23,190.43,302415262.0,8823722234.0,12176550974.0,0.024835872049953446
2025-09-18,190.56,191.75,184.91,186.23,372997884.0,10712761661.0,12176550974.0,0.030632474236460254
2025-09-19,185.57,187.87,184.85,185.96,166230032.0,4717340586.0,12176550974.0,0.01365165163394322
2025-09-22,186.88,189.71,186.29,189.05,155923418.0,4470772780.0,12176550974.0,0.01280522032330302
2025-09-23,188.07,189.25,185.57,187.21,149735724.0,4261899074.0,12176550974.0,0.012297055571789043
2025-09-24,186.23,189.64,186.16,188.46,155819804.0,4449992755.0,12176550974.0,0.012796711017160317
2025-09-25,188.07,189.45,187.54,188.59,132806322.0,3815540272.0,12176550974.0,0.010906727388040743
2025-09-26,188.33,190.43,187.28,188.66,126643060.0,3641096137.0,12176550974.0,0.010400569116034155
2025-09-29,188.66,206.85,188.0,199.76,593771449.0,17972866572.0,12176550974.0,0.04876351688321688
2025-09-30,198.91,201.01,195.36,196.41,295038797.0,8855514217.0,12176550974.0,0.024230079406720513
2025-10-09,194.44,198.71,192.8,194.77,380798468.0,11325172371.0,12176550974.0,0.03127309767873518
2025-10-10,194.7,198.84,194.04,194.96,267585628.0,7995783962.0,12176550974.0,0.021975486208809264
2025-10-13,189.84,193.72,189.25,191.81,211049326.0,6135452947.0,12176550974.0,0.017332438918922395
2025-10-14,191.81,195.16,190.04,190.69,195512452.0,5727412730.0,12176550974.0,0.016056472183089306
2025-10-15,191.42,195.29,190.89,195.03,196485192.0,5779800802.0,12176550974.0,0.016136358515604732
2025-10-16,194.44,196.93,193.78,194.77,159731518.0,4745901327.0,12176550974.0,0.013117960770752488
2025-10-17,194.83,196.61,190.83,191.09,173989890.0,5124858639.0,12176550974.0,0.014288930450955462
2025-10-20,193.13,194.04,191.29,192.01,122730684.0,3594768008.0,12176550974.0,0.01007926499565114
2025-10-21,192.53,197.79,191.88,192.86,306867820.0,9070647644.0,12176550974.0,0.02520153865041423
2025-10-22,191.94,192.01,190.63,191.75,122694826.0,3574148771.0,12176550974.0,0.010076320155188799
2025-10-23,191.81,194.31,189.51,193.91,140360535.0,4096658104.0,12176550974.0,0.011527117596740247
2025-10-24,194.11,197.46,193.78,196.21,299094343.0,8892004443.0,12176550974.0,0.02456314137218673
2025-10-27,198.71,201.2,195.95,197.0,461214211.0,13902244215.0,12176550974.0,0.03787724553404395
2025-10-28,196.93,199.3,195.75,197.07,226331603.0,6798411079.0,12176550974.0,0.018587496860422537
2025-10-29,196.74,200.09,196.08,199.04,313670198.0,9477951609.0,12176550974.0,0.025760184363352544
2025-10-30,198.31,198.58,194.57,194.96,245220842.0,7339678554.0,12176550974.0,0.020138776778712477
2025-10-31,195.23,196.21,192.93,192.99,167153229.0,4938189521.0,12176550974.0,0.013727469244526976
2025-11-03,192.8,192.99,190.04,191.94,139351693.0,4059197676.0,12176550974.0,0.011444266385247426
2025-11-04,191.68,192.14,190.23,191.02,119758945.0,3482779128.0,12176550974.0,0.009835210746927885
2025-11-05,190.04,191.61,189.97,190.89,94055879.0,2735028199.0,12176550974.0,0.007724344865868255
2025-11-06,191.29,193.32,191.15,191.75,162561807.0,4753244677.0,12176550974.0,0.013350398429498662
2025-11-07,191.09,191.29,190.17,190.5,96072134.0,2787864865.0,12176550974.0,0.007889929932140733
2025-11-10,190.5,193.52,190.23,192.47,162194018.0,4737134777.0,12176550974.0,0.013320193735182076
2025-11-11,192.73,193.13,190.5,190.89,104299540.0,3038989818.0,12176550974.0,0.008565606157499423
2025-11-12,190.96,191.22,189.25,189.84,108630812.0,3144600711.0,12176550974.0,0.008921312137727186
2025-11-13,189.71,191.29,189.58,191.02,117874907.0,3418473434.0,12176550974.0,0.009680484009937837
2025-11-14,190.17,190.23,188.0,188.13,120170706.0,3463551862.0,12176550974.0,0.009869026644457424
2025-11-17,187.94,187.94,185.64,185.83,107770905.0,3058387828.0,12176550974.0,0.008850692222298251
2025-11-18,185.7,186.75,185.05,185.37,91515389.0,2589358392.0,12176550974.0,0.007515706967876895
2025-11-19,185.37,186.69,185.24,185.9,84481274.0,2392792474.0,12176550974.0,0.006938029839516031
2025-11-20,189.51,190.1,185.77,185.9,152864285.0,4380360233.0,12176550974.0,0.012553988836937792
2025-11-21,183.99,185.57,179.33,179.33,169503916.0,4693752816.0,12176550974.0,0.013920519559433004
2025-11-24,179.99,180.64,179.07,179.92,89138879.0,2441061829.0,12176550974.0,0.007320535937502658
2025-11-25,180.45,181.63,179.99,180.45,80225905.0,2207852490.0,12176550974.0,0.006588557397846278
2025-11-26,180.78,182.09,180.25,181.3,68169452.0,1881110589.0,12176550974.0,0.005598420451370748
2025-11-27,180.84,182.68,180.78,181.17,64864740.0,1794367924.0,12176550974.0,0.005327020774478958
2025-11-28,181.37,181.56,180.05,181.24,74659823.0,2055903546.0,12176550974.0,0.006131442570184078
2025-12-01,180.64,182.15,180.51,181.76,70798737.0,1956001679.0,12176550974.0,0.005814350644215519
2025-12-02,181.7,181.89,179.66,179.79,65292152.0,1793505908.0,12176550974.0,0.005362122011349123
2025-12-03,180.32,181.1,177.56,178.35,78110536.0,2129256756.0,12176550974.0,0.006414832588208734
2025-12-04,178.28,179.86,177.49,178.67,69237557.0,1882466793.0,12176550974.0,0.005686138640394936
2025-12-05,178.67,184.52,178.41,183.01,163790521.0,4536315644.0,12176550974.0,0.013451306642556992
2025-12-08,186.42,190.89,186.42,188.53,314621670.0,9057705852.0,12176550974.0,0.025838324060055793
2025-12-09,187.34,189.38,186.42,187.41,130128521.0,3717964325.0,12176550974.0,0.010686812815702667
2025-12-10,186.69,187.67,184.98,187.34,99289687.0,2815735192.0,12176550974.0,0.008154171670780048
2025-12-11,187.54,187.74,184.91,185.83,74225023.0,2103229398.0,12176550974.0,0.006095734593358095
2025-12-12,185.64,187.61,184.45,186.62,106756984.0,3023765536.0,12176550974.0,0.008767423897617069
2025-12-15,185.64,190.1,185.11,187.54,119324123.0,3418024767.0,12176550974.0,0.009799500963350544
2025-12-16,186.82,189.12,185.77,187.08,100161602.0,2851192434.0,12176550974.0,0.008225777743949845
2025-12-17,187.08,191.48,186.56,190.3,161703772.0,4662507508.0,12176550974.0,0.013279932252185224
2025-12-18,189.84,189.84,187.02,187.41,113593828.0,3248014078.0,12176550974.0,0.009328900132931845
2025-12-19,187.74,190.1,187.02,188.4,98348153.0,2821714142.0,12176550974.0,0.008076848132939948
2025-12-22,188.0,189.12,187.87,188.2,75331310.0,2160286841.0,12176550974.0,0.006186588481488009
2025-12-23,188.4,189.71,187.8,188.07,94064657.0,2702038440.0,12176550974.0,0.007725065759659834
2025-12-24,187.94,189.38,187.54,188.79,78951922.0,2266348143.0,12176550974.0,0.0064839314653699735
2025-12-25,188.86,190.63,188.53,190.23,104494796.0,3020073434.0,12176550974.0,0.00858164156854619
2025-12-26,190.23,193.13,189.84,191.15,141352575.0,4122805470.0,12176550974.0,0.011608588942946432
2025-12-29,190.69,191.42,189.58,190.1,90671097.0,2628004106.0,12176550974.0,0.007446369435286364
2025-12-30,189.58,190.63,188.86,189.38,85434793.0,2463949229.0,12176550974.0,0.0070163376462205745
2025-12-31,189.18,190.96,188.4,188.59,85634753.0,2470416840.0,12176550974.0,0.0070327593735575655
2026-01-05,189.38,192.86,189.18,192.67,185177013.0,5402908222.0,12176550974.0,0.015207673617545684
2026-01-06,192.86,198.71,192.67,198.31,334935799.0,10055094452.0,12176550974.0,0.02750662315750759
2026-01-07,198.45,198.45,193.13,193.78,229502122.0,6829635012.0,12176550974.0,0.018847875928909984
2026-01-08,192.4,192.4,186.88,187.48,315027225.0,9039903881.0,12176550974.0,0.02587163028945244
2026-01-09,187.48,188.33,186.23,187.67,232677161.0,6628564036.0,12176550974.0,0.0191086262026763
2026-01-12,187.67,189.51,186.62,189.05,217308310.0,6227140485.0,12176550974.0,0.017846458366084773
2026-01-13,189.51,191.48,187.08,187.54,215969109.0,6226326714.0,12176550974.0,0.017736476401334696
2026-01-14,187.15,191.35,184.91,185.44,321882341.0,9209655922.0,12176550974.0,0.02643460711389455
2026-01-15,186.42,189.18,185.44,185.77,207814142.0,5904891817.0,12176550974.0,0.017066749233320296
2026-01-16,187.21,187.67,183.86,184.45,209581279.0,5914162078.0,12176550974.0,0.017211875468472866
2026-01-19,182.22,183.73,181.96,183.34,159433764.0,4437182144.0,12176550974.0,0.013093507705131872
2026-01-20,183.47,184.91,183.34,184.26,138513336.0,3884362839.0,12176550974.0,0.011375416264898066
2026-01-21,184.13,184.65,182.55,183.53,141050126.0,3943890400.0,12176550974.0,0.011583750300161146
2026-01-22,183.27,185.37,182.75,183.4,172592474.0,4825498273.0,12176550974.0,0.014174167575738677
2026-01-23,183.93,184.32,181.96,182.42,188106135.0,5240083934.0,12176550974.0,0.015448227942514586
2026-01-26,182.42,186.82,182.02,184.39,263751164.0,7423210356.0,12176550974.0,0.02166058061623321
2026-01-27,184.52,184.85,182.61,183.01,141523812.0,3957139689.0,12176550974.0,0.011622651792136292
2026-01-28,183.21,185.11,182.42,183.53,171879381.0,4805814919.0,12176550974.0,0.014115604769117768
2026-01-29,183.27,187.74,181.96,187.61,297781177.0,8387338386.0,12176550974.0,0.02445529753341794
2026-01-30,187.21,187.34,184.45,184.45,190709529.0,5390994670.0,12176550974.0,0.01566203183538695
2026-02-02,184.52,187.87,182.81,183.01,181833606.0,5128515409.0,12176550974.0,0.014933096111391517
2026-02-03,184.39,184.59,182.02,183.73,132291749.0,3686657439.0,12176550974.0,0.010864468048667981
2026-02-04,182.94,186.49,182.88,186.42,157219253.0,4440800888.0,12176550974.0,0.012911640852627535
2026-02-05,185.83,187.15,184.78,185.83,115684169.0,3276268367.0,12176550974.0,0.009500569516525231
2026-02-06,185.24,186.29,184.59,184.98,107402653.0,3027616780.0,12176550974.0,0.0088204495040781
2026-02-09,185.91,186.51,185.05,186.24,97053435.0,2718596599.0,12176550974.0,0.00797051933730935
2026-02-10,186.24,187.04,185.71,186.44,75629809.0,2124582776.0,12176550974.0,0.00621110273027959
2026-02-11,186.57,186.84,185.51,186.11,83665980.0,2346138810.0,12176550974.0,0.006871073769464598
2026-02-12,186.04,186.04,184.32,184.98,95785415.0,2671181327.0,12176550974.0,0.007866383116575946
2026-02-13,184.98,185.84,183.32,183.32,109046516.0,3032551539.0,12176550974.0,0.008955451854375
2026-02-24,184.25,184.51,183.25,183.39,84792805.0,2346720145.0,12176550974.0,0.006963614342111651
2026-02-25,183.45,185.11,183.25,184.12,101623021.0,2823641661.0,12176550974.0,0.008345796869490442
2026-02-26,184.18,184.38,181.4,181.73,132628852.0,3647542589.0,12176550974.0,0.010892152653341326
2026-02-27,181.59,182.46,180.4,181.66,87758758.0,2400314701.0,12176550974.0,0.007207193415227927
2026-03-02,179.94,180.53,178.28,179.67,130969370.0,3544085955.0,12176550974.0,0.010755867591705775
2026-03-03,179.6,181.73,177.55,177.88,160721145.0,4345572179.0,12176550974.0,0.013199233949184796
2026-03-04,176.55,176.88,172.9,173.5,150080106.0,3949873435.0,12176550974.0,0.01232533796478648
2026-03-05,174.76,175.49,173.23,173.96,81899057.0,2150433698.0,12176550974.0,0.006725965109075229
2026-03-06,173.76,176.42,173.3,175.42,77673336.0,2046673145.0,12176550974.0,0.0063789275112346765
2026-03-09,172.63,172.63,170.11,171.77,126946526.0,3279905456.0,12176550974.0,0.010425491280007186
2026-03-10,173.23,174.36,172.57,173.43,90837752.0,2371463279.0,12176550974.0,0.007460055987443526
2026-03-11,173.5,173.9,172.17,173.23,88402598.0,2304795581.0,12176550974.0,0.007260068814951113
2026-03-12,172.57,173.1,171.24,172.1,91861750.0,2381053286.0,12176550974.0,0.007544151886371432
2026-03-13,170.78,172.24,170.31,170.91,80647744.0,2080610907.0,12176550974.0,0.006623200951747603
2026-03-16,170.31,170.51,168.32,169.25,115669803.0,2943468144.0,12176550974.0,0.009499389707888887
2026-03-17,169.25,176.22,169.25,171.97,221171782.0,5770156338.0,12176550974.0,0.018163746242450544
2026-03-18,171.9,172.7,170.91,172.37,85965852.0,2224720654.0,12176550974.0,0.007059950899360477
2026-03-19,170.91,171.51,169.25,169.98,107159437.0,2749163310.0,12176550974.0,0.008800475375072331
2026-03-20,170.05,170.64,167.92,167.92,100896257.0,2571973337.0,12176550974.0,0.00828611133115107
2026-03-23,165.93,165.93,159.89,161.22,199265633.0,4887377310.0,12176550974.0,0.01636470240427542
2026-03-24,162.61,163.34,159.82,161.68,127910113.0,3112452255.0,12176550974.0,0.010504625921832897
2026-03-25,161.95,164.94,161.68,163.67,113477202.0,2792003965.0,12176550974.0,0.009319322215486337
2026-03-26,163.14,163.41,159.63,160.16,113838924.0,2763937440.0,12176550974.0,0.009349028657053607
2026-03-27,159.63,161.75,159.36,161.02,94772015.0,2297623177.0,12176550974.0,0.007783157579051909
2026-03-30,159.23,160.42,158.5,159.96,90949319.0,2185349332.0,12176550974.0,0.0074692184342019085
2026-03-31,159.96,162.21,159.49,159.56,102248550.0,2478632393.0,12176550974.0,0.008397168477208889
2026-04-01,162.15,163.28,160.95,162.68,117145939.0,2865740077.0,12176550974.0,0.009620617467962484
2026-04-02,162.41,162.41,159.82,160.16,78873570.0,1911165159.0,12176550974.0,0.006477496802535867
2026-04-03,160.75,161.02,158.96,159.16,71023358.0,1710796826.0,12176550974.0,0.005832797657699026
2026-04-07,159.23,159.82,157.77,158.76,71443585.0,1708575461.0,12176550974.0,0.005867308826000895
2026-04-08,162.28,164.4,161.48,163.94,152745978.0,3749420200.0,12176550974.0,0.01254427286726357
2026-04-09,162.48,162.48,159.96,160.29,98740799.0,2393489061.0,12176550974.0,0.008109094209915143
2026-04-10,166.0,175.89,166.0,171.9,425932882.0,11036902941.0,12176550974.0,0.034979764213156406
2026-04-13,170.05,174.43,169.18,173.17,215163868.0,5591240528.0,12176550974.0,0.017670345934528504
2026-04-14,174.56,175.02,171.77,173.83,145346411.0,3792758895.0,12176550974.0,0.011936582970855307
2026-04-15,174.76,175.16,172.37,172.63,110753830.0,2892097782.0,12176550974.0,0.009095665121961654
2026-04-16,173.36,175.75,172.83,174.63,143003563.0,3758618753.0,12176550974.0,0.011744176434307923
2026-04-17,173.9,174.82,173.1,174.29,106035471.0,2777157579.0,12176550974.0,0.00870816959797667
2026-04-20,174.09,175.29,173.56,174.56,96652117.0,2539846660.0,12176550974.0,0.007937561071799114
2026-04-21,174.23,175.29,173.56,174.56,81388079.0,2136782191.0,12176550974.0,0.006684001009299269
2026-04-22,173.63,179.27,173.56,177.28,191351733.0,5104261296.0,12176550974.0,0.0157147728785092
2026-04-23,176.42,177.68,174.89,175.75,120581835.0,3199251615.0,12176550974.0,0.00990279063894797
2026-04-24,175.02,175.09,172.9,174.09,104235631.0,2725660518.0,12176550974.0,0.00856035762693141
2026-04-27,175.22,179.67,175.22,177.68,154596427.0,4142580850.0,12176550974.0,0.012696241105556267
2026-04-28,178.21,183.52,178.21,181.2,260790525.0,7136087373.0,12176550974.0,0.02141743795569479
2026-04-29,180.2,181.73,179.34,181.33,148566047.0,4043461098.0,12176550974.0,0.012200995775998136
2026-04-30,180.73,184.38,179.67,180.67,173001813.0,4730728021.0,12176550974.0,0.014207784566368785
2026-05-06,181.13,184.78,181.13,182.46,178738413.0,4921934073.0,12176550974.0,0.014678903195301483
2026-05-07,183.39,183.78,179.67,180.73,159363238.0,4335427172.0,12176550974.0,0.013087715753030608
2026-05-08,179.87,180.53,178.08,178.87,130062480.0,3507949844.0,12176550974.0,0.010681389194503116
2026-05-11,178.08,182.39,177.55,181.4,196141091.0,5325456058.0,12176550974.0,0.01610809919974963
2026-05-12,181.53,182.13,180.07,180.67,128173639.0,3496454846.0,12176550974.0,0.010526268010841737
2026-05-13,180.2,182.26,178.94,180.2,122213720.0,3311273599.0,12176550974.0,0.01003680929525586
2026-05-14,180.53,181.4,176.95,176.95,146758856.0,3965396758.0,12176550974.0,0.012052580103624342
2026-05-15,177.61,177.88,173.76,174.89,132231766.0,3503094086.0,12176550974.0,0.010859541941092194
2026-05-18,173.96,175.42,172.44,173.63,101863486.0,2665343627.0,12176550974.0,0.008365545072451483
2026-05-19,173.36,174.76,171.77,174.36,96224896.0,2511758379.0,12176550974.0,0.007902475520815735
2026-05-20,173.76,175.16,172.57,173.1,95927098.0,2507438048.0,12176550974.0,0.007878018841692404
2026-05-21,174.43,179.8,173.9,174.03,229786128.0,6134095756.0,12176550974.0,0.018871199939182383
2026-05-22,175.09,175.49,171.31,171.71,141086896.0,3664845680.0,12176550974.0,0.011586770038679755
2026-05-25,172.9,175.49,171.97,173.83,128779397.0,3365988148.0,12176550974.0,0.010576015923965367
2026-05-26,173.76,177.08,171.84,173.96,193176593.0,5073749496.0,12176550974.0,0.015864639618598127
2026-05-27,173.76,175.29,169.45,171.04,175360396.0,4543590565.0,12176550974.0,0.014401483340761976
2026-05-28,171.77,172.3,167.32,168.25,139450433.0,3548082136.0,12176550974.0,0.011452375413839417
2026-05-29,169.45,177.55,169.45,172.9,328261131.0,8616487026.0,12176550974.0,0.026958465636198633
2026-06-01,172.63,174.63,169.45,170.38,221410020.0,5715779763.0,12176550974.0,0.018183311552899182
2026-06-02,169.91,170.44,167.59,169.78,178107957.0,4532467327.0,12176550974.0,0.014627126957404054
2026-06-03,169.25,171.9,168.19,169.91,183238077.0,4695437239.0,12176550974.0,0.015048438378918578
2026-06-04,168.72,171.51,168.65,169.85,129374977.0,3310998447.0,12176550974.0,0.010624927968211042
2026-06-05,170.31,172.83,169.85,170.38,158096179.0,4072685493.0,12176550974.0,0.012983658454481496
2026-06-08,168.65,171.44,168.25,168.78,178432110.0,4557027285.0,12176550974.0,0.014653748042528418
2026-06-09,168.85,169.71,167.32,169.38,104687557.0,2657722624.0,12176550974.0,0.008597472077564023
2026-06-10,169.04,173.7,168.3,173.09,174665318.0,4438405526.0,12176550974.0,0.014344400017127543
2026-06-11,172.69,175.72,170.12,172.08,145581162.0,3719902086.0,12176550974.0,0.01195586191121381
2026-06-12,172.42,178.42,170.73,177.34,269384528.0,7027638104.0,12176550974.0,0.022123220982296524
2026-06-15,178.42,184.83,178.35,181.19,310465633.0,8358048750.0,12176550974.0,0.025497009265014553
2026-06-16,180.04,184.09,179.64,183.82,220400140.0,5969042188.0,12176550974.0,0.01810037509559232
2026-06-17,184.02,185.91,183.21,184.63,179774115.0,4915372668.0,12176550974.0,0.014763960285951495
2026-06-18,184.49,184.49,178.76,179.16,193368725.0,5183913753.0,12176550974.0,0.01588041847095215
2026-06-22,178.42,193.73,177.95,193.19,527085164.0,14693428354.0,12176550974.0,0.043286901613228526
2026-06-23,193.6,197.65,189.89,191.04,389126485.0,11177510036.0,12176550974.0,0.031957036588676296
2026-06-24,190.09,194.27,186.85,188.13,276274967.0,7747666977.0,12176550974.0,0.022689098710292968
2026-06-25,188.07,196.03,186.92,195.49,378555104.0,10826965213.0,12176550974.0,0.031088861271825693
2026-06-26,194.27,196.7,186.92,187.12,289516677.0,8204892662.0,12176550974.0,0.02377657496102065
2026-06-29,188.88,195.08,188.54,192.18,253478658.0,7202426008.0,12176550974.0,0.020816950427197382
2026-06-30,191.1,195.29,191.04,193.8,220333438.0,6310883111.0,12176550974.0,0.018094897189726986
2026-07-01,193.33,201.56,192.32,198.79,428245104.0,12572442638.0,12176550974.0,0.03516965558756425
2026-07-02,198.12,198.52,192.65,193.06,285532250.0,8229007620.0,12176550974.0,0.023449353647817285
2026-07-03,194.81,196.43,191.1,195.29,230606867.0,6628384446.0,12176550974.0,0.01893860318019476
2026-07-06,199.13,200.01,195.08,197.17,223854395.0,6534266216.0,12176550974.0,0.018384056000585507
2026-07-07,196.57,196.57,190.56,191.91,189730746.0,5421569064.0,12176550974.0,0.01558164922112369
2026-07-08,190.83,192.59,188.74,188.88,135465073.0,3823541520.0,12176550974.0,0.011125077477953488
2026-07-09,188.94,194.0,187.53,193.46,190382869.0,5375263001.0,12176550974.0,0.015635204862732913
2026-07-10,192.92,193.87,190.56,191.58,167482393.0,4762803819.0,12176550974.0,0.013754501858335504
2026-07-13,191.44,192.18,188.4,189.69,159038431.0,4482410728.0,12176550974.0,0.013061040958115895
2026-07-14,188.88,189.28,184.83,188.88,176676457.0,4904300719.0,12176550974.0,0.014509564931584378
2026-07-15,188.4,194.48,187.8,192.92,187021375.0,5304478301.0,12176550974.0,0.01535914196058783
2026-07-16,191.17,191.84,188.81,189.55,138492702.0,3898053451.0,12176550974.0,0.011373721696375004
2026-07-17,188.88,190.7,186.18,186.18,170077850.0,4751646929.0,12176550974.0,0.01396765392459318
2026-07-20,187.26,191.51,187.26,190.77,190738400.0,5360957298.0,12176550974.0,0.015664402868043215
2026-07-21,192.25,192.25,188.54,191.17,169076845.0,4772798395.0,12176550974.0,0.013885446327208879
2026-07-22,189.82,191.37,188.27,190.9,109541562.0,3086715519.0,12176550974.0,0.008996107537667998
2026-07-23,191.44,193.73,189.96,193.06,131524839.0,3749532697.0,12176550974.0,0.010801485517601711
2026-07-24,192.92,192.92,188.13,188.54,129621942.0,3651964574.0,12176550974.0,0.010645209984073114
2026-07-27,190.9,190.9,187.33,190.63,105471509.0,2963799457.0,12176550974.0,0.00866185418393174
2026-07-28,189.55,189.89,187.53,189.48,103669291.0,2894487917.0,12176550974.0,0.008513846919489766
2026-07-29,189.48,192.52,187.73,192.25,150701930.0,4260319849.0,12176550974.0,0.01237640529915134
2026-07-30,190.77,192.92,189.62,192.18,133149340.0,3777281722.0,12176550974.0,0.010934897762454026
2026-07-31,192.32,194.48,191.44,191.78,165775529.0,4740201886.0,12176550974.0,0.013614325547026613
2026-08-03,190.16,190.9,189.28,190.7,104924753.0,2955403896.0,12176550974.0,0.008616951813698374
2026-08-04,190.36,191.71,188.67,188.88,126536406.0,3556041530.0,12176550974.0,0.010391810149703891
2026-08-05,188.94,190.9,188.2,190.09,122848331.0,3458997894.0,12176550974.0,0.010088926762784643
2026-08-06,189.28,189.89,187.66,188.34,105568499.0,2949256586.0,12176550974.0,0.00866981949366576
2026-08-07,188.07,188.74,187.33,188.54,99747487.0,2779251848.0,12176550974.0,0.008191768524025068
2026-08-10,188.81,189.82,187.93,188.54,91543797.0,2562007117.0,12176550974.0,0.007518039976629592
2026-08-11,188.34,189.69,187.12,187.12,106525847.0,2971782667.0,12176550974.0,0.008748441757231542
2026-08-12,186.85,187.53,185.57,186.85,83768451.0,2315267042.0,12176550974.0,0.006879489206661781
2026-08-13,186.85,189.48,186.65,187.8,109019160.0,3043260777.0,12176550974.0,0.008953205241187208
2026-08-14,187.66,188.4,184.02,184.22,128736806.0,3539867116.0,12176550974.0,0.010572518135462618
2026-08-17,183.82,186.18,183.14,185.77,97095985.0,2662208823.0,12176550974.0,0.00797401375868457
2026-08-18,185.77,186.11,183.08,184.76,87189970.0,2382662449.0,12176550974.0,0.007160481665635246
2026-08-19,184.09,185.3,182.13,183.14,98755604.0,2682463646.0,12176550974.0,0.008110310071453571
2026-08-20,183.14,184.02,181.39,182.4,92643071.0,2504022350.0,12176550974.0,0.007608317921701824
2026-08-21,183.14,183.75,181.66,182.94,77412806.0,2098133831.0,12176550974.0,0.006357531468910681
2026-08-24,182.81,184.96,182.2,183.95,105404861.0,2871421633.0,12176550974.0,0.008656380712819739
2026-08-25,184.02,184.36,182.47,183.14,62859742.0,1705382681.0,12176550974.0,0.005162360190026007
2026-08-26,183.14,187.73,182.47,187.33,172626933.0,4769448349.0,12176550974.0,0.014176997523239704
2026-08-27,186.65,188.54,185.64,188.4,135372960.0,3761059910.0,12176550974.0,0.011117512692145365
2026-08-28,188.07,189.21,187.53,188.4,97306790.0,2717858329.0,12176550974.0,0.007991326132315669
2026-08-31,187.73,188.34,185.3,187.53,113773804.0,3147754952.0,12176550974.0,0.009343680673035879
2026-09-01,186.79,189.42,186.45,189.01,115120851.0,3216262445.0,12176550974.0,0.009454306991020034
2026-09-02,188.27,188.88,185.23,185.3,102981162.0,2842606814.0,12176550974.0,0.008457334282909068
2026-09-03,185.5,189.21,185.44,187.93,118115322.0,3290081010.0,12176550974.0,0.009700228106645793
2026-09-04,188.61,191.1,188.54,188.81,139255759.0,3920902075.0,12176550974.0,0.011436387799578557
2026-09-07,189.21,189.75,186.38,186.65,96800594.0,2688456520.0,12176550974.0,0.007949754754584745
2026-09-08,186.58,187.26,184.02,184.42,104378271.0,2868942666.0,12176550974.0,0.008572071945731913
2026-09-09,184.15,185.03,183.28,184.36,72013007.0,1965061395.0,12176550974.0,0.005914072642882692
2026-09-10,184.15,186.72,183.55,186.18,101618054.0,2792020063.0,12176550974.0,0.008345388954308992
2026-09-11,185.03,185.1,180.44,181.59,135507491.0,3652373839.0,12176550974.0,0.011128561058820563
2026-09-14,180.65,180.65,178.89,179.5,78124860.0,2080338252.0,12176550974.0,0.006416008947592486
2026-09-15,179.5,179.84,177.27,177.75,83142355.0,2196175723.0,12176550974.0,0.006828071034033352
2026-09-16,177.68,179.23,175.93,178.42,81043967.0,2133500842.0,12176550974.0,0.00665574079006849
