date,open,high,low,close,volume,amount,outstanding_share,turnover
2020-12-01,227.36,238.37,227.31,236.58,78072787.0,3559778622.0,20628944429.0,0.0037846234580110613
2020-12-02,235.55,240.83,231.76,239.65,61994358.0,2864114257.0,20628944429.0,0.0030052123225873277
2020-12-03,239.39,241.19,232.99,238.06,50237589.0,2317794756.0,20628944429.0,0.0024352961525930727
2020-12-04,237.96,238.63,231.0,234.43,46115543.0,2099378091.0,20628944429.0,0.002235477591144758
2020-12-07,234.02,234.27,225.82,227.46,70482524.0,3138039091.0,20628944429.0,0.003416681073652816
2020-12-08,227.31,229.2,225.31,226.64,37716735.0,1671238316.0,20628944429.0,0.0018283405207577235
2020-12-09,227.21,230.07,226.44,226.54,37519456.0,1672113664.0,20628944429.0,0.001818777307250654
2020-12-10,225.52,228.54,224.29,226.75,36887355.0,1630166599.0,20628944429.0,0.001788135846066077
2020-12-11,226.59,226.69,218.55,218.55,77143525.0,3347336214.0,20628944429.0,0.0037395769456604997
2020-12-14,221.83,228.69,221.83,227.21,60742701.0,2686115499.0,20628944429.0,0.0029445375263413096
2020-12-15,227.62,230.13,222.44,227.1,43879226.0,1936658509.0,20628944429.0,0.002127070832490825
2020-12-16,229.36,229.66,224.7,225.62,36790200.0,1628021247.0,20628944429.0,0.0017834262013077431
2020-12-17,224.8,226.18,221.98,225.57,50232903.0,2199570321.0,20628944429.0,0.002435068996035638
2020-12-18,225.77,227.31,219.17,220.7,76059993.0,3296589099.0,20628944429.0,0.003687052105927218
2020-12-21,220.4,220.96,216.66,219.63,62385090.0,2674269716.0,20628944429.0,0.003024153282040915
2020-12-22,220.14,220.19,214.4,214.61,78468607.0,3320101849.0,20628944429.0,0.0038038110612043474
2020-12-23,213.59,217.17,213.59,216.71,71181993.0,3004166815.0,20628944429.0,0.0034505882375606644
2020-12-24,216.86,220.7,216.71,217.99,48211014.0,2055723701.0,20628944429.0,0.002337056758571968
2020-12-25,217.89,219.68,214.97,218.76,47673197.0,2023487304.0,20628944429.0,0.0023109857687619445
2020-12-28,218.91,221.83,216.25,220.4,84140901.0,3600599046.0,20628944429.0,0.004078778790140877
2020-12-29,221.52,221.68,218.4,219.32,72714756.0,3118082060.0,20628944429.0,0.003524889809571555
2020-12-30,219.53,220.45,214.56,220.45,93349643.0,3963394420.0,20628944429.0,0.004525177879134225
2020-12-31,220.45,227.1,219.42,225.06,89119921.0,3909432878.0,20628944429.0,0.004320139661373849
2021-01-04,221.37,224.19,215.17,221.06,154952285.0,6608868849.0,20628944429.0,0.007511401542299438
2021-01-05,218.96,219.17,212.2,215.99,138717699.0,5809639049.0,20628944429.0,0.006724420606077731
2021-01-06,215.58,226.34,215.07,226.08,120064563.0,5188622737.0,20628944429.0,0.005820199061238161
2021-01-07,226.8,235.4,226.64,235.04,107832187.0,4869741128.0,20628944429.0,0.005227227567127012
2021-01-08,237.04,240.78,234.58,238.63,129959481.0,6021482985.0,20628944429.0,0.006299860928284049
2021-01-11,238.52,251.79,238.06,247.95,144523356.0,6992740146.0,20628944429.0,0.0070058531834925235
2021-01-12,248.61,256.29,243.54,254.5,104448591.0,5103986009.0,20628944429.0,0.005063205796083634
2021-01-13,252.5,255.93,250.3,252.96,64910979.0,3207741653.0,20628944429.0,0.0031465972107011294
2021-01-14,252.96,256.45,248.66,251.17,70377099.0,3467710708.0,20628944429.0,0.0034115705358663167
2021-01-15,258.6,275.96,258.49,261.87,177574522.0,9232542839.0,20628944429.0,0.008608027551345147
2021-01-18,263.72,271.81,262.18,265.87,123764160.0,6463924980.0,20628944429.0,0.005999539163332728
2021-01-19,267.81,272.58,263.67,265.51,90188002.0,4710719576.0,20628944429.0,0.0043719155049549915
2021-01-20,266.79,272.01,261.11,264.84,79228118.0,4123860428.0,20628944429.0,0.0038406287957527176
2021-01-21,271.24,273.96,267.05,269.56,73671459.0,3886756922.0,20628944429.0,0.0035712665402517284
2021-01-22,270.63,270.63,261.16,264.43,87000132.0,4492606303.0,20628944429.0,0.0042173816648464054
2021-01-25,261.67,268.63,256.55,266.84,86536206.0,4438842570.0,20628944429.0,0.004194892583953453
2021-01-26,266.28,271.91,261.16,263.21,60117533.0,3126374838.0,20628944429.0,0.0029142321463374184
2021-01-27,264.28,270.89,264.28,266.28,60923156.0,3187049336.0,20628944429.0,0.002953285186727961
2021-01-28,261.16,265.0,260.13,264.28,52386951.0,2684963891.0,20628944429.0,0.002539487717381935
2021-01-29,267.2,268.63,260.18,261.67,62148914.0,3211002062.0,20628944429.0,0.00301270451398529
2021-02-01,261.16,270.27,258.49,268.33,79662587.0,4125446256.0,20628944429.0,0.0038616899315512716
2021-02-02,268.07,270.37,264.23,266.12,72030553.0,3752480883.0,20628944429.0,0.0034917226738339574
2021-02-03,266.64,276.52,263.67,271.65,76587606.0,4045314776.0,20628944429.0,0.0037126284509416668
2021-02-04,270.73,282.66,269.4,273.96,96910977.0,5229905917.0,20628944429.0,0.00469781560241945
2021-02-05,276.83,286.45,274.98,280.31,115157754.0,6315430525.0,20628944429.0,0.005582338659951606
2021-02-08,282.61,284.71,274.93,282.97,81637776.0,4479792762.0,20628944429.0,0.003957438359533039
2021-02-09,283.59,283.59,277.8,282.97,61900527.0,3393598043.0,20628944429.0,0.0030006638106495043
2021-02-10,288.3,288.81,276.26,279.34,75350767.0,4135201064.0,20628944429.0,0.0036526719658070586
2021-02-18,284.97,294.95,282.61,285.17,107091322.0,6013345250.0,20628944429.0,0.005191313708201759
2021-02-19,284.97,290.4,281.03,282.66,71018164.0,3948306737.0,20628944429.0,0.0034426465321300325
2021-02-22,283.02,285.43,273.24,277.54,80151145.0,4368565094.0,20628944429.0,0.0038853730628758774
2021-02-23,278.0,290.5,277.54,284.46,95299102.0,5306140313.0,20628944429.0,0.004619679030499947
2021-02-24,285.99,285.99,270.63,274.47,84432226.0,4578242270.0,20628944429.0,0.00409290093783499
2021-02-25,279.08,284.2,276.06,278.82,88618727.0,4843039320.0,20628944429.0,0.00429584399264853
2021-02-26,274.47,278.82,260.44,261.67,132728876.0,6911104094.0,20628944429.0,0.006434108950984949
2021-03-01,261.72,262.69,256.19,258.03,89418363.0,4510517394.0,20628944429.0,0.004334606809754958
2021-03-02,260.44,260.65,250.97,253.73,100778621.0,5025206694.0,20628944429.0,0.004885301879931687
2021-03-03,256.04,271.3,253.99,270.22,131593315.0,6834019524.0,20628944429.0,0.006379061975415824
2021-03-04,267.25,275.9,266.28,268.33,83303904.0,4396029829.0,20628944429.0,0.004038204876973349
2021-03-05,265.77,268.27,256.6,263.21,73519585.0,3762062419.0,20628944429.0,0.0035639043603533475
2021-03-08,264.18,266.18,254.5,255.68,69813759.0,3534603526.0,20628944429.0,0.003384262303884846
2021-03-09,256.14,261.05,246.72,248.36,98322245.0,4876616396.0,20628944429.0,0.004766227634109063
2021-03-10,250.97,256.04,248.61,252.2,67590993.0,3327792628.0,20628944429.0,0.003276512437785287
2021-03-11,256.04,267.56,256.04,266.12,90421033.0,4672612626.0,20628944429.0,0.004383211817318528
2021-03-12,268.07,273.4,266.94,273.04,85580753.0,4537887852.0,20628944429.0,0.004148576447745493
2021-03-15,271.3,280.56,269.56,271.96,93931916.0,5037471575.0,20628944429.0,0.004553403899229632
2021-03-16,276.01,282.92,273.96,278.16,69716276.0,3799354094.0,20628944429.0,0.0033795367591370035
2021-03-17,276.26,278.16,272.93,273.45,53231461.0,2856041089.0,20628944429.0,0.002580425827565256
2021-03-18,272.93,278.06,270.89,277.75,48279311.0,2590798830.0,20628944429.0,0.0023403674951069887
2021-03-19,276.62,278.87,263.92,265.05,77628361.0,4073645280.0,20628944429.0,0.003763079650884642
2021-03-22,267.3,280.21,266.79,275.39,79169531.0,4252611119.0,20628944429.0,0.0038377887570778526
2021-03-23,275.96,278.82,270.48,273.86,59592261.0,3187582328.0,20628944429.0,0.0028887692826505313
2021-03-24,276.31,276.52,264.33,267.3,57501314.0,3013081502.0,20628944429.0,0.0027874094187371567
2021-03-25,269.66,270.84,258.9,261.21,78453830.0,4014068059.0,20628944429.0,0.0038030947375916266
2021-03-26,263.46,265.36,259.77,264.23,70947525.0,3643743955.0,20628944429.0,0.003439222265791872
2021-03-29,264.74,265.25,258.85,260.85,77980362.0,3969007334.0,20628944429.0,0.003780143102735584
2021-03-30,261.67,264.02,258.24,264.02,56940202.0,2902290112.0,20628944429.0,0.0027602091903429597
2021-03-31,263.72,263.72,256.75,261.67,52164954.0,2652348781.0,20628944429.0,0.002528726284543524
2021-04-01,261.62,262.59,259.62,261.41,33719469.0,1718217148.0,20628944429.0,0.0016345707419036647
2021-04-02,262.08,262.44,259.36,260.9,41153422.0,2093013199.0,20628944429.0,0.0019949359087005373
2021-04-06,261.67,265.41,260.13,261.11,44400201.0,2275875718.0,20628944429.0,0.0021523253966200307
2021-04-07,261.93,261.93,256.14,258.24,50061023.0,2520490066.0,20628944429.0,0.002426737013728372
2021-04-08,257.06,259.26,256.29,258.6,29501067.0,1486758655.0,20628944429.0,0.0014300812676836553
2021-04-09,259.72,259.72,255.32,257.32,31506834.0,1578603909.0,20628944429.0,0.0015273119818825026
2021-04-12,257.52,259.36,254.45,258.39,41474239.0,2082171992.0,20628944429.0,0.002010487698134271
2021-04-13,258.6,262.18,255.73,257.68,49039895.0,2476556210.0,20628944429.0,0.002377237243950307
2021-04-14,259.01,259.11,252.35,254.5,55438353.0,2758186625.0,20628944429.0,0.0026874061923432796
2021-04-15,254.6,255.93,247.23,253.17,57296514.0,2810517787.0,20628944429.0,0.002777481620409672
2021-04-16,254.6,255.27,251.38,254.71,31558344.0,1563464005.0,20628944429.0,0.0015298089588934828
2021-04-19,255.52,265.15,253.48,265.1,67932061.0,3476651827.0,20628944429.0,0.0032930459061444595
2021-04-20,261.21,267.25,261.21,266.23,35574407.0,1842179460.0,20628944429.0,0.0017244899331829017
2021-04-21,266.59,272.37,266.43,270.84,52446360.0,2758929437.0,20628944429.0,0.0025423676029817277
2021-04-22,270.84,272.93,267.15,269.4,42927078.0,2255144620.0,20628944429.0,0.0020809149080673983
2021-04-23,269.86,273.96,267.87,272.93,47104918.0,2495321515.0,20628944429.0,0.0022834381159018632
2021-04-26,276.52,279.08,264.74,266.64,91625741.0,4814829661.0,20628944429.0,0.0044416107336637785
2021-04-27,266.02,268.48,264.13,266.64,36329922.0,1890139553.0,20628944429.0,0.0017611139593224992
2021-04-28,267.3,268.22,263.62,265.05,38985543.0,2019590447.0,20628944429.0,0.0018898467216380904
2021-04-29,266.28,273.19,262.64,272.83,55274544.0,2913105773.0,20628944429.0,0.002679465456424203
2021-04-30,270.37,272.32,265.3,269.86,45068841.0,2370742204.0,20628944429.0,0.0021847381069407795
2021-05-06,269.86,278.47,268.74,274.83,63835290.0,3432136281.0,20628944429.0,0.003094452564924305
2021-05-07,275.9,282.66,272.99,277.44,72368376.0,3943891332.0,20628944429.0,0.0035080988389432632
2021-05-10,277.54,277.8,271.45,276.01,49224048.0,2630309849.0,20628944429.0,0.0023861641670235557
2021-05-11,273.7,277.29,272.83,275.7,32853312.0,1767435334.0,20628944429.0,0.001592583280888337
2021-05-12,275.75,279.85,271.76,274.93,31749677.0,1708649722.0,20628944429.0,0.0015390839366151263
2021-05-13,273.91,278.82,270.58,272.42,39120553.0,2085332075.0,20628944429.0,0.0018963914093929426
2021-05-14,273.91,281.64,270.37,281.54,57881421.0,3127193937.0,20628944429.0,0.0028058353251769284
2021-05-17,281.64,289.27,279.85,284.97,52668425.0,2933378115.0,20628944429.0,0.0025531323321594276
2021-05-18,286.66,288.76,285.22,286.5,29335118.0,1642178930.0,20628944429.0,0.0014220367940281488
2021-05-19,286.76,287.17,279.13,280.62,35729344.0,1966656369.0,20628944429.0,0.0017320005937759948
2021-05-20,282.15,284.3,278.16,284.05,34210477.0,1881019546.0,20628944429.0,0.0016583726383938091
2021-05-21,286.1,286.25,275.5,277.08,51486455.0,2800730344.0,20628944429.0,0.002495835653501532
2021-05-24,277.54,280.1,275.34,276.93,44539914.0,2409885276.0,20628944429.0,0.0021590980650171396
2021-05-25,277.49,295.06,276.16,294.7,96850204.0,5452025418.0,20628944429.0,0.004694869596131578
2021-05-26,295.21,299.87,295.01,299.56,61306169.0,3565788679.0,20628944429.0,0.0029718519631967352
2021-05-27,297.0,301.0,290.91,296.75,51903739.0,2995138182.0,20628944429.0,0.002516063736496093
2021-05-28,297.0,301.35,295.01,299.56,41014056.0,2386900498.0,20628944429.0,0.001988180061328915
2021-05-31,298.08,298.85,291.88,297.98,36165671.0,2089054162.0,20628944429.0,0.0017531517971980475
2021-06-01,295.47,295.77,291.37,293.72,47426844.0,2713828451.0,20628944429.0,0.002299043664751345
2021-06-02,293.16,295.41,291.27,294.85,40582027.0,2323829263.0,20628944429.0,0.001967237205940122
2021-06-03,294.44,298.69,287.73,288.19,49067257.0,2798317525.0,20628944429.0,0.002378563632709275
2021-06-04,287.02,301.71,286.86,294.6,60832907.0,3504830228.0,20628944429.0,0.002948910314309713
2021-06-07,292.96,293.16,289.32,291.88,32489742.0,1847968869.0,20628944429.0,0.001574959015078163
2021-06-08,291.63,296.7,286.81,290.35,47616623.0,2700887195.0,20628944429.0,0.0023082433114251324
2021-06-09,290.35,293.72,288.19,289.17,39140950.0,2220254281.0,20628944429.0,0.001897380165752736
2021-06-10,289.27,294.24,288.09,288.55,48113526.0,2730021836.0,20628944429.0,0.0023323309714462365
2021-06-11,288.86,290.6,282.05,288.45,68208900.0,3798816012.0,20628944429.0,0.0033064658366189835
2021-06-15,285.89,285.89,277.13,280.62,52924052.0,2899483734.0,20628944429.0,0.0025655239986782747
2021-06-16,280.62,288.6,279.08,284.71,51877228.0,2879681826.0,20628944429.0,0.002514778600453808
2021-06-17,284.3,286.76,280.92,282.25,31901934.0,1765863526.0,20628944429.0,0.0015464646826597935
2021-06-18,280.36,285.22,276.88,280.05,42711681.0,2337303193.0,20628944429.0,0.002070473414042275
2021-06-21,278.06,280.56,272.01,274.93,57971550.0,3119639562.0,20628944429.0,0.0028102043805258436
2021-06-22,275.8,284.61,275.8,284.0,64359218.0,3544466664.0,20628944429.0,0.003119850277434668
2021-06-23,283.59,284.05,278.98,280.72,40871965.0,2243392897.0,20628944429.0,0.001981292118007867
2021-06-24,280.72,282.15,277.19,281.64,36360389.0,1988184927.0,20628944429.0,0.0017625908647504458
2021-06-25,281.64,289.58,280.51,288.81,46955964.0,2631903465.0,20628944429.0,0.0022762174846905734
2021-06-28,287.78,288.25,276.67,280.1,69882474.0,3825857050.0,20628944429.0,0.003387593303211375
2021-06-29,277.54,280.87,274.98,275.5,53244931.0,2878196932.0,20628944429.0,0.0025810787935978304
2021-06-30,276.01,278.77,275.8,277.49,35730350.0,1935227659.0,20628944429.0,0.0017320493602072324
2021-07-01,277.59,286.76,275.5,286.76,65298735.0,3585284669.0,20628944429.0,0.003165393906835271
2021-07-02,281.64,282.66,269.86,271.65,92981851.0,4969147605.0,20628944429.0,0.004507348949434702
2021-07-05,271.09,271.86,263.72,271.09,56860927.0,2979267518.0,20628944429.0,0.00275636628891517
2021-07-06,271.4,274.16,268.38,274.16,45250713.0,2401387630.0,20628944429.0,0.0021935544572211324
2021-07-07,272.93,276.06,271.45,273.6,36597833.0,1956147233.0,20628944429.0,0.0017741010998386843
2021-07-08,275.29,275.29,256.04,257.83,155418868.0,7890344986.0,20628944429.0,0.007534019422802528
2021-07-09,257.83,260.7,253.53,255.52,82701878.0,4141886765.0,20628944429.0,0.004009021318790233
2021-07-12,259.11,261.87,255.01,258.08,83956374.0,4227182160.0,20628944429.0,0.004069833737201542
2021-07-13,259.94,266.77,255.79,262.41,59445017.0,2969602398.0,20628944429.0,0.0028816315446772295
2021-07-14,261.51,261.93,251.64,257.05,88551424.0,4295785383.0,20628944429.0,0.0042925814408378135
2021-07-15,257.31,270.23,257.16,268.08,87727298.0,4426680806.0,20628944429.0,0.004252631456831775
2021-07-16,266.56,270.97,264.77,267.82,46210377.0,2357681005.0,20628944429.0,0.0022400747240870857
2021-07-19,267.82,268.87,259.47,266.92,46963076.0,2357941868.0,20628944429.0,0.0022765622429996805
2021-07-20,264.93,270.39,260.52,262.09,44688930.0,2245908475.0,20628944429.0,0.002166321701714251
2021-07-21,262.67,265.56,258.63,260.99,50631917.0,2512788212.0,20628944429.0,0.0024544114302243246
2021-07-22,260.94,268.34,259.31,263.88,59235589.0,2987211474.0,20628944429.0,0.002871479401375821
2021-07-23,264.3,265.98,259.94,262.83,42035280.0,2101810738.0,20628944429.0,0.002037684484762446
2021-07-26,260.57,260.73,249.7,250.49,74992971.0,3616845775.0,20628944429.0,0.0036353275979829343
2021-07-27,250.22,251.69,240.51,242.45,74949518.0,3512047045.0,20628944429.0,0.0036332211887020543
2021-07-28,243.19,253.85,243.19,249.28,84730981.0,4027574991.0,20628944429.0,0.004107383259071942
2021-07-29,253.11,253.64,249.44,251.8,64274521.0,3083677744.0,20628944429.0,0.0031157445414242042
2021-07-30,250.75,251.01,242.14,244.18,59195897.0,2760620844.0,20628944429.0,0.0028695553087429377
2021-08-02,245.76,253.22,237.41,250.54,83614684.0,3925085945.0,20628944429.0,0.004053270117032996
2021-08-03,249.96,252.59,246.55,249.91,51875828.0,2456399176.0,20628944429.0,0.002514710734644929
2021-08-04,249.86,251.8,245.76,246.81,51149988.0,2410938956.0,20628944429.0,0.0024795252212756833
2021-08-05,245.13,248.39,242.03,245.5,44230311.0,2070051630.0,20628944429.0,0.002144089880712529
2021-08-06,244.03,251.01,242.08,249.91,50755757.0,2392067817.0,20628944429.0,0.0024604146457754754
2021-08-09,249.86,262.56,249.86,257.63,73043020.0,3599567200.0,20628944429.0,0.003540802596632949
2021-08-10,257.73,265.35,255.0,263.67,66357548.0,3291349066.0,20628944429.0,0.003216720478761633
2021-08-11,263.67,271.86,262.56,267.29,56855459.0,2905233228.0,20628944429.0,0.0027561012244559186
2021-08-12,266.24,270.44,264.72,266.13,39718245.0,2021030379.0,20628944429.0,0.001925364874422
2021-08-13,266.29,269.65,264.19,268.76,46740470.0,2379825404.0,20628944429.0,0.0022657712885344066
2021-08-16,268.87,269.08,259.94,267.13,74413969.0,3770118258.0,20628944429.0,0.0036072601415024154
2021-08-17,267.13,269.92,260.04,260.57,60323196.0,3044300923.0,20628944429.0,0.0029242017790885194
2021-08-18,262.51,281.31,262.14,279.05,123124236.0,6434458385.0,20628944429.0,0.005968518477703249
2021-08-19,277.27,278.84,269.71,270.86,67630059.0,3515991219.0,20628944429.0,0.0032784061847064856
2021-08-20,271.7,276.06,262.04,267.97,69376473.0,3537372069.0,20628944429.0,0.003363064612383711
2021-08-23,270.34,277.64,268.92,272.49,53901721.0,2806624180.0,20628944429.0,0.0026129170683219937
2021-08-24,273.17,277.53,267.87,274.12,52827690.0,2748379141.0,20628944429.0,0.0025608527950531134
2021-08-25,276.11,276.8,268.92,270.07,40738077.0,2107816696.0,20628944429.0,0.001974801819851274
2021-08-26,272.7,272.7,259.83,260.46,76303507.0,3825334082.0,20628944429.0,0.003698856587772526
2021-08-27,260.99,266.87,259.94,264.4,38614176.0,1942863649.0,20628944429.0,0.0018718444917480367
2021-08-30,264.4,264.4,250.01,254.42,107968202.0,5224229635.0,20628944429.0,0.005233820972837524
2021-08-31,254.42,259.68,251.27,257.1,71044024.0,3451030103.0,20628944429.0,0.0034439001105711882
2021-09-01,256.68,267.55,255.21,266.71,82605536.0,4129767782.0,20628944429.0,0.0040043510846766266
2021-09-02,266.19,272.44,264.14,270.97,72620098.0,3729206237.0,20628944429.0,0.003520301208330915
2021-09-03,271.49,274.8,264.72,273.07,64257332.0,3321589086.0,20628944429.0,0.0031149112947179
2021-09-06,270.49,277.01,268.76,268.87,54742847.0,2830673161.0,20628944429.0,0.0026536911371501373
2021-09-07,269.34,278.74,264.93,277.32,77232009.0,4026086396.0,20628944429.0,0.003743866258683982
2021-09-08,276.85,281.21,274.43,275.22,55390668.0,2921088035.0,20628944429.0,0.0026850946344172733
2021-09-09,273.59,276.64,271.39,273.59,35780025.0,1863278532.0,20628944429.0,0.0017344573845330029
2021-09-10,273.07,286.3,271.75,284.2,107097799.0,5766878119.0,20628944429.0,0.005191627684518981
2021-09-13,281.84,286.19,280.94,283.15,59283043.0,3202583507.0,20628944429.0,0.0028737797614433623
2021-09-14,285.14,288.24,272.02,273.59,63116569.0,3336827188.0,20628944429.0,0.0030596121491932105
2021-09-15,273.07,275.64,266.77,269.92,54233793.0,2799380278.0,20628944429.0,0.002629014450383539
2021-09-16,269.02,272.17,263.67,266.24,62989614.0,3193865170.0,20628944429.0,0.0030534579322173032
2021-09-17,266.66,270.65,265.19,269.13,42016472.0,2143690281.0,20628944429.0,0.002036772756095731
2021-09-22,255.63,262.46,252.59,259.47,112259622.0,5492053805.0,20628944429.0,0.005441850036795211
2021-09-23,259.94,265.35,255.26,256.47,86102453.0,4246316974.0,20628944429.0,0.004173866156668583
2021-09-24,254.42,259.05,254.16,256.1,53203933.0,2596408378.0,20628944429.0,0.002579091391860378
2021-09-27,253.58,261.51,253.16,257.79,66790515.0,3265832147.0,20628944429.0,0.003237708804242375
2021-09-28,257.84,267.71,257.79,264.77,70992547.0,3562616329.0,20628944429.0,0.0034414047332542745
2021-09-29,262.3,273.96,260.52,270.76,90460986.0,4619317490.0,20628944429.0,0.004385148562077209
2021-09-30,269.92,270.07,263.09,264.93,58611808.0,2960621631.0,20628944429.0,0.002841241256998298
2021-10-08,262.67,268.24,262.67,267.45,64555292.0,3266919267.0,20628944429.0,0.0031293550778705237
2021-10-11,270.13,284.51,270.13,278.32,97177865.0,5171368866.0,20628944429.0,0.004710753152419576
2021-10-12,276.74,282.47,274.64,278.79,58937329.0,3129716165.0,20628944429.0,0.0028570210755498662
2021-10-13,278.06,280.42,273.33,278.48,44255673.0,2335530448.0,20628944429.0,0.0021453193183159553
2021-10-14,278.27,279.63,274.12,274.96,28899621.0,1518009834.0,20628944429.0,0.0014009258253356459
2021-10-15,275.43,280.63,274.9,279.95,42035759.0,2230147908.0,20628944429.0,0.0020377077045641984
2021-10-18,279.95,280.16,270.7,272.33,57794539.0,3008070372.0,20628944429.0,0.0028016236700290353
2021-10-19,274.38,280.0,273.07,277.69,48169257.0,2545615998.0,20628944429.0,0.0023350325638709876
2021-10-20,279.42,281.68,274.54,275.17,30570959.0,1612336024.0,20628944429.0,0.0014819449005361418
2021-10-21,277.53,283.57,276.22,282.26,57658698.0,3084324265.0,20628944429.0,0.0027950386990690554
2021-10-22,284.04,287.77,282.15,285.09,54715058.0,2967094160.0,20628944429.0,0.0026523440493194613
2021-10-25,282.68,288.45,278.84,286.67,62334126.0,3376970796.0,20628944429.0,0.0030216827726953976
2021-10-26,286.67,295.28,285.14,290.4,71542369.0,3961794950.0,20628944429.0,0.003468057672375438
2021-10-27,289.87,289.87,282.68,286.3,42039441.0,2287323386.0,20628944429.0,0.002037886191641551
2021-10-28,285.14,288.82,282.78,284.72,34623228.0,1883008799.0,20628944429.0,0.0016783809815943346
2021-10-29,284.72,287.51,281.99,283.41,40543943.0,2197661117.0,20628944429.0,0.001965391062036294
2021-11-01,283.57,288.3,279.89,284.2,42501781.0,2300857413.0,20628944429.0,0.002060298390268159
2021-11-02,285.41,286.14,271.33,274.38,75220649.0,3957181527.0,20628944429.0,0.0036463644205786618
2021-11-03,274.9,275.64,271.33,271.49,44437241.0,2312474223.0,20628944429.0,0.0021541209320206658
2021-11-04,273.07,273.59,269.29,271.75,48291475.0,2492815499.0,20628944429.0,0.0023409571520349943
2021-11-05,271.6,273.64,270.02,270.76,36197416.0,1871325317.0,20628944429.0,0.0017546906544143855
2021-11-08,269.5,272.54,266.77,269.39,38674906.0,1984383358.0,20628944429.0,0.0018747884135860648
2021-11-09,269.92,271.49,265.71,268.13,38788364.0,1979827705.0,20628944429.0,0.001880288355688798
2021-11-10,268.13,268.6,262.77,265.87,55807106.0,2812533072.0,20628944429.0,0.0027052817070730402
2021-11-11,265.45,277.64,264.98,277.37,84973170.0,4430680097.0,20628944429.0,0.004119123510776704
2021-11-12,277.37,279.26,274.38,275.17,34359656.0,1807134405.0,20628944429.0,0.0016656041766100974
2021-11-15,277.22,281.52,275.01,277.95,36695032.0,1941710247.0,20628944429.0,0.0017788128775224402
2021-11-16,277.79,280.31,273.91,275.69,32231509.0,1699581537.0,20628944429.0,0.0015624410212036449
2021-11-17,274.22,277.43,272.07,272.23,33938551.0,1768981458.0,20628944429.0,0.0016451908684328735
2021-11-18,272.02,273.07,267.82,269.97,34244267.0,1762554164.0,20628944429.0,0.0016600106281666885
2021-11-19,270.34,276.95,268.39,274.8,46466797.0,2419758611.0,20628944429.0,0.0022525048317391053
2021-11-22,273.59,274.85,270.91,271.44,37653834.0,1952025765.0,20628944429.0,0.0018252913584403548
2021-11-23,271.75,274.64,270.13,271.75,38914891.0,2014132978.0,20628944429.0,0.0018864218251174194
2021-11-24,270.91,272.54,268.71,271.7,31503965.0,1622099211.0,20628944429.0,0.0015271729054498779
2021-11-25,271.49,271.49,269.08,270.02,21566020.0,1107928517.0,20628944429.0,0.0010454252797192408
2021-11-26,268.87,270.18,261.93,263.09,82335731.0,4141774917.0,20628944429.0,0.003991272131416143
2021-11-29,261.41,263.09,256.37,261.62,82724704.0,4081227201.0,20628944429.0,0.0040101278223284315
2021-11-30,259.83,261.78,256.84,259.89,61004256.0,3008854122.0,20628944429.0,0.002957216556085183
2021-12-01,259.83,263.61,258.78,262.51,50036103.0,2498326167.0,20628944429.0,0.002425529002330321
2021-12-02,262.62,267.82,259.89,267.24,55607048.0,2814606846.0,20628944429.0,0.002695583779935345
2021-12-03,268.18,269.29,265.03,269.13,49407647.0,2518566499.0,20628944429.0,0.002395064234626719
2021-12-06,270.39,275.17,269.55,272.12,60471643.0,3140183373.0,20628944429.0,0.0029313978331818795
2021-12-07,274.59,276.11,268.34,272.23,54077371.0,2797815012.0,20628944429.0,0.002621431803557456
2021-12-08,272.96,274.54,269.92,273.28,49097472.0,2543266829.0,20628944429.0,0.0023800283222916233
2021-12-09,274.38,282.73,272.02,279.0,84055721.0,4454333955.0,20628944429.0,0.00407464964042635
2021-12-10,277.79,280.89,276.64,280.89,56426281.0,2996780162.0,20628944429.0,0.0027352965729393504
2021-12-13,281.26,284.62,275.22,275.27,64554566.0,3432179789.0,20628944429.0,0.003129319884601062
2021-12-14,274.75,275.69,267.03,268.6,81062947.0,4165403558.0,20628944429.0,0.003929573191638559
2021-12-15,267.82,269.6,266.66,267.82,37849327.0,1929195599.0,20628944429.0,0.0018347679945655256
2021-12-16,267.34,269.39,265.77,268.87,38365339.0,1957514899.0,20628944429.0,0.001859781974402254
2021-12-17,268.29,269.92,266.03,266.61,47644905.0,2422698276.0,20628944429.0,0.0023096142977156496
2021-12-20,266.24,269.39,264.61,266.19,47082627.0,2394420816.0,20628944429.0,0.0022823575467977716
2021-12-21,265.98,267.76,264.14,265.87,35694442.0,1808288477.0,20628944429.0,0.0017303086991606342
2021-12-22,265.87,266.5,261.93,262.62,43682819.0,2189842100.0,20628944429.0,0.0021175498896875717
2021-12-23,263.14,263.93,260.88,263.72,42370871.0,2115301002.0,20628944429.0,0.0020539524523821673
2021-12-24,263.72,263.72,261.72,261.83,34465068.0,1721265879.0,20628944429.0,0.0016707140842140858
2021-12-27,261.88,262.88,257.31,259.05,73594333.0,3634240465.0,20628944429.0,0.0035675278128405683
2021-12-28,259.05,261.51,258.36,260.62,65322073.0,3237655243.0,20628944429.0,0.0031665252298692884
2021-12-29,260.83,261.09,250.01,250.07,143890268.0,6964711566.0,20628944429.0,0.006975163876912686
2021-12-30,251.48,256.16,250.28,254.69,96791651.0,4682207989.0,20628944429.0,0.004692031205626357
2021-12-31,254.9,256.68,253.79,255.79,49293501.0,2399746929.0,20628944429.0,0.0023895309413264794
2022-01-04,255.79,255.79,249.49,253.9,71960645.0,3452352170.0,20628944429.0,0.003488333843143148
2022-01-05,254.63,260.88,254.16,257.58,83717375.0,4114524304.0,20628944429.0,0.004058248122589869
2022-01-06,256.37,259.36,252.59,252.85,68186664.0,3299825727.0,20628944429.0,0.003305387933671669
2022-01-07,252.8,258.05,252.27,257.58,66073705.0,3219523408.0,20628944429.0,0.0032029610253404015
2022-01-10,259.78,262.56,256.84,258.52,57093634.0,2818145071.0,20628944429.0,0.0027676468951915076
2022-01-11,259.89,263.09,256.74,261.78,71561748.0,3558651499.0,20628944429.0,0.003468997080597061
2022-01-12,261.88,263.09,258.31,261.3,51841118.0,2574764177.0,20628944429.0,0.0025130281473405
2022-01-13,261.78,262.83,257.94,259.1,40140754.0,1989903367.0,20628944429.0,0.0019458462423104141
2022-01-14,259.78,259.78,252.06,252.17,66657098.0,3218203400.0,20628944429.0,0.0032312413380829125
2022-01-17,254.0,256.53,251.48,255.11,53180761.0,2574842950.0,20628944429.0,0.00257796811577227
2022-01-18,255.47,259.1,253.53,257.37,57907708.0,2835126315.0,20628944429.0,0.0028071096026897925
2022-01-19,259.78,262.46,257.89,260.99,62028026.0,3078947655.0,20628944429.0,0.0030068443983397187
2022-01-20,261.93,272.49,261.93,269.76,138624871.0,7089347716.0,20628944429.0,0.0067199207151444115
2022-01-21,269.86,273.07,268.92,272.12,85808094.0,4439219181.0,20628944429.0,0.004159596934071512
2022-01-24,272.8,273.07,267.97,272.28,63815520.0,3288272324.0,20628944429.0,0.0030934942027517737
2022-01-25,270.7,271.96,266.24,267.29,58351289.0,2987207430.0,20628944429.0,0.0028286124479529958
2022-01-26,269.13,270.39,265.71,267.82,43669628.0,2226767107.0,20628944429.0,0.002116910448341196
2022-01-27,267.29,268.76,263.19,266.61,52940057.0,2687973691.0,20628944429.0,0.002566299850300498
2022-01-28,268.08,268.87,258.1,258.42,71514411.0,3576839774.0,20628944429.0,0.0034667023921721185
2022-02-07,264.14,270.44,263.25,269.65,73234913.0,3741572656.0,20628944429.0,0.003550104720678144
2022-02-08,270.7,273.07,267.76,271.54,52824176.0,2724121499.0,20628944429.0,0.0025606824518728264
2022-02-09,272.54,274.85,269.29,271.07,51220706.0,2651984749.0,20628944429.0,0.0024829533171844874
2022-02-10,272.54,272.54,267.82,271.54,33554247.0,1725040529.0,20628944429.0,0.0016265615099931975
2022-02-11,272.12,278.32,271.23,277.06,80993265.0,4267478082.0,20628944429.0,0.003926195316428326
2022-02-14,278.27,278.27,267.82,268.87,59405166.0,3060509962.0,20628944429.0,0.0028796997444274805
2022-02-15,267.55,269.81,262.3,263.72,56617903.0,2851170329.0,20628944429.0,0.0027445855601029696
2022-02-16,265.5,269.71,263.77,268.18,40495579.0,2065162806.0,20628944429.0,0.0019630465891929813
2022-02-17,269.23,272.96,267.4,270.23,44157043.0,2281127847.0,20628944429.0,0.0021405381720804094
2022-02-18,269.13,273.64,269.13,273.38,35439010.0,1837821806.0,20628944429.0,0.0017179264853794522
2022-02-21,272.17,272.49,267.87,271.81,31345076.0,1610843080.0,20628944429.0,0.0015194706693734338
2022-02-22,268.24,269.65,266.45,268.97,36983993.0,1887326607.0,20628944429.0,0.0017928204289507032
2022-02-23,270.23,270.23,265.98,266.92,37499974.0,1905978106.0,20628944429.0,0.001817832906044521
2022-02-24,265.45,265.61,261.78,262.67,48238083.0,2418202039.0,20628944429.0,0.0023383689439866492
2022-02-25,262.77,265.19,260.2,261.57,45184050.0,2256854494.0,20628944429.0,0.0021903229297801897
2022-02-28,260.41,262.25,258.94,261.51,33528964.0,1662895005.0,20628944429.0,0.0016253359019604153
2022-03-01,262.56,265.19,259.2,263.82,40645436.0,2027737708.0,20628944429.0,0.001970310993850998
2022-03-02,261.51,263.77,259.62,259.78,39707598.0,1972076233.0,20628944429.0,0.001924848754945473
2022-03-03,260.36,262.41,259.68,261.15,31128967.0,1546031524.0,20628944429.0,0.0015089946607369379
2022-03-04,258.63,259.36,254.69,255.74,57789720.0,2818733866.0,20628944429.0,0.002801390066219757
2022-03-07,252.11,253.43,244.18,245.55,101435369.0,4773665662.0,20628944429.0,0.004917138118681584
2022-03-08,244.5,245.6,237.36,238.83,83466464.0,3842685602.0,20628944429.0,0.00404608506689579
2022-03-09,239.46,240.14,225.86,233.1,90043112.0,4012104662.0,20628944429.0,0.004364891878491763
2022-03-10,239.46,239.98,234.36,234.73,67149583.0,3031093298.0,20628944429.0,0.0032551148330014243
2022-03-11,233.68,235.2,226.33,233.42,74052488.0,3252533334.0,20628944429.0,0.0035897371411742047
2022-03-14,228.43,230.95,221.08,221.34,108046557.0,4627178709.0,20628944429.0,0.005237619276733764
2022-03-15,218.51,218.51,205.75,207.16,131309249.0,5293255402.0,20628944429.0,0.00636529171194075
2022-03-16,210.37,224.75,209.58,223.6,137744932.0,5685452904.0,20628944429.0,0.0066772651637162445
2022-03-17,231.84,237.2,229.32,233.73,131964759.0,5873750265.0,20628944429.0,0.006397067937925366
2022-03-18,234.21,242.45,231.16,242.45,92358531.0,4173209905.0,20628944429.0,0.004477133152298532
2022-03-21,240.98,240.98,234.21,235.31,79103220.0,3566893332.0,20628944429.0,0.003834574293040285
2022-03-22,236.52,240.82,235.36,239.09,54903830.0,2497185117.0,20628944429.0,0.0026614948810864333
2022-03-23,239.93,241.4,237.88,240.3,46995984.0,2148515086.0,20628944429.0,0.002278157477312966
2022-03-24,239.46,242.03,238.2,240.35,38033234.0,1742027092.0,20628944429.0,0.0018436829926466423
2022-03-25,240.04,241.3,236.31,237.25,31825936.0,1445681951.0,20628944429.0,0.001542780635700359
2022-03-28,235.47,238.93,232.37,236.57,38645874.0,1736237601.0,20628944429.0,0.0018733810706122195
2022-03-29,237.1,239.2,235.84,236.36,34962089.0,1580213154.0,20628944429.0,0.0016948074643533667
2022-03-30,238.2,243.13,238.15,242.77,52072269.0,2389901320.0,20628944429.0,0.0025242333256178264
2022-03-31,241.51,247.44,240.61,245.76,61588490.0,2878948597.0,20628944429.0,0.002985537636788599
2022-04-01,244.13,249.28,243.03,247.34,47613944.0,2233625273.0,20628944429.0,0.0023081134453522842
2022-04-06,243.66,250.64,243.55,248.86,47826855.0,2260412706.0,20628944429.0,0.002318434429091069
2022-04-07,248.65,249.91,244.6,246.08,37720107.0,1776370371.0,20628944429.0,0.0018285039804059671
2022-04-08,245.23,247.76,244.71,247.76,36423474.0,1711753064.0,20628944429.0,0.0017656489465741243
2022-04-11,245.29,246.13,239.41,241.03,49261173.0,2263984281.0,20628944429.0,0.002387963822848301
2022-04-12,242.61,243.97,236.89,239.98,58884049.0,2691571030.0,20628944429.0,0.0028544382967662313
2022-04-13,239.98,242.08,237.94,240.25,44822252.0,2054724468.0,20628944429.0,0.0021727845626938256
2022-04-14,241.61,243.82,240.25,240.3,32661329.0,1503135689.0,20628944429.0,0.001583276794041142
2022-04-15,239.98,246.81,238.88,245.92,42315903.0,1962144157.0,20628944429.0,0.0020512878468232553
2022-04-18,241.35,241.35,224.65,227.85,236677506.0,10320718085.0,20628944429.0,0.011473078848730656
2022-04-19,220.55,224.49,217.4,221.08,250477022.0,10505571111.0,20628944429.0,0.012142018359789727
2022-04-20,219.5,220.45,214.78,215.83,131826851.0,5440590528.0,20628944429.0,0.006390382767946134
2022-04-21,213.73,221.08,213.2,216.77,114350098.0,4747988004.0,20628944429.0,0.005543187068711455
2022-04-22,213.52,225.65,213.46,223.18,119533984.0,5041291328.0,20628944429.0,0.005794478937660044
2022-04-25,212.05,215.04,203.33,203.91,236874515.0,9367538010.0,20628944429.0,0.011482628973831727
2022-04-26,204.06,205.64,197.45,201.7,145471877.0,5605383081.0,20628944429.0,0.007051833286995375
2022-04-27,198.66,202.86,197.5,199.76,154620795.0,5867256791.0,20628944429.0,0.007495332373024155
2022-04-28,199.86,210.47,199.29,208.06,156452310.0,6124749761.0,20628944429.0,0.007584116120845264
2022-04-29,205.33,211.15,203.33,209.68,123692861.0,4884561443.0,20628944429.0,0.005996082903113239
2022-05-05,208.27,211.0,204.9,206.17,94425132.0,3712525676.0,20628944429.0,0.0045773128297954945
2022-05-06,203.22,203.49,199.02,199.08,88945545.0,3392746139.0,20628944429.0,0.004311686684024467
2022-05-09,198.5,198.6,189.83,191.51,125240592.0,4603133911.0,20628944429.0,0.006071110057572205
2022-05-10,188.94,195.14,185.16,194.19,121763735.0,4424738771.0,20628944429.0,0.005902567405670333
2022-05-11,193.4,197.24,192.2,195.4,87239856.0,3245600405.0,20628944429.0,0.004229002424251962
2022-05-12,193.25,194.61,191.3,192.25,63002311.0,2309969909.0,20628944429.0,0.003054073426628261
2022-05-13,194.19,197.45,193.77,195.09,70130077.0,2610117535.0,20628944429.0,0.003399596001694188
2022-05-16,194.98,194.98,191.36,193.72,64474236.0,2373534396.0,20628944429.0,0.003125425841438724
2022-05-17,196.19,202.86,196.19,202.7,118395443.0,4517008501.0,20628944429.0,0.005739287504869161
2022-05-18,204.8,205.22,199.02,202.17,88775539.0,3406772014.0,20628944429.0,0.004303445544949943
2022-05-19,198.97,200.86,197.03,199.71,54201095.0,2054604084.0,20628944429.0,0.002627429395941585
2022-05-20,203.49,211.0,203.49,209.84,133887244.0,5296502627.0,20628944429.0,0.006490261509056295
2022-05-23,209.89,210.31,207.16,207.37,61808829.0,2449773575.0,20628944429.0,0.002996218697119066
2022-05-24,207.95,209.16,203.96,204.27,68742972.0,2695176600.0,20628944429.0,0.003332355285390255
2022-05-25,204.69,205.33,202.91,203.64,48902540.0,1897867054.0,20628944429.0,0.002370578880965582
2022-05-26,204.8,204.8,199.97,201.81,61542963.0,2361966487.0,20628944429.0,0.0029833306891594224
2022-05-27,204.27,206.95,203.38,205.43,60839589.0,2382330330.0,20628944429.0,0.0029492342281203787
2022-05-30,207.43,207.43,203.7,205.17,47153667.0,1841958552.0,20628944429.0,0.002285801251842618
2022-05-31,205.06,208.74,203.75,208.42,64540394.0,2550654577.0,20628944429.0,0.0031286328887128925
2022-06-01,208.48,208.48,206.22,208.42,43383408.0,1714345935.0,20628944429.0,0.0021030357684716024
2022-06-02,206.38,207.06,203.43,204.38,54728121.0,2129924528.0,20628944429.0,0.0026529772857918827
2022-06-06,204.01,204.96,200.07,204.64,69870287.0,2692557419.0,20628944429.0,0.003387002531345081
2022-06-07,204.59,207.43,203.07,206.64,62272629.0,2441620703.0,20628944429.0,0.0030187016700892193
2022-06-08,206.69,207.95,204.9,207.58,59693086.0,2345955707.0,20628944429.0,0.0028936568327792844
2022-06-09,207.43,213.2,206.95,211.57,90860722.0,3656593721.0,20628944429.0,0.004404525995633046
2022-06-10,209.58,210.89,207.43,210.68,79539375.0,3166842600.0,20628944429.0,0.003855717158662961
2022-06-13,207.74,207.74,201.33,202.54,97131216.0,3770847475.0,20628944429.0,0.00470849181519214
2022-06-14,200.6,206.38,200.13,206.06,59836244.0,2314895047.0,20628944429.0,0.002900596499541814
2022-06-15,205.8,215.83,205.8,212.57,139489478.0,5639026274.0,20628944429.0,0.006761833039014194
2022-06-16,214.67,215.2,209.84,209.84,63688339.0,2567652086.0,20628944429.0,0.0030873290302952903
2022-06-17,209.21,210.94,206.22,209.26,55073077.0,2188790580.0,20628944429.0,0.0026696992271974286
2022-06-20,209.47,210.58,206.9,208.48,61420616.0,2440349614.0,20628944429.0,0.0029773998476458835
2022-06-21,208.69,213.46,207.16,211.78,58391388.0,2351462261.0,20628944429.0,0.0028305562701460315
2022-06-22,212.15,212.52,206.38,206.43,73071187.0,2896990424.0,20628944429.0,0.0035421680082320223
2022-06-23,206.48,211.15,206.48,210.79,61602983.0,2459925121.0,20628944429.0,0.002986240193337233
2022-06-24,211.47,213.15,208.27,211.1,63995033.0,2559336619.0,20628944429.0,0.0031021961991441653
2022-06-27,211.78,217.19,210.84,216.62,89340811.0,3664489439.0,20628944429.0,0.004330847431747668
2022-06-28,215.83,217.51,214.78,216.77,49916367.0,2054696486.0,20628944429.0,0.002419724730550342
2022-06-29,216.72,219.03,215.25,215.36,62280411.0,2571017815.0,20628944429.0,0.0030190789070354326
2022-06-30,215.51,224.23,215.09,221.6,83262823.0,3502837233.0,20628944429.0,0.004036213451762942
2022-07-01,222.55,222.55,216.41,217.3,69574815.0,2888674475.0,20628944429.0,0.003372679355429951
2022-07-04,216.77,217.25,214.25,215.57,48691785.0,2000021774.0,20628944429.0,0.002360362410572472
2022-07-05,217.72,218.82,214.04,215.2,53453841.0,2198036073.0,20628944429.0,0.002591205826549953
2022-07-06,215.09,215.78,207.95,209.0,88526638.0,3542584702.0,20628944429.0,0.004291379925167183
2022-07-07,209.0,210.94,207.69,208.74,50812921.0,2024650566.0,20628944429.0,0.0024631857037031722
2022-07-08,211.1,211.21,208.11,209.05,48036145.0,1912947040.0,20628944429.0,0.0023285798827627447
2022-07-11,207.85,208.42,205.85,207.11,40375487.0,1589869330.0,20628944429.0,0.0019572250601073158
2022-07-12,206.69,209.0,204.96,206.38,58062988.0,2285703404.0,20628944429.0,0.002814636890406061
2022-07-13,205.17,206.11,197.92,199.02,141083081.0,5383917613.0,20628944429.0,0.006839083865176667
2022-07-14,195.19,195.3,186.42,191.57,232523374.0,8431357290.0,20628944429.0,0.011271704899893984
2022-07-15,192.34,197.06,191.03,191.08,138245173.0,4872775479.0,20628944429.0,0.006701514635215948
2022-07-18,192.62,196.4,191.85,195.25,90308021.0,3202227202.0,20628944429.0,0.00437773349532348
2022-07-19,194.54,196.45,192.89,195.69,53781384.0,1910448534.0,20628944429.0,0.002607083662719774
2022-07-20,196.95,197.93,195.69,196.45,46968871.0,1685116916.0,20628944429.0,0.002276843158972863
2022-07-21,194.76,196.35,193.82,194.32,46624082.0,1656137612.0,20628944429.0,0.0022601293129888046
2022-07-22,194.81,197.55,193.17,195.03,51033274.0,1817477340.0,20628944429.0,0.002473867442691728
2022-07-25,193.88,197.17,193.0,196.45,40464861.0,1447583000.0,20628944429.0,0.001961557516395014
2022-07-26,196.45,199.19,196.13,199.09,45628522.0,1651632360.0,20628944429.0,0.0022118689667831866
2022-07-27,198.54,199.19,196.78,197.55,44247135.0,1597140637.0,20628944429.0,0.002144905433832947
2022-07-28,197.82,199.19,195.91,196.07,57066760.0,2054633516.0,20628944429.0,0.002766344162514492
2022-07-29,196.35,198.26,191.85,192.18,64970631.0,2299974527.0,20628944429.0,0.00314948887586632
2022-08-01,191.74,191.85,188.78,189.17,70588273.0,2445426274.0,20628944429.0,0.003421807317526513
2022-08-02,187.41,187.47,182.65,185.82,81160751.0,2741206158.0,20628944429.0,0.003934314297046866
2022-08-03,185.77,189.0,180.56,181.17,100320625.0,3341394264.0,20628944429.0,0.004863100259214916
2022-08-04,182.65,184.67,182.1,184.45,59307271.0,1986094524.0,20628944429.0,0.0028749542277415963
2022-08-05,185.28,188.18,184.23,187.96,48871948.0,1660667569.0,20628944429.0,0.002369095916090414
2022-08-08,187.36,189.0,184.23,185.82,57211197.0,1942979975.0,20628944429.0,0.0027733458295409906
2022-08-09,186.04,186.04,183.03,184.13,49867119.0,1675279850.0,20628944429.0,0.0024173374052962795
2022-08-10,183.91,184.67,181.0,181.66,52960480.0,1758806053.0,20628944429.0,0.002567289867025314
2022-08-11,183.36,188.51,181.82,188.29,82668809.0,2799671312.0,20628944429.0,0.004007418279908926
2022-08-12,187.19,188.73,186.48,188.34,40200050.0,1377797391.0,20628944429.0,0.0019487206501699187
2022-08-15,186.86,188.13,183.74,184.84,45918083.0,1554089642.0,20628944429.0,0.002225905603558112
2022-08-16,185.55,188.34,184.95,185.82,47915454.0,1629408747.0,20628944429.0,0.0023227293168059946
2022-08-17,186.32,188.13,183.8,187.63,45395476.0,1545822426.0,20628944429.0,0.0022005719272859842
2022-08-18,187.03,187.25,183.25,184.78,50734443.0,1709182803.0,20628944429.0,0.002459381437310866
2022-08-19,183.47,187.14,183.36,185.49,42844967.0,1455096383.0,20628944429.0,0.00207693452990105
2022-08-22,183.8,186.97,183.58,184.23,52563482.0,1773361292.0,20628944429.0,0.0025480451596014138
2022-08-23,184.07,184.13,180.95,181.39,53965720.0,1791825378.0,20628944429.0,0.002616019456823755
2022-08-24,181.6,183.25,179.74,179.96,58965852.0,1950217427.0,20628944429.0,0.0028584037444546262
2022-08-25,180.29,185.06,178.59,184.62,65073875.0,2161568446.0,20628944429.0,0.0031544936884177013
2022-08-26,184.67,186.54,182.65,184.67,54968310.0,1852196046.0,20628944429.0,0.0026646205863411023
2022-08-29,182.54,185.33,181.44,182.37,38901392.0,1293596316.0,20628944429.0,0.0018857674532930897
2022-08-30,181.44,185.6,181.28,185.17,59087736.0,1983189091.0,20628944429.0,0.002864312141775657
2022-08-31,183.8,193.11,183.41,192.07,166545105.0,5773783194.0,20628944429.0,0.008073370189793727
2022-09-01,191.03,192.02,189.0,189.06,60742108.0,2109230456.0,20628944429.0,0.0029445087803236913
2022-09-02,189.6,191.25,186.97,188.07,47663498.0,1638046863.0,20628944429.0,0.0023105156041331445
2022-09-05,187.69,188.45,183.91,187.58,46737206.0,1585571171.0,20628944429.0,0.0022656130642485623
2022-09-06,188.07,190.43,183.58,184.23,87756101.0,2969378343.0,20628944429.0,0.004254027698898311
2022-09-07,182.76,183.47,181.17,182.92,62522016.0,2077538980.0,20628944429.0,0.0030307908490027763
2022-09-08,182.86,183.74,182.21,182.48,41667222.0,1390770603.0,20628944429.0,0.0020198426605592366
2022-09-09,183.3,190.48,182.92,189.06,135166615.0,4636864234.0,20628944429.0,0.006552279757464656
2022-09-13,188.78,195.36,187.91,193.71,143861057.0,5071277448.0,20628944429.0,0.00697374785681042
2022-09-14,191.25,193.44,190.21,191.03,56078636.0,1960637593.0,20628944429.0,0.0027184442807051783
2022-09-15,192.62,197.61,192.62,197.33,134095049.0,4805992201.0,20628944429.0,0.006500334976494982
2022-09-16,195.58,197.28,191.36,191.52,86516134.0,3050978941.0,20628944429.0,0.004193919582156435
2022-09-19,191.19,193.55,190.43,192.29,44998129.0,1578116277.0,20628944429.0,0.002181310301885442
2022-09-20,192.34,192.84,188.23,189.28,50434551.0,1745868528.0,20628944429.0,0.002444843999341989
2022-09-21,188.78,191.14,185.55,188.56,53038925.0,1821095332.0,20628944429.0,0.0025710925337235537
2022-09-22,186.32,187.69,185.82,187.25,38514551.0,1310807203.0,20628944429.0,0.0018670151123126087
2022-09-23,186.32,189.93,186.32,188.29,36643717.0,1258753251.0,20628944429.0,0.0017763253532491253
2022-09-26,186.43,189.17,185.44,186.04,52549140.0,1789545993.0,20628944429.0,0.002547349922865023
2022-09-27,185.71,186.59,183.25,185.77,47541362.0,1604082625.0,20628944429.0,0.002304594990966515
2022-09-28,185.17,186.32,183.14,184.51,48729860.0,1642543374.0,20628944429.0,0.0023622081181960994
2022-09-29,186.26,188.07,180.84,181.66,61785902.0,2073148613.0,20628944429.0,0.002995107297547512
2022-09-30,182.26,186.04,181.49,184.4,53971707.0,1816711650.0,20628944429.0,0.002616309680107869
2022-10-10,180.78,181.33,171.25,174.26,127799132.0,4068516527.0,20628944429.0,0.006195136762322217
2022-10-11,174.21,175.74,171.58,172.07,61866447.0,1953843165.0,20628944429.0,0.002999011762959071
2022-10-12,171.25,171.52,164.67,169.6,117369975.0,3590021718.0,20628944429.0,0.0056895773510835706
2022-10-13,166.97,167.47,162.75,163.79,135038091.0,4045377680.0,20628944429.0,0.006546049482307227
2022-10-14,166.04,171.08,164.95,170.32,126919692.0,3911873392.0,20628944429.0,0.0061525054002073585
2022-10-17,168.23,170.86,167.36,169.99,64630961.0,1997396404.0,20628944429.0,0.0031330231763648715
2022-10-18,171.52,171.96,168.23,168.78,56281382.0,1739815953.0,20628944429.0,0.0027282725101959214
2022-10-19,168.34,170.26,165.55,165.82,52827518.0,1614469066.0,20628944429.0,0.0025608444572537367
2022-10-20,164.4,166.86,163.74,164.78,55115404.0,1657020702.0,20628944429.0,0.0026717510529777385
2022-10-21,165.22,165.88,161.66,162.1,72871094.0,2171956543.0,20628944429.0,0.0035324683844491053
2022-10-24,161.05,161.6,153.44,153.55,145145835.0,4134436262.0,20628944429.0,0.0070360282126677885
2022-10-25,153.55,156.01,152.4,154.48,86028249.0,2418347973.0,20628944429.0,0.004170269074895669
2022-10-26,153.33,155.19,152.12,153.05,75402189.0,2113201163.0,20628944429.0,0.003655164676967195
2022-10-27,154.53,155.85,152.89,153.11,76286564.0,2145320724.0,20628944429.0,0.0036980352660583534
2022-10-28,151.25,153.44,147.9,148.94,94946422.0,2601030856.0,20628944429.0,0.004602582663731698
2022-10-31,147.41,148.67,144.12,146.97,95303253.0,2553633471.0,20628944429.0,0.004619880252623274
2022-11-01,148.51,154.81,148.01,154.48,105901901.0,2937217653.0,20628944429.0,0.005133655838013892
2022-11-02,154.31,157.27,152.62,155.74,72836102.0,2060238785.0,20628944429.0,0.003530772127031745
2022-11-03,155.36,155.52,152.78,153.71,50172213.0,1410971285.0,20628944429.0,0.002432127013220721
2022-11-04,153.71,160.29,153.38,159.36,92682957.0,2676989831.0,20628944429.0,0.00449285989009244
2022-11-07,157.82,161.27,156.84,159.79,54538019.0,1585520854.0,20628944429.0,0.002643761981506475
2022-11-08,160.01,161.0,158.59,159.74,43978188.0,1281125722.0,20628944429.0,0.0021318680726181913
2022-11-09,159.74,161.93,158.92,159.9,46305956.0,1353976618.0,20628944429.0,0.0022447079713348527
2022-11-10,158.92,160.56,157.66,159.96,40004562.0,1163044393.0,20628944429.0,0.0019392442564226367
2022-11-11,164.95,174.26,162.81,171.19,168871688.0,5192860256.0,20628944429.0,0.00818615264495073
2022-11-14,178.1,184.62,177.17,181.6,204968536.0,6818027855.0,20628944429.0,0.009935968207459851
2022-11-15,181.66,185.39,179.47,182.37,91330506.0,3043238573.0,20628944429.0,0.00442729904646058
2022-11-16,182.26,183.47,180.07,182.92,61459443.0,2043574641.0,20628944429.0,0.0029792820089039954
2022-11-17,182.48,182.48,175.36,177.06,103715191.0,3358356944.0,20628944429.0,0.0050276538073464406
2022-11-18,176.95,179.08,174.43,175.74,56273194.0,1805184083.0,20628944429.0,0.002727875592165133
2022-11-21,173.17,175.19,170.15,174.64,47910404.0,1512009170.0,20628944429.0,0.0023224845151382516
2022-11-22,175.74,180.18,174.26,177.82,65416650.0,2120960840.0,20628944429.0,0.003171109904588129
2022-11-23,177.17,180.56,176.18,176.56,57764427.0,1878620068.0,20628944429.0,0.0028001639734311972
2022-11-24,178.65,180.12,175.8,176.56,40630100.0,1314257028.0,20628944429.0,0.0019695675723903033
2022-11-25,176.51,182.04,176.34,180.95,83012155.0,2729700885.0,20628944429.0,0.004024062175634261
2022-11-28,175.91,175.96,172.34,175.14,80937686.0,2566010758.0,20628944429.0,0.003923501092291395
2022-11-29,179.69,191.3,179.47,191.03,175318695.0,5977811958.0,20628944429.0,0.008498675034168904
2022-11-30,188.13,194.21,187.41,191.58,87332461.0,3048012198.0,20628944429.0,0.004233491505131438
2022-12-01,196.73,200.02,190.97,191.8,83139723.0,2948536902.0,20628944429.0,0.004030246108139342
2022-12-02,191.8,191.8,187.19,188.45,59846240.0,2055897652.0,20628944429.0,0.002901081061417212
2022-12-05,191.63,197.82,189.66,197.82,105060439.0,3735713567.0,20628944429.0,0.005092865481391617
2022-12-06,196.78,197.17,194.1,196.45,65110353.0,2322429385.0,20628944429.0,0.003156261980543629
2022-12-07,196.18,197.0,193.44,193.55,56460628.0,2005014219.0,20628944429.0,0.002736961563609048
2022-12-08,193.17,196.02,192.67,194.26,44355151.0,1574334290.0,20628944429.0,0.002150141571841451
2022-12-09,196.18,202.37,195.25,201.39,95816291.0,3491269582.0,20628944429.0,0.0046447500660917115
2022-12-12,199.52,200.56,195.52,196.13,60626240.0,2186064378.0,20628944429.0,0.0029388920120785303
2022-12-13,195.8,198.7,195.14,198.04,38290398.0,1379130447.0,20628944429.0,0.0018561491661285236
2022-12-14,198.04,202.98,197.39,202.26,64436167.0,2361876160.0,20628944429.0,0.003123580424668563
2022-12-15,200.67,202.54,198.48,199.09,40340341.0,1470344983.0,20628944429.0,0.001955521337450979
2022-12-16,198.92,203.85,198.92,203.25,60782001.0,2242781163.0,20628944429.0,0.0029464426165477066
2022-12-19,203.3,204.62,198.65,200.02,54784253.0,2014825882.0,20628944429.0,0.0026556983169233202
2022-12-20,198.59,200.29,193.44,195.74,70291116.0,2518741582.0,20628944429.0,0.0034074024602628395
2022-12-21,197.22,198.54,195.69,197.0,33049776.0,1188825669.0,20628944429.0,0.0016021069867995232
2022-12-22,200.18,201.93,198.65,200.02,35971483.0,1312827354.0,20628944429.0,0.001743738421701868
2022-12-23,198.87,201.66,198.1,199.3,33058360.0,1204442484.0,20628944429.0,0.0016025231011591087
2022-12-26,199.19,201.66,196.67,197.0,36047352.0,1309281788.0,20628944429.0,0.0017474162153117698
2022-12-27,199.74,202.65,199.09,200.95,36790747.0,1350814519.0,20628944429.0,0.0017834527174487838
2022-12-28,200.95,205.61,200.46,204.57,52885997.0,1970716248.0,20628944429.0,0.0025636792605662024
2022-12-29,202.21,204.51,200.84,204.02,51362913.0,1902491092.0,20628944429.0,0.0024898468836725566
2022-12-30,204.62,206.21,203.8,204.18,52322805.0,1959907428.0,20628944429.0,0.002536378202970242
2023-01-03,203.2,207.03,200.18,205.94,60626616.0,2255334391.0,20628944429.0,0.0029389102388957724
2023-01-04,207.03,212.78,205.66,211.8,83645411.0,3207024324.0,20628944429.0,0.004054759626111163
2023-01-05,213.66,215.2,210.43,210.98,61908519.0,2398823818.0,20628944429.0,0.0030010512274670493
2023-01-06,211.85,213.33,207.63,210.32,59000699.0,2255711424.0,20628944429.0,0.0028600929729132095
2023-01-09,210.48,214.26,210.48,212.62,49914886.0,1937276819.0,20628944429.0,0.002419652938219663
2023-01-10,212.51,212.62,209.11,209.61,54197159.0,2078031131.0,20628944429.0,0.002627238596067479
2023-01-11,210.32,214.7,209.0,213.28,54170698.0,2107076772.0,20628944429.0,0.0026259558838040826
2023-01-12,214.32,214.54,212.24,213.99,30434871.0,1185494431.0,20628944429.0,0.0014753479561084525
2023-01-13,214.1,217.33,213.55,217.33,46376708.0,1825772733.0,20628944429.0,0.002248137715413301
2023-01-16,219.2,225.44,218.1,221.77,88046855.0,3569434000.0,20628944429.0,0.0042681221670375176
2023-01-17,221.66,224.35,220.73,222.92,43204705.0,1752751493.0,20628944429.0,0.0020943730372972058
2023-01-18,222.76,224.4,220.46,221.28,29467472.0,1191075289.0,20628944429.0,0.0014284527306484412
2023-01-19,220.29,223.58,218.76,222.76,47249021.0,1910434244.0,20628944429.0,0.0022904235920853866
2023-01-20,224.57,225.22,222.92,224.95,41340273.0,1692997050.0,20628944429.0,0.0020039936188826117
2023-01-30,233.17,233.61,229.33,230.32,100700740.0,4255796700.0,20628944429.0,0.00488152655345931
2023-01-31,232.07,232.07,225.83,225.83,64231185.0,2677248182.0,20628944429.0,0.003113643803785924
2023-02-01,228.18,228.46,218.92,222.16,91679130.0,3709963959.0,20628944429.0,0.00444419879628539
2023-02-02,223.03,223.31,216.73,219.36,72723293.0,2898996931.0,20628944429.0,0.0035253036455789853
2023-02-03,218.05,218.05,213.77,215.36,63816364.0,2506324574.0,20628944429.0,0.0030935351161394124
2023-02-06,212.18,212.29,207.58,210.15,73100066.0,2790029317.0,20628944429.0,0.003543567934442469
2023-02-07,210.98,213.39,209.11,210.48,42657086.0,1643882586.0,20628944429.0,0.0020678268898738717
2023-02-08,210.98,213.28,210.21,210.92,31706528.0,1222704068.0,20628944429.0,0.0015369922639098888
2023-02-09,210.54,213.11,209.99,210.92,49817481.0,1920854681.0,20628944429.0,0.0024149311745668865
2023-02-10,209.88,210.37,207.69,209.11,41102639.0,1567982948.0,20628944429.0,0.0019924741734345967
2023-02-13,207.69,208.13,203.14,206.7,82518134.0,3095654450.0,20628944429.0,0.004000114222228292
2023-02-14,207.03,208.57,205.55,208.24,48607663.0,1836814072.0,20628944429.0,0.002356284548019226
2023-02-15,208.24,208.73,202.76,203.69,77104778.0,2872782991.0,20628944429.0,0.0037376986624486097
2023-02-16,203.85,207.41,202.87,204.24,65415231.0,2453427441.0,20628944429.0,0.0031710411177432716
2023-02-17,203.58,204.84,201.0,201.17,57581280.0,2130963531.0,20628944429.0,0.0027912858167891863
2023-02-20,201.77,211.03,201.77,210.92,108022830.0,4089276990.0,20628944429.0,0.005236469096699994
2023-02-21,210.59,212.73,208.95,212.02,53046540.0,2043801362.0,20628944429.0,0.0025714616752482793
2023-02-22,210.76,211.52,209.0,209.11,38309139.0,1467027311.0,20628944429.0,0.0018570576469315284
2023-02-23,209.11,212.46,209.11,209.72,37063824.0,1423074975.0,20628944429.0,0.0017966902827997336
2023-02-24,209.17,209.61,204.95,205.28,53369015.0,2011474600.0,20628944429.0,0.002587093837189957
2023-02-27,204.24,205.94,203.25,203.63,44933367.0,1674343230.0,20628944429.0,0.0021781709265178417
2023-02-28,203.69,205.39,201.93,204.46,37822552.0,1405386500.0,20628944429.0,0.0018334700609707092
2023-03-01,204.13,210.1,203.85,209.61,57119401.0,2169732585.0,20628944429.0,0.0027688959654039312
2023-03-02,208.46,210.98,206.98,209.61,34907009.0,1332878911.0,20628944429.0,0.0016921374295297443
2023-03-03,210.98,212.46,207.69,209.61,35711390.0,1365470222.0,20628944429.0,0.0017311302632526957
2023-03-06,208.35,209.5,202.26,202.76,81051939.0,3015166370.0,20628944429.0,0.003929039572478457
2023-03-07,202.15,205.39,199.52,200.35,73741149.0,2722185234.0,20628944429.0,0.003574644803266584
2023-03-08,198.65,199.03,196.18,197.28,61658357.0,2216886862.0,20628944429.0,0.00298892447998072
2023-03-09,197.28,197.72,194.54,194.98,53999602.0,1928666141.0,20628944429.0,0.002617661906349789
2023-03-10,192.07,195.41,191.52,191.96,55845366.0,1963698972.0,20628944429.0,0.0027071363826785557
2023-03-13,191.36,193.88,190.21,192.07,58420463.0,2046110685.0,20628944429.0,0.0028319656975697213
2023-03-14,190.04,191.41,188.18,189.5,62666750.0,2168927834.0,20628944429.0,0.0030378069132758726
2023-03-15,192.62,195.69,191.14,191.14,67638378.0,2380639264.0,20628944429.0,0.003278809453037962
2023-03-16,189.06,192.62,187.47,189.88,40389489.0,1401995822.0,20628944429.0,0.001957903815147264
2023-03-17,191.91,193.82,186.43,188.29,83271578.0,2893458533.0,20628944429.0,0.004036637855446327
2023-03-20,188.73,191.3,186.43,186.97,52072515.0,1790157157.0,20628944429.0,0.0025242452506099577
2023-03-21,187.47,189.06,186.37,187.58,36747539.0,1256872360.0,20628944429.0,0.0017813581846844579
2023-03-22,189.17,190.32,187.85,189.28,45986740.0,1587045184.0,20628944429.0,0.0022292337913011303
2023-03-23,188.51,193.66,188.07,192.89,54214633.0,1890730123.0,20628944429.0,0.002628085658313448
2023-03-24,191.69,191.69,187.58,188.67,67871839.0,2342134999.0,20628944429.0,0.0032901266098999387
2023-03-27,189.6,189.6,186.59,187.47,44983610.0,1538661024.0,20628944429.0,0.002180606484971786
2023-03-28,188.56,190.26,187.3,188.51,53323436.0,1834470874.0,20628944429.0,0.0025848843688307363
2023-03-29,189.66,190.15,186.86,186.97,41863012.0,1433206733.0,20628944429.0,0.002029333693931005
2023-03-30,187.14,188.45,184.73,188.23,56228970.0,1915822304.0,20628944429.0,0.002725731808213792
2023-03-31,188.29,190.81,187.08,187.8,57779428.0,1993103479.0,20628944429.0,0.0028008911555733387
2023-04-03,188.02,188.78,186.21,188.34,50467501.0,1727952628.0,20628944429.0,0.0024464412696295406
2023-04-04,188.4,188.62,186.65,187.85,48782066.0,1668757196.0,20628944429.0,0.002364738834209208
2023-04-06,187.25,187.25,184.84,185.22,48679567.0,1650684312.0,20628944429.0,0.0023597701359632664
2023-04-07,185.49,187.74,184.95,187.08,39414120.0,1343439511.0,20628944429.0,0.0019106222393324185
2023-04-10,187.14,187.96,186.15,187.63,33015949.0,1128256665.0,20628944429.0,0.0016004672034302663
2023-04-11,187.63,188.18,184.29,184.84,73399153.0,2485887912.0,20628944429.0,0.00355806634957124
2023-04-12,185.71,186.04,184.45,184.89,41612769.0,1403968679.0,20628944429.0,0.0020172030199228767
2023-04-13,184.4,187.63,182.21,186.37,63430456.0,2142100175.0,20628944429.0,0.0030748280028729917
2023-04-14,187.41,190.65,186.43,188.45,69392338.0,2387857214.0,20628944429.0,0.0033638336774250467
2023-04-17,188.07,192.89,186.86,192.89,89373012.0,3107511587.0,20628944429.0,0.004332408393827469
2023-04-18,192.95,199.19,192.45,195.52,94271463.0,3375509116.0,20628944429.0,0.004569863636235016
2023-04-19,196.4,196.4,193.44,194.54,51088648.0,1815680622.0,20628944429.0,0.002476551729335215
2023-04-20,195.08,195.85,191.03,191.74,68091530.0,2393722845.0,20628944429.0,0.00330077625805601
2023-04-21,191.74,192.78,188.67,189.06,53159146.0,1849378443.0,20628944429.0,0.002576920316158752
2023-04-24,189.17,190.1,183.63,184.13,72987368.0,2474101753.0,20628944429.0,0.0035381048337788414
2023-04-25,184.18,187.08,183.63,186.48,51221280.0,1731551113.0,20628944429.0,0.002482981142166128
2023-04-26,185.22,186.1,182.76,185.33,49650070.0,1673601450.0,20628944429.0,0.002406815829616679
2023-04-27,180.67,180.78,176.12,178.81,155927939.0,5072330698.0,20628944429.0,0.007558696933653949
2023-04-28,177.88,184.95,177.6,184.13,94021308.0,3136764115.0,20628944429.0,0.00455773722807773
2023-05-04,182.43,188.51,179.91,187.03,72543303.0,2457318979.0,20628944429.0,0.003516578526335997
2023-05-05,187.3,192.13,187.14,190.1,80088973.0,2785096474.0,20628944429.0,0.003882359239254704
2023-05-08,191.03,197.0,189.82,195.08,106426580.0,3773892300.0,20628944429.0,0.005159089955683161
2023-05-09,195.52,197.82,191.58,191.74,98552978.0,3503564878.0,20628944429.0,0.004777412549594881
2023-05-10,191.25,192.45,187.91,188.51,63837387.0,2203715637.0,20628944429.0,0.0030945542182108906
2023-05-11,189.6,193.61,188.51,188.78,44580284.0,1547837683.0,20628944429.0,0.0021610550240917514
2023-05-12,188.89,189.33,186.32,186.54,45936569.0,1569062497.0,20628944429.0,0.0022268017230887855
2023-05-15,186.81,190.97,184.73,190.15,52809453.0,1811811263.0,20628944429.0,0.002559968745941305
2023-05-16,191.52,192.89,189.44,190.81,38524804.0,1341479236.0,20628944429.0,0.001867512132411494
2023-05-17,190.76,192.51,188.67,189.06,39637635.0,1380094248.0,20628944429.0,0.001921457258097886
2023-05-18,190.32,190.92,187.47,188.78,32901230.0,1137523121.0,20628944429.0,0.001594906133623964
2023-05-19,188.23,188.78,185.99,186.04,39298980.0,1339332375.0,20628944429.0,0.0019050407613078746
2023-05-22,186.21,188.18,186.21,187.41,29693441.0,1014463033.0,20628944429.0,0.0014394067084817586
2023-05-23,187.47,188.4,184.13,184.13,34692126.0,1177389441.0,20628944429.0,0.0016817208519515955
2023-05-24,184.07,184.07,180.45,180.45,46399873.0,1541649339.0,20628944429.0,0.002249260652172364
2023-05-25,179.52,179.52,176.23,177.66,70605103.0,2286618239.0,20628944429.0,0.0034226231615003978
2023-05-26,177.77,180.07,176.56,179.41,29462374.0,958855792.0,20628944429.0,0.0014282056021529652
2023-05-29,180.56,180.56,177.77,179.14,38730090.0,1263259965.0,20628944429.0,0.0018774634898697754
2023-05-30,179.14,180.29,177.33,178.86,34007178.0,1108840100.0,20628944429.0,0.0016485176019085585
2023-05-31,178.65,179.74,176.67,177.0,52541398.0,1704091986.0,20628944429.0,0.0025469746249419207
2023-06-01,177.06,178.1,175.47,175.69,47239881.0,1521250952.0,20628944429.0,0.0022899805253045603
2023-06-02,176.56,181.39,176.45,181.22,55885607.0,1829053080.0,20628944429.0,0.0027090870884036353
2023-06-05,181.22,182.32,179.96,181.06,31273034.0,1033695634.0,20628944429.0,0.0015159783917996611
2023-06-06,181.06,185.22,180.73,181.22,38663375.0,1288946278.0,20628944429.0,0.0018742294416987883
2023-06-07,182.21,184.18,181.71,182.48,33890635.0,1132209544.0,20628944429.0,0.0016428681126484021
2023-06-08,182.59,187.52,182.04,186.76,54961501.0,1859578016.0,20628944429.0,0.0026642905161320604
2023-06-09,186.59,187.69,184.89,184.89,41510872.0,1408235126.0,20628944429.0,0.002012263503974753
2023-06-12,184.84,185.88,182.92,184.84,40677376.0,1370601854.0,20628944429.0,0.0019718593038050014
2023-06-13,183.91,185.99,183.58,184.84,23124556.0,779060071.0,20628944429.0,0.0011209762127960211
2023-06-14,185.93,186.54,182.97,182.97,38263310.0,1289658685.0,20628944429.0,0.0018548360596778648
2023-06-15,183.58,185.17,182.54,184.78,36953706.0,1239411035.0,20628944429.0,0.0017913522491267554
2023-06-16,185.55,186.54,184.95,185.93,42680637.0,1448460382.0,20628944429.0,0.0020689685382059547
2023-06-19,185.82,185.82,183.91,184.02,27896062.0,939883957.0,20628944429.0,0.0013522777229834381
2023-06-20,183.58,183.91,181.39,181.88,30764875.0,1024392135.0,20628944429.0,0.0014913450906751677
2023-06-21,181.17,184.34,180.84,181.77,42786599.0,1426164911.0,20628944429.0,0.002074105107377717
2023-06-26,180.45,181.39,177.66,178.7,43210300.0,1410658235.0,20628944429.0,0.002094644258154834
2023-06-27,178.81,180.89,177.77,179.85,34571527.0,1132557913.0,20628944429.0,0.0016758747457480002
2023-06-28,179.8,181.82,179.3,181.11,33381801.0,1100128735.0,20628944429.0,0.0016182020905089133
2023-06-29,181.11,181.82,179.03,179.08,25854831.0,848217753.0,20628944429.0,0.001253327870894523
2023-06-30,179.36,180.84,178.86,179.52,29361327.0,964762581.0,20628944429.0,0.0014233072904459468
2023-07-03,180.29,185.0,179.74,184.78,45366767.0,1515242663.0,20628944429.0,0.002199180241923759
2023-07-04,184.13,184.13,182.81,183.63,22408656.0,749827211.0,20628944429.0,0.0010862725466698187
2023-07-05,183.58,183.58,179.96,181.0,41307158.0,1365494250.0,20628944429.0,0.0020023883501247277
2023-07-06,181.0,181.49,178.15,178.54,40784246.0,1334753417.0,20628944429.0,0.0019770398888013796
2023-07-07,178.1,178.54,176.95,177.06,47279440.0,1530388129.0,20628944429.0,0.0022918981706856
2023-07-10,178.21,179.14,177.17,177.82,27207677.0,883689382.0,20628944429.0,0.0013189078623796024
2023-07-11,179.36,179.74,177.93,179.25,32916654.0,1074347765.0,20628944429.0,0.0015956538209355026
2023-07-12,179.3,183.25,179.3,181.93,63204933.0,2098753494.0,20628944429.0,0.0030638956451473605
2023-07-13,184.99,185.04,181.86,184.18,56385028.0,1791570807.0,20628944429.0,0.002733296809929566
2023-07-14,184.7,186.14,183.77,184.64,34752056.0,1111472582.0,20628944429.0,0.0016846259933274068
2023-07-17,183.71,183.77,181.75,183.02,26200279.0,827190406.0,20628944429.0,0.001270073662284332
2023-07-18,183.02,183.71,181.52,181.92,31638946.0,996591508.0,20628944429.0,0.0015337161874129745
2023-07-19,180.94,182.96,180.76,182.62,24029564.0,755090293.0,20628944429.0,0.001164846998483327
2023-07-20,183.71,185.62,182.73,183.25,27239443.0,867690876.0,20628944429.0,0.0013204477375830736
2023-07-21,183.89,184.93,182.79,183.89,31566900.0,1004431833.0,20628944429.0,0.0015302237159368908
2023-07-24,181.92,183.48,181.57,181.86,23912203.0,753332483.0,20628944429.0,0.0011591578562005539
2023-07-25,185.04,192.85,185.04,192.39,126162096.0,4159900848.0,20628944429.0,0.00611578049639042
2023-07-26,192.39,195.05,191.23,192.85,50175140.0,1673625171.0,20628944429.0,0.0024322689012368564
2023-07-27,193.72,195.57,191.98,194.64,54848896.0,1845231370.0,20628944429.0,0.0026588319236971656
2023-07-28,193.66,204.07,193.2,202.97,125628759.0,4358344107.0,20628944429.0,0.00608992667716881
2023-07-31,205.4,208.41,202.45,205.63,116275605.0,4127807307.0,20628944429.0,0.005636527133038407
2023-08-01,205.46,205.75,201.06,202.33,66009585.0,2316910863.0,20628944429.0,0.00319985277129373
2023-08-02,197.53,201.35,195.28,196.78,91535761.0,3124298660.0,20628944429.0,0.004437248901175951
2023-08-03,196.73,201.12,195.86,200.54,50929381.0,1750414829.0,20628944429.0,0.002468831169490374
2023-08-04,202.85,205.28,200.77,201.7,81264248.0,2854335236.0,20628944429.0,0.003939331373919423
2023-08-07,200.95,201.12,198.23,199.5,34467192.0,1187405635.0,20628944429.0,0.001670817046341271
2023-08-08,198.52,200.37,195.51,197.48,50228255.0,1715919700.0,20628944429.0,0.0024348436815501587
2023-08-09,196.73,198.4,196.32,196.73,38683250.0,1318960193.0,20628944429.0,0.0018751928938069854
2023-08-10,196.03,198.06,195.45,197.42,28772469.0,978706457.0,20628944429.0,0.0013947620586709179
2023-08-11,197.53,199.33,191.69,191.69,60624004.0,2032299867.0,20628944429.0,0.0029387836206866344
2023-08-14,189.67,189.84,186.49,187.7,66707291.0,2167337311.0,20628944429.0,0.0032336744727579684
2023-08-15,187.7,188.74,185.91,187.13,58295914.0,1887265044.0,20628944429.0,0.0028259281128339307
2023-08-16,185.91,186.49,184.35,184.87,58015181.0,1857011416.0,20628944429.0,0.0028123194184595667
2023-08-17,183.77,184.29,182.09,183.83,64607569.0,2043578651.0,20628944429.0,0.003131889235649654
2023-08-18,183.6,188.69,183.6,184.35,67459467.0,2169641216.0,20628944429.0,0.0032701366389433885
2023-08-21,183.95,184.12,180.01,180.01,80957531.0,2537398399.0,20628944429.0,0.00392446309013226
2023-08-22,180.48,181.98,179.26,181.11,60107044.0,1877097295.0,20628944429.0,0.002913723686002179
2023-08-23,180.42,181.81,178.39,178.39,56074358.0,1743312676.0,20628944429.0,0.0027182369021834744
2023-08-24,179.26,180.13,178.1,179.61,41225614.0,1277299345.0,20628944429.0,0.0019984354576109754
2023-08-25,179.26,184.18,178.68,182.5,64747134.0,2028793535.0,20628944429.0,0.0031386547296612527
2023-08-28,192.56,196.2,185.22,186.55,140509367.0,4608776006.0,20628944429.0,0.006811272747551401
2023-08-29,186.55,187.59,183.71,185.28,72116998.0,2310485794.0,20628944429.0,0.003495913145154365
2023-08-30,186.14,186.14,182.44,183.08,63980158.0,2031430069.0,20628944429.0,0.003101475124924823
2023-08-31,183.89,185.51,182.09,182.44,50322017.0,1595044491.0,20628944429.0,0.002439388848673116
2023-09-01,184.75,188.69,184.35,186.61,69752619.0,2250478414.0,20628944429.0,0.003381298507059932
2023-09-04,188.4,194.35,187.76,193.89,110429932.0,3671655441.0,20628944429.0,0.0053531547569035335
2023-09-05,192.56,193.37,190.65,191.46,44732261.0,1483496734.0,20628944429.0,0.002168422196974643
2023-09-06,191.41,193.49,189.5,192.91,54674047.0,1812037299.0,20628944429.0,0.002650356017399498
2023-09-07,192.62,192.62,190.88,191.64,35870198.0,1188879205.0,20628944429.0,0.0017388285728073402
2023-09-08,190.83,192.33,190.54,191.81,29850098.0,989879153.0,20628944429.0,0.0014470007470686178
2023-09-11,191.58,192.5,190.31,190.31,63287369.0,2091952941.0,20628944429.0,0.003067891777876484
2023-09-12,190.25,191.12,189.79,190.13,27759078.0,914017922.0,20628944429.0,0.0013456373444380662
2023-09-13,190.54,191.29,188.86,189.38,29891534.0,980129608.0,20628944429.0,0.0014490093811091336
2023-09-14,190.54,191.93,189.96,191.23,43734390.0,1443840329.0,20628944429.0,0.002120049823708796
2023-09-15,192.56,193.26,189.67,190.6,43960215.0,1453249853.0,20628944429.0,0.0021309968210589145
2023-09-18,190.07,191.12,189.09,190.94,36040192.0,1186454306.0,20628944429.0,0.00174706913017493
2023-09-19,190.83,190.83,189.21,190.6,38465270.0,1263587161.0,20628944429.0,0.00186462618736448
2023-09-20,190.02,190.02,188.69,189.27,30931758.0,1012842173.0,20628944429.0,0.0014994348405203122
2023-09-21,189.38,189.73,187.18,187.18,39031854.0,1270724458.0,20628944429.0,0.0018920916741202395
2023-09-22,188.46,192.97,186.89,192.79,71283316.0,2349131841.0,20628944429.0,0.0034554999285271474
2023-09-25,192.45,192.45,190.25,190.83,45651541.0,1506238619.0,20628944429.0,0.002212984826107895
2023-09-26,190.42,191.29,189.38,189.67,32202356.0,1058673650.0,20628944429.0,0.0015610278126848892
2023-09-27,190.25,191.35,189.38,189.79,35246679.0,1159673830.0,20628944429.0,0.0017086031290311932
2023-09-28,190.94,191.64,189.38,190.65,38856469.0,1280959169.0,20628944429.0,0.0018835897849128866
2023-10-09,189.09,189.09,187.24,188.4,36134267.0,1176010754.0,20628944429.0,0.0017516294701537295
2023-10-10,191.52,191.58,188.46,188.46,34263698.0,1123856356.0,20628944429.0,0.0016609525571183554
2023-10-11,189.9,189.96,187.36,187.65,37609124.0,1226529938.0,20628944429.0,0.001823124015358217
2023-10-12,190.77,192.74,189.55,191.23,61745963.0,2041713576.0,20628944429.0,0.0029931712314469196
2023-10-13,189.55,190.13,187.99,188.57,41037187.0,1341527525.0,20628944429.0,0.001989301349918334
2023-10-16,188.4,188.86,186.43,186.84,28677414.0,928068013.0,20628944429.0,0.0013901542126259028
2023-10-17,187.3,188.51,186.32,188.05,28622914.0,928757316.0,20628944429.0,0.0013875122936373877
2023-10-18,187.88,188.74,187.41,187.88,24931667.0,810933178.0,20628944429.0,0.0012085769626172082
2023-10-19,187.36,187.36,182.27,182.56,60429338.0,1922080369.0,20628944429.0,0.0029293470738642803
2023-10-20,182.09,183.95,181.57,183.02,37258937.0,1178535483.0,20628944429.0,0.0018061484982053514
2023-10-23,182.67,183.02,179.26,180.59,39380184.0,1232365016.0,20628944429.0,0.0019089771721251846
2023-10-24,181.46,181.63,179.49,181.0,36552663.0,1142319006.0,20628944429.0,0.0017719114579907718
2023-10-25,182.73,183.6,180.42,181.69,37569332.0,1179249724.0,20628944429.0,0.0018211950751675565
2023-10-26,181.34,183.6,180.76,182.15,28702985.0,904374422.0,20628944429.0,0.0013913937816250831
2023-10-27,181.86,183.02,180.13,182.33,39145276.0,1231933968.0,20628944429.0,0.001897589871102173
2023-10-30,179.32,180.01,176.66,178.68,83850056.0,2582604676.0,20628944429.0,0.004064679910724093
2023-10-31,177.76,179.2,177.01,177.87,52801599.0,1624462290.0,20628944429.0,0.002559588018753492
2023-11-01,178.1,178.57,175.97,176.08,52989707.0,1617976148.0,20628944429.0,0.0025687066627368246
2023-11-02,176.95,178.16,176.43,177.41,36466771.0,1118895486.0,20628944429.0,0.001767747793664872
2023-11-03,177.41,179.49,176.95,179.2,43956879.0,1357177293.0,20628944429.0,0.0021308351065314705
2023-11-06,180.13,181.29,179.03,180.07,51982385.0,1617714882.0,20628944429.0,0.0025198761467854647
2023-11-07,180.07,180.07,177.24,178.1,51624067.0,1589834114.0,20628944429.0,0.002502506474709744
2023-11-08,177.76,177.99,176.37,176.95,44518298.0,1363161957.0,20628944429.0,0.002158050216928043
2023-11-09,176.66,177.99,176.49,177.3,32764958.0,1003833045.0,20628944429.0,0.001588300269689965
2023-11-10,176.37,176.72,174.06,174.4,51696462.0,1561581974.0,20628944429.0,0.0025060158641624698
2023-11-13,174.46,175.04,171.22,172.44,63424273.0,1891693842.0,20628944429.0,0.003074528278375634
2023-11-14,172.73,174.64,172.67,174.64,44834267.0,1347710790.0,20628944429.0,0.0021733669967607433
2023-11-15,176.08,177.93,175.73,177.18,60193960.0,1842095992.0,20628944429.0,0.0029179369893197167
2023-11-16,177.35,177.93,175.62,176.6,31571993.0,965161754.0,20628944429.0,0.001530470602054478
2023-11-17,176.14,176.49,174.06,175.39,43245282.0,1308022703.0,20628944429.0,0.002096340030816416
2023-11-20,175.44,176.89,174.29,176.83,36922708.0,1123420442.0,20628944429.0,0.0017898496031670123
2023-11-21,177.82,178.51,175.62,175.97,48854470.0,1497630759.0,20628944429.0,0.002368248659942134
2023-11-22,175.21,175.85,174.35,174.4,27370542.0,828342908.0,20628944429.0,0.0013268028373532635
2023-11-23,173.59,174.69,173.19,174.29,29979383.0,900540283.0,20628944429.0,0.0014532679121407313
2023-11-24,173.83,174.06,173.07,173.48,29116276.0,873539196.0,20628944429.0,0.0014114283016376048
2023-11-27,173.48,173.65,169.37,170.01,58101958.0,1714186982.0,20628944429.0,0.002816525983671794
2023-11-28,170.07,170.53,167.93,168.62,47516511.0,1389229278.0,20628944429.0,0.00230339032438333
2023-11-29,168.85,169.08,165.85,166.54,62063752.0,1789462813.0,20628944429.0,0.003008576236831163
2023-11-30,166.54,167.58,165.38,166.48,55156006.0,1585194742.0,20628944429.0,0.002673719258386393
2023-12-01,166.08,166.19,162.32,163.42,88273644.0,2496795770.0,20628944429.0,0.004279115894844606
2023-12-04,163.47,164.57,162.03,162.38,55787830.0,1569603288.0,20628944429.0,0.002704347291835928
2023-12-05,162.26,162.32,159.02,159.08,61890167.0,1717656519.0,20628944429.0,0.0030001616036637972
2023-12-06,159.37,161.68,158.73,160.53,61125926.0,1697947805.0,20628944429.0,0.002963114579632571
2023-12-07,160.58,161.57,157.81,160.81,59496698.0,1643064047.0,20628944429.0,0.0028841368110120087
2023-12-08,160.18,161.62,159.02,159.02,53349765.0,1479206064.0,20628944429.0,0.002586160682317867
2023-12-11,157.58,161.05,155.55,160.53,75808597.0,2067921108.0,20628944429.0,0.0036748655395779195
2023-12-12,160.18,162.32,159.66,162.2,50420111.0,1409339298.0,20628944429.0,0.0024441440119989766
2023-12-13,161.45,161.45,157.29,157.4,67123932.0,1844591027.0,20628944429.0,0.0032538713859560225
2023-12-14,158.68,159.83,156.3,156.3,44526808.0,1214879008.0,20628944429.0,0.0021584627440948737
2023-12-15,158.85,162.2,157.29,157.46,98068659.0,2697705037.0,20628944429.0,0.004753934906244446
2023-12-18,156.13,158.33,155.55,157.75,47716425.0,1299068335.0,20628944429.0,0.002313081271037826
2023-12-19,157.29,158.15,156.25,157.81,37657373.0,1024185206.0,20628944429.0,0.001825462913510086
2023-12-20,157.92,158.5,156.48,156.48,53112808.0,1446520286.0,20628944429.0,0.002574674054836003
2023-12-21,156.02,160.47,155.67,160.24,75910481.0,2082187758.0,20628944429.0,0.003679804425343532
2023-12-22,160.64,161.05,158.5,159.66,62364372.0,1721377205.0,20628944429.0,0.003023148965020657
2023-12-25,159.6,160.29,158.56,159.2,41903386.0,1154001375.0,20628944429.0,0.002031290846907928
2023-12-26,158.96,158.96,157.06,157.69,36525708.0,997177589.0,20628944429.0,0.0017706047987919567
2023-12-27,158.04,158.27,156.42,157.87,41063687.0,1117439216.0,20628944429.0,0.0019905859527292635
2023-12-28,157.58,162.67,157.58,161.86,106106285.0,2953200858.0,20628944429.0,0.005143563470501024
2023-12-29,161.34,162.2,160.58,160.87,65577345.0,1827818811.0,20628944429.0,0.003178899687558027
2024-01-02,161.62,161.68,159.37,159.48,54219480.0,1500865548.0,20628944429.0,0.0026283206194389038
2024-01-03,159.48,160.99,159.14,160.58,43395588.0,1200383624.0,20628944429.0,0.0021036262010088523
2024-01-04,160.53,160.93,158.21,160.81,63710249.0,1759101593.0,20628944429.0,0.0030883911302042513
2024-01-05,160.47,166.42,159.72,163.59,119063315.0,3376466447.0,20628944429.0,0.005771662985946182
2024-01-08,162.9,165.33,161.62,162.67,81682070.0,2305065736.0,20628944429.0,0.003959585536774825
2024-01-09,162.61,163.53,161.34,162.9,55866306.0,1569684230.0,20628944429.0,0.002708151461277079
2024-01-10,162.03,163.94,162.03,162.2,45364048.0,1277638873.0,20628944429.0,0.0021990484368278
2024-01-11,161.91,165.21,161.05,164.11,73531826.0,2082611272.0,20628944429.0,0.0035644977499008413
2024-01-12,163.42,166.42,163.42,165.04,57783201.0,1652242626.0,20628944429.0,0.0028010740539282683
2024-01-15,164.8,167.35,164.05,166.37,48245229.0,1383953760.0,20628944429.0,0.0023387153504654
2024-01-16,165.56,168.45,165.38,168.45,85344024.0,2469511282.0,20628944429.0,0.004137100872695361
2024-01-17,168.39,171.05,167.87,168.79,130860146.0,3843478823.0,20628944429.0,0.006343521184537095
2024-01-18,167.35,171.63,165.38,171.05,129512645.0,3762050846.0,20628944429.0,0.006278200295015202
2024-01-19,169.84,172.9,168.51,171.92,96861623.0,2865398412.0,20628944429.0,0.004695423138754144
2024-01-22,172.09,176.37,171.74,174.92,154970267.0,4691297100.0,20628944429.0,0.007512273230138915
2024-01-23,173.54,175.5,172.32,173.42,88605552.0,2661547376.0,20628944429.0,0.004295205326911398
2024-01-24,174.35,175.16,169.89,174.0,97489239.0,2904947629.0,20628944429.0,0.0047258471869724185
2024-01-25,175.27,179.26,174.52,178.68,123450922.0,3791899866.0,20628944429.0,0.00598435477030292
2024-01-26,178.8,181.29,177.3,179.96,100991578.0,3132788305.0,20628944429.0,0.004895625093547049
2024-01-29,180.42,182.73,180.24,181.29,83882433.0,2632393040.0,20628944429.0,0.004066249404505583
2024-01-30,180.42,182.15,177.99,179.26,74399913.0,2316762500.0,20628944429.0,0.003606578768781267
2024-01-31,178.8,180.36,176.89,177.58,80894928.0,2494516011.0,20628944429.0,0.003921428373537067
2024-02-01,177.35,178.34,174.64,175.91,85970009.0,2621519218.0,20628944429.0,0.004167445857246291
2024-02-02,176.08,177.3,171.4,174.81,98729165.0,2986530108.0,20628944429.0,0.004785953316215606
2024-02-05,174.81,178.97,173.83,177.58,106397881.0,3246673368.0,20628944429.0,0.0051576987550767135
2024-02-06,177.58,181.29,176.95,181.17,106215843.0,3296036540.0,20628944429.0,0.00514887435785045
2024-02-07,181.69,182.04,178.16,181.05,111051058.0,3458135329.0,20628944429.0,0.005383264198622075
2024-02-08,181.05,181.86,179.38,181.57,87300436.0,2728137528.0,20628944429.0,0.004231939074753324
2024-02-19,184.99,184.99,181.63,182.85,87549010.0,2770406837.0,20628944429.0,0.004243988843022153
2024-02-20,182.85,182.85,180.94,181.57,60640469.0,1907541533.0,20628944429.0,0.0029395817710746327
2024-02-21,181.57,193.08,181.29,190.83,152865612.0,5003152628.0,20628944429.0,0.0074102488630054565
2024-02-22,189.73,190.54,187.3,189.67,75276038.0,2461009465.0,20628944429.0,0.0036490494343558153
2024-02-23,189.73,193.14,188.63,190.54,63984872.0,2118316307.0,20628944429.0,0.0031017036387984346
2024-02-26,190.02,191.17,185.51,186.49,66639018.0,2163023087.0,20628944429.0,0.003230364899636814
2024-02-27,186.43,187.36,184.99,186.08,54349154.0,1746108592.0,20628944429.0,0.00263460664151077
2024-02-28,186.72,186.72,182.73,185.16,68370752.0,2186677932.0,20628944429.0,0.0033143117058323625
2024-02-29,184.41,186.2,184.18,185.28,49892829.0,1595634178.0,20628944429.0,0.00241858371240077
2024-03-01,184.58,185.51,183.6,184.7,42717392.0,1361853701.0,20628944429.0,0.0020707502580669247
2024-03-04,183.66,184.29,181.98,182.27,59135015.0,1868022544.0,20628944429.0,0.0028666040186170884
2024-03-05,181.69,186.26,181.05,186.08,89402867.0,2850224114.0,20628944429.0,0.00433385563220182
2024-03-06,185.85,186.55,184.29,184.29,51610177.0,1655425115.0,20628944429.0,0.002501833148934506
2024-03-07,184.29,185.8,183.77,185.04,51949197.0,1659111449.0,20628944429.0,0.0025182673393104034
2024-03-08,184.41,185.1,182.44,183.14,44107117.0,1399732269.0,20628944429.0,0.0021381179803846182
2024-03-11,182.44,183.6,180.42,182.04,73853794.0,2318402185.0,20628944429.0,0.0035801053347245893
2024-03-12,181.69,185.91,180.88,184.75,76925375.0,2447163517.0,20628944429.0,0.003729001998369773
2024-03-13,184.81,184.99,181.75,182.27,46938714.0,1482651384.0,20628944429.0,0.0022753812809740252
2024-03-14,181.92,183.42,180.19,180.71,50817498.0,1595073269.0,20628944429.0,0.0024634075764226296
2024-03-15,180.65,181.69,179.26,180.3,52078063.0,1621589213.0,20628944429.0,0.002524514193115431
2024-03-18,180.13,181.23,179.26,180.01,46189770.0,1436837360.0,20628944429.0,0.0022390757878559603
2024-03-19,179.84,179.9,177.7,178.1,54702530.0,1688506946.0,20628944429.0,0.002651736747281147
2024-03-20,178.1,180.42,177.3,180.3,49827225.0,1544956631.0,20628944429.0,0.0024154035205966864
2024-03-21,180.24,183.66,179.55,182.44,64676108.0,2040298376.0,20628944429.0,0.0031352117032744952
2024-03-22,182.33,182.44,178.68,180.42,55287852.0,1722145156.0,20628944429.0,0.0026801105694131784
2024-03-25,179.9,182.21,178.8,181.29,48375902.0,1514858505.0,20628944429.0,0.0023450497996394598
2024-03-26,183.89,188.86,183.48,187.36,124430791.0,4014510510.0,20628944429.0,0.006031854486217735
2024-03-27,186.72,188.8,186.26,186.78,78208488.0,2539984050.0,20628944429.0,0.0037912016423901533
2024-03-28,187.01,187.94,185.45,186.08,69474492.0,2242513222.0,20628944429.0,0.003367816140041239
2024-03-29,185.62,188.74,185.45,186.2,51400131.0,1663236764.0,20628944429.0,0.002491651047726035
2024-04-01,186.08,189.96,186.08,188.74,57015232.0,1861582316.0,20628944429.0,0.002763846312943112
2024-04-02,189.09,190.36,187.59,188.22,53661899.0,1753251097.0,20628944429.0,0.002601291558309816
2024-04-03,188.17,188.69,186.37,186.37,49808163.0,1612691616.0,20628944429.0,0.0024144794791332172
2024-04-08,186.43,188.28,185.22,187.36,47729123.0,1544564957.0,20628944429.0,0.002313696813924361
2024-04-09,187.94,188.69,186.84,186.84,38477207.0,1248965235.0,20628944429.0,0.0018652048403363314
2024-04-10,186.14,188.98,186.14,187.88,50401372.0,1638691786.0,20628944429.0,0.0024432356281471274
2024-04-11,186.84,187.47,185.8,186.78,44374773.0,1432073801.0,20628944429.0,0.002151092759628472
2024-04-12,186.66,187.76,185.39,185.74,47820414.0,1540845216.0,20628944429.0,0.002318122197894646
2024-04-15,185.62,190.83,185.56,189.84,76464473.0,2503221029.0,20628944429.0,0.0037066595076240003
2024-04-16,189.15,190.65,187.65,189.38,74155610.0,2429469045.0,20628944429.0,0.003594736039705098
2024-04-17,189.03,193.66,187.76,192.56,94821196.0,3131202074.0,20628944429.0,0.004596512261029757
2024-04-18,192.33,197.19,191.93,194.59,100657401.0,3393695785.0,20628944429.0,0.004879425670394296
2024-04-19,194.07,195.68,193.26,194.41,54038350.0,1818443521.0,20628944429.0,0.0026195402380372566
2024-04-22,195.34,197.71,191.12,192.79,60753507.0,2034006573.0,20628944429.0,0.002945061353434702
2024-04-23,192.56,195.57,192.16,193.02,51245244.0,1717681682.0,20628944429.0,0.0024841428109118303
2024-04-24,193.02,194.01,191.41,193.49,44338353.0,1480785929.0,20628944429.0,0.002149327279086055
2024-04-25,193.37,198.92,193.02,198.92,91948180.0,3136628386.0,20628944429.0,0.004457241150484657
2024-04-26,198.92,201.64,197.88,199.39,95489883.0,3292052902.0,20628944429.0,0.004628927249702661
2024-04-29,198.92,203.32,197.77,201.7,81806412.0,2854804596.0,20628944429.0,0.0039656130870660165
2024-04-30,198.92,199.96,196.9,198.4,86804180.0,2982962844.0,20628944429.0,0.004207882778431038
2024-05-06,202.97,204.47,200.77,201.7,100070494.0,3501168456.0,20628944429.0,0.004850975014471498
2024-05-07,201.7,202.1,200.25,201.64,47384857.0,1649813221.0,20628944429.0,0.002297008320667477
2024-05-08,201.35,202.16,199.79,199.91,41286158.0,1434042865.0,20628944429.0,0.002001370362991538
2024-05-09,200.08,201.99,200.08,201.47,51239131.0,1782846432.0,20628944429.0,0.0024838464797049165
2024-05-10,201.47,207.31,201.24,205.98,94036570.0,3331360840.0,20628944429.0,0.00455847706234567
2024-05-13,204.94,208.58,204.3,207.65,74780026.0,2674602938.0,20628944429.0,0.0036250049660745054
2024-05-14,207.54,208.93,203.55,204.36,68777884.0,2440460309.0,20628944429.0,0.003334047664761393
2024-05-15,204.3,204.94,200.6,202.68,67494406.0,2361226415.0,20628944429.0,0.0032718303271551267
2024-05-16,202.85,210.78,202.39,209.62,129147553.0,4659047071.0,20628944429.0,0.00626050224937566
2024-05-17,209.91,213.38,208.52,213.09,91687944.0,3342837158.0,20628944429.0,0.004444626060027863
2024-05-20,213.09,213.96,208.7,210.37,91425000.0,3337501051.0,20628944429.0,0.004431879697706466
2024-05-21,210.26,211.18,208.93,209.56,44599944.0,1620630880.0,20628944429.0,0.002162008053950728
2024-05-22,209.45,210.37,206.79,208.52,66447739.0,2398900244.0,20628944429.0,0.0032210925395963702
2024-05-23,207.6,208.23,204.24,205.28,92458495.0,3284073837.0,20628944429.0,0.004481978964954824
2024-05-24,204.13,205.17,200.43,200.89,87044000.0,3051224758.0,20628944429.0,0.00421950819149206
2024-05-27,201.52,203.61,200.95,203.2,57093814.0,1997775669.0,20628944429.0,0.0027676556207955065
2024-05-28,202.97,204.3,200.77,201.41,47619058.0,1660811058.0,20628944429.0,0.0023083613494570047
2024-05-29,200.95,202.74,199.27,199.91,49104118.0,1703567318.0,20628944429.0,0.002380350490981489
2024-05-30,199.21,201.81,197.65,198.58,55924484.0,1928489154.0,20628944429.0,0.0027109716734406352
2024-05-31,199.67,200.08,198.23,198.23,50893248.0,1752657846.0,20628944429.0,0.002467079601438777
2024-06-03,197.88,198.81,196.15,197.48,60811135.0,2071791245.0,20628944429.0,0.0029478549040304848
2024-06-04,197.48,200.54,197.19,199.73,53378842.0,1840296169.0,20628944429.0,0.002587570206692712
2024-06-05,200.54,200.66,195.97,196.55,69104122.0,2359792656.0,20628944429.0,0.003349862240302223
2024-06-06,197.13,197.77,195.34,196.61,67724066.0,2302856624.0,20628944429.0,0.0032829632283459965
2024-06-07,196.9,198.06,194.59,196.55,67826559.0,2298090330.0,20628944429.0,0.0032879316357384714
2024-06-11,195.34,196.44,191.52,192.91,69044831.0,2309722313.0,20628944429.0,0.003346988074820607
2024-06-12,192.85,192.91,190.54,191.35,51138059.0,1693037688.0,20628944429.0,0.0024789469561084542
2024-06-13,191.98,192.1,189.21,189.79,55018421.0,1808251998.0,20628944429.0,0.002667049746018781
2024-06-14,189.79,196.73,189.79,195.51,99167429.0,3324856785.0,20628944429.0,0.004807198416831801
2024-06-17,194.3,195.45,193.08,195.05,45768248.0,1539063152.0,20628944429.0,0.0022186422653628062
2024-06-18,195.8,198.34,194.41,194.93,45367539.0,1538144777.0,20628944429.0,0.002199217665069798
2024-06-19,194.93,198.92,194.64,197.48,58593722.0,1997678159.0,20628944429.0,0.0028403645276987334
2024-06-20,197.53,197.94,196.03,196.67,39246667.0,1336247232.0,20628944429.0,0.0019025048584079445
2024-06-21,195.92,197.07,193.66,194.87,52396280.0,1765822362.0,20628944429.0,0.00253993994604696
2024-06-24,195.4,197.88,193.66,197.01,69258954.0,2350203464.0,20628944429.0,0.00335736781095965
2024-06-25,197.01,199.33,196.44,198.34,63816020.0,2187945494.0,20628944429.0,0.003093518440540659
2024-06-26,197.65,198.69,196.32,196.96,45263801.0,1545807548.0,20628944429.0,0.0021941889055829985
2024-06-27,196.38,198.58,195.63,198.11,55517260.0,1894891373.0,20628944429.0,0.0026912312547584497
2024-06-28,197.77,199.39,196.84,197.71,52574940.0,1799951939.0,20628944429.0,0.002548600592771513
2024-07-01,197.71,198.92,196.32,198.69,47223865.0,1616131283.0,20628944429.0,0.002289204140450981
2024-07-02,198.81,203.84,198.69,202.85,86877071.0,3041833255.0,20628944429.0,0.004211416211770338
2024-07-03,202.45,202.91,198.4,199.27,69137270.0,2388331234.0,20628944429.0,0.0033514691087541734
2024-07-04,199.73,202.62,199.39,200.72,69691892.0,2424281266.0,20628944429.0,0.003378354730648637
2024-07-05,200.72,201.41,194.64,195.92,96778276.0,3295568199.0,20628944429.0,0.004691382844773671
2024-07-08,195.74,197.94,194.93,196.55,54573002.0,1855611836.0,20628944429.0,0.002645457802643635
2024-07-09,196.55,199.79,194.99,199.33,62103701.0,2124005154.0,20628944429.0,0.003010512787687533
2024-07-10,199.33,202.39,199.21,200.54,72631424.0,2524474646.0,20628944429.0,0.0035208502427247486
2024-07-11,202.82,203.13,201.04,201.72,73238896.0,2411951386.0,20628944429.0,0.0035502977989044057
2024-07-12,202.39,208.95,202.39,208.46,94490425.0,3199683547.0,20628944429.0,0.004580477945694892
2024-07-15,208.46,208.77,206.75,207.11,47460366.0,1605883747.0,20628944429.0,0.0023006686630693816
2024-07-16,206.99,207.79,205.15,207.18,45579255.0,1535668998.0,20628944429.0,0.0022094807204931463
2024-07-17,206.62,209.63,206.32,208.89,57795422.0,1964635267.0,20628944429.0,0.002801666473964207
2024-07-18,208.89,210.0,206.99,209.01,59862717.0,2036474280.0,20628944429.0,0.002901879793512143
2024-07-19,208.46,210.3,205.95,210.0,81007218.0,2749172010.0,20628944429.0,0.0039268716961649635
2024-07-22,209.51,209.51,202.88,204.42,80820577.0,2694241975.0,20628944429.0,0.00391782416585422
2024-07-23,204.42,206.69,203.74,204.42,53875468.0,1803269600.0,20628944429.0,0.0026116444389787737
2024-07-24,205.09,205.89,202.52,203.44,48245294.0,1604648703.0,20628944429.0,0.0023387185013779553
2024-07-25,203.68,204.29,198.47,201.29,76207854.0,2496804673.0,20628944429.0,0.0036942197533320043
2024-07-26,201.11,202.58,196.88,198.47,60146167.0,1952156132.0,20628944429.0,0.002915620196031311
2024-07-29,198.53,200.19,197.43,198.96,41347533.0,1343740115.0,20628944429.0,0.0020043455515772286
2024-07-30,198.65,199.82,197.12,198.78,39078161.0,1264925929.0,20628944429.0,0.0018943364327000777
2024-07-31,198.78,202.33,197.73,200.68,59536965.0,1948675368.0,20628944429.0,0.0028860887771021103
2024-08-01,200.68,201.41,197.86,200.55,40913881.0,1332771463.0,20628944429.0,0.001983324020325713
2024-08-02,198.78,199.88,197.61,197.92,38613024.0,1250037017.0,20628944429.0,0.0018717886478824446
2024-08-05,197.43,199.39,196.51,196.81,58441984.0,1884940815.0,20628944429.0,0.0028330089404789293
2024-08-06,198.41,198.59,193.2,194.36,51438864.0,1637765272.0,20628944429.0,0.002493528652279836
2024-08-07,194.55,195.59,193.44,193.63,39073173.0,1238023516.0,20628944429.0,0.0018940946365181564
2024-08-08,193.81,196.08,192.4,195.77,39459978.0,1252394782.0,20628944429.0,0.0019128452323778375
2024-08-09,196.02,199.76,195.04,198.22,48274847.0,1561254687.0,20628944429.0,0.002340151100127819
2024-08-12,198.04,198.29,195.77,196.94,31894321.0,1023447632.0,20628944429.0,0.0015460956380862236
2024-08-13,196.81,197.61,194.73,195.83,28237769.0,902009896.0,20628944429.0,0.0013688421672368063
2024-08-14,195.59,197.06,195.04,195.34,28244610.0,901196911.0,20628944429.0,0.0013691737886643372
2024-08-15,195.28,201.84,194.05,200.86,73978983.0,2409557383.0,20628944429.0,0.003586173943830153
2024-08-16,200.8,203.86,200.62,203.25,41850302.0,1383877362.0,20628944429.0,0.002028717569337537
2024-08-19,203.86,205.4,202.52,204.91,42284342.0,1409948503.0,20628944429.0,0.0020497579091132275
2024-08-20,205.09,206.01,203.31,205.27,42372873.0,1415473211.0,20628944429.0,0.002054049500488865
2024-08-21,204.17,204.97,201.23,203.8,37810105.0,1254587421.0,20628944429.0,0.0018328666854541945
2024-08-22,204.05,205.7,203.44,204.17,38286399.0,1276718683.0,20628944429.0,0.0018559553122930175
2024-08-23,203.99,207.54,202.76,206.62,46558726.0,1561509818.0,20628944429.0,0.002256961143128008
2024-08-26,206.62,207.48,205.21,207.05,35117460.0,1182990040.0,20628944429.0,0.0017023391633472125
2024-08-27,207.05,208.1,205.58,206.62,38720857.0,1308314397.0,20628944429.0,0.0018770159148602163
2024-08-28,207.42,208.34,205.03,206.5,41523208.0,1398682394.0,20628944429.0,0.002012861498702135
2024-08-29,205.95,207.05,201.72,201.9,51638782.0,1712021359.0,20628944429.0,0.002503219792836643
2024-08-30,201.11,203.01,196.94,197.12,111222983.0,3618077500.0,20628944429.0,0.00539159836233034
2024-09-02,196.2,198.53,195.22,195.77,55802065.0,1787602792.0,20628944429.0,0.0027050373416854967
2024-09-03,196.26,196.69,192.52,193.87,50575188.0,1596269780.0,20628944429.0,0.002451661459172958
2024-09-04,193.32,195.77,192.22,192.28,38052590.0,1198859446.0,20628944429.0,0.0018446212859299764
2024-09-05,192.28,192.77,189.46,191.3,54206345.0,1687017960.0,20628944429.0,0.0026276838927248827
2024-09-06,191.6,194.61,191.3,191.6,38318214.0,1206615762.0,20628944429.0,0.0018574975627997994
2024-09-09,189.95,190.01,184.18,185.41,87107347.0,2641195521.0,20628944429.0,0.004222578973917115
2024-09-10,185.47,186.57,183.57,185.1,47602357.0,1435849555.0,20628944429.0,0.0023075517588326527
2024-09-11,184.8,185.16,183.51,184.43,41579376.0,1249059023.0,20628944429.0,0.002015584274954372
2024-09-12,184.55,187.0,183.57,185.35,41026697.0,1242374645.0,20628944429.0,0.001988792841107517
2024-09-13,185.65,189.46,183.94,187.62,49597443.0,1520857906.0,20628944429.0,0.0024042647053853284
2024-09-18,187.68,191.3,187.68,190.74,41854027.0,1295345114.0,20628944429.0,0.0020288981408647334
2024-09-19,191.3,191.48,187.8,188.97,45119126.0,1393040942.0,20628944429.0,0.00218717570136899
2024-09-20,188.97,190.74,187.98,189.7,48741755.0,1505998312.0,20628944429.0,0.0023627847351936847
2024-09-23,189.15,193.07,189.09,192.46,34460872.0,1076332365.0,20628944429.0,0.001670510680689759
2024-09-24,194.24,203.19,194.18,203.13,136121800.0,4427310186.0,20628944429.0,0.006598582902217774
2024-09-25,207.54,211.47,206.62,209.38,185624279.0,6327661421.0,20628944429.0,0.008998244172835665
2024-09-26,209.44,216.92,207.91,216.92,174532999.0,6068657572.0,20628944429.0,0.008460587966616603
2024-09-27,221.4,223.79,214.04,218.46,74545782.0,2653812670.0,20628944429.0,0.0036136498528351337
2024-09-30,222.87,232.99,220.24,230.6,256101260.0,9443438268.0,20628944429.0,0.012414656546360897
2024-10-08,253.65,253.65,238.02,245.25,297303868.0,11999361938.0,20628944429.0,0.014411976774829674
2024-10-09,243.41,243.53,226.92,226.92,185593210.0,7113813985.0,20628944429.0,0.0089967380851099
2024-10-10,229.31,242.19,229.31,237.46,143329841.0,5528664144.0,20628944429.0,0.006947996854289262
2024-10-11,237.46,240.47,233.17,235.62,90347580.0,3498241860.0,20628944429.0,0.00437965114070452
2024-10-14,239.18,244.02,237.22,241.14,129293839.0,5076841420.0,20628944429.0,0.006267593547745458
2024-10-15,240.16,245.19,236.05,236.05,95597653.0,3755705942.0,20628944429.0,0.004634151462719033
2024-10-16,233.91,242.19,233.79,242.19,101254815.0,3963555265.0,20628944429.0,0.004908385659212733
2024-10-17,242.37,243.96,235.99,235.99,84892228.0,3315820471.0,20628944429.0,0.0041151998005607695
2024-10-18,236.12,241.76,234.28,239.43,92819433.0,3603949498.0,20628944429.0,0.004499475643044305
2024-10-21,240.04,240.04,236.05,238.2,71753946.0,2780905731.0,20628944429.0,0.0034783139896934763
2024-10-22,238.14,242.8,237.59,240.16,60052610.0,2352800199.0,20628944429.0,0.0029110849664017967
2024-10-23,239.49,244.88,239.24,243.17,62709968.0,2482861345.0,20628944429.0,0.0030399019307959766
2024-10-24,242.49,243.29,239.98,241.02,33631220.0,1323826643.0,20628944429.0,0.0016302928206409586
2024-10-25,240.65,242.12,239.49,239.73,44793119.0,1756222719.0,20628944429.0,0.0021713723236866257
2024-10-28,239.18,239.73,234.7,236.18,66464094.0,2559210507.0,20628944429.0,0.0032218853576708134
2024-10-29,236.67,239.73,235.5,236.67,51468161.0,1990283154.0,20628944429.0,0.0024949488412817906
2024-10-30,236.12,238.51,230.6,232.25,70340828.0,2680423056.0,20628944429.0,0.0034098122781849875
2024-10-31,231.76,232.93,226.31,229.06,85039251.0,3173924099.0,20628944429.0,0.004122326825431384
2024-11-01,229.55,234.83,229.19,233.05,70310211.0,2671523515.0,20628944429.0,0.0034083281014203755
2024-11-04,233.6,237.59,229.37,237.59,64661209.0,2466019719.0,20628944429.0,0.0031344894656412862
2024-11-05,235.62,239.73,235.44,239.61,62874476.0,2445317943.0,20628944429.0,0.003047876551143915
2024-11-06,239.12,239.61,233.91,236.42,64833629.0,2501077845.0,20628944429.0,0.0031428476247605487
2024-11-07,235.56,242.68,235.32,242.61,74347218.0,2904874006.0,20628944429.0,0.0036040243482106282
2024-11-08,243.29,244.33,237.59,237.89,74536846.0,2920926027.0,20628944429.0,0.003613216675072173
2024-11-11,234.83,237.28,232.31,235.01,70314555.0,2682610299.0,20628944429.0,0.0034085386793302123
2024-11-12,234.15,238.14,229.98,230.47,89328928.0,3399364219.0,20628944429.0,0.004330271396457016
2024-11-13,230.47,232.87,229.98,231.88,48530440.0,1833809094.0,20628944429.0,0.0023525411184770226
2024-11-14,230.9,235.93,230.11,233.36,67644030.0,2585688546.0,20628944429.0,0.003279083437003523
2024-11-15,233.48,236.48,231.82,231.88,69927688.0,2671344642.0,20628944429.0,0.003389785077984709
2024-11-18,233.29,237.03,231.76,232.38,76344807.0,2918992440.0,20628944429.0,0.003700858629134465
2024-11-19,232.44,234.09,229.62,231.27,52124855.0,1967719175.0,20628944429.0,0.0025267824623504877
2024-11-20,231.76,232.07,229.31,229.8,45129126.0,1693331536.0,20628944429.0,0.0021876604571466995
2024-11-21,229.8,230.9,228.51,229.49,35033614.0,1309684433.0,20628944429.0,0.0016982746800534318
2024-11-22,229.49,230.23,222.93,223.48,69049090.0,2544524441.0,20628944429.0,0.0033471945323063335
2024-11-25,225.02,226.0,221.46,222.07,53409473.0,1945383410.0,20628944429.0,0.002589055062115413
2024-11-26,220.91,224.28,219.74,223.12,45942121.0,1666651768.0,20628944429.0,0.0022270708594965697
2024-11-27,223.12,224.89,221.4,224.4,39207688.0,1429782933.0,20628944429.0,0.0019006153288620117
2024-11-28,224.4,225.94,221.83,223.61,45193910.0,1647865702.0,20628944429.0,0.002190800898977011
2024-11-29,224.34,226.86,222.63,222.81,66437999.0,2437776752.0,20628944429.0,0.003220620387468881
2024-12-02,223.48,224.89,221.95,223.85,42465209.0,1548959360.0,20628944429.0,0.0020585255414379204
2024-12-03,224.71,228.21,223.06,227.59,72198609.0,2658919819.0,20628944429.0,0.0034998692855318274
2024-12-04,227.41,227.41,223.98,225.69,62051124.0,2285383469.0,20628944429.0,0.0030079640872350717
2024-12-05,224.77,229.06,224.47,226.31,56894934.0,2108115265.0,20628944429.0,0.0027580147978884255
2024-12-06,226.92,231.88,226.92,231.15,87723587.0,3296793042.0,20628944429.0,0.004252451563962667
2024-12-09,230.47,232.93,229.0,231.15,49299535.0,1859542283.0,20628944429.0,0.002389823442962749
2024-12-10,237.89,239.06,235.44,236.67,103895319.0,4022695501.0,20628944429.0,0.005036385616219162
2024-12-11,236.3,237.83,234.4,234.83,51770936.0,1988895959.0,20628944429.0,0.0025096260343413813
2024-12-12,234.77,238.08,234.28,237.89,58688876.0,2267252621.0,20628944429.0,0.0028449771728259474
2024-12-13,235.75,236.67,228.57,228.7,111798280.0,4213094969.0,20628944429.0,0.005419486216795218
2024-12-16,229.0,231.64,228.82,231.39,64031589.0,2409086954.0,20628944429.0,0.003103968272365159
2024-12-17,230.17,233.97,230.17,232.07,60310408.0,2287237539.0,20628944429.0,0.002923581873399985
2024-12-18,233.11,237.03,232.13,236.18,80585536.0,3101731956.0,20628944429.0,0.003906430417579366
2024-12-19,235.32,236.24,232.99,233.11,61119582.0,2336249857.0,20628944429.0,0.002962807050567192
2024-12-20,233.29,234.7,232.13,232.44,54215038.0,2060744582.0,20628944429.0,0.0026281052909224454
2024-12-23,232.93,237.28,232.87,235.13,90269156.0,3473126152.0,20628944429.0,0.004375849491993413
2024-12-24,235.13,240.9,234.95,240.47,99342846.0,3875223368.0,20628944429.0,0.004815701857257643
2024-12-25,240.53,242.55,239.06,241.57,75591307.0,2972981821.0,20628944429.0,0.003664332281284076
2024-12-26,241.57,242.43,239.18,242.06,53925194.0,2125139425.0,20628944429.0,0.0026140549355590102
2024-12-27,242.06,243.04,237.77,241.2,70031955.0,2742768758.0,20628944429.0,0.00339483948105215
2024-12-30,241.2,244.02,240.65,242.92,67884533.0,2690314729.0,20628944429.0,0.003290741958884163
2024-12-31,242.55,244.64,240.96,240.96,64371699.0,2549055494.0,20628944429.0,0.003120455301120827
2025-01-02,241.27,242.19,235.07,236.12,64200070.0,2493694677.0,20628944429.0,0.0031121354861835815
2025-01-03,236.67,239.36,236.3,237.03,68258306.0,2646967329.0,20628944429.0,0.0033088608210143336
2025-01-06,238.51,239.73,233.79,239.43,61715863.0,2394244404.0,20628944429.0,0.002991712116556015
2025-01-07,238.94,240.04,236.73,238.51,49275205.0,1917344814.0,20628944429.0,0.0023886440321555825
2025-01-08,238.08,242.49,238.02,240.84,75148102.0,2952943868.0,20628944429.0,0.003642847662838115
2025-01-09,241.57,241.76,238.08,239.12,44708335.0,1748399288.0,20628944429.0,0.002167262370300896
2025-01-10,241.2,241.88,237.95,239.0,48142480.0,1881660497.0,20628944429.0,0.0023337345333250157
2025-01-13,238.69,240.04,236.3,239.55,60632274.0,2360608444.0,20628944429.0,0.0029391845137148
2025-01-14,239.67,245.07,238.51,244.33,70801188.0,2802857578.0,20628944429.0,0.0034321284951676087
2025-01-15,245.19,251.38,244.58,249.17,79670088.0,3234242853.0,20628944429.0,0.0038620535468601317
2025-01-16,249.24,252.3,248.5,251.32,59259386.0,2423118469.0,20628944429.0,0.002872632974700036
2025-01-17,251.14,252.36,246.05,249.6,47590050.0,1936832044.0,20628944429.0,0.002306955169897026
2025-01-20,251.26,251.81,245.93,245.99,54257482.0,2195966480.0,20628944429.0,0.002630162788345354
2025-01-21,247.21,248.38,245.31,246.11,40068506.0,1613495367.0,20628944429.0,0.0019423439787676206
2025-01-22,246.11,246.23,241.08,241.88,58891222.0,2327377021.0,20628944429.0,0.0028547860120855823
2025-01-23,243.23,246.66,242.31,244.21,60661810.0,2417576583.0,20628944429.0,0.002940616288379842
2025-01-24,243.17,248.62,241.94,246.84,57465234.0,2312073726.0,20628944429.0,0.002785660419891182
2025-01-27,248.81,251.2,248.62,249.24,52606047.0,2144848681.0,20628944429.0,0.002550108522569233
2025-02-05,250.46,250.77,244.64,245.25,50478889.0,2030411802.0,20628944429.0,0.002446993309509196
2025-02-06,245.25,247.58,243.6,246.48,46608842.0,1866867478.0,20628944429.0,0.002259390545183576
2025-02-07,245.86,247.7,245.01,246.48,52106618.0,2092855370.0,20628944429.0,0.0025258984132386798
2025-02-10,246.48,250.89,245.01,248.93,58180595.0,2357786974.0,20628944429.0,0.002820337957680966
2025-02-11,249.85,251.63,249.17,251.26,45777119.0,1872296623.0,20628944429.0,0.002219072292213212
2025-02-12,251.14,255.43,248.68,255.18,60359149.0,2484722115.0,20628944429.0,0.0029259446215361175
2025-02-13,255.37,257.21,253.47,255.74,46220698.0,1927409816.0,20628944429.0,0.0022405750405252597
2025-02-14,255.61,257.7,254.57,257.7,49873690.0,2086301720.0,20628944429.0,0.0024176559383178122
2025-02-17,257.45,257.45,253.59,255.8,53612561.0,2228540282.0,20628944429.0,0.002598899870253754
2025-02-18,254.51,260.46,254.51,257.82,54666539.0,2301403254.0,20628944429.0,0.002649992062761594
2025-02-19,257.51,258.43,256.04,257.39,37470223.0,1572476676.0,20628944429.0,0.0018163907091302582
2025-02-20,257.51,258.07,255.55,256.59,40767508.0,1705724684.0,20628944429.0,0.00197622850458065
2025-02-21,257.27,257.45,252.73,253.83,59525579.0,2467492898.0,20628944429.0,0.0028855368341736106
2025-02-24,253.77,255.98,252.0,253.04,57110709.0,2361716151.0,20628944429.0,0.0027684746156819463
2025-02-25,252.3,254.08,250.83,251.57,50732120.0,2088784244.0,20628944429.0,0.0024592688285437043
2025-02-26,252.18,255.67,251.69,254.33,47644661.0,1974231834.0,20628944429.0,0.0023096024696746737
2025-02-27,255.06,259.97,253.1,259.84,62259657.0,2611617503.0,20628944429.0,0.003018072844894375
2025-02-28,259.84,261.56,257.82,257.82,70542365.0,2985755469.0,20628944429.0,0.0034195819007022056
2025-03-03,258.25,261.31,257.21,257.82,47014902.0,1983165730.0,20628944429.0,0.0022790745382932362
2025-03-04,256.96,258.13,256.1,256.29,31724542.0,1329037847.0,20628944429.0,0.0015378655029678542
2025-03-05,257.27,263.09,255.98,262.97,63203743.0,2689749944.0,20628944429.0,0.003063837959209813
2025-03-06,262.97,264.26,260.27,263.4,57205304.0,2450800591.0,20628944429.0,0.0027730601629611866
2025-03-07,263.03,268.55,262.72,267.14,60541319.0,2626484644.0,20628944429.0,0.002934775417538646
2025-03-10,266.65,267.2,262.54,264.07,50874971.0,2191791878.0,20628944429.0,0.002466193613303858
2025-03-11,262.23,267.57,261.87,266.77,56574109.0,2447134269.0,20628944429.0,0.0027424626206500697
2025-03-12,266.71,268.92,265.18,266.96,41825836.0,1822497448.0,20628944429.0,0.0020275315658517933
2025-03-13,267.32,272.11,266.71,268.79,58553928.0,2575079640.0,20628944429.0,0.0028384354905569174
2025-03-14,269.78,278.79,269.41,276.89,91127535.0,4095818343.0,20628944429.0,0.004417459909964839
2025-03-17,277.87,278.97,275.78,276.15,65420973.0,2957486225.0,20628944429.0,0.0031713194645108323
2025-03-18,277.69,278.24,274.8,276.77,42822001.0,1933102848.0,20628944429.0,0.002075821239781963
2025-03-19,277.62,282.65,276.52,282.16,67070594.0,3061182015.0,20628944429.0,0.0032512857955888774
2025-03-20,281.55,281.55,274.56,277.38,67865603.0,3067327047.0,20628944429.0,0.0032898243161969595
2025-03-21,276.64,277.99,272.96,274.07,67541170.0,3030118215.0,20628944429.0,0.003274097239074006
2025-03-24,273.15,277.07,273.15,276.21,44957619.0,2018232266.0,20628944429.0,0.0021793465562299423
2025-03-25,275.91,278.97,275.6,276.46,35687155.0,1610425397.0,20628944429.0,0.0017299554576254174
2025-03-26,272.84,273.39,261.25,261.56,157832632.0,6817699594.0,20628944429.0,0.007651028027305177
2025-03-27,262.11,268.18,262.05,265.24,82795081.0,3583722318.0,20628944429.0,0.004013539388065215
2025-03-28,265.48,266.4,264.01,264.99,38618409.0,1671063294.0,20628944429.0,0.0018720496888687411
2025-03-31,264.93,268.43,261.25,265.42,53956888.0,2334387177.0,20628944429.0,0.002615591320520882
2025-04-01,265.36,265.42,262.11,262.85,38936035.0,1671945743.0,20628944429.0,0.0018874467927338077
2025-04-02,262.85,264.56,261.68,261.99,33120189.0,1420244308.0,20628944429.0,0.0016055202976571071
2025-04-03,257.64,262.72,257.64,261.5,46416550.0,1977833089.0,20628944429.0,0.00225006907938285
2025-04-07,251.01,257.51,241.51,250.34,181563292.0,7360169684.0,20628944429.0,0.008801385481690465
2025-04-08,250.03,252.61,247.95,252.3,161047736.0,6562173340.0,20628944429.0,0.007806882051298777
2025-04-09,248.93,251.5,247.09,248.07,97396935.0,3956703949.0,20628944429.0,0.004721372697241852
2025-04-10,251.32,254.14,248.62,252.0,74378875.0,3057795208.0,20628944429.0,0.0036055589395761227
2025-04-11,252.06,255.61,250.22,254.51,58305691.0,2404586566.0,20628944429.0,0.002826402058557797
2025-04-14,255.55,256.96,253.9,254.33,48215984.0,2006762053.0,20628944429.0,0.0023372976821934895
2025-04-15,254.39,259.29,254.14,258.13,61456386.0,2578602435.0,20628944429.0,0.0029791338190627496
2025-04-16,257.39,261.07,256.41,259.05,57629358.0,2425842589.0,20628944429.0,0.002793616425617257
2025-04-17,258.25,259.72,256.59,258.25,40579288.0,1711632454.0,20628944429.0,0.001967104431332607
2025-04-18,258.31,262.36,257.82,262.11,43500128.0,1849158562.0,20628944429.0,0.0021086938379090243
2025-04-21,261.56,264.14,259.23,259.23,41646585.0,1774479138.0,20628944429.0,0.002018842270060778
2025-04-22,259.41,260.82,257.57,257.57,43378813.0,1831804304.0,20628944429.0,0.002102813023191745
2025-04-23,259.35,259.35,256.1,257.45,46774359.0,1965588261.0,20628944429.0,0.0022674140773894856
2025-04-24,257.51,259.84,257.21,258.8,41365185.0,1747384624.0,20628944429.0,0.002005201242476041
2025-04-25,259.29,260.89,257.76,258.0,42434993.0,1792844933.0,20628944429.0,0.0020570608033799944
2025-04-28,258.43,260.95,257.7,259.66,38697317.0,1639160750.0,20628944429.0,0.001875874799759489
2025-04-29,259.66,261.5,257.51,257.51,45769853.0,1933096299.0,20628944429.0,0.0022187200686651287
2025-04-30,255.31,255.31,248.38,249.79,117268210.0,4782474914.0,20628944429.0,0.005684644233911713
2025-05-06,250.77,253.9,248.38,253.65,66640999.0,2734586584.0,20628944429.0,0.0032304609297563783
2025-05-07,256.23,258.92,253.28,257.64,71291388.0,2985699306.0,20628944429.0,0.0034558912233909147
2025-05-08,257.57,266.22,257.51,262.42,83380964.0,3581050505.0,20628944429.0,0.004041940404996377
2025-05-09,262.42,267.32,262.42,266.59,66815472.0,2897563045.0,20628944429.0,0.003238918609236804
2025-05-12,266.4,272.23,264.32,268.55,84897409.0,3724155034.0,20628944429.0,0.004115450952529201
2025-05-13,270.33,273.76,268.86,273.21,69912417.0,3099990420.0,20628944429.0,0.0033890448074365698
2025-05-14,273.15,277.75,271.74,274.74,71279018.0,3194543663.0,20628944429.0,0.0034552915804938883
2025-05-15,274.86,278.24,273.76,275.42,68460048.0,3080577618.0,20628944429.0,0.0033186403810249944
2025-05-16,274.37,275.78,269.96,271.43,61965535.0,2743750956.0,20628944429.0,0.003003815111009236
2025-05-19,271.0,272.6,268.24,268.79,50281701.0,2213557250.0,20628944429.0,0.0024374345072797035
2025-05-20,269.96,273.52,268.98,269.16,50053483.0,2210731576.0,20628944429.0,0.0024263715078719794
2025-05-21,269.47,272.04,268.79,269.16,49920035.0,2199193618.0,20628944429.0,0.0024199025389696057
2025-05-22,269.16,273.21,268.24,272.9,56565562.0,2503244591.0,20628944429.0,0.002742048299886862
2025-05-23,272.9,273.95,269.16,270.08,54146009.0,2395482582.0,20628944429.0,0.0026247590702644964
2025-05-26,269.1,270.82,267.51,268.55,45609975.0,2000068964.0,20628944429.0,0.0022109698902422694
2025-05-27,268.55,270.7,267.75,268.18,36375001.0,1594752084.0,20628944429.0,0.0017632991898928344
2025-05-28,268.43,270.08,267.32,267.81,30035524.0,1313730557.0,20628944429.0,0.0014559893795523685
2025-05-29,267.94,269.47,266.4,266.53,49298970.0,2152530686.0,20628944429.0,0.0023897960542613086
2025-05-30,267.02,269.04,265.79,266.28,57139144.0,2491890458.0,20628944429.0,0.0027698530187358623
2025-06-03,266.71,272.41,266.71,269.59,50368513.0,2216746052.0,20628944429.0,0.002441642769137153
2025-06-04,270.08,271.43,269.16,270.14,37341667.0,1644649609.0,20628944429.0,0.0018101588827543398
2025-06-05,270.14,272.35,269.78,272.04,42131680.0,1865235666.0,20628944429.0,0.002042357530459563
2025-06-06,272.53,274.13,271.62,272.66,37349895.0,1660462752.0,20628944429.0,0.001810557739808239
2025-06-09,273.45,273.95,271.06,273.45,47477446.0,2111750061.0,20628944429.0,0.002301496625937709
2025-06-10,273.27,276.21,272.53,273.88,52834892.0,2364300624.0,20628944429.0,0.0025612019161642195
2025-06-11,274.19,280.08,274.19,277.81,77676108.0,3518360401.0,20628944429.0,0.0037653942142964704
2025-06-12,278.36,279.89,276.52,277.32,45239070.0,2050510492.0,20628944429.0,0.0021929900560691456
2025-06-13,277.38,278.05,275.6,277.01,47408056.0,2141145231.0,20628944429.0,0.002298132905596185
2025-06-16,276.4,280.87,275.6,280.69,41447435.0,1885267746.0,20628944429.0,0.002009188358747699
2025-06-17,281.3,282.34,280.26,281.92,47420901.0,2177741322.0,20628944429.0,0.0022987555743926523
2025-06-18,281.55,282.47,279.89,281.12,42642859.0,1957406403.0,20628944429.0,0.0020671372278289247
2025-06-19,281.06,282.41,278.18,279.77,51345430.0,2342843184.0,20628944429.0,0.002488999385146388
2025-06-20,280.38,283.14,279.28,281.98,44815652.0,2059058897.0,20628944429.0,0.0021724646238805378
2025-06-23,281.43,284.12,278.54,283.57,53893148.0,2475802504.0,20628944429.0,0.0026125014871937633
2025-06-24,283.94,288.17,283.14,286.64,65581461.0,3058493531.0,20628944429.0,0.003179099213036132
2025-06-25,286.64,291.24,285.66,291.24,60767987.0,2862914073.0,20628944429.0,0.002945763279800825
2025-06-26,291.17,293.57,288.48,293.57,59020064.0,2807185760.0,20628944429.0,0.0028610317024767434
2025-06-27,293.38,293.5,282.28,283.39,95414320.0,4461309935.0,20628944429.0,0.004625264289619557
2025-06-30,282.84,283.82,280.63,281.73,62461363.0,2870068037.0,20628944429.0,0.0030278506597842367
2025-07-01,281.79,286.15,281.55,284.8,45061309.0,2089060872.0,20628944429.0,0.002184372988889009
2025-07-02,286.33,289.15,284.8,287.56,51856318.0,2429269829.0,20628944429.0,0.002513764976122618
2025-07-03,287.56,287.86,284.12,285.78,55622576.0,2595710465.0,20628944429.0,0.002696336508706972
2025-07-04,285.72,291.24,284.49,288.6,67894832.0,3190053518.0,20628944429.0,0.0032912412088596256
2025-07-07,288.6,290.01,286.33,289.4,56742742.0,2672021321.0,20628944429.0,0.0027506372027563137
2025-07-08,289.89,292.28,288.78,291.97,63742101.0,3025850416.0,20628944429.0,0.0030899351743074103
2025-07-09,291.24,292.89,288.97,288.97,61456635.0,2912999773.0,20628944429.0,0.0029791458894816145
2025-07-10,288.78,297.67,288.78,295.77,121978404.0,5860161557.0,20628944429.0,0.005912973609474839
2025-07-11,296.03,297.44,291.81,291.93,118444284.0,5446393735.0,20628944429.0,0.005741655100563071
2025-07-14,292.0,294.81,290.66,291.49,64848437.0,2969040141.0,20628944429.0,0.0031435654511161805
2025-07-15,292.77,293.73,286.56,289.25,66620626.0,3018332344.0,20628944429.0,0.003229473336810451
2025-07-16,289.5,291.29,287.07,288.54,46818639.0,2112241748.0,20628944429.0,0.002269560575973182
2025-07-17,288.48,289.95,287.27,287.84,41689506.0,1877218807.0,20628944429.0,0.002020922890334284
2025-07-18,288.16,288.86,286.18,288.16,54343057.0,2445283609.0,20628944429.0,0.0026343110859131007
2025-07-21,288.16,289.31,286.75,286.88,56641201.0,2546034189.0,20628944429.0,0.0027457149441138767
2025-07-22,286.88,287.71,282.79,287.46,92231906.0,4111116850.0,20628944429.0,0.004470994932263289
2025-07-23,287.65,292.32,287.58,288.61,85324905.0,3864679805.0,20628944429.0,0.004136174068123958
2025-07-24,289.18,290.14,286.56,287.07,82662013.0,3724435789.0,20628944429.0,0.004007088839882394
2025-07-25,286.82,288.93,286.24,286.75,69626423.0,3129427563.0,20628944429.0,0.003375181083047553
2025-07-28,286.56,288.86,284.07,284.26,63512720.0,2838575467.0,20628944429.0,0.0030788157978027387
2025-07-29,284.26,286.56,282.34,282.34,78581282.0,3487013440.0,20628944429.0,0.003809273046929686
2025-07-30,282.53,286.24,281.0,284.13,72546085.0,3222441776.0,20628944429.0,0.003516713385393356
2025-07-31,284.0,285.03,280.48,284.51,73319517.0,3247588211.0,20628944429.0,0.003554205948459875
2025-08-01,284.64,287.65,283.68,284.13,59462094.0,2651723323.0,20628944429.0,0.0028824593621188236
2025-08-04,283.43,287.65,283.43,287.2,49800832.0,2231447773.0,20628944429.0,0.0024141241046725785
2025-08-05,286.43,290.4,285.54,289.44,55525830.0,2502003950.0,20628944429.0,0.0026916466904599464
2025-08-06,289.7,292.51,288.54,288.61,43029640.0,1951697829.0,20628944429.0,0.0020858866602747393
2025-08-07,288.61,291.68,287.58,288.8,44064325.0,1995029890.0,20628944429.0,0.002136043613460645
2025-08-08,289.12,289.63,284.83,284.83,45642153.0,2044145472.0,20628944429.0,0.002212529737383782
2025-08-11,284.83,285.47,282.08,282.08,53672371.0,2375089438.0,20628944429.0,0.0026017991945602326
2025-08-12,282.28,284.51,281.44,281.44,56225243.0,2482688843.0,20628944429.0,0.00272555113973544
2025-08-13,282.34,283.04,278.18,278.5,87673736.0,3837405883.0,20628944429.0,0.004250035007935209
2025-08-14,278.57,281.06,278.25,280.04,67635168.0,2959763586.0,20628944429.0,0.0032786538464333174
2025-08-15,279.27,279.78,276.97,276.97,93295684.0,4051326297.0,20628944429.0,0.004522562185433283
2025-08-18,275.69,279.33,274.34,278.31,92639738.0,4005818986.0,20628944429.0,0.004490764824096759
2025-08-19,277.93,279.53,276.9,277.61,57411852.0,2493609522.0,20628944429.0,0.002783072696598615
2025-08-20,276.97,279.08,276.01,277.93,54724013.0,2374776328.0,20628944429.0,0.0026527781481183997
2025-08-21,278.25,278.82,276.52,278.05,57854002.0,2512170016.0,20628944429.0,0.0028045061733100274
2025-08-22,278.05,278.12,275.3,276.71,79449625.0,3432029283.0,20628944429.0,0.003851366475558021
2025-08-25,277.09,280.61,275.75,280.61,90738990.0,3956212555.0,20628944429.0,0.004398624966599836
2025-08-26,280.74,281.57,277.73,278.37,75572231.0,3296532147.0,20628944429.0,0.003663407561162518
2025-08-27,278.25,279.27,275.05,275.05,75814078.0,3280973424.0,20628944429.0,0.0036751312342196817
2025-08-28,275.18,276.97,272.49,274.92,82242557.0,3530397264.0,20628944429.0,0.003986755467932915
2025-08-29,274.92,281.38,274.34,274.34,136087899.0,5896873900.0,20628944429.0,0.006596939531655762
2025-09-01,272.62,272.75,267.88,268.52,127633329.0,5381676513.0,20628944429.0,0.006187099366101065
2025-09-02,267.76,278.25,267.76,277.86,145214114.0,6232062120.0,20628944429.0,0.0070393380766424095
2025-09-03,277.86,278.69,273.13,274.41,81840560.0,3528703354.0,20628944429.0,0.0039672684310957385
2025-09-04,273.83,277.09,269.55,275.37,93536328.0,3997574925.0,20628944429.0,0.004534227542370389
2025-09-05,275.05,275.18,272.04,273.51,57232838.0,2449941047.0,20628944429.0,0.002774394889519531
2025-09-08,273.13,275.69,271.02,271.4,85168162.0,3635065671.0,20628944429.0,0.004128575860637411
2025-09-09,271.34,274.28,271.21,273.96,58952653.0,2515896773.0,20628944429.0,0.0028577639153036277
2025-09-10,273.77,276.01,272.23,275.05,47138694.0,2022413171.0,20628944429.0,0.002285075427016654
2025-09-11,275.88,277.16,273.64,276.97,65073072.0,2804175734.0,20628944429.0,0.003154454762528751
2025-09-12,277.48,278.05,271.34,272.11,82314003.0,3521647843.0,20628944429.0,0.003990218854062337
2025-09-15,271.72,273.7,269.36,270.06,69949106.0,2964121228.0,20628944429.0,0.003390823327909407
2025-09-16,270.7,271.4,266.48,267.05,85905078.0,3600259578.0,20628944429.0,0.004164298289506047
2025-09-17,267.12,269.87,266.73,267.12,57236258.0,2392440771.0,20628944429.0,0.0027745606759955075
2025-09-18,267.24,267.63,260.98,261.17,100352240.0,4131887418.0,20628944429.0,0.004864632814606144
2025-09-19,260.98,265.65,259.38,262.25,83656307.0,3440376826.0,20628944429.0,0.004055287816006555
2025-09-22,263.21,264.62,260.98,261.74,65611030.0,2688228051.0,20628944429.0,0.0031805325873952403
2025-09-23,262.13,267.05,259.89,265.77,93885081.0,3891395841.0,20628944429.0,0.0045511335455447315
2025-09-24,265.45,267.95,264.11,264.3,64389951.0,2672303416.0,20628944429.0,0.003121340077366302
2025-09-25,264.3,264.56,261.04,261.1,66694887.0,2730478547.0,20628944429.0,0.003233073181691298
2025-09-26,261.04,262.25,257.78,260.98,68276667.0,2773964882.0,20628944429.0,0.003309750881097785
2025-09-29,260.78,264.11,258.16,260.21,83555055.0,3407163055.0,20628944429.0,0.004050379566806094
2025-09-30,260.02,260.91,258.48,258.48,70002520.0,2836889513.0,20628944429.0,0.003393412602420463
2025-10-09,257.2,258.67,254.71,257.97,97231953.0,3900217891.0,20628944429.0,0.00471337509947005
2025-10-10,257.78,260.02,256.69,257.01,95504979.0,3852817637.0,20628944429.0,0.004629659037024691
2025-10-13,254.32,257.78,253.94,256.56,106593617.0,4266014498.0,20628944429.0,0.005167187170767282
2025-10-14,256.43,265.39,254.77,263.92,173382668.0,7102543598.0,20628944429.0,0.0084048250067638
2025-10-15,263.85,265.9,262.32,265.45,106276702.0,4392820738.0,20628944429.0,0.005151824533038011
2025-10-16,265.45,268.59,263.09,268.2,106248776.0,4427156848.0,20628944429.0,0.00515047080405318
2025-10-17,267.88,270.06,264.69,266.03,82982705.0,3470670301.0,20628944429.0,0.004022634569868907
2025-10-20,266.16,267.31,262.89,264.94,64947729.0,2694843445.0,20628944429.0,0.0031483786881842104
2025-10-21,265.39,269.29,265.39,268.52,75993124.0,3184239228.0,20628944429.0,0.003683810592517254
2025-10-22,268.52,269.93,266.92,268.33,55133364.0,2311324892.0,20628944429.0,0.002672621674354504
2025-10-23,268.33,271.79,267.24,270.19,71317373.0,3004975799.0,20628944429.0,0.003457150861279292
2025-10-24,270.89,271.53,267.69,268.33,69883194.0,2938870335.0,20628944429.0,0.00338762820562737
2025-10-27,268.01,268.46,264.94,266.03,98894862.0,4120096208.0,20628944429.0,0.004793985574025514
2025-10-28,266.22,266.86,263.73,266.09,70595074.0,2928533807.0,20628944429.0,0.0034221369999309333
2025-10-29,265.65,265.65,260.27,260.78,91098760.0,3735043026.0,20628944429.0,0.00441606502521448
2025-10-30,260.98,264.56,260.53,263.53,113153844.0,4648170384.0,20628944429.0,0.005485197964900679
2025-10-31,263.92,264.17,261.23,261.55,70260700.0,2881797758.0,20628944429.0,0.0034059280270893593
2025-11-03,263.15,268.46,262.64,267.31,92198068.0,3837027068.0,20628944429.0,0.004469354615662676
2025-11-04,267.63,275.75,267.44,275.11,134003592.0,5731414416.0,20628944429.0,0.006495901545578786
2025-11-05,275.69,278.05,273.45,273.77,73171377.0,3142006312.0,20628944429.0,0.003547024776368891
2025-11-06,272.81,274.34,270.63,270.83,87197274.0,3704094152.0,20628944429.0,0.0042269382371993205
2025-11-07,271.21,273.26,270.44,271.91,59319118.0,2521251002.0,20628944429.0,0.0028755285179114486
2025-11-10,271.53,274.28,270.44,273.26,53236873.0,2272065471.0,20628944429.0,0.002580688177392152
2025-11-11,273.06,275.3,271.98,274.79,54467066.0,2335614860.0,20628944429.0,0.002640322493836895
2025-11-12,275.82,277.35,274.6,274.6,58792878.0,2538488042.0,20628944429.0,0.002850018729865279
2025-11-13,274.86,276.97,273.38,276.39,58798006.0,2531083386.0,20628944429.0,0.002850267312628088
2025-11-14,276.58,278.82,276.2,276.65,51820955.0,2251121743.0,20628944429.0,0.002512050734265905
2025-11-17,275.69,276.33,271.85,272.81,61067446.0,2605355053.0,20628944429.0,0.0029602797278445274
2025-11-18,272.23,274.47,271.47,274.28,51743927.0,2210394705.0,20628944429.0,0.0025083167574613667
2025-11-19,274.28,278.25,273.77,276.46,51169639.0,2211527918.0,20628944429.0,0.0024804778148544595
2025-11-20,276.46,280.1,275.37,276.52,58585152.0,2545450519.0,20628944429.0,0.0028399490919972367
2025-11-21,276.58,278.57,273.51,275.05,79126405.0,3414438913.0,20628944429.0,0.003835698199310904
2025-11-24,275.69,276.39,271.91,272.68,67854882.0,2903502508.0,20628944429.0,0.0032893046095276773
2025-11-25,272.87,276.97,271.47,276.65,66640949.0,2860710968.0,20628944429.0,0.00323045850597749
2025-11-26,277.22,279.08,274.86,276.65,45107206.0,1950643252.0,20628944429.0,0.002186597872481961
2025-11-27,276.2,277.54,272.49,276.26,62143434.0,2671439102.0,20628944429.0,0.0030124388678191053
2025-11-28,275.69,275.82,273.9,274.73,49465789.0,2126261782.0,20628944429.0,0.0023978827016694756
2025-12-01,275.56,278.05,274.6,277.86,56791942.0,2454940643.0,20628944429.0,0.002753022201182643
2025-12-02,277.86,279.21,276.46,277.48,40673497.0,1765681348.0,20628944429.0,0.001971671267038828
2025-12-03,276.77,278.76,275.05,275.11,46895972.0,2029264531.0,20628944429.0,0.0022733093378289404
2025-12-04,275.37,277.73,275.11,276.46,36120746.0,1560898874.0,20628944429.0,0.001750974031866689
2025-12-05,276.65,278.57,274.47,277.93,54890622.0,2372985275.0,20628944429.0,0.0026608546156552354
2025-12-08,277.86,279.14,275.5,276.2,58003881.0,2512101223.0,20628944429.0,0.0028117716444307555
2025-12-09,276.2,276.97,273.96,275.3,46593870.0,2007147248.0,20628944429.0,0.0022586647688331895
2025-12-10,275.56,275.56,265.77,266.73,108315686.0,4546989729.0,20628944429.0,0.005250665460503675
2025-12-11,267.76,268.97,264.88,266.6,84623107.0,3525927169.0,20628944429.0,0.004102154004595481
2025-12-12,267.05,267.56,265.33,266.99,71762547.0,2991877687.0,20628944429.0,0.003478730928137884
2025-12-15,266.99,270.44,266.28,267.37,56266557.0,2361986962.0,20628944429.0,0.0027275538597554675
2025-12-16,267.24,269.48,265.01,266.73,56617635.0,2359934980.0,20628944429.0,0.002744572568648127
2025-12-17,266.09,267.69,263.73,265.58,63126744.0,2619154132.0,20628944429.0,0.0030601053881970297
2025-12-18,265.71,271.34,264.81,271.02,76811931.0,3224732020.0,20628944429.0,0.0037235027349251286
2025-12-19,271.02,271.72,268.08,268.59,57382341.0,2421818093.0,20628944429.0,0.002781642133823017
2025-12-22,269.16,269.48,266.8,267.18,52473989.0,2197149656.0,20628944429.0,0.002543706934719961
2025-12-23,266.99,268.91,266.48,268.08,60651014.0,2539576613.0,20628944429.0,0.0029400929460422272
2025-12-24,268.2,268.59,265.77,267.56,53630520.0,2241620145.0,20628944429.0,0.002599770443154942
2025-12-25,268.2,269.16,266.73,267.24,49921351.0,2090265137.0,20628944429.0,0.002419966332829952
2025-12-26,267.31,267.88,266.22,266.73,50880959.0,2123779708.0,20628944429.0,0.00246648388506355
2025-12-29,266.48,268.2,264.94,267.82,68255105.0,2848984782.0,20628944429.0,0.0033087056506898886
2025-12-30,268.01,271.72,267.24,270.44,83478293.0,3522122452.0,20628944429.0,0.004046658484505242
2025-12-31,270.19,270.76,268.14,269.29,55414239.0,2335536695.0,20628944429.0,0.0026862372522609116
2026-01-05,271.72,273.77,270.38,270.89,84082964.0,3571507107.0,20628944429.0,0.004075970260591563
2026-01-06,271.53,273.7,269.23,273.32,92371482.0,3918152819.0,20628944429.0,0.004477760959506243
2026-01-07,273.45,275.18,269.55,269.61,88055952.0,3735889227.0,20628944429.0,0.0042685631493685
2026-01-08,269.93,270.25,264.17,265.96,111572692.0,4642639925.0,20628944429.0,0.005408550708157031
2026-01-09,265.71,267.12,263.02,264.17,98547074.0,4069939125.0,20628944429.0,0.0047771263497837215
2026-01-12,264.17,265.01,262.25,263.02,118664058.0,4887859874.0,20628944429.0,0.005752308772192098
2026-01-13,263.53,264.69,262.45,263.09,115936473.0,4772124912.0,20628944429.0,0.005620087513397799
2026-01-14,263.09,263.34,256.24,256.31,191774380.0,7803195415.0,20628944429.0,0.009296373872160184
2026-01-15,256.56,258.55,255.86,256.56,121727094.0,4886718463.0,20628944429.0,0.005900791212025229
2026-01-16,259.14,259.21,253.63,254.09,152524530.0,5941062877.0,20628944429.0,0.007393714715988195
2026-01-19,254.15,255.4,252.64,252.97,98870273.0,3825610922.0,20628944429.0,0.004792793608043705
2026-01-20,253.1,256.78,252.71,254.15,111387322.0,4327688233.0,20628944429.0,0.005399564790305636
2026-01-21,255.4,255.53,250.54,250.94,121499985.0,4683716085.0,20628944429.0,0.005889781972033253
2026-01-22,251.14,253.17,248.05,248.38,187754633.0,7138121617.0,20628944429.0,0.009101514313842258
2026-01-23,248.38,250.48,245.29,246.08,189211273.0,7135111003.0,20628944429.0,0.009172125779446491
2026-01-26,246.08,251.33,244.84,249.49,216679416.0,8225997387.0,20628944429.0,0.010503659881665775
2026-01-27,249.76,252.71,248.51,250.02,157240627.0,6017368290.0,20628944429.0,0.007622330242886903
2026-01-28,250.15,252.25,247.39,248.05,204166688.0,7757392685.0,20628944429.0,0.009897098162375393
2026-01-29,248.58,253.63,246.41,252.84,199998187.0,7627788339.0,20628944429.0,0.009695027667961731
2026-01-30,252.84,257.04,252.84,253.76,166084303.0,6450474687.0,20628944429.0,0.008051032546605733
2026-02-02,255.14,257.89,252.05,252.32,138497888.0,5374972304.0,20628944429.0,0.006713765140852326
2026-02-03,253.76,253.76,250.28,251.33,84279156.0,3228439117.0,20628944429.0,0.004085480781145595
2026-02-04,251.33,256.06,251.07,255.99,102131628.0,3961153583.0,20628944429.0,0.004950889675984787
2026-02-05,255.53,261.96,255.33,260.58,121889452.0,4810048757.0,20628944429.0,0.00590866160988096
2026-02-06,260.52,262.16,257.96,259.86,80297978.0,3178037639.0,20628944429.0,0.003892490877386715
2026-02-09,259.86,260.78,258.09,259.08,65894891.0,2601539089.0,20628944429.0,0.003194292913376872
2026-02-10,259.14,259.6,257.96,258.16,49596465.0,1953983696.0,20628944429.0,0.0024042172962702685
2026-02-11,258.29,258.88,257.24,258.55,52881696.0,2080370293.0,20628944429.0,0.0025634707671062097
2026-02-12,258.55,258.68,254.15,255.86,77752571.0,3028037809.0,20628944429.0,0.0037691008023995683
2026-02-13,255.6,256.52,253.5,254.02,70537032.0,2738389980.0,20628944429.0,0.0034193233804459535
2026-02-24,257.24,258.62,254.74,255.53,75467438.0,2950566959.0,20628944429.0,0.0036583276599411697
2026-02-25,255.27,256.91,254.09,254.48,72397149.0,2817141580.0,20628944429.0,0.003509493626742466
2026-02-26,254.61,256.06,252.64,253.96,59332534.0,2297277144.0,20628944429.0,0.0028761788662628233
2026-02-27,254.29,255.6,253.56,254.29,63703472.0,2472164576.0,20628944429.0,0.0030880626112136976
2026-03-02,253.3,255.07,252.12,253.76,68547313.0,2649577380.0,20628944429.0,0.003322870602319174
2026-03-03,253.69,259.53,253.04,257.11,138465642.0,5423934800.0,20628944429.0,0.006712201997371526
2026-03-04,255.99,256.12,249.43,253.3,115193902.0,4442287555.0,20628944429.0,0.005584090955136869
2026-03-05,253.69,257.5,253.5,256.91,78336979.0,3058463948.0,20628944429.0,0.0037974303178535166
2026-03-06,256.58,258.03,255.6,257.24,46595667.0,1822138719.0,20628944429.0,0.002258751879446444
2026-03-09,255.27,257.11,254.29,254.55,76677490.0,2983734019.0,20628944429.0,0.0037169856297740284
2026-03-10,255.53,257.5,254.61,257.37,61371700.0,2399803866.0,20628944429.0,0.002975028616283641
2026-03-11,257.89,259.21,255.6,259.21,68940710.0,2710371064.0,20628944429.0,0.0033419407491875213
2026-03-12,258.88,259.73,258.09,259.21,52772330.0,2081987130.0,20628944429.0,0.002558169187067715
2026-03-13,258.94,262.82,258.22,260.91,76527668.0,3041555947.0,20628944429.0,0.0037097229217612337
2026-03-16,260.98,262.75,260.13,261.9,61094451.0,2435208936.0,20628944429.0,0.002961588810822231
2026-03-17,261.77,264.85,261.37,263.28,65622927.0,2637804783.0,20628944429.0,0.003181109301343981
2026-03-18,263.34,264.59,261.11,261.96,70583141.0,2822439834.0,20628944429.0,0.003421558540861393
2026-03-19,261.7,262.75,260.52,260.98,65024684.0,2591832050.0,20628944429.0,0.003152109126271572
2026-03-20,261.5,263.01,260.26,260.85,61580273.0,2453063180.0,20628944429.0,0.002985139312966056
2026-03-23,259.73,260.52,252.97,253.83,95773829.0,3730145439.0,20628944429.0,0.004642691696108403
2026-03-24,254.61,258.03,254.15,257.57,61633642.0,2408674586.0,20628944429.0,0.002987726406076112
2026-03-25,258.09,258.55,255.53,257.63,65381669.0,2556622045.0,20628944429.0,0.003169414180402124
2026-03-26,256.91,260.45,256.84,259.6,61679007.0,2437289721.0,20628944429.0,0.0029899255006616897
2026-03-27,259.21,260.52,257.57,258.81,46800671.0,1846335951.0,20628944429.0,0.002268689566791794
2026-03-30,257.5,259.67,256.78,259.08,64605410.0,2544968867.0,20628944429.0,0.003131784576877247
2026-03-31,259.47,260.72,257.76,258.03,66309671.0,2617257387.0,20628944429.0,0.0032143996135246943
2026-04-01,259.6,262.75,258.68,261.31,88152581.0,3510509345.0,20628944429.0,0.004273247295972926
2026-04-02,261.57,261.96,259.73,260.91,53462988.0,2124222801.0,20628944429.0,0.002591649232659824
2026-04-03,260.91,261.31,258.29,258.55,46448537.0,1835962093.0,20628944429.0,0.0022516196676890085
2026-04-07,258.48,259.86,255.66,255.86,52836661.0,2071766646.0,20628944429.0,0.002561287669461296
2026-04-08,259.21,260.13,257.17,259.99,66949789.0,2643490434.0,20628944429.0,0.003245429703416261
2026-04-09,259.08,259.34,256.71,257.63,53585405.0,2104306041.0,20628944429.0,0.002597583467463807
2026-04-10,258.03,258.42,256.78,257.3,54320208.0,2130641529.0,20628944429.0,0.002633203467436613
2026-04-13,256.78,256.98,255.4,255.79,52514495.0,2047706850.0,20628944429.0,0.00254567048647315
2026-04-14,255.93,257.11,255.6,256.78,50399861.0,1967829540.0,20628944429.0,0.0024431623815491157
2026-04-15,257.57,261.96,257.37,261.83,105210379.0,4177253342.0,20628944429.0,0.005100133909522589
2026-04-16,261.83,263.47,260.85,261.9,61725776.0,2467044522.0,20628944429.0,0.002992192654958458
2026-04-17,261.5,261.83,259.21,259.34,58792518.0,2331744880.0,20628944429.0,0.0028500012786572813
2026-04-20,259.21,261.83,258.09,261.63,58877642.0,2337084804.0,20628944429.0,0.002854127713739453
2026-04-21,261.9,263.47,261.57,261.63,54594915.0,2182431154.0,20628944429.0,0.0026465200479793296
2026-04-22,261.63,262.68,259.99,260.78,50759455.0,2017733909.0,20628944429.0,0.002460593908462072
2026-04-23,260.65,261.57,259.34,261.24,56948934.0,2260647913.0,20628944429.0,0.0027606324790880555
2026-04-24,260.78,261.18,258.29,258.42,62941438.0,2485978699.0,20628944429.0,0.0030511225727826116
2026-04-27,259.34,262.42,258.03,258.42,92616843.0,3669782211.0,20628944429.0,0.004489654975743693
2026-04-28,258.42,260.06,257.63,259.86,66930520.0,2637104794.0,20628944429.0,0.003244495627508193
2026-04-29,255.33,256.06,251.59,252.64,253311717.0,9780526575.0,20628944429.0,0.012279431837719068
2026-04-30,251.99,252.71,250.15,251.14,116957410.0,4477499783.0,20628944429.0,0.00566957802434051
2026-05-06,251.27,251.66,248.18,249.36,143177103.0,5437169068.0,20628944429.0,0.006940592791491687
2026-05-07,249.69,250.41,248.97,249.04,79008987.0,3001814235.0,20628944429.0,0.0038300062939201976
2026-05-08,249.56,250.54,248.71,248.97,86953912.0,3303687174.0,20628944429.0,0.004215141123641833
2026-05-11,249.04,249.23,247.39,249.17,92548934.0,3502977208.0,20628944429.0,0.004486363047732848
2026-05-12,249.23,250.28,248.44,248.71,96729929.0,3673345231.0,20628944429.0,0.0046890391960151805
2026-05-13,249.1,249.95,248.38,248.58,71830416.0,2723485937.0,20628944429.0,0.0034820209171256187
2026-05-14,248.12,249.49,247.59,248.12,86786790.0,3286217937.0,20628944429.0,0.004207039788133602
2026-05-15,248.12,249.17,246.8,247.07,82173796.0,3101358446.0,20628944429.0,0.003983422238729809
2026-05-18,247.07,247.13,245.1,245.89,70768410.0,2651016863.0,20628944429.0,0.0034305395626794337
2026-05-19,245.95,247.66,245.03,245.23,71991007.0,2698787184.0,20628944429.0,0.0034898056586354287
2026-05-20,245.23,245.69,243.92,243.92,69318422.0,2582329893.0,20628944429.0,0.003360250556618531
2026-05-21,243.98,245.03,243.52,243.79,72519969.0,2698141548.0,20628944429.0,0.0035154473972042904
2026-05-22,243.46,244.97,242.6,242.93,79761712.0,2961273370.0,20628944429.0,0.0038664950731978143
2026-05-25,242.87,244.51,242.14,242.41,71066833.0,2631256789.0,20628944429.0,0.0034450057900245654
2026-05-26,242.41,244.7,242.14,242.8,70620290.0,2617323723.0,20628944429.0,0.003423359360100005
2026-05-27,242.87,244.05,241.36,242.8,84514627.0,3125360325.0,20628944429.0,0.004096895373918892
2026-05-28,243.13,245.62,242.6,243.59,99579106.0,3701401975.0,20628944429.0,0.0048271546972618005
2026-05-29,243.46,249.63,242.34,249.43,153138355.0,5769643134.0,20628944429.0,0.007423470237513431
2026-06-01,249.36,250.68,248.05,250.68,96137886.0,3656722114.0,20628944429.0,0.004660339569524951
2026-06-02,250.41,255.14,249.69,254.61,125696953.0,4860567502.0,20628944429.0,0.00609323242071932
2026-06-03,254.68,254.68,251.0,252.64,88127454.0,3392945722.0,20628944429.0,0.004272029250130276
2026-06-04,251.99,253.63,249.3,250.02,73884128.0,2826182655.0,20628944429.0,0.0035815757929006926
2026-06-05,250.54,253.96,250.09,253.17,77870900.0,3000501535.0,20628944429.0,0.0037748368690416235
2026-06-08,251.99,254.35,251.73,252.64,76947767.0,2965291902.0,20628944429.0,0.0037300874635072196
2026-06-09,252.64,253.56,251.99,252.58,66450037.0,2559005933.0,20628944429.0,0.0032212039364740877
2026-06-10,252.32,256.45,251.86,255.27,93586076.0,3632762822.0,20628944429.0,0.004536639105413337
2026-06-11,255.47,256.52,253.1,254.15,59445402.0,2304178552.0,20628944429.0,0.0028816502077746715
2026-06-12,253.24,258.22,251.59,258.16,111983390.0,4373132356.0,20628944429.0,0.005428459530996394
2026-06-15,257.3,258.35,254.15,255.6,97740434.0,3811793413.0,20628944429.0,0.004738024009730586
2026-06-16,254.68,255.2,252.05,253.1,78966910.0,3048039103.0,20628944429.0,0.003827966587034331
2026-06-17,253.83,254.94,250.28,250.87,66045163.0,2530773389.0,20628944429.0,0.0032015774353996635
2026-06-18,250.35,250.68,244.51,244.51,100346053.0,3765522215.0,20628944429.0,0.004864332896206475
2026-06-22,242.87,248.71,242.47,247.07,110076764.0,4112247287.0,20628944429.0,0.005336034734053333
2026-06-23,247.07,250.61,245.1,245.43,100800729.0,3804117446.0,20628944429.0,0.004886373578005047
2026-06-24,246.02,246.61,241.16,241.23,123616556.0,4570750868.0,20628944429.0,0.005992383974151429
2026-06-25,241.03,242.74,237.55,237.75,118116225.0,4308980708.0,20628944429.0,0.00572575225099512
2026-06-26,238.73,239.32,235.45,236.24,105541023.0,3804353019.0,20628944429.0,0.0051161620684590774
2026-06-29,235.58,240.96,232.3,239.0,108073461.0,3911537694.0,20628944429.0,0.005238923463678114
2026-06-30,238.67,238.8,231.97,232.96,109903751.0,3919806245.0,20628944429.0,0.005327647828916452
2026-07-01,233.09,237.03,231.51,235.65,89122129.0,3183805654.0,20628944429.0,0.004320246695449567
2026-07-02,238.08,241.49,237.09,240.18,94461448.0,3442082753.0,20628944429.0,0.004579073268877824
2026-07-03,240.64,243.19,238.54,241.69,85312390.0,3133647736.0,20628944429.0,0.004135567396268155
2026-07-06,240.83,247.79,239.65,247.59,97154407.0,3625395505.0,20628944429.0,0.004709616012316226
2026-07-07,247.53,248.44,244.77,246.41,65258740.0,2448739027.0,20628944429.0,0.0031634551261023225
2026-07-08,245.16,249.17,243.79,248.97,76713452.0,2899053623.0,20628944429.0,0.0037187289085018264
2026-07-09,247.39,248.12,245.23,246.41,76564557.0,2875450172.0,20628944429.0,0.003711511137349625
2026-07-10,246.84,248.93,244.95,248.66,79377153.0,2911440764.0,20628944429.0,0.0038478533534858066
2026-07-13,248.18,252.16,247.51,251.15,93308476.0,3469591941.0,20628944429.0,0.004523182285024129
2026-07-14,250.14,251.08,248.25,250.68,80415432.0,2979122982.0,20628944429.0,0.003898184527898221
2026-07-15,249.46,255.94,247.78,254.59,115462595.0,4337619113.0,20628944429.0,0.005597116003554871
2026-07-16,254.18,257.02,252.84,253.98,76689870.0,2894610320.0,20628944429.0,0.0037175857574268324
2026-07-17,254.59,257.56,254.05,256.34,115858449.0,4404072223.0,20628944429.0,0.0056163052549178015
2026-07-20,255.87,262.34,255.47,262.34,143361015.0,5534176002.0,20628944429.0,0.006949508031950693
2026-07-21,264.16,265.65,255.53,256.14,156012742.0,6018519241.0,20628944429.0,0.007562807808075655
2026-07-22,255.2,260.99,253.71,260.99,108454598.0,4146124500.0,20628944429.0,0.005257399299962989
2026-07-23,260.79,262.88,259.24,262.34,79493797.0,3087846398.0,20628944429.0,0.003853507738779318
2026-07-24,264.16,264.63,262.28,264.3,98296005.0,3846185674.0,20628944429.0,0.004764955634948354
2026-07-27,263.76,264.57,260.86,262.95,71584573.0,2791660618.0,20628944429.0,0.003470103535659682
2026-07-28,264.1,266.93,262.61,266.93,105018681.0,4136021701.0,20628944429.0,0.005090841238215059
2026-07-29,269.56,270.16,266.25,267.4,114871245.0,4563588941.0,20628944429.0,0.005568449970640037
2026-07-30,267.4,273.4,266.66,273.4,137457952.0,5517774480.0,20628944429.0,0.006663353642407546
2026-07-31,268.68,270.84,263.22,267.13,149155003.0,5898211993.0,20628944429.0,0.007230374947848477
2026-08-03,268.88,272.52,268.34,272.12,121749307.0,4892987910.0,20628944429.0,0.005901868000034254
2026-08-04,270.77,270.77,264.37,264.84,110499947.0,4364079643.0,20628944429.0,0.005356548774481165
2026-08-05,264.16,266.19,261.06,262.54,96045405.0,3741155972.0,20628944429.0,0.004655856499617118
2026-08-06,262.95,263.96,259.38,262.75,85375464.0,3312252529.0,20628944429.0,0.0041386249448604785
2026-08-07,262.28,263.62,259.44,261.6,77964748.0,3022675781.0,20628944429.0,0.003779386205064269
2026-08-10,261.53,264.77,260.93,262.34,65175786.0,2544401483.0,20628944429.0,0.0031594338830239137
2026-08-11,262.95,264.3,261.4,262.61,50076953.0,1949602571.0,20628944429.0,0.002427509229682263
2026-08-12,262.61,262.75,259.98,260.93,55748865.0,2158507035.0,20628944429.0,0.002702458440948084
2026-08-13,260.18,261.67,259.58,261.4,50198478.0,1940835858.0,20628944429.0,0.002433400224270874
2026-08-14,260.59,261.26,259.31,259.31,48680178.0,1877959603.0,20628944429.0,0.0023597997545412846
2026-08-17,258.57,259.31,256.61,257.56,65674416.0,2510463628.0,20628944429.0,0.003183605260367828
2026-08-18,257.22,258.63,256.41,258.16,60136128.0,2297763209.0,20628944429.0,0.0029151335497060687
2026-08-19,259.92,263.96,258.9,263.96,124893872.0,4850665980.0,20628944429.0,0.006054302605247471
2026-08-20,261.6,263.42,259.38,262.01,74785718.0,2899498644.0,20628944429.0,0.0036252808890631775
2026-08-21,261.6,263.62,261.33,262.28,51421949.0,2002588255.0,20628944429.0,0.0024927086878818406
2026-08-24,262.07,267.67,261.4,266.86,104578329.0,4125329806.0,20628944429.0,0.005069494920592478
2026-08-25,267.67,269.15,265.78,266.32,63418322.0,2512181928.0,20628944429.0,0.0030742398002123195
2026-08-26,265.71,269.56,265.51,268.34,64645543.0,2574006915.0,20628944429.0,0.003133730047239927
2026-08-27,267.2,269.29,265.11,266.86,61459228.0,2429800384.0,20628944429.0,0.0029792715866547746
2026-08-28,266.05,266.66,264.5,265.31,48103294.0,1893074628.0,20628944429.0,0.0023318349693344847
2026-08-31,266.39,271.58,266.32,270.5,113625091.0,4545240512.0,20628944429.0,0.005508041935498492
2026-09-01,269.96,275.62,269.02,275.49,114766127.0,4659959162.0,20628944429.0,0.005563354314855913
2026-09-02,275.76,276.43,273.94,275.56,64861142.0,2647880876.0,20628944429.0,0.00314418133333176
2026-09-03,274.82,278.86,273.2,276.91,76871593.0,3160615628.0,20628944429.0,0.0037263948848460975
2026-09-04,276.77,281.69,276.1,281.09,84522855.0,3516541858.0,20628944429.0,0.004097294230972791
2026-09-07,280.82,281.56,276.64,276.91,73868255.0,3048586986.0,20628944429.0,0.0035808063400547346
2026-09-08,276.5,279.0,275.15,275.76,49310171.0,2021762692.0,20628944429.0,0.0023903390292079204
2026-09-09,275.42,277.92,274.75,276.43,43207363.0,1773818777.0,20628944429.0,0.002094501885382921
2026-09-10,276.43,280.95,275.09,280.28,66000292.0,2733649678.0,20628944429.0,0.003199402287749505
2026-09-11,281.49,281.49,276.77,278.79,73798295.0,3051269302.0,20628944429.0,0.003577414988633881
2026-09-14,278.73,282.03,277.51,282.03,74606686.0,3103375058.0,20628944429.0,0.0036166022094236937
2026-09-15,281.69,281.69,276.5,277.11,56779351.0,2340692538.0,20628944429.0,0.0027524118451829295
2026-09-16,277.45,279.2,273.2,275.89,53801915.0,2195191417.0,20628944429.0,0.002608078914806989
