date,open,high,low,close,volume,amount,outstanding_share,turnover
2020-12-01,4606.02,4690.89,4598.55,4676.48,24535327.0,2140841785.0,5295737921.0,0.004633032707813261
2020-12-02,4687.16,4690.89,4642.32,4672.21,15966299.0,1396299716.0,5295737921.0,0.00301493375204358
2020-12-03,4686.62,4809.39,4677.01,4803.52,32178913.0,2876193235.0,5295737921.0,0.006076379435696021
2020-12-04,4798.18,4884.12,4777.37,4874.51,30179714.0,2741646543.0,5295737921.0,0.0056988684957999455
2020-12-07,4899.07,4899.07,4767.22,4797.65,23991175.0,2159562314.0,5295737921.0,0.0045302798888260925
2020-12-08,4844.62,4846.22,4788.04,4807.79,14561320.0,1313065804.0,5295737921.0,0.0027496300264893718
2020-12-09,4839.28,4839.28,4704.24,4710.11,22385526.0,1989629038.0,5295737921.0,0.004227083427076565
2020-12-10,4697.3,4788.04,4674.88,4750.68,17235143.0,1534308954.0,5295737921.0,0.003254530956234607
2020-12-11,4782.7,4848.36,4729.32,4777.37,25901207.0,2326177765.0,5295737921.0,0.004890953326313597
2020-12-14,4751.74,4824.87,4698.9,4809.93,17885762.0,1608695421.0,5295737921.0,0.0033773880556050274
2020-12-15,4810.46,5193.18,4810.46,5178.77,77154520.0,7378730119.0,5295737921.0,0.014569172634855545
2020-12-16,5181.97,5224.68,5101.91,5178.24,41062517.0,3982147118.0,5295737921.0,0.007753880122573384
2020-12-17,5444.6,5696.01,5391.75,5614.34,90387543.0,9495304072.0,5295737921.0,0.017067978881955704
2020-12-18,5647.97,5735.51,5573.77,5639.96,46382065.0,4920007084.0,5295737921.0,0.008758376205905903
2020-12-21,5644.76,5795.83,5598.33,5757.39,36973577.0,3961393648.0,5295737921.0,0.006981761097614558
2020-12-22,5754.19,5817.18,5658.11,5668.78,28483648.0,3053487975.0,5295737921.0,0.005378598492770843
2020-12-23,5732.3,5772.87,5623.41,5658.11,29896625.0,3188306595.0,5295737921.0,0.005645412489437277
2020-12-24,5684.8,5930.87,5663.98,5807.57,28333437.0,3099032241.0,5295737921.0,0.0053502339848890725
2020-12-25,5808.64,6218.58,5791.55,6139.05,32433038.0,3706407247.0,5295737921.0,0.006124366138170907
2020-12-28,6191.89,6215.91,5871.62,5925.0,39434048.0,4419219611.0,5295737921.0,0.007446374535194828
2020-12-29,5968.77,6012.01,5660.78,5779.81,37797534.0,4096371020.0,5295737921.0,0.0071373498016424975
2020-12-30,5817.18,6052.58,5807.57,6015.74,36217122.0,4048968057.0,5295737921.0,0.006838918870282969
2020-12-31,6007.74,6013.61,5872.16,5949.55,28156885.0,3139202856.0,5295737921.0,0.005316895477086431
2021-01-04,5977.85,6068.59,5925.0,5935.68,36342265.0,4072713009.0,5295737921.0,0.0068625497602301
2021-01-05,5935.68,6227.12,5935.14,6044.03,41762795.0,4763614447.0,5295737921.0,0.00788611438537991
2021-01-06,6045.1,6184.95,5978.38,6070.19,28370017.0,3219508646.0,5295737921.0,0.0053571414264101
2021-01-07,6131.04,6138.51,5967.7,6138.51,32927605.0,3720602728.0,5295737921.0,0.006217755767223134
2021-01-08,6144.92,6238.33,5986.39,6043.5,30767605.0,3499188267.0,5295737921.0,0.00580988059813015
2021-01-11,5995.46,6093.14,5871.62,5941.01,27201138.0,3055535865.0,5295737921.0,0.005136420722810916
2021-01-12,5940.48,6112.89,5871.62,6090.47,28638791.0,3236967861.0,5295737921.0,0.005407894315622044
2021-01-13,6085.67,6111.29,5958.1,6008.8,23771906.0,2677656700.0,5295737921.0,0.004488875083061347
2021-01-14,6008.8,6028.02,5796.89,5881.23,30041617.0,3321158495.0,5295737921.0,0.005672791487824837
2021-01-15,5951.69,5951.69,5765.4,5862.55,24707098.0,2712379687.0,5295737921.0,0.00466546841414209
2021-01-18,5819.85,5889.77,5732.3,5755.79,23513196.0,2543706268.0,5295737921.0,0.004440022590007622
2021-01-19,5791.55,5791.55,5566.3,5602.06,34814227.0,3676873518.0,5295737921.0,0.006574008668734497
2021-01-20,5652.77,5739.78,5604.73,5656.51,30502727.0,3235274872.0,5295737921.0,0.005759863394871349
2021-01-21,5658.11,5807.57,5625.01,5772.87,38293455.0,4101405937.0,5303828162.999999,0.007219965244564053
2021-01-22,5762.73,6031.76,5717.36,6010.41,41130799.0,4580183780.0,5303828162.999999,0.007754926769108452
2021-01-25,6020.01,6065.39,5844.93,5949.02,38794449.0,4327402199.0,5303828162.999999,0.007314424187162341
2021-01-26,5900.98,5939.95,5698.14,5711.49,33976100.0,3679207532.0,5303828162.999999,0.006405957914892577
2021-01-27,5748.85,5774.47,5631.42,5691.2,23027045.0,2461916682.0,5303828162.999999,0.0043415895636738045
2021-01-28,5687.47,5764.33,5518.26,5586.58,28273748.0,2965224339.0,5303828162.999999,0.0053308190105479485
2021-01-29,5564.7,5611.14,5391.75,5538.54,32727553.0,3368922623.0,5303828162.999999,0.006170553040973399
2021-02-01,5469.15,5556.16,5391.22,5473.95,25076609.0,2572231369.0,5306264628.0,0.00472584968108756
2021-02-02,5535.87,5711.49,5447.26,5658.11,31194628.0,3291860651.0,5306264628.0,0.00587883005973595
2021-02-03,5654.91,5708.82,5579.11,5604.73,21573569.0,2279848995.0,5306264628.0,0.004065679062849784
2021-02-04,5551.35,5572.7,5418.44,5487.3,28548211.0,2932116080.0,5306264628.0,0.005380095604233027
2021-02-05,5548.68,5780.35,5471.28,5727.5,38071174.0,4059241108.0,5306264628.0,0.007174759773401938
2021-02-08,5728.03,5836.93,5650.1,5673.05,37346791.0,4011442131.0,5306264628.0,0.007038245096735119
2021-02-09,5751.52,5915.39,5647.43,5857.74,34134561.0,3712038167.0,5306264628.0,0.006432879509981348
2021-02-10,5828.92,5911.66,5717.89,5828.92,34364524.0,3755577138.0,5306264628.0,0.006476217529496345
2021-02-18,5946.35,5946.35,5578.04,5599.39,45041564.0,4802022748.0,5306264628.0,0.008488374997795154
2021-02-19,5581.78,5646.37,5487.83,5613.27,28656349.0,2988179675.0,5306264628.0,0.0054004749120099855
2021-02-22,5679.46,5679.46,5337.84,5338.37,45626045.0,4647867286.0,5306264628.0,0.008598524234777385
2021-02-23,5302.61,5442.46,5284.46,5375.2,25488864.0,2561642243.0,5306264628.0,0.00480354181084389
2021-02-24,5390.68,5391.22,5263.11,5321.83,31780663.0,3169255795.0,5306264628.0,0.0059892721581016484
2021-02-25,5337.84,5457.41,5292.47,5393.89,31609719.0,3175504052.0,5306264628.0,0.005957056652094284
2021-02-26,5284.99,5533.2,5284.99,5433.92,34996366.0,3573877073.0,5306264628.0,0.006595292254240736
2021-03-01,5487.3,5487.3,5301.01,5354.39,30533938.0,3058360107.0,5306264628.0,0.00575431874220503
2021-03-02,5354.39,5381.08,5204.39,5249.76,30420574.0,3009376810.0,5306264628.0,0.005732954560818033
2021-03-03,5257.77,5416.84,5206.53,5409.9,26463184.0,2649105245.0,5306264628.0,0.004987158736931354
2021-03-04,5347.45,5409.9,5262.58,5364.53,25083124.0,2509954478.0,5306264628.0,0.004727077475111556
2021-03-05,5258.84,5398.16,5257.24,5353.85,22836325.0,2277798365.0,5306264628.0,0.004303653624717037
2021-03-08,5375.74,5420.58,4894.8,4917.22,46204335.0,4407903276.0,5306264628.0,0.008707506737637963
2021-03-09,4957.78,5054.4,4771.49,4899.07,42965618.0,3970887714.0,5306264628.0,0.008097149503867525
2021-03-10,5017.03,5045.86,4939.64,4985.54,24213415.0,2265100248.0,5306264628.0,0.004563175170765343
2021-03-11,5017.03,5064.54,4937.5,4989.81,27251641.0,2554052750.0,5306264628.0,0.005135748574656273
2021-03-12,5044.26,5086.96,4888.39,4920.95,22917855.0,2127934279.0,5306264628.0,0.004319018482242194
2021-03-15,4864.37,4913.48,4727.72,4782.17,30124408.0,2702706981.0,5306264628.0,0.005677140156380455
2021-03-16,4830.74,4845.69,4702.64,4760.82,24041967.0,2142583645.0,5306264628.0,0.004530864682687665
2021-03-17,4761.35,4791.24,4674.88,4730.39,25086337.0,2221734363.0,5306264628.0,0.004727682985809806
2021-03-18,4751.21,4830.21,4713.31,4761.89,31112751.0,2776569676.0,5306264628.0,0.0058633998078092085
2021-03-19,4697.3,4747.47,4654.6,4699.97,22450145.0,1979612740.0,5306264628.0,0.004230875497904022
2021-03-22,4699.97,4819.53,4675.95,4703.17,25482696.0,2255795600.0,5306264628.0,0.004802379411221479
2021-03-23,4647.12,4721.32,4644.45,4678.62,24346543.0,2130891334.0,5306264628.0,0.0045882640061953575
2021-03-24,4678.62,4707.97,4577.2,4618.3,20113520.0,1747979556.0,5306264628.0,0.003790523354953944
2021-03-25,4574.53,4690.36,4541.97,4656.2,21735235.0,1886763645.0,5306264628.0,0.004096146069554826
2021-03-26,4675.41,4916.15,4664.74,4869.18,37823439.0,3422124864.0,5306264628.0,0.00712807250516945
2021-03-29,4873.45,4905.47,4810.99,4832.35,24964210.0,2272148835.0,5306264628.0,0.004704667360212175
2021-03-30,4823.27,5000.49,4804.05,4996.22,29635571.0,2732047809.0,5306264628.0,0.005585015651805144
2021-03-31,4975.4,4975.4,4857.97,4915.62,18805139.0,1730748831.0,5306264628.0,0.0035439504657889444
2021-04-01,4889.46,5044.26,4889.46,5009.56,19276029.0,1807448032.0,5306264628.0,0.0036326927417612387
2021-04-02,5017.57,5062.41,4904.41,4947.11,19798510.0,1840689780.0,5306264628.0,0.00373115767644297
2021-04-06,4932.16,4933.76,4839.28,4852.1,16978496.0,1546041596.0,5306264628.0,0.0031997077398681142
2021-04-07,4868.11,4873.45,4790.18,4840.35,16907148.0,1524879347.0,5306264628.0,0.003186261746311081
2021-04-08,4820.07,4956.18,4788.04,4934.3,18476140.0,1697072603.0,5306264628.0,0.003481948469457298
2021-04-09,4964.19,4974.87,4830.74,4868.11,17988909.0,1640481243.0,5306264628.0,0.0033901266260028674
2021-04-12,4849.43,4909.74,4744.27,4778.97,21344389.0,1919193024.0,5306264628.0,0.004022488604765454
2021-04-13,4771.49,4820.07,4679.15,4749.61,22380889.0,1988503417.0,5306264628.0,0.004217823755321387
2021-04-14,4774.7,4774.7,4388.77,4564.92,92249094.0,7812080555.0,5306264628.0,0.017384940342632306
2021-04-15,4511.54,4514.74,4380.23,4386.64,59868383.0,4973531360.0,5306264628.0,0.011282585245388556
2021-04-16,4395.71,4395.71,4233.44,4303.37,52880632.0,4248106020.0,5306264628.0,0.009965698227894714
2021-04-19,4307.64,4388.24,4243.58,4381.83,52961773.0,4297304579.0,5306264628.0,0.009980989775845758
2021-04-20,4371.16,4371.16,4238.24,4286.82,74240523.0,5955990599.0,5306264628.0,0.01399110828514827
2021-04-21,4280.41,4449.62,4249.45,4440.01,68809652.0,5641888383.0,5306264628.0,0.012967625405809294
2021-04-22,4413.32,4425.07,4366.35,4387.7,36850361.0,3026890530.0,5306264628.0,0.006944689642040974
2021-04-23,4425.07,4482.72,4377.03,4430.41,46863794.0,3890314475.0,5306264628.0,0.008831786065231273
2021-04-26,4440.01,4514.21,4343.93,4351.41,54247271.0,4504099658.0,5306264628.0,0.01022325021517943
2021-04-27,4352.47,4440.01,4315.64,4433.07,33601174.0,2772491254.0,5306264628.0,0.006332359268833661
2021-04-28,4435.74,4450.69,4371.69,4422.93,27164736.0,2237534282.0,5306264628.0,0.005119370763504259
2021-04-29,4429.87,4435.74,4366.35,4395.71,31753562.0,2613342979.0,5306264628.0,0.005984164798800909
2021-04-30,4430.41,4553.18,4398.91,4489.12,51336941.0,4313992973.0,5306264628.0,0.009674779642369544
2021-05-06,4489.12,4553.18,4377.56,4383.43,42144800.0,3516693111.0,5306264628.0,0.007942461025711212
2021-05-07,4383.43,4395.71,4269.74,4269.74,37105386.0,2992772699.0,5306264628.0,0.0069927507580762145
2021-05-10,4264.93,4317.24,4164.05,4287.89,25316123.0,2018887218.0,5306264628.0,0.0047709876485262995
2021-05-11,4243.58,4473.11,4235.57,4468.3,38798673.0,3187696920.0,5306264628.0,0.007311861680487602
2021-05-12,4464.03,4480.58,4403.72,4440.01,24346250.0,2023942845.0,5306264628.0,0.004588208788444163
2021-05-13,4410.12,4425.6,4330.59,4362.62,24759101.0,2022298799.0,5306264628.0,0.004666013238267769
2021-05-14,4393.57,4494.46,4345.53,4474.71,34737829.0,2898254768.0,5306264628.0,0.006546569279017119
2021-05-17,4505.14,4625.24,4503.0,4557.45,35822871.0,3070196388.0,5306264628.0,0.006751052484448388
2021-05-18,4558.51,4608.69,4512.61,4576.13,19155165.0,1634106462.0,5306264628.0,0.0036099151367088586
2021-05-19,4574.53,4574.53,4510.47,4539.83,16714716.0,1419469460.0,5306264628.0,0.00314999668727415
2021-05-20,4546.24,4555.31,4446.42,4468.3,34717475.0,2914466329.0,5306264628.0,0.006542733435645758
2021-05-21,4486.45,4550.51,4377.03,4386.1,36626620.0,3052830936.0,5306264628.0,0.006902524198798779
2021-05-24,4372.22,4449.62,4318.31,4449.62,27943478.0,2294658788.0,5306264628.0,0.005266129746441285
2021-05-25,4449.09,4625.77,4443.75,4603.89,46445680.0,3960893277.0,5306264628.0,0.008752989768907544
2021-05-26,4648.19,4669.01,4570.79,4606.02,41748843.0,3603633112.0,5306264628.0,0.007867840359808004
2021-05-27,4588.41,4638.58,4544.64,4607.09,32636750.0,2808456373.0,5306264628.0,0.006150607308158548
2021-05-28,4638.05,4661.0,4551.04,4582.53,32128405.0,2769742232.0,5306264628.0,0.006054806394401331
2021-05-31,4574.53,4610.82,4537.7,4606.55,25953725.0,2225081410.0,5306264628.0,0.004891147882645705
2021-06-01,4611.36,4670.61,4569.19,4669.01,39253826.0,3406034206.0,5306264628.0,0.007397638216696946
2021-06-02,4671.14,4683.95,4462.43,4503.0,52429871.0,4456483943.0,5306264628.0,0.009880749392583819
2021-06-03,4458.7,4478.45,4406.92,4407.99,41410338.0,3441142200.0,5306264628.0,0.007804046896094606
2021-06-04,4380.76,4456.56,4360.48,4411.72,33478119.0,2765748570.0,5306264628.0,0.0063091687556145
2021-06-07,4403.72,4405.32,4336.99,4400.51,25301113.0,2070589227.0,5306264628.0,0.004768158916630646
2021-06-08,4422.4,4501.4,4409.59,4429.34,29782918.0,2480664129.0,5306264628.0,0.005612784150048236
2021-06-09,4435.21,4510.47,4435.21,4491.79,25659093.0,2156957769.0,5306264628.0,0.004835622570461821
2021-06-10,4559.32,4845.03,4502.17,4687.09,61779045.0,4544921867.0,5306264628.0,0.011642661897034962
2021-06-11,4693.51,4715.98,4565.09,4684.52,44820874.0,3227502819.0,6367517554.0,0.00703898711230785
2021-06-15,4684.52,4760.92,4593.99,4615.17,43843803.0,3177815768.0,6367517554.0,0.006885540970744217
2021-06-16,4615.17,4648.56,4526.57,4546.47,28037761.0,1991163808.0,6367517554.0,0.004403248324362609
2021-06-17,4548.4,4577.29,4504.74,4568.3,23354801.0,1653726264.0,6367517554.0,0.003667803159070804
2021-06-18,4590.78,4651.77,4547.76,4586.92,31060655.0,2222493326.0,6367517554.0,0.004877984981837712
2021-06-21,4571.51,4571.51,4437.32,4463.01,45286231.0,3169713382.0,6367517554.0,0.007112070067486775
2021-06-22,4463.01,4525.93,4430.26,4525.29,43612983.0,3040863642.0,6367517554.0,0.006849291365141638
2021-06-23,4531.06,4652.41,4529.78,4568.3,57215569.0,4081587083.0,6367517554.0,0.008985537694208295
2021-06-24,4493.82,4493.82,4357.71,4366.05,77212794.0,5274271877.0,6367517554.0,0.012126043367009775
2021-06-25,4344.86,4394.3,4300.56,4369.91,53724003.0,3623945403.0,6367517554.0,0.008437197470504218
2021-06-28,4369.91,4404.58,4333.95,4404.58,41106770.0,2796214015.0,6367517554.0,0.0064556979468674116
2021-06-29,4405.22,4418.7,4353.85,4378.89,30062702.0,2052623672.0,6367517554.0,0.004721259383276448
2021-06-30,4382.1,4411.0,4359.63,4364.13,26682514.0,1817637464.0,6367517554.0,0.004190410748571609
2021-07-01,4366.05,4545.83,4350.0,4474.56,49410176.0,3416187491.0,6367517554.0,0.007759723562750307
2021-07-02,4432.19,4448.88,4292.22,4296.07,53131555.0,3589629268.0,6367517554.0,0.008344155245653524
2021-07-05,4280.02,4280.02,4001.36,4041.81,79501891.0,5093697132.0,6367517554.0,0.012485539352782443
2021-07-06,4019.34,4019.34,3905.69,3984.67,65591779.0,4031806404.0,6367517554.0,0.010300996965260977
2021-07-07,3999.43,4076.48,3997.51,4009.71,42130978.0,2645435620.0,6367517554.0,0.006616546816354486
2021-07-08,4010.35,4037.32,3927.52,3940.36,37669299.0,2325415956.0,6367517554.0,0.005915853184627121
2021-07-09,3917.89,4001.36,3910.19,3987.23,31713965.0,1956917068.0,6367517554.0,0.0049805854057014196
2021-07-12,4077.12,4141.33,4044.38,4052.72,59986695.0,3823509581.0,6367517554.0,0.009420734923976309
2021-07-13,4052.72,4071.34,3965.4,3976.96,38145468.0,2377792672.0,6367517554.0,0.005990634132769287
2021-07-14,3961.55,3967.97,3852.4,3859.46,67679871.0,4079611626.0,6367517554.0,0.010628925703940037
2021-07-15,3839.56,3871.02,3748.39,3869.74,64806122.0,3835157908.0,6367517554.0,0.01017761183230497
2021-07-16,3869.74,3869.74,3788.19,3858.82,45006736.0,2675282713.0,6367517554.0,0.007068176195561062
2021-07-19,3842.13,3916.61,3788.84,3914.04,50233330.0,3006391945.0,6367517554.0,0.007888997489837152
2021-07-20,3906.98,4056.58,3884.5,4056.58,79808081.0,4984495029.0,6367517554.0,0.012533625596346491
2021-07-21,4109.23,4139.4,4023.19,4043.74,55457124.0,3519441511.0,6367517554.0,0.008709379052306261
2021-07-22,4042.45,4042.45,3933.94,3934.58,47000640.0,2899861917.0,6367517554.0,0.007381312984441597
2021-07-23,3928.81,3971.18,3867.17,3948.07,36112011.0,2206411058.0,6367517554.0,0.005671285660973931
2021-07-26,3935.87,3935.87,3761.87,3802.32,46401001.0,2770651170.0,6367517554.0,0.007287141434082335
2021-07-27,3801.68,3825.43,3474.22,3499.26,81094644.0,4581066032.0,6367517554.0,0.012735676550912262
2021-07-28,3465.23,3612.91,3441.48,3589.79,52392023.0,2891590652.0,6367517554.0,0.008228013908982151
2021-07-29,3698.3,3717.57,3510.18,3538.43,53012507.0,2953856786.0,6367517554.0,0.008325459105597309
2021-07-30,3504.4,3523.66,3402.95,3491.56,48423569.0,2613309578.0,6367517554.0,0.007604779820289758
2021-08-02,3465.88,3611.62,3354.8,3547.42,60414095.0,3276024089.0,6367517554.0,0.009487856843370392
2021-08-03,3538.43,3685.46,3505.68,3685.46,54998221.0,3100529848.0,6367517554.0,0.008637309678942426
2021-08-04,3698.3,3709.22,3582.73,3616.76,47326782.0,2662303075.0,6367517554.0,0.00743253263122453
2021-08-05,3617.4,3690.6,3562.83,3582.73,38578877.0,2183301491.0,6367517554.0,0.006058699748030565
2021-08-06,3563.47,3566.04,3485.14,3518.53,34743825.0,1898761300.0,6367517554.0,0.00545641605309346
2021-08-09,3499.26,3718.85,3483.85,3654.64,53900047.0,3048950741.0,6367517554.0,0.008464844665585667
2021-08-10,3665.56,3711.15,3578.88,3707.29,56306095.0,3200866127.0,6367517554.0,0.00884270746370054
2021-08-11,3672.62,3747.74,3645.01,3652.72,39412559.0,2257552049.0,6367517554.0,0.006189627066711656
2021-08-12,3629.6,3702.8,3571.17,3582.73,40083644.0,2260258000.0,6367517554.0,0.00629501900231432
2021-08-13,3567.32,3637.31,3549.34,3629.6,33859164.0,1904307300.0,6367517554.0,0.00531748263163092
2021-08-16,3629.6,3666.2,3598.78,3625.75,25064484.0,1418005605.0,6367517554.0,0.003936303871554274
2021-08-17,3608.41,3623.18,3508.89,3515.31,36297864.0,2010145944.0,6367517554.0,0.0057004733308034785
2021-08-18,3519.81,3544.85,3451.75,3530.72,33002061.0,1799750670.0,6367517554.0,0.005182877113431511
2021-08-19,3509.54,3560.9,3453.03,3456.89,33210110.0,1808649296.0,6367517554.0,0.005215550600113823
2021-08-20,3210.33,3230.88,3111.45,3111.45,140676443.0,6858016624.0,6367517554.0,0.02209282374284602
2021-08-23,3053.03,3094.76,2921.4,3029.27,134200961.0,6276592761.0,6367517554.0,0.021075868242514152
2021-08-24,3011.93,3092.19,2959.93,3030.55,97395100.0,4578425410.0,6367517554.0,0.015295615469299733
2021-08-25,3031.2,3088.98,2999.09,3044.04,63107053.0,2990920447.0,6367517554.0,0.009910778017464103
2021-08-26,3018.36,3024.13,2905.35,2909.2,80436521.0,3686107652.0,6367517554.0,0.012632320259481768
2021-08-27,2921.4,3011.29,2920.76,2956.72,53830432.0,2486358727.0,6367517554.0,0.008453911833534618
2021-08-30,2941.95,2971.48,2905.99,2927.82,44456861.0,2025406947.0,6367517554.0,0.006981819935788433
2021-08-31,2918.19,2962.5,2846.28,2902.14,49574185.0,2237371941.0,6367517554.0,0.007785480696297111
2021-09-01,2914.98,3030.55,2884.16,2991.39,73127061.0,3380043296.0,6367517554.0,0.011484390954534933
2021-09-02,2992.03,2992.03,2921.4,2944.52,46575210.0,2135153563.0,6367517554.0,0.007314500447783139
2021-09-03,2909.85,3007.44,2892.51,2959.93,46235755.0,2132747685.0,6367517554.0,0.007261190033305089
2021-09-06,2965.71,3139.06,2965.71,3088.34,86663569.0,4132165375.0,6367517554.0,0.013610259927051
2021-09-07,3088.34,3103.11,3029.27,3087.06,48897172.0,2333419067.0,6367517554.0,0.00767915778564024
2021-09-08,3087.06,3102.47,3056.24,3065.87,33106871.0,1584289690.0,6367517554.0,0.0051993372172492325
2021-09-09,3063.94,3092.19,3036.98,3045.96,30166033.0,1435010678.0,6367517554.0,0.004737487214471839
2021-09-10,3043.4,3078.71,3023.49,3046.61,33788585.0,1602166127.0,6367517554.0,0.005306398406200609
2021-09-13,3046.61,3078.07,2985.61,3001.66,40587103.0,1912968153.0,6367517554.0,0.006374085765103805
2021-09-14,3002.95,3051.1,3000.38,3004.87,48735457.0,2293151060.0,6367517554.0,0.007653760918081012
2021-09-15,2997.17,2999.09,2921.4,2935.53,44832955.0,2056689111.0,6367517554.0,0.007040884398007896
2021-09-16,2947.09,2982.4,2913.7,2963.14,55890581.0,2563361939.0,6367517554.0,0.008777452205827088
2021-09-17,2942.59,3056.24,2934.24,3014.5,63532750.0,2968608405.0,6367517554.0,0.009977632485691298
2021-09-22,3014.5,3091.55,2992.67,3075.5,58051309.0,2758986266.0,6367517554.0,0.009116788215767516
2021-09-23,3081.92,3132.64,3035.69,3068.44,58686781.0,2817437483.0,6367517554.0,0.00921658723392661
2021-09-24,3062.66,3216.75,3053.03,3197.49,92719699.0,4591907051.0,6367517554.0,0.014561357422839701
2021-09-27,3200.06,3349.02,3158.97,3258.49,88159053.0,4483165537.0,6367517554.0,0.01384512131334754
2021-09-28,3306.64,3306.64,3167.31,3235.37,54276640.0,2718214267.0,6367517554.0,0.008523987494295018
2021-09-29,3203.91,3238.58,3130.72,3205.2,48439125.0,2403983221.0,6367517554.0,0.007607222844571682
2021-09-30,3206.48,3250.78,3174.38,3225.1,41122129.0,2066473091.0,6367517554.0,0.006458110032875773
2021-10-08,3265.55,3513.39,3215.47,3479.36,112430883.0,5960888355.0,6367517554.0,0.01765694119356958
2021-10-11,3479.36,3566.04,3403.6,3442.12,73990926.0,3991927768.0,6367517554.0,0.011620058425048199
2021-10-12,3451.11,3512.1,3409.37,3454.32,54972050.0,2964962230.0,6367517554.0,0.008633199599970824
2021-10-13,3438.27,3438.27,3309.85,3399.74,60765613.0,3188382885.0,6367517554.0,0.009543061716701159
2021-10-14,3367.64,3383.05,3278.39,3278.39,56168508.0,2894632515.0,6367517554.0,0.00882109982794089
2021-10-15,3236.02,3298.3,3193.64,3213.54,56981151.0,2873134534.0,6367517554.0,0.008948723033233746
2021-10-18,3193.64,3210.33,3115.95,3152.55,51512546.0,2522939156.0,6367517554.0,0.00808989461955082
2021-10-19,3129.43,3257.85,3124.3,3185.29,52117489.0,2600860189.0,6367517554.0,0.008184899147590163
2021-10-20,3146.13,3331.68,3069.08,3311.78,96591664.0,4832594860.0,6367517554.0,0.015169438196416474
2021-10-21,3271.97,3295.09,3234.09,3242.44,43741124.0,2217575679.0,6367517554.0,0.006869415534241022
2021-10-22,3249.5,3329.76,3236.66,3293.8,46196186.0,2366555937.0,6367517554.0,0.007254975837637086
2021-10-25,3274.54,3358.01,3261.7,3288.02,45992167.0,2365503030.0,6379002274.0,0.007209931118453776
2021-10-26,3291.23,3299.58,3171.81,3171.81,63857332.0,3191722746.0,6379002274.0,0.01001055169086149
2021-10-27,3165.39,3201.99,3125.58,3149.98,34107124.0,1679520648.0,6379002274.0,0.005346780348239769
2021-10-28,3117.88,3219.96,3112.74,3130.72,44555441.0,2192740599.0,6379002274.0,0.006984703733623406
2021-10-29,3114.02,3202.63,3114.02,3161.54,42747645.0,2109798467.0,6379002274.0,0.006701305809880952
2021-11-01,3147.41,3216.75,3117.23,3197.49,48770163.0,2405113965.0,6379002274.0,0.007645421792492686
2021-11-02,3178.87,3228.31,3081.92,3114.02,48022525.0,2360199324.0,6379002274.0,0.007528218824397303
2021-11-03,3114.67,3221.89,3114.67,3153.83,41553719.0,2050267691.0,6379002274.0,0.0065141408037065075
2021-11-04,3162.18,3325.91,3146.13,3288.02,82335021.0,4189625772.0,6379002274.0,0.012907194176052742
2021-11-05,3290.59,3446.61,3288.67,3326.55,92066228.0,4838454314.0,6379002274.0,0.014432700294723237
2021-11-08,3338.75,3353.51,3178.23,3185.93,82690286.0,4150966640.0,6379002274.0,0.012962887054772667
2021-11-09,3189.79,3234.73,3178.23,3198.13,37359483.0,1865246455.0,6379002274.0,0.00585663421884524
2021-11-10,3198.13,3499.26,3191.07,3449.82,137161202.0,7216853531.0,6379002274.0,0.021501983556119986
2021-11-11,3435.06,3453.68,3374.7,3402.95,77586965.0,4111710412.0,6379002274.0,0.012162868371474733
2021-11-12,3406.16,3431.85,3339.39,3374.06,44342847.0,2336050942.0,6379002274.0,0.006951376578236347
2021-11-15,3375.34,3463.95,3363.79,3426.71,59007205.0,3142645540.0,6379002274.0,0.009250224794636904
2021-11-16,3428.64,3529.44,3426.71,3489.63,67674990.0,3675390140.0,6379002274.0,0.010609024278896189
2021-11-17,3499.26,3541.0,3453.03,3462.02,52225240.0,2832198105.0,6379002274.0,0.00818705461398931
2021-11-18,3435.06,3440.19,3313.06,3324.62,69615884.0,3631499025.0,6379002274.0,0.01091328722106676
2021-11-19,3295.09,3352.87,3289.95,3338.1,36658638.0,1898746327.0,6379002274.0,0.005746766723914794
2021-11-22,3376.63,3413.87,3329.12,3340.03,43102616.0,2252992615.0,6379002274.0,0.006756952599888664
2021-11-23,3326.55,3367.64,3313.71,3343.88,29804426.0,1547512998.0,6379002274.0,0.004672270790916479
2021-11-24,3335.54,3351.59,3306.64,3331.04,30130630.0,1562921149.0,6379002274.0,0.004723407941522236
2021-11-25,3332.33,3409.37,3314.99,3402.31,47393926.0,2488862273.0,6379002274.0,0.007429676925053249
2021-11-26,3414.51,3415.79,3354.8,3361.22,42166255.0,2219333940.0,6379002274.0,0.006610164597661969
2021-11-29,3363.15,3415.15,3263.62,3280.32,56636357.0,2926758473.0,6379002274.0,0.008878560402908551
2021-11-30,3252.07,3280.96,3214.19,3221.25,48299412.0,2432124869.0,6379002274.0,0.007571624828676147
2021-12-01,3221.89,3252.07,3191.71,3242.44,32040992.0,1608598523.0,6379002274.0,0.005022884555253257
2021-12-02,3205.84,3205.84,3147.41,3149.98,52400722.0,2587430783.0,6379002274.0,0.008214563931663523
2021-12-03,3148.05,3173.09,3138.42,3158.97,38878252.0,1906744462.0,6379002274.0,0.006094723019376055
2021-12-06,3158.97,3197.49,3158.33,3164.1,36211477.0,1790176212.0,6379002274.0,0.005676667830578045
2021-12-07,3189.79,3228.31,3164.75,3221.89,41526486.0,2072751942.0,6379002274.0,0.006509871640782551
2021-12-08,3222.53,3234.73,3171.81,3233.45,33428958.0,1672764831.0,6379002274.0,0.0052404681114869905
2021-12-09,3236.02,3313.71,3210.98,3299.58,57603892.0,2943428264.0,6379002274.0,0.009030235376272889
2021-12-10,3275.18,3318.2,3268.76,3291.23,39611804.0,2026831790.0,6379002274.0,0.006209717805157816
2021-12-13,3306.0,3338.75,3266.84,3274.54,44410587.0,2282691516.0,6379002274.0,0.006961995793764158
2021-12-14,3252.07,3305.36,3250.14,3274.54,30930105.0,1579648077.0,6379002274.0,0.004848737102049198
2021-12-15,3253.35,3274.54,3182.08,3210.33,42367271.0,2128092497.0,6379002274.0,0.006641676735668146
2021-12-16,3191.07,3229.6,3167.31,3225.1,31714685.0,1584599546.0,6379002274.0,0.004971731257921793
2021-12-17,3228.31,3241.79,3196.21,3196.21,26485999.0,1324231762.0,6379002274.0,0.004152059814738357
2021-12-20,3175.02,3239.23,3169.24,3202.63,25147077.0,1256799948.0,6379002274.0,0.003942164608170196
2021-12-21,3176.3,3221.89,3175.66,3212.9,22340217.0,1117217041.0,6379002274.0,0.0035021490885895866
2021-12-22,3210.33,3216.11,3182.08,3188.5,25101230.0,1249818864.0,6379002274.0,0.003934977434058836
2021-12-23,3191.71,3203.91,3158.97,3172.45,25486648.0,1261839062.0,6379002274.0,0.003995397227538283
2021-12-24,3165.39,3231.52,3162.18,3218.04,33045803.0,1650578672.0,6379002274.0,0.005180403075680107
2021-12-27,3218.04,3242.44,3203.91,3236.66,26823576.0,1345667368.0,6379002274.0,0.00420497984603791
2021-12-28,3236.66,3259.77,3205.2,3221.25,27750953.0,1392384203.0,6379002274.0,0.004350359477548605
2021-12-29,3221.25,3221.25,3186.58,3192.36,21495080.0,1070424587.0,6379002274.0,0.0033696617553518058
2021-12-30,3193.64,3239.87,3173.74,3210.98,28588126.0,1428754168.0,6379002274.0,0.004481598339684179
2021-12-31,3223.17,3273.26,3209.69,3255.92,37903619.0,1916624424.0,6379002274.0,0.0059419353328169075
2022-01-04,3260.41,3271.97,3200.06,3235.37,37558099.0,1888484349.0,6379002274.0,0.00588777012246602
2022-01-05,3232.16,3307.93,3203.27,3269.4,46626520.0,2364178390.0,6379002274.0,0.007309375039736818
2022-01-06,3270.05,3305.36,3210.33,3217.4,44394613.0,2237642572.0,6379002274.0,0.006959491640400692
2022-01-07,3218.04,3305.36,3198.13,3266.84,48377382.0,2458510185.0,6379002274.0,0.007583847743271709
2022-01-10,3268.12,3305.36,3223.17,3282.24,39354201.0,2007381521.0,6379002274.0,0.006169334844165632
2022-01-11,3249.5,3261.7,3210.98,3221.89,37017198.0,1864009275.0,6379002274.0,0.0058029761410930015
2022-01-12,3225.1,3236.02,3175.66,3184.01,51661589.0,2571709571.0,6379002274.0,0.008098694244171388
2022-01-13,3177.59,3182.72,3018.36,3048.53,91049534.0,4386484345.0,6379002274.0,0.014273318943795693
2022-01-14,3017.71,3045.32,2990.75,2995.24,49316842.0,2312333395.0,6379002274.0,0.007731121558148546
2022-01-17,2995.88,3010.01,2957.36,2979.83,39411435.0,1823738251.0,6379002274.0,0.00617830709367137
2022-01-18,2979.83,2985.61,2953.51,2966.99,35422094.0,1635215750.0,6379002274.0,0.005552920735641675
2022-01-19,2959.93,2977.91,2907.92,2936.17,41324758.0,1896409295.0,6379002274.0,0.006478247886575373
2022-01-20,2931.03,2959.93,2926.54,2933.6,35022531.0,1602248251.0,6379002274.0,0.005490283510753299
2022-01-21,2934.24,2945.8,2857.2,2885.45,44690111.0,2006159059.0,6379002274.0,0.007005815185573957
2022-01-24,2857.2,2884.81,2778.86,2779.51,64881390.0,2842696793.0,6379002274.0,0.010171087454294894
2022-01-25,2767.31,2810.97,2739.7,2749.33,40394976.0,1745560670.0,6379002274.0,0.006332491236857646
2022-01-26,2769.88,2778.86,2699.25,2702.46,37931518.0,1612771176.0,6379002274.0,0.005946308900782812
2022-01-27,2702.46,2714.02,2633.12,2638.25,46565830.0,1935136844.0,6379002274.0,0.007299861012716109
2022-01-28,2638.25,2667.79,2624.77,2629.26,34936921.0,1440188010.0,6379002274.0,0.005476862916697559
2022-02-07,2662.01,2674.21,2634.4,2641.46,31371384.0,1296168803.0,6379002274.0,0.00491791390761307
2022-02-08,2641.46,2681.91,2613.21,2678.7,31068155.0,1283466066.0,6379002274.0,0.004870378417425847
2022-02-09,2677.42,2705.67,2669.71,2697.32,32053783.0,1342822006.0,6379002274.0,0.005024889727763091
2022-02-10,2703.74,2703.74,2654.3,2669.07,25644223.0,1067112309.0,6379002274.0,0.004020099366404459
2022-02-11,2654.95,2664.58,2605.51,2649.17,37166244.0,1526796361.0,6379002274.0,0.005826341237012075
2022-02-14,2632.47,2646.6,2549.0,2552.21,53708185.0,2162387200.0,6379002274.0,0.008419527489260776
2022-02-15,2552.21,2655.59,2542.58,2645.31,64533024.0,2630811777.0,6379002274.0,0.010116476092668657
2022-02-16,2632.47,2637.61,2593.95,2604.86,48305457.0,1962479501.0,6379002274.0,0.007572572469034364
2022-02-17,2605.51,2624.13,2594.59,2607.43,27164921.0,1104067990.0,6379002274.0,0.0042584905653225355
2022-02-18,2581.75,2637.61,2570.83,2629.9,32142190.0,1307024473.0,6379002274.0,0.005038748791642146
2022-02-21,2619.63,2642.1,2606.79,2627.98,25357956.0,1035019827.0,6379002274.0,0.0039752229127360235
2022-02-22,2627.98,2627.98,2568.91,2575.33,32138660.0,1291738284.0,6379002274.0,0.005038195413566959
2022-02-23,2584.32,2628.62,2579.82,2626.05,33611766.0,1365148882.0,6379002274.0,0.005269125884622627
2022-02-24,2611.29,2615.78,2525.25,2547.72,55965819.0,2238371833.0,6379002274.0,0.008773443964444023
2022-02-25,2561.2,2644.03,2559.92,2575.33,53627857.0,2166885497.0,6379002274.0,0.008406934924381562
2022-02-28,2575.97,2596.52,2555.43,2573.4,31926340.0,1279675446.0,6379002274.0,0.005004911211605566
2022-03-01,2573.4,2651.09,2573.4,2636.33,54467042.0,2225294402.0,6379002274.0,0.00853848919634356
2022-03-02,2621.56,2621.56,2595.23,2607.43,27758955.0,1125487359.0,6379002274.0,0.004351613905695247
2022-03-03,2617.71,2622.84,2574.69,2577.9,28509153.0,1148449836.0,6379002274.0,0.004469218190468386
2022-03-04,2555.43,2589.45,2536.81,2554.14,32260730.0,1285642437.0,6379002274.0,0.005057331634994178
2022-03-07,2529.74,2536.16,2405.18,2410.96,69311821.0,2630507639.0,6379002274.0,0.010865620989430612
2022-03-08,2416.1,2430.22,2344.19,2355.1,47570733.0,1766240378.0,6379002274.0,0.007457393955461067
2022-03-09,2362.81,2378.21,2227.97,2314.01,55880042.0,2008901471.0,6379002274.0,0.008759997190745633
2022-03-10,2362.81,2382.07,2317.86,2322.36,45915501.0,1677358432.0,6379002274.0,0.007197912624540946
2022-03-11,2274.84,2418.67,2262.0,2415.45,70909883.0,2612620905.0,6379002274.0,0.011116140103761938
2022-03-14,2425.73,2497.0,2401.33,2401.33,67936056.0,2583986084.0,6379002274.0,0.010649950114753635
2022-03-15,2373.08,2439.85,2311.44,2319.79,57855569.0,2140443284.0,6379002274.0,0.009069689351861799
2022-03-16,2353.17,2375.65,2234.39,2358.95,68026140.0,2444375845.0,6379002274.0,0.010664072072409485
2022-03-17,2382.07,2453.98,2365.37,2402.61,77190522.0,2899634548.0,6379002274.0,0.012100720251287372
2022-03-18,2377.57,2414.17,2362.81,2407.75,56052304.0,2089064225.0,6379002274.0,0.008787001727286105
2022-03-21,2417.38,2432.15,2362.81,2394.91,50742401.0,1889540505.0,6379002274.0,0.007954598355736532
2022-03-22,2394.91,2417.38,2369.23,2371.79,28588195.0,1060452476.0,6379002274.0,0.0044816091564227585
2022-03-23,2382.07,2428.94,2347.4,2398.76,49846281.0,1856684783.0,6379002274.0,0.007814118706802643
2022-03-24,2375.0,2430.86,2351.89,2416.74,57564842.0,2151785491.0,6379002274.0,0.009024113729293836
2022-03-25,2403.26,2417.38,2333.91,2335.2,53161448.0,1962057129.0,6379002274.0,0.008333818631273936
2022-03-28,2305.02,2321.71,2279.34,2305.02,32210268.0,1155486443.0,6379002274.0,0.005049420993512566
2022-03-29,2305.02,2334.55,2289.61,2306.3,27391297.0,987709144.0,6379002274.0,0.004293978246667733
2022-03-30,2322.36,2402.61,2292.18,2402.61,58491887.0,2152907566.0,6379002274.0,0.009169441315047884
2022-03-31,2384.64,2401.97,2358.31,2364.09,40177028.0,1487363641.0,6379002274.0,0.006298324765262499
2022-04-01,2349.96,2380.14,2315.93,2361.52,37443074.0,1370014577.0,6379002274.0,0.005869738305724266
2022-04-06,2361.52,2394.27,2318.5,2327.49,43128708.0,1578928614.0,6379002274.0,0.006761042894715231
2022-04-07,2329.42,2342.9,2266.5,2267.78,39544602.0,1415977367.0,6379002274.0,0.006199182928838066
2022-04-08,2253.01,2264.57,2165.05,2178.53,72302050.0,2472620995.0,6379002274.0,0.011334382226934444
2022-04-11,2157.99,2173.4,2099.56,2105.98,57015653.0,1890034295.0,6379002274.0,0.008938020485176583
2022-04-12,2105.34,2170.19,2073.23,2161.84,59154910.0,1953807801.0,6379002274.0,0.009273379669593138
2022-04-13,2142.58,2192.66,2132.95,2159.91,36837657.0,1240858462.0,6379002274.0,0.005774830517014486
2022-04-14,2157.99,2208.07,2157.34,2171.47,30884478.0,1049640273.0,6379002274.0,0.004841584416089832
2022-04-15,2170.19,2211.92,2159.91,2188.81,33295778.0,1136145008.0,6379002274.0,0.005219590238384041
2022-04-18,2176.61,2180.46,2140.65,2180.46,22362702.0,752971126.0,6379002274.0,0.003505673934487768
2022-04-19,2171.47,2205.5,2113.68,2125.88,40355756.0,1352366932.0,6379002274.0,0.006326342939942962
2022-04-20,2138.08,2258.15,2132.3,2203.57,75469579.0,2593993618.0,6379002274.0,0.011830937779659427
2022-04-21,2195.87,2221.55,2113.68,2129.74,47158907.0,1595108819.0,6379002274.0,0.007392834329627643
2022-04-22,2116.25,2157.34,2029.57,2118.82,45291438.0,1476474295.0,6379002274.0,0.007100081808185291
2022-04-25,1935.83,1976.92,1906.94,1906.94,103961707.0,3110633028.0,6379002274.0,0.016297487057456407
2022-04-26,1861.99,1863.92,1777.24,1781.09,108285815.0,3058649159.0,6379002274.0,0.01697535293902609
2022-04-27,1734.22,1808.06,1733.58,1801.64,70800384.0,1962999084.0,6379002274.0,0.011098974566692558
2022-04-28,1795.22,1844.02,1784.95,1826.68,57221982.0,1622101987.0,6379002274.0,0.00897036551205343
2022-04-29,1826.04,1906.3,1821.54,1892.81,57047871.0,1663750490.0,6379002274.0,0.008943071118271874
2022-05-05,1892.17,1930.69,1876.12,1905.65,46188213.0,1371251001.0,6379002274.0,0.007240664137753527
2022-05-06,1868.41,1922.99,1862.64,1883.82,30703506.0,903735077.0,6379002274.0,0.004813214462259024
2022-05-09,1888.96,1905.01,1869.7,1881.26,20167425.0,592745761.0,6379002274.0,0.003161532812458753
2022-05-10,1830.53,1900.52,1813.84,1887.03,38485915.0,1116464433.0,6379002274.0,0.006033218573516376
2022-05-11,1887.68,1977.57,1887.68,1922.99,57337252.0,1736999002.0,6379002274.0,0.008988435736055359
2022-05-12,1910.79,1943.54,1906.94,1928.13,25754613.0,773784089.0,6379002274.0,0.004037404580489416
2022-05-13,1978.85,1983.99,1913.36,1924.92,33940652.0,1025971943.0,6379002274.0,0.005320683477154064
2022-05-16,1944.18,1959.59,1885.75,1889.6,34003837.0,1012740478.0,6379002274.0,0.0053305886311712574
2022-05-17,1900.52,1912.07,1874.83,1891.53,24848083.0,731592076.0,6379002274.0,0.0038952930149088703
2022-05-18,1897.95,1906.94,1878.04,1886.39,24016408.0,706870578.0,6379002274.0,0.003764916043044508
2022-05-19,1864.56,1885.11,1854.29,1878.04,23759665.0,691461477.0,6379002274.0,0.003724667899373757
2022-05-20,1897.31,1948.67,1894.1,1941.61,51871653.0,1559577735.0,6379002274.0,0.00813162478581051
2022-05-23,1957.02,1961.51,1923.63,1932.62,29397007.0,885797220.0,6379002274.0,0.004608402025473239
2022-05-24,1931.34,1932.62,1831.17,1836.95,58591864.0,1713745147.0,6379002274.0,0.009185114142193203
2022-05-25,1842.73,1859.42,1829.89,1857.5,32155012.0,926139634.0,6379002274.0,0.005040758823846125
2022-05-26,1860.71,1891.53,1833.74,1864.56,37868062.0,1097434046.0,6379002274.0,0.005936361263632934
2022-05-27,1894.1,1949.31,1885.11,1912.07,76123100.0,2285393466.0,6379002274.0,0.011933386559567168
2022-05-30,1915.28,1929.41,1891.53,1907.58,38684402.0,1152252024.0,6379002274.0,0.006064334254538941
2022-05-31,1894.1,1951.88,1884.47,1946.75,56494051.0,1693806564.0,6379002274.0,0.008856251898555132
2022-06-01,1947.39,1955.09,1914.0,1924.92,36527466.0,1097750079.0,6379002274.0,0.0057262036335809586
2022-06-02,1921.06,1921.71,1890.89,1915.93,34885911.0,1035131182.0,6379002274.0,0.005468866368364615
2022-06-06,1910.79,1969.22,1908.22,1960.23,55250628.0,1670869625.0,6379002274.0,0.008661327528474871
2022-06-07,1971.79,2032.14,1955.73,2002.61,76249975.0,2369006964.0,6379002274.0,0.011953276033586816
2022-06-08,2007.1,2112.4,2001.32,2060.39,118483139.0,3791645367.0,6379002274.0,0.01857392957562065
2022-06-09,2048.19,2051.4,1983.34,1987.2,64919431.0,2033859243.0,6379002274.0,0.010177050926067752
2022-06-10,1970.5,2034.07,1970.5,2026.36,56098475.0,1755262468.0,6379002274.0,0.008794239693039494
2022-06-13,2005.82,2040.49,1992.97,2009.67,44504711.0,1394654472.0,6379002274.0,0.0069767510793020925
2022-06-14,1993.62,2032.14,1955.09,2030.21,49408309.0,1532096109.0,6379002274.0,0.007745460320868981
2022-06-15,2038.56,2128.45,2032.14,2093.14,91066874.0,2957312702.0,6379002274.0,0.01427603723723018
2022-06-16,2100.2,2140.01,2087.36,2093.78,66595322.0,2187749412.0,6379002274.0,0.0104397708512245
2022-06-17,2077.73,2168.9,2071.31,2142.58,74071780.0,2447536003.0,6379002274.0,0.011611812759795859
2022-06-20,2152.21,2180.46,2118.82,2148.35,65497153.0,2189656709.0,6379002274.0,0.010267617126734387
2022-06-21,2144.5,2144.5,2096.35,2119.46,53150873.0,1755215717.0,6379002274.0,0.008332160848513282
2022-06-22,2125.24,2150.92,2093.78,2095.71,42260559.0,1394757029.0,6379002274.0,0.006624948100778808
2022-06-23,2102.77,2115.61,2086.72,2114.33,34749308.0,1137979593.0,6379002274.0,0.005447451890969493
2022-06-24,2114.33,2168.9,2114.33,2152.21,56187724.0,1880178762.0,6379002274.0,0.008808230752482092
2022-06-27,2166.97,2316.58,2166.97,2283.19,111401072.0,3917627812.0,6379002274.0,0.01746371410683714
2022-06-28,2282.55,2300.52,2237.6,2289.61,58781599.0,2074696753.0,6379002274.0,0.009214857821823689
2022-06-29,2288.97,2361.52,2253.65,2280.62,82848347.0,2982831284.0,6379002274.0,0.012987665381101885
2022-06-30,2298.6,2406.47,2295.39,2381.43,86126325.0,3175985619.0,6379002274.0,0.013501535397007134
2022-07-01,2381.43,2504.06,2366.66,2500.21,100034565.0,3827228102.0,6379002274.0,0.01568185128381724
2022-07-04,2504.06,2664.58,2427.65,2643.39,141605359.0,5671015849.0,6379002274.0,0.022198668838411515
2022-07-05,2616.31,2653.05,2567.33,2611.16,87550696.0,3539004354.0,6379002274.0,0.013724825958574348
2022-07-06,2617.6,2680.77,2523.5,2540.9,94999076.0,3808844859.0,6379002274.0,0.014892466238365225
2022-07-07,2515.76,2539.61,2450.02,2491.27,71418756.0,2757359948.0,6379002274.0,0.011195913237261844
2022-07-08,2513.18,2533.16,2468.71,2478.38,46915445.0,1815851563.0,6379002274.0,0.007354668172987079
2022-07-11,2479.02,2507.38,2402.96,2453.88,59025764.0,2234277973.0,6379002274.0,0.009253134183786309
2022-07-12,2453.24,2459.68,2375.89,2376.53,55510986.0,2064586720.0,6379002274.0,0.008702142375188624
2022-07-13,2376.53,2397.8,2357.84,2383.62,37840600.0,1396193589.0,6379002274.0,0.005932056201678037
2022-07-14,2397.8,2502.87,2397.8,2483.53,75620590.0,2894945195.0,6379002274.0,0.011854610917481545
2022-07-15,2468.71,2500.29,2399.09,2400.38,48843622.0,1851315693.0,6379002274.0,0.007656937543208031
2022-07-18,2397.8,2452.59,2360.42,2444.86,38523036.0,1444454140.0,6379002274.0,0.006039037822108166
2022-07-19,2440.99,2470.0,2395.87,2426.17,33988854.0,1280131201.0,6379002274.0,0.005328239831256094
2022-07-20,2442.92,2479.02,2430.03,2450.66,35770240.0,1361588940.0,6379002274.0,0.005607497609115918
2022-07-21,2446.15,2510.6,2428.74,2494.49,44110802.0,1690511410.0,6379002274.0,0.006915000199919979
2022-07-22,2494.49,2555.72,2480.95,2513.83,52003928.0,2035446487.0,6379002274.0,0.0081523607871973
2022-07-25,2513.83,2538.32,2470.0,2480.31,26374181.0,1018720183.0,6379002274.0,0.004134530741194089
2022-07-26,2482.24,2513.83,2320.46,2331.41,99768428.0,3651388347.0,6379002274.0,0.01564013049605632
2022-07-27,2320.46,2379.11,2314.01,2335.28,37437943.0,1359549314.0,6379002274.0,0.005868933947961154
2022-07-28,2328.19,2352.04,2288.23,2326.9,43647016.0,1572673134.0,6379002274.0,0.0068422950996427255
2022-07-29,2328.19,2346.24,2267.6,2274.69,37716187.0,1344080545.0,6379002274.0,0.005912552681432075
2022-08-01,2274.05,2293.38,2230.86,2267.6,26327807.0,925327275.0,6379002274.0,0.004127260952282269
2022-08-02,2256.0,2256.0,2183.81,2204.43,45681772.0,1564950103.0,6379002274.0,0.007161272255097491
2022-08-03,2207.01,2272.11,2207.01,2236.66,36713307.0,1277925186.0,6379002274.0,0.00575533687292114
2022-08-04,2255.35,2369.44,2252.78,2366.22,64300241.0,2330624975.0,6379002274.0,0.01007998402227878
2022-08-05,2381.05,2455.17,2379.11,2451.3,59997612.0,2269357410.0,6379002274.0,0.009405485281694069
2022-08-08,2460.97,2484.82,2417.79,2455.17,34808447.0,1320758199.0,6379002274.0,0.00545672277651864
2022-08-09,2449.37,2449.37,2388.14,2406.18,28071991.0,1048184781.0,6379002274.0,0.004400686783639795
2022-08-10,2404.25,2420.36,2348.17,2375.24,32982139.0,1213273947.0,6379002274.0,0.005170422831550161
2022-08-11,2384.91,2427.46,2360.42,2412.63,32924260.0,1224963358.0,6379002274.0,0.005161349469053348
2022-08-12,2411.34,2436.48,2391.36,2413.27,22688667.0,849341902.0,6379002274.0,0.003556773618419312
2022-08-15,2408.76,2426.81,2377.18,2378.47,25924769.0,959893241.0,6379002274.0,0.004064078971356705
2022-08-16,2378.47,2412.63,2343.66,2349.46,26536787.0,976069807.0,6379002274.0,0.004160021561390652
2022-08-17,2339.79,2375.89,2330.12,2361.06,25807037.0,942589784.0,6379002274.0,0.004045622793581089
2022-08-18,2347.53,2359.13,2302.41,2323.03,27433098.0,989327210.0,6379002274.0,0.0043005311523110455
2022-08-19,2313.37,2345.59,2307.56,2314.01,23214454.0,836152766.0,6379002274.0,0.0036391982637502974
2022-08-22,2224.42,2290.16,2165.76,2258.58,60442002.0,2096241563.0,6379002274.0,0.009475149781080012
2022-08-23,2257.93,2296.61,2219.26,2231.51,32782976.0,1138095496.0,6379002274.0,0.005139201177842377
2022-08-24,2231.51,2272.11,2221.19,2222.48,27963517.0,973119540.0,6379002274.0,0.004383681930005846
2022-08-25,2226.35,2265.02,2184.45,2255.35,26356437.0,909505289.0,6379002274.0,0.004131749114971392
2022-08-26,2261.8,2277.27,2236.66,2241.17,21209525.0,740108568.0,6379002274.0,0.003324896917884372
2022-08-29,2201.21,2230.86,2194.76,2206.37,17626560.0,604223502.0,6379002274.0,0.002763215820104597
2022-08-30,2208.3,2228.28,2152.87,2170.27,30931638.0,1043745825.0,6379002274.0,0.004848977421762869
2022-08-31,2154.16,2255.35,2151.58,2234.08,35654624.0,1222592393.0,6379002274.0,0.00558937314465676
2022-09-01,2233.44,2246.98,2197.34,2213.46,24254686.0,838039092.0,6379002274.0,0.0038022695334126166
2022-09-02,2223.13,2267.6,2172.2,2185.1,26619403.0,912248135.0,6379002274.0,0.004172972803050611
2022-09-05,2178.65,2197.99,2146.42,2174.14,22220387.0,746249973.0,6379002274.0,0.0034833640192554038
2022-09-06,2187.03,2204.43,2167.05,2183.81,18024431.0,610337253.0,6379002274.0,0.0028255877997512687
2022-09-07,2165.76,2173.49,2137.4,2154.8,24783801.0,828041581.0,6379002274.0,0.003885215890424685
2022-09-08,2165.76,2217.32,2159.31,2174.14,27455526.0,933286783.0,6379002274.0,0.004304047062642574
2022-09-09,2169.63,2247.62,2169.63,2241.82,41417442.0,1429733375.0,6379002274.0,0.00649277743148207
2022-09-13,2243.11,2297.9,2228.93,2289.52,36234031.0,1281773076.0,6379002274.0,0.0056802034932148075
2022-09-14,2261.8,2308.85,2237.95,2299.83,29178732.0,1030476158.0,6379002274.0,0.004574184291943082
2022-09-15,2313.37,2319.81,2281.78,2287.58,27519277.0,980584351.0,6379002274.0,0.004314040945268991
2022-09-16,2288.23,2299.83,2238.6,2245.04,31629556.0,1112700148.0,6379002274.0,0.004958386067507459
2022-09-19,2250.84,2276.63,2217.97,2236.02,20049469.0,697982775.0,6379002274.0,0.003143041519473834
2022-09-20,2237.31,2253.42,2188.32,2199.92,20223730.0,693165029.0,6379002274.0,0.0031703594279044772
2022-09-21,2199.92,2206.37,2143.2,2154.8,29076191.0,976866242.0,6379002274.0,0.004558109521062698
2022-09-22,2133.53,2163.83,2083.9,2103.88,31204576.0,1024440987.0,6379002274.0,0.004891764363713409
2022-09-23,2094.86,2169.63,2085.83,2122.57,34193106.0,1132384228.0,6379002274.0,0.005360259258625246
2022-09-26,2122.57,2146.42,2054.89,2056.18,34576805.0,1121133168.0,6379002274.0,0.005420409574226153
2022-09-27,2063.92,2172.2,2056.18,2168.98,46468107.0,1528691628.0,6379002274.0,0.007284541532364407
2022-09-28,2167.69,2190.9,2140.62,2157.38,29700983.0,999888265.0,6379002274.0,0.004656054618612917
2022-09-29,2184.45,2316.59,2165.11,2254.07,58271432.0,2046418485.0,6379002274.0,0.009134881835284325
2022-09-30,2253.42,2294.03,2236.66,2262.44,34258836.0,1206056702.0,6379002274.0,0.005370563377855287
2022-10-10,2256.0,2278.56,2206.37,2208.3,31217084.0,1078462403.0,6379002274.0,0.004893725171918633
2022-10-11,2226.99,2228.93,2181.87,2197.99,19941630.0,681601746.0,6379002274.0,0.003126136211187687
2022-10-12,2191.54,2199.28,2070.36,2143.2,41896196.0,1378197494.0,6379002274.0,0.006567828980209578
2022-10-13,2133.53,2254.07,2123.86,2226.35,39785398.0,1366707323.0,6379002274.0,0.006236931151782185
2022-10-14,2256.0,2448.73,2252.78,2448.73,95015743.0,3531437663.0,6379002274.0,0.014895079029407475
2022-10-17,2464.2,2604.07,2464.2,2549.28,141594113.0,5591331348.0,6379002274.0,0.02219690586678728
2022-10-18,2549.28,2587.95,2499.65,2543.48,82703342.0,3263104973.0,6379002274.0,0.012964933769829223
2022-10-19,2542.83,2566.68,2481.6,2513.83,55016799.0,2151997768.0,6379002274.0,0.00862467148259869
2022-10-20,2485.47,2620.83,2481.6,2525.43,86164577.0,3424168327.0,6379002274.0,0.013507531946053041
2022-10-21,2494.49,2589.89,2488.04,2576.35,70174649.0,2773911827.0,6379002274.0,0.011000881640381745
2022-10-24,2578.28,2602.13,2499.65,2512.54,67690469.0,2666736980.0,6379002274.0,0.010611450833917667
2022-10-25,2491.91,2518.34,2411.99,2457.11,50504465.0,1931271723.0,6379002274.0,0.007917298478768342
2022-10-26,2456.46,2597.62,2455.17,2560.24,73405841.0,2912454130.0,6379002274.0,0.011507417280472347
2022-10-27,2560.24,2587.95,2526.72,2560.24,50758576.0,2018515314.0,6379002274.0,0.007957134018729776
2022-10-28,2552.5,2603.42,2502.87,2510.6,56042171.0,2216507437.0,6379002274.0,0.008785413234358098
2022-10-31,2459.68,2610.51,2459.04,2591.18,73643088.0,2943740835.0,6379002274.0,0.011544609146819063
2022-11-01,2583.44,2680.13,2547.99,2674.33,83485570.0,3386698861.0,6379002274.0,0.01308755921600413
2022-11-02,2655.63,2785.19,2635.65,2705.91,94480798.0,3990735923.0,6379002274.0,0.01481121873636755
2022-11-03,2678.19,2743.29,2647.25,2713.0,50993469.0,2126220579.0,6379002274.0,0.007993956861850149
2022-11-04,2694.31,2743.29,2684.64,2694.31,53343596.0,2237835762.0,6379002274.0,0.008362372939953587
2022-11-07,2691.08,2712.36,2656.28,2706.55,48156312.0,2004142720.0,6379002274.0,0.007549191853446892
2022-11-08,2704.62,2704.62,2612.45,2623.4,58638621.0,2398733014.0,6379002274.0,0.00919244397184236
2022-11-09,2623.4,2668.52,2606.0,2626.63,33197794.0,1357326740.0,6379002274.0,0.005204229842542928
2022-11-10,2610.51,2652.41,2580.22,2590.53,31987722.0,1294465502.0,6379002274.0,0.005014533719540731
2022-11-11,2645.32,2672.39,2528.01,2528.01,67849700.0,2733982968.0,6379002274.0,0.010636412574509767
2022-11-14,2535.74,2651.12,2531.23,2627.27,56839680.0,2296583744.0,6379002274.0,0.00891043419621769
2022-11-15,2627.92,2628.56,2562.17,2593.75,48004289.0,1930623270.0,6379002274.0,0.0075253600701256
2022-11-16,2593.75,2680.13,2554.44,2610.51,47633055.0,1936993184.0,6379002274.0,0.007467163821863845
2022-11-17,2597.62,2649.83,2578.28,2604.07,27768265.0,1120911720.0,6379002274.0,0.00435307338158193
2022-11-18,2609.87,2662.08,2590.53,2595.69,34911340.0,1417054520.0,6379002274.0,0.005472852728442216
2022-11-21,2565.39,2647.9,2526.72,2629.21,41837061.0,1684539001.0,6379002274.0,0.00655855872171774
2022-11-22,2631.78,2691.08,2563.46,2573.13,40809956.0,1653432493.0,6379002274.0,0.006397545297379212
2022-11-23,2558.3,2571.19,2517.7,2546.06,27988278.0,1104218482.0,6379002274.0,0.0043875635715128454
2022-11-24,2553.79,2585.38,2501.58,2537.68,28407498.0,1116046415.0,6379002274.0,0.004453282312781944
2022-11-25,2525.43,2565.39,2500.94,2554.44,24863939.0,981440210.0,6379002274.0,0.003897778670081722
2022-11-28,2507.38,2544.12,2488.69,2525.43,26013507.0,1014566782.0,6379002274.0,0.004077989924228078
2022-11-29,2540.9,2592.47,2519.63,2581.51,27573327.0,1099869108.0,6379002274.0,0.004322514057156769
2022-11-30,2581.51,2597.62,2552.5,2567.33,29326372.0,1170428278.0,6379002274.0,0.004597328977218045
2022-12-01,2592.47,2640.16,2565.39,2608.58,37955816.0,1530958402.0,6379002274.0,0.005950117960406296
2022-12-02,2606.0,2636.94,2593.11,2610.51,25060329.0,1017634127.0,6379002274.0,0.003928565616310047
2022-12-05,2610.51,2633.72,2552.5,2570.55,45331741.0,1820773517.0,6379002274.0,0.007106399880866385
2022-12-06,2558.95,2610.51,2557.66,2570.55,27430804.0,1098865540.0,6379002274.0,0.004300171534944337
2022-12-07,2565.39,2635.01,2535.74,2615.67,39600331.0,1594275196.0,6379002274.0,0.006207919248031295
2022-12-08,2615.03,2615.67,2504.8,2505.45,61277745.0,2415374745.0,6379002274.0,0.009606164470227621
2022-12-09,2509.96,2533.16,2494.49,2502.23,40982699.0,1597863492.0,6379002274.0,0.006424625237561093
2022-12-12,2507.38,2549.28,2481.6,2506.09,37690011.0,1469815693.0,6379002274.0,0.005908449218402018
2022-12-13,2506.74,2513.83,2440.35,2473.86,38459977.0,1470661682.0,6379002274.0,0.006029152420396206
2022-12-14,2473.86,2486.76,2436.48,2477.73,26294084.0,1005170476.0,6379002274.0,0.0041219743888744696
2022-12-15,2460.97,2500.94,2440.35,2446.79,21286504.0,810989449.0,6379002274.0,0.003336964479031631
2022-12-16,2437.12,2452.59,2430.68,2449.37,24909248.0,943216013.0,6379002274.0,0.0039048815049850224
2022-12-19,2454.53,2464.84,2390.07,2397.16,29134505.0,1089921474.0,6379002274.0,0.004567251076041864
2022-12-20,2395.87,2415.85,2352.68,2353.33,27843799.0,1023223014.0,6379002274.0,0.004364914418276315
2022-12-21,2353.33,2364.93,2315.94,2329.48,25131327.0,910631428.0,6379002274.0,0.003939695570016033
2022-12-22,2349.46,2407.47,2337.22,2361.06,35620632.0,1309943892.0,6379002274.0,0.00558404441164493
2022-12-23,2340.44,2380.4,2333.35,2368.8,21684520.0,793292486.0,6379002274.0,0.0033993591895057538
2022-12-26,2366.22,2449.37,2364.29,2421.01,31640183.0,1188097328.0,6379002274.0,0.004960052002013129
2022-12-27,2441.64,2442.28,2377.18,2389.43,32014023.0,1187739097.0,6379002274.0,0.005018656778111693
2022-12-28,2384.27,2439.7,2379.76,2410.7,24749478.0,927033305.0,6379002274.0,0.003879835268420536
2022-12-29,2401.03,2469.35,2388.14,2457.75,35750843.0,1356125789.0,6379002274.0,0.005604456851460279
2022-12-30,2460.33,2504.16,2460.33,2483.53,28241127.0,1088042969.0,6379002274.0,0.004427201274893291
2023-01-03,2489.33,2517.05,2456.46,2477.73,25756493.0,991614860.0,6379002274.0,0.004037699297424643
2023-01-04,2489.98,2513.18,2475.8,2499.0,25766800.0,997834534.0,6379002274.0,0.0040393150673455926
2023-01-05,2513.83,2569.91,2495.14,2549.28,40846418.0,1613986781.0,6379002274.0,0.006403261238279345
2023-01-06,2558.95,2567.97,2527.36,2533.81,20010679.0,787437452.0,6379002274.0,0.0031369606312198657
2023-01-09,2531.88,2565.39,2499.0,2549.28,32836027.0,1293593370.0,6379002274.0,0.005147517682167235
2023-01-10,2547.99,2571.84,2533.16,2538.32,37450772.0,1480991442.0,6379002274.0,0.0058709450775154244
2023-01-11,2538.32,2555.72,2470.64,2478.38,53157259.0,2068893230.0,6379002274.0,0.008333161945507091
2023-01-12,2479.67,2484.18,2432.61,2435.83,49527676.0,1882797072.0,6379002274.0,0.007764172808319648
2023-01-13,2478.38,2546.7,2439.06,2531.23,70816302.0,2763485912.0,6379002274.0,0.011101469941253701
2023-01-16,2531.23,2784.55,2531.23,2780.04,137880485.0,5856679147.0,6379002274.0,0.02161474147171624
2023-01-17,2758.12,2792.93,2699.46,2718.8,84431216.0,3578996621.0,6379002274.0,0.013235802775009325
2023-01-18,2725.25,2749.74,2664.01,2679.48,54131292.0,2257341222.0,6379002274.0,0.00848585557346989
2023-01-19,2717.51,2885.75,2685.28,2812.91,109486409.0,4757344051.0,6379002274.0,0.017163563249734625
2023-01-20,2815.49,2892.84,2796.79,2806.46,53246467.0,2337576257.0,6379002274.0,0.008347146577612272
2023-01-30,2829.67,2864.47,2777.46,2787.77,49662346.0,2164334277.0,6379002274.0,0.007785284260270198
2023-01-31,2789.06,2823.22,2716.22,2720.73,40917558.0,1742218997.0,6379002274.0,0.006414413452519801
2023-02-01,2722.02,2752.32,2705.91,2748.45,39641365.0,1680608255.0,6379002274.0,0.006214351915435608
2023-02-02,2752.32,2842.56,2736.2,2771.66,65348651.0,2842278053.0,6379002274.0,0.010244337310609336
2023-02-03,2776.17,2809.69,2753.61,2758.76,49801817.0,2146527069.0,6379002274.0,0.007807148337755867
2023-02-06,2758.76,2769.72,2700.75,2738.78,37917265.0,1603885946.0,6379002274.0,0.00594407453882654
2023-02-07,2732.34,2783.26,2696.89,2713.64,30763310.0,1303480006.0,6379002274.0,0.0048225895960857905
2023-02-08,2719.45,2803.88,2716.87,2769.08,42394935.0,1824844440.0,6379002274.0,0.006646013464017148
2023-02-09,2760.05,2827.73,2750.39,2813.55,37302195.0,1623294430.0,6379002274.0,0.00584765350406583
2023-02-10,2812.91,2833.53,2786.48,2810.33,27969963.0,1220159160.0,6379002274.0,0.004384692432859289
2023-02-13,2856.09,2964.38,2856.09,2898.64,65267726.0,2952331992.0,6379002274.0,0.010231651157426755
2023-02-14,2896.06,2926.35,2870.92,2914.75,32976250.0,1484295714.0,6379002274.0,0.005169499646426995
2023-02-15,2913.46,2934.73,2865.12,2888.32,26946978.0,1207715800.0,6379002274.0,0.0042243248775490246
2023-02-16,2887.68,2905.08,2791.64,2822.58,45881524.0,2028582882.0,6379002274.0,0.007192586242994025
2023-02-17,2816.78,2894.12,2796.15,2847.07,39571599.0,1758055625.0,6379002274.0,0.006203415095380792
2023-02-20,2846.43,2929.58,2816.13,2914.75,45992311.0,2057766373.0,6379002274.0,0.0072099536925169
2023-02-21,2901.86,2928.93,2855.45,2868.34,33743404.0,1509418242.0,6379002274.0,0.00528976202713296
2023-02-22,2861.9,2887.68,2836.11,2843.2,22247659.0,987207396.0,6379002274.0,0.0034876392959881236
2023-02-23,2837.4,2856.74,2783.26,2805.17,33706211.0,1466260510.0,6379002274.0,0.005283931491509608
2023-02-24,2796.79,2848.36,2777.46,2783.9,23817826.0,1035285454.0,6379002274.0,0.0037337854694108547
2023-02-27,2765.21,2797.44,2745.87,2780.04,27040102.0,1165183030.0,6379002274.0,0.0042389233987597105
2023-02-28,2786.48,2863.83,2766.5,2803.88,32849451.0,1425000851.0,6379002274.0,0.005149622086496218
2023-03-01,2799.37,2845.14,2783.26,2821.29,26521282.0,1160326142.0,6379002274.0,0.004157590930496665
2023-03-02,2803.24,2821.29,2763.92,2783.9,23068576.0,996391536.0,6379002274.0,0.003616329797219947
2023-03-03,2781.97,2834.82,2778.1,2797.44,19015612.0,828331823.0,6379002274.0,0.0029809696223977236
2023-03-06,2803.88,2820.64,2776.81,2798.73,21086872.0,914437005.0,6379002274.0,0.003305669302854367
2023-03-07,2797.44,2823.22,2714.29,2714.93,33438682.0,1427706842.0,6379002274.0,0.005241992487805155
2023-03-08,2714.29,2728.47,2680.77,2704.62,27051028.0,1132653787.0,6379002274.0,0.0042406362057992265
2023-03-09,2702.69,2722.02,2687.86,2689.8,17677388.0,741253794.0,6379002274.0,0.002771183837329982
2023-03-10,2665.95,2720.73,2664.01,2698.17,20826778.0,871034044.0,6379002274.0,0.003264895841923006
2023-03-13,2676.9,2700.75,2656.28,2669.81,25468854.0,1057253671.0,6379002274.0,0.003992607763099223
2023-03-14,2669.81,2736.85,2660.79,2673.68,33139474.0,1385033745.0,6379002274.0,0.005195087346977798
2023-03-15,2697.53,2724.6,2659.5,2667.24,21209571.0,883570353.0,6379002274.0,0.0033249041290434253
2023-03-16,2652.41,2703.98,2646.61,2654.99,18424765.0,764647466.0,6379002274.0,0.002888345889935953
2023-03-17,2678.19,2693.66,2623.4,2631.14,38771555.0,1594954443.0,6379002274.0,0.006077996735951626
2023-03-20,2635.01,2648.54,2584.09,2604.07,33513318.0,1356733045.0,6379002274.0,0.005253692750133671
2023-03-21,2600.84,2693.02,2600.84,2681.42,33389663.0,1381649367.0,6379002274.0,0.005234308057247763
2023-03-22,2682.06,2756.19,2682.06,2747.81,33114424.0,1400488361.0,6379002274.0,0.005191160400580224
2023-03-23,2745.23,2769.08,2725.89,2750.39,26265561.0,1119244842.0,6379002274.0,0.004117502999968362
2023-03-24,2745.87,2763.28,2683.35,2687.86,25985641.0,1090994993.0,6379002274.0,0.004073621529484973
2023-03-27,2687.86,2790.99,2636.3,2789.7,46930086.0,1997213195.0,6379002274.0,0.007356963359502323
2023-03-28,2777.46,2784.55,2727.83,2771.66,26161118.0,1120913319.0,6379002274.0,0.004101130063337551
2023-03-29,2794.22,2801.31,2757.48,2781.97,18357576.0,791915355.0,6379002274.0,0.0028778130515524566
2023-03-30,2781.97,2787.77,2740.07,2772.3,20674689.0,886710468.0,6379002274.0,0.003241053712156115
2023-03-31,2772.3,2800.02,2739.43,2760.05,22069849.0,946650492.0,6379002274.0,0.0034597650309600753
2023-04-03,2749.1,2783.26,2732.98,2743.29,24411361.0,1040547921.0,6379002274.0,0.0038268305843842687
2023-04-04,2743.29,2781.97,2713.64,2781.32,33852719.0,1440361472.0,6379002274.0,0.005306898719566125
2023-04-06,2784.55,2787.77,2726.54,2757.48,28035252.0,1195281141.0,6379002274.0,0.004394927419021014
2023-04-07,2758.12,2919.91,2758.12,2910.24,67000852.0,2995405582.0,6379002274.0,0.010503343488853567
2023-04-10,2910.24,3009.5,2894.12,2982.43,66271965.0,3063903640.0,6379002274.0,0.01038908000865842
2023-04-11,2977.92,3007.57,2946.98,2965.67,32702606.0,1506697778.0,6379002274.0,0.0051266020288614185
2023-04-12,2971.47,3052.04,2936.67,2941.18,33600869.0,1550776100.0,6379002274.0,0.0052674176237486004
2023-04-13,2941.18,3077.83,2930.87,3052.04,64601144.0,3044670870.0,6379002274.0,0.010127154878640823
2023-04-14,3090.07,3134.55,3029.48,3075.89,60487952.0,2891168165.0,6379002274.0,0.00948235310191708
2023-04-17,3081.05,3242.19,3081.05,3177.09,80331157.0,3968648863.0,6379002274.0,0.012593059784195336
2023-04-18,3177.74,3203.52,3118.44,3153.89,37630631.0,1838343934.0,6379002274.0,0.005899140552650005
2023-04-19,3145.51,3171.29,3120.37,3136.48,26781979.0,1302378973.0,6379002274.0,0.004198458920317357
2023-04-20,3126.17,3152.6,3063.65,3081.05,41476607.0,1987866965.0,6379002274.0,0.006502052392903725
2023-04-21,3081.05,3116.5,3050.11,3050.11,40835484.0,1952335295.0,6379002274.0,0.006401547177125211
2023-04-24,3050.76,3179.03,3050.76,3116.5,60310483.0,2925086233.0,6379002274.0,0.009454532293524623
2023-04-25,3116.5,3155.82,3047.53,3092.65,43867208.0,2110863168.0,6379002274.0,0.006876813350388217
2023-04-26,3093.94,3143.57,3030.77,3106.83,36025480.0,1727777631.0,6379002274.0,0.005647510136002814
2023-04-27,3105.54,3142.28,3055.91,3106.83,40053833.0,1928356610.0,6379002274.0,0.006279012183967126
2023-04-28,3106.83,3155.18,3082.98,3135.84,28298296.0,1371262044.0,6379002274.0,0.004436163334717758
2023-05-04,3129.39,3216.41,3124.88,3175.8,43250708.0,2136055052.0,6379002274.0,0.006780168142639543
2023-05-05,3182.89,3189.34,3034.64,3059.78,42260825.0,2016143924.0,6379002274.0,0.006624989800089857
2023-05-08,3059.78,3068.16,2969.54,2997.9,46805247.0,2173812803.0,6379002274.0,0.007337393057652953
2023-05-09,2990.17,3017.88,2945.69,2960.52,28953561.0,1338169982.0,6379002274.0,0.004538885511612219
2023-05-10,2965.03,3010.15,2942.47,2987.59,25166512.0,1164998556.0,6379002274.0,0.00394521132287027
2023-05-11,2987.59,3093.3,2978.56,2992.74,28621814.0,1342559169.0,6379002274.0,0.004486879416340525
2023-05-12,2993.39,3021.11,2924.42,2933.44,36376710.0,1664150284.0,6379002274.0,0.00570257047066229
2023-05-15,2933.44,3068.8,2932.8,3057.85,32602493.0,1521748663.0,6379002274.0,0.0051109078817675934
2023-05-16,3164.84,3204.16,3139.06,3166.78,58884571.0,2901294223.0,6379002274.0,0.009231000158129117
2023-05-17,3174.51,3180.96,3104.25,3126.17,27133092.0,1319909080.0,6379002274.0,0.004253500913550545
2023-05-18,3126.17,3150.02,3079.76,3095.23,22902166.0,1103908779.0,6379002274.0,0.003590242645522531
2023-05-19,3099.1,3206.74,3099.1,3166.78,34109283.0,1678078977.0,6379002274.0,0.005347118802422298
2023-05-22,3170.0,3235.75,3115.21,3139.06,29132991.0,1429543987.0,6379002274.0,0.0045670137348504105
2023-05-23,3142.28,3216.41,3141.64,3164.84,32898260.0,1627856977.0,6379002274.0,0.0051572735965448886
2023-05-24,3164.84,3170.0,3070.09,3091.36,28712039.0,1381356168.0,6379002274.0,0.004501023477766517
2023-05-25,3072.67,3110.06,3041.09,3097.81,18370535.0,878653565.0,6379002274.0,0.0028798445604692694
2023-05-26,3090.72,3161.62,3086.85,3119.72,17498595.0,849836856.0,6379002274.0,0.002743155472968248
2023-05-29,3122.95,3160.33,3082.98,3113.28,21862470.0,1056765398.0,6379002274.0,0.003427255401539617
2023-05-30,3113.28,3171.29,3048.82,3112.63,34762660.0,1679739747.0,6379002274.0,0.005449545008266915
2023-05-31,3126.17,3134.55,2901.21,2936.02,85934909.0,3959239718.0,6379002274.0,0.013471528196542543
2023-06-01,2936.67,3022.39,2929.58,2960.52,45827591.0,2118563584.0,6379002274.0,0.007184131472532534
2023-06-02,2976.63,3019.17,2956.65,2966.96,28695031.0,1327951617.0,6379002274.0,0.004498357230088675
2023-06-05,2977.92,3023.04,2967.61,2997.26,27091140.0,1259519912.0,6379002274.0,0.004246924336493817
2023-06-06,2999.83,3040.44,2974.7,2985.01,26781998.0,1253088436.0,6379002274.0,0.004198461898839574
2023-06-07,2984.36,3009.5,2923.13,2932.8,24821752.0,1135394748.0,6379002274.0,0.003891165253408091
2023-06-08,2943.14,2954.78,2901.1,2948.96,22328368.0,1009002559.0,6379002274.0,0.0035002915880760197
2023-06-09,2932.79,2985.19,2917.91,2961.9,31495725.0,1435337094.0,6379002274.0,0.00493740614082747
2023-06-12,2951.55,2951.55,2826.71,2891.39,49949418.0,2227022806.0,6379002274.0,0.007830286909222068
2023-06-13,2885.57,2932.79,2863.58,2910.8,19617974.0,879416555.0,6379002274.0,0.00307539849608776
2023-06-14,2917.27,3000.06,2899.16,2975.48,41155584.0,1890579169.0,6379002274.0,0.006451727438277442
2023-06-15,3001.36,3039.52,2978.07,3035.64,31730099.0,1477897989.0,6379002274.0,0.004974147623262001
2023-06-16,3027.23,3135.9,3020.76,3072.51,38034366.0,1814534587.0,6379002274.0,0.005962431798311661
2023-06-19,3072.51,3097.09,3016.23,3032.41,21812681.0,1023984130.0,6379002274.0,0.0034194502624502435
2023-06-20,3038.23,3071.86,3020.76,3025.94,14896722.0,699886986.0,6379002274.0,0.0023352746025373182
2023-06-21,3008.47,3051.16,3001.36,3001.36,17086261.0,798760481.0,6379002274.0,0.002678516210856582
2023-06-26,2993.59,3045.34,2954.78,2998.77,21399989.0,989068485.0,6379002274.0,0.0033547548787094227
2023-06-27,2987.13,3027.23,2964.49,2972.25,18978355.0,876672322.0,6379002274.0,0.0029751290538574276
2023-06-28,2983.89,3001.36,2956.72,2988.42,21520319.0,992111162.0,6379002274.0,0.0033736183302072297
2023-06-29,2985.19,3068.63,2981.95,3043.4,30294997.0,1423288085.0,6379002274.0,0.004749174823699083
2023-06-30,3033.7,3135.9,3031.11,3098.38,28356163.0,1360379379.0,6379002274.0,0.004445234816042644
2023-07-03,3099.68,3099.68,3042.11,3063.45,20398424.0,967058795.0,6379002274.0,0.0031977452152888194
2023-07-04,3059.57,3266.56,3008.47,3159.83,84157068.0,4123867419.0,6379002274.0,0.013192826148222815
2023-07-05,3159.83,3224.52,3139.13,3181.83,46108311.0,2275614523.0,6379002274.0,0.007228138354477721
2023-07-06,3179.89,3182.47,3097.74,3111.97,25224843.0,1219395802.0,6379002274.0,0.003954355542842999
2023-07-07,3104.85,3143.02,3092.56,3130.08,17226779.0,831988640.0,6379002274.0,0.002700544420592881
2023-07-10,3129.43,3136.55,3063.45,3079.62,21679425.0,1034167999.0,6379002274.0,0.003398560475258423
2023-07-11,3104.85,3141.07,3053.75,3120.38,24212838.0,1164154726.0,6379002274.0,0.003795709259845923
2023-07-12,3120.38,3130.73,3075.74,3089.97,14681110.0,703955313.0,6379002274.0,0.0023014743324106237
2023-07-13,3100.97,3117.79,3072.51,3105.5,24604015.0,1180018589.0,6379002274.0,0.0038570318590859937
2023-07-14,3103.56,3104.2,3072.51,3073.8,13461016.0,641622957.0,6379002274.0,0.0021102071173207423
2023-07-17,3073.8,3073.8,3022.7,3053.1,21394359.0,1006066369.0,6379002274.0,0.0033538722955470134
2023-07-18,3066.04,3095.15,3040.17,3053.1,12113452.0,572775268.0,6379002274.0,0.0018989571534365
2023-07-19,3040.17,3064.1,3011.06,3020.12,19415049.0,909126296.0,6379002274.0,0.0030435870949808664
2023-07-20,3039.52,3066.04,2967.07,2972.9,18098829.0,840875002.0,6379002274.0,0.0028372507521698996
2023-07-21,2977.42,2994.89,2952.84,2970.95,20976558.0,963680908.0,6379002274.0,0.0032883760028582804
2023-07-24,2969.01,3104.85,2968.37,3058.93,47398816.0,2245495190.0,6379002274.0,0.0074304435026134935
2023-07-25,3088.68,3098.38,3048.58,3089.33,24909769.0,1185933141.0,6379002274.0,0.003904963179199519
2023-07-26,3089.97,3115.2,3075.74,3110.03,16778804.0,805101338.0,6379002274.0,0.0026303179210937526
2023-07-27,3126.2,3135.25,3091.91,3111.97,16225472.0,780565524.0,6379002274.0,0.0025435752023687083
2023-07-28,3097.09,3182.47,3078.33,3172.77,37757340.0,1831117114.0,6379002274.0,0.00591900400379133
2023-07-31,3172.12,3190.88,2860.34,2883.63,135924169.0,6226335069.0,6379002274.0,0.021308060910090843
2023-08-01,2866.17,2866.17,2736.15,2806.01,134400131.0,5837540230.0,6379002274.0,0.021069146118319757
2023-08-02,2797.6,2845.47,2720.63,2734.86,93481863.0,4002903506.0,6379002274.0,0.01465462136312761
2023-08-03,2707.04,2774.31,2663.7,2734.21,79188796.0,3340548136.0,6379002274.0,0.012413978330555459
2023-08-04,2752.32,2760.08,2652.06,2656.59,106460887.0,4420471054.0,6379002274.0,0.016689269328829213
2023-08-07,2630.07,2630.07,2494.23,2531.1,134789310.0,5280883460.0,6379002274.0,0.021130155502433984
2023-08-08,2496.82,2632.01,2495.52,2596.43,97417696.0,3876529259.0,6379002274.0,0.015271619575534894
2023-08-09,2580.91,2630.71,2574.44,2600.96,57386328.0,2309143090.0,6379002274.0,0.008996129102179404
2023-08-10,2600.96,2611.96,2561.5,2580.91,35595251.0,1420732108.0,6379002274.0,0.005580065576255037
2023-08-11,2584.79,2602.25,2535.63,2535.63,33789776.0,1337250935.0,6379002274.0,0.005297031502516126
2023-08-14,2511.7,2638.48,2509.76,2627.48,60278981.0,2413358863.0,6379002274.0,0.009449593903687641
2023-08-15,2626.83,2658.53,2586.08,2619.72,42658221.0,1726457704.0,6379002274.0,0.006687287316681085
2023-08-16,2612.6,2710.92,2603.55,2652.71,63040895.0,2598200518.0,6379002274.0,0.009882563493815742
2023-08-17,2633.95,2643.0,2593.84,2624.25,39559904.0,1599099728.0,6379002274.0,0.006201581736573622
2023-08-18,2619.72,2624.89,2574.44,2584.14,26186208.0,1051772611.0,6379002274.0,0.004105063280308215
2023-08-21,2455.42,2544.04,2399.79,2509.76,60792050.0,2340167373.0,6379002274.0,0.009530024820304682
2023-08-22,2532.39,2548.57,2479.35,2532.39,43538559.0,1693144201.0,6379002274.0,0.006825292911002339
2023-08-23,2529.16,2542.74,2501.99,2503.29,25817058.0,1006532647.0,6379002274.0,0.004047193728904446
2023-08-24,2503.93,2644.3,2483.88,2615.84,47773653.0,1910733102.0,6379002274.0,0.0074892045727463245
2023-08-25,2604.19,2673.41,2597.73,2633.95,43030579.0,1756092212.0,6379002274.0,0.006745659768046666
2023-08-28,2780.78,2804.07,2685.7,2711.57,72210177.0,3043511380.0,6379002274.0,0.011319979817897147
2023-08-29,2710.92,2748.44,2690.87,2732.92,37699685.0,1588977336.0,6379002274.0,0.00590996575650382
2023-08-30,2749.09,2749.09,2716.75,2726.45,25350381.0,1070521274.0,6379002274.0,0.003974035422957117
2023-08-31,2726.45,2732.27,2697.34,2702.51,25963264.0,1088210681.0,6379002274.0,0.004070113614134134
2023-09-01,2707.04,2718.04,2679.88,2686.34,16531303.0,688552632.0,6379002274.0,0.0025915185933354317
2023-09-04,2712.22,2714.8,2658.53,2665.0,32468808.0,1341074606.0,6379002274.0,0.005089950842679383
2023-09-05,2665.64,2689.58,2657.88,2665.64,20244428.0,837077292.0,6379002274.0,0.003173604135949866
2023-09-06,2652.71,2664.35,2626.19,2634.6,21181611.0,864434723.0,6379002274.0,0.0033205209984535585
2023-09-07,2644.3,2644.3,2582.85,2606.13,28664943.0,1152145076.0,6379002274.0,0.004493640505010423
2023-09-08,2603.55,2626.83,2587.38,2624.89,17849659.0,720117159.0,6379002274.0,0.0027981897847494013
2023-09-11,2635.89,2791.78,2635.89,2781.43,75735706.0,3231973811.0,6379002274.0,0.011872656999777078
2023-09-12,2769.14,2793.07,2760.73,2775.61,26204255.0,1124850924.0,6379002274.0,0.0041078924061220675
2023-09-13,2771.73,2786.6,2717.39,2729.68,22314129.0,946141604.0,6379002274.0,0.0034980594208203286
2023-09-14,2738.09,2767.85,2719.98,2754.91,23008852.0,977473280.0,6379002274.0,0.00360696720453936
2023-09-15,2762.02,2842.88,2739.38,2820.24,66959064.0,2917106850.0,6379002274.0,0.010496792621146509
2023-09-18,2820.89,2907.56,2819.59,2869.4,47897373.0,2129867026.0,6379002274.0,0.007508599455313503
2023-09-19,2869.4,2899.16,2851.94,2886.87,25726585.0,1144955600.0,6379002274.0,0.004033010789925296
2023-09-20,2878.46,2884.92,2838.35,2868.75,21810368.0,964374254.0,6379002274.0,0.0034190876665613178
2023-09-21,2868.75,2871.34,2831.88,2839.0,19223792.0,845940881.0,6379002274.0,0.0030136048200443077
2023-09-22,2844.17,2855.17,2807.3,2850.0,28240836.0,1236954485.0,6379002274.0,0.004427155656474061
2023-09-25,2852.58,2914.03,2827.36,2901.1,40740339.0,1820689408.0,6379002274.0,0.006386631835209156
2023-09-26,2897.86,2915.97,2855.82,2891.39,27301792.0,1216854602.0,6379002274.0,0.004279947055557359
2023-09-27,2890.1,2954.78,2888.16,2930.85,35724335.0,1617557677.0,6379002274.0,0.005600301342673577
2023-09-28,2946.37,2967.72,2895.27,2906.92,25130745.0,1135092321.0,6379002274.0,0.003939604333177574
2023-10-09,2903.68,2923.74,2853.88,2895.27,33142248.0,1475154936.0,6379002274.0,0.0051955222112215855
2023-10-10,2905.62,2910.15,2864.23,2870.05,16601862.0,740031441.0,6379002274.0,0.0026025797275017557
2023-10-11,2891.39,2947.67,2891.39,2914.03,32957719.0,1488505889.0,6379002274.0,0.005166594646678754
2023-10-12,2949.61,2952.84,2891.39,2907.56,24460777.0,1099547113.0,6379002274.0,0.0038345772503795787
2023-10-13,2883.63,2918.56,2870.05,2888.16,18751325.0,837370916.0,6379002274.0,0.00293953884864221
2023-10-16,2899.16,2918.56,2852.58,2860.99,21440014.0,953935321.0,6379002274.0,0.003361029370907542
2023-10-17,2860.99,2880.4,2820.24,2876.52,21429257.0,943523855.0,6379002274.0,0.00335934305703933
2023-10-18,2877.16,2877.81,2830.59,2834.47,15701071.0,690070188.0,6379002274.0,0.0024613678323952893
2023-10-19,2824.12,2851.29,2794.37,2807.95,26274650.0,1145345846.0,6379002274.0,0.004118927830938723
2023-10-20,2789.19,2813.77,2752.32,2763.32,30303433.0,1296586797.0,6379002274.0,0.004750497287563751
2023-10-23,2763.96,2804.72,2738.09,2785.96,22463199.0,964201611.0,6379002274.0,0.0035214282790832566
2023-10-24,2785.31,2813.77,2756.2,2796.31,26085607.0,1124684898.0,6379002274.0,0.004089292632222692
2023-10-25,2826.06,2837.71,2785.31,2792.43,27514540.0,1192763487.0,6379002274.0,0.004313298352650815
2023-10-26,2839.0,2901.1,2810.54,2875.22,41809167.0,1856368719.0,6379002274.0,0.006554185937573472
2023-10-27,2862.93,2946.37,2838.35,2936.67,41407204.0,1862059500.0,6379002274.0,0.0064911724782997
2023-10-30,2939.91,3040.17,2923.74,3013.0,55065386.0,2552988940.0,6379002274.0,0.008632288190966711
2023-10-31,3139.13,3155.31,3055.04,3100.97,70656935.0,3387726474.0,6379002274.0,0.011076486880713094
2023-11-01,3101.62,3116.49,3058.93,3102.91,33568663.0,1601908875.0,6379002274.0,0.005262368871825237
2023-11-02,3115.85,3117.79,3086.09,3098.38,20514154.0,983703283.0,6379002274.0,0.003215887550881284
2023-11-03,3091.91,3111.32,3066.04,3073.16,21283811.0,1015296077.0,6379002274.0,0.003336542312698351
2023-11-06,3136.55,3161.77,3115.2,3126.2,37813766.0,1834312514.0,6379002274.0,0.0059278495877206515
2023-11-07,3137.19,3157.25,3116.49,3132.67,26149197.0,1270647902.0,6379002274.0,0.004099261275792422
2023-11-08,3135.25,3217.4,3135.25,3187.65,31846619.0,1567457009.0,6379002274.0,0.004992413802672992
2023-11-09,3178.59,3193.47,3122.32,3129.43,29470018.0,1431770225.0,6379002274.0,0.004619847545769977
2023-11-10,3111.32,3148.84,3106.79,3130.08,18655843.0,902627142.0,6379002274.0,0.0029245706771478725
2023-11-13,3137.84,3146.25,3044.05,3059.57,33864122.0,1606447219.0,6379002274.0,0.005308686303189739
2023-11-14,3064.1,3084.15,3027.23,3042.75,20678755.0,973364199.0,6379002274.0,0.0032416911159107074
2023-11-15,3084.15,3103.56,3050.52,3061.51,15672204.0,743383344.0,6379002274.0,0.002456842516560608
2023-11-16,3042.11,3071.22,3024.64,3027.23,13957572.0,655045907.0,6379002274.0,0.002188049384601928
2023-11-17,3026.58,3061.51,3019.47,3049.22,21179904.0,995487699.0,6379002274.0,0.003320253401746945
2023-11-20,3053.75,3103.56,3037.58,3071.86,23108019.0,1096914505.0,6379002274.0,0.0036225130525796077
2023-11-21,3078.98,3110.03,3060.22,3077.68,20546593.0,981885820.0,6379002274.0,0.0032209728288928965
2023-11-22,3077.68,3083.51,3049.22,3049.22,12690197.0,600591031.0,6379002274.0,0.0019893701953554123
2023-11-23,3049.87,3057.63,3017.53,3051.16,12684710.0,596480165.0,6379002274.0,0.0019885100294918003
2023-11-24,3040.81,3053.75,3022.06,3035.64,14647110.0,688379061.0,6379002274.0,0.002296144345284176
2023-11-27,3034.99,3046.64,3002.65,3027.23,18443196.0,863329196.0,6379002274.0,0.0028912352132514697
2023-11-28,3020.76,3072.51,3013.0,3072.51,20418019.0,963092934.0,6379002274.0,0.003200817012281253
2023-11-29,3072.51,3098.38,3061.51,3083.51,17545365.0,835534026.0,6379002274.0,0.0027504873405536584
2023-11-30,3085.45,3110.03,3067.98,3106.15,21598333.0,1034052589.0,6379002274.0,0.003385848142433191
2023-12-01,3101.62,3113.26,2964.49,3013.0,40816647.0,1904555696.0,6379002274.0,0.006398594207492832
2023-12-04,3011.71,3016.88,2943.14,2974.84,27686101.0,1277259197.0,6379002274.0,0.004340192997397887
2023-12-05,2964.49,2994.89,2920.5,2926.97,26579143.0,1213967601.0,6379002274.0,0.004166661471235588
2023-12-06,2925.03,2976.78,2901.1,2937.32,22028902.0,1000552801.0,6379002274.0,0.0034533460020522324
2023-12-07,2941.85,2959.31,2893.33,2896.57,23743794.0,1069538351.0,6379002274.0,0.003722179892735997
2023-12-08,2895.92,2953.49,2888.16,2948.96,29241298.0,1326068365.0,6379002274.0,0.004583992408841709
2023-12-11,2934.73,3014.29,2914.68,3009.77,26769468.0,1225504470.0,6379002274.0,0.00419649764181915
2023-12-12,3009.77,3018.17,2939.91,2962.55,21297004.0,974828671.0,6379002274.0,0.00333861050446774
2023-12-13,2945.73,2981.3,2944.43,2950.9,18676447.0,856154192.0,6379002274.0,0.0029278006493465
2023-12-14,2980.66,2987.77,2947.67,2958.02,19406117.0,890571700.0,6379002274.0,0.0030421868760098832
2023-12-15,2959.31,2965.13,2875.22,2888.81,25906571.0,1163993227.0,6379002274.0,0.004061226174129437
2023-12-18,2884.28,2961.25,2857.76,2942.49,24478562.0,1110849272.0,6379002274.0,0.0038373653039396926
2023-12-19,2937.32,2939.26,2859.7,2896.57,21434676.0,958138755.0,6379002274.0,0.00336019256292869
2023-12-20,2891.39,2922.44,2858.4,2860.99,18982063.0,846390828.0,6379002274.0,0.002975710335982865
2023-12-21,2857.76,2886.87,2849.35,2877.81,18835212.0,835984122.0,6379002274.0,0.0029526893377621014
2023-12-22,2877.16,2882.98,2814.42,2846.76,24235823.0,1067834266.0,6379002274.0,0.003799312487907729
2023-12-25,2846.76,2881.69,2839.65,2846.11,13361150.0,590059431.0,6379002274.0,0.0020945516910157477
2023-12-26,2846.11,2850.64,2800.83,2844.82,15055393.0,657505418.0,6379002274.0,0.002360148555106159
2023-12-27,2839.65,2859.7,2804.72,2851.94,21601490.0,947551025.0,6379002274.0,0.0033863430474143142
2023-12-28,2852.58,2901.1,2841.59,2894.63,30763447.0,1370257485.0,6379002274.0,0.004822611072798624
2023-12-29,2903.04,2936.67,2888.16,2925.68,24238046.0,1094134425.0,6379002274.0,0.003799660975007202
2024-01-02,2926.32,2939.26,2869.4,2876.52,18260797.0,815829089.0,6379002274.0,0.002862641556725678
2024-01-03,2859.7,2903.04,2849.35,2860.99,14669379.0,651690508.0,6379002274.0,0.002299635330087672
2024-01-04,2865.52,2868.11,2773.67,2832.53,33904543.0,1468337357.0,6379002274.0,0.005315022874061449
2024-01-05,2801.48,2813.77,2670.17,2713.51,49522687.0,2085701637.0,6379002274.0,0.007763390711091006
2024-01-08,2703.81,2703.81,2652.06,2659.18,30009112.0,1238699559.0,6379002274.0,0.004704358254003657
2024-01-09,2661.76,2688.28,2644.3,2665.0,21174933.0,872816754.0,6379002274.0,0.0033194741262761933
2024-01-10,2665.0,2716.1,2637.18,2684.4,20674583.0,860280445.0,6379002274.0,0.003241037095137427
2024-01-11,2685.05,2707.04,2663.7,2683.11,18971994.0,788171079.0,6379002274.0,0.0029741318759718004
2024-01-12,2665.64,2690.87,2646.89,2658.53,13270135.0,548157565.0,6379002274.0,0.0020802837857712294
2024-01-15,2632.66,2710.28,2631.36,2685.05,14893496.0,617603018.0,6379002274.0,0.0023347688808176147
2024-01-16,2665.0,2694.11,2639.12,2678.58,18657709.0,768555374.0,6379002274.0,0.0029248631993825185
2024-01-17,2660.47,2670.82,2594.49,2594.49,24023217.0,974124257.0,6379002274.0,0.003765983451348743
2024-01-18,2587.38,2677.93,2553.09,2670.82,38716460.0,1559153303.0,6379002274.0,0.006069359805341872
2024-01-19,2657.88,2690.87,2639.77,2678.58,31739489.0,1309874297.0,6379002274.0,0.004975619640294864
2024-01-22,2677.93,2697.34,2595.79,2637.83,34937745.0,1430463188.0,6379002274.0,0.005476992090503212
2024-01-23,2631.36,2646.89,2602.25,2606.78,20886214.0,846394265.0,6379002274.0,0.0032742132864773455
2024-01-24,2631.36,2634.6,2555.03,2621.01,25004207.0,1001342749.0,6379002274.0,0.003919767688736209
2024-01-25,2641.71,2665.0,2590.61,2665.0,27891163.0,1134726996.0,6379002274.0,0.0043723394038721105
2024-01-26,2645.59,2666.29,2588.02,2606.78,30279954.0,1230888858.0,6379002274.0,0.004746816617924285
2024-01-29,2603.55,2622.95,2524.63,2538.86,28105100.0,1112608513.0,6379002274.0,0.004405877093750664
2024-01-30,2536.92,2551.15,2494.23,2502.64,23301300.0,905581935.0,6379002274.0,0.0036528126185145175
2024-01-31,2483.88,2496.82,2407.55,2422.43,38059705.0,1433750351.0,6379002274.0,0.00596640404959981
2024-02-01,2406.26,2461.89,2385.56,2403.67,30023460.0,1122310504.0,6379002274.0,0.0047066075085710184
2024-02-02,2407.55,2436.66,2296.94,2325.4,36047509.0,1317464771.0,6379002274.0,0.00565096349736777
2024-02-05,2327.35,2455.42,2315.05,2419.2,49793860.0,1835851264.0,6379002274.0,0.0078059009640039515
2024-02-06,2419.2,2655.29,2406.26,2652.06,56819466.0,2272656933.0,6379002274.0,0.00890726536210669
2024-02-07,2668.23,2707.69,2620.37,2706.4,52212378.0,2164428888.0,6379002274.0,0.00818503831121224
2024-02-08,2706.4,2752.32,2663.7,2708.34,37994404.0,1579175793.0,6379002274.0,0.005956167182266159
2024-02-19,2707.69,2727.74,2655.29,2694.75,25380790.0,1055722627.0,6379002274.0,0.003978802469384415
2024-02-20,2699.28,2731.62,2685.05,2707.69,21225500.0,889338539.0,6379002274.0,0.0033274012280121662
2024-02-21,2708.98,2746.5,2681.17,2730.98,29901470.0,1260180460.0,6379002274.0,0.004687483828289978
2024-02-22,2716.75,2751.67,2714.16,2744.56,17530089.0,740956883.0,6379002274.0,0.002748092608690611
2024-02-23,2744.56,2772.37,2708.98,2741.97,22950641.0,971812476.0,6379002274.0,0.0035978417962858997
2024-02-26,2730.33,2748.44,2703.81,2721.92,18878234.0,796444428.0,6379002274.0,0.002959433652648985
2024-02-27,2723.21,2738.09,2706.4,2734.21,17616119.0,740889142.0,6379002274.0,0.002761579043763796
2024-02-28,2747.15,2819.59,2731.62,2731.62,34011785.0,1458671569.0,6379002274.0,0.0053318345940442284
2024-02-29,2730.98,2771.73,2723.21,2758.14,25340841.0,1076844666.0,6379002274.0,0.003972539891275166
2024-03-01,2758.14,2776.25,2723.21,2750.38,21563699.0,916978866.0,6379002274.0,0.003380418766723268
2024-03-04,2750.38,2844.82,2746.5,2839.65,37656812.0,1640672142.0,6379002274.0,0.005903244799501697
2024-03-05,2839.65,2891.39,2821.53,2882.34,37120036.0,1643167915.0,6379002274.0,0.005819097470978579
2024-03-06,2888.16,2904.33,2826.71,2843.53,21699075.0,957081998.0,6379002274.0,0.0034016408942888553
2024-03-07,2839.65,2843.53,2690.87,2713.51,45743263.0,1939466492.0,6379002274.0,0.007170911850344326
2024-03-08,2712.86,2762.02,2692.17,2709.63,27741788.0,1164468604.0,6379002274.0,0.004348922732489372
2024-03-11,2710.28,2826.71,2696.05,2820.24,32546746.0,1400965850.0,6379002274.0,0.005102168740816473
2024-03-12,2827.36,2929.56,2794.37,2906.27,43140972.0,1921884773.0,6379002274.0,0.006762965452424606
2024-03-13,2910.8,2912.74,2856.46,2890.1,20749481.0,924209602.0,6379002274.0,0.0032527784297196817
2024-03-14,3169.54,3179.24,3008.47,3042.11,109924476.0,5248912838.0,6379002274.0,0.017232236528279377
2024-03-15,3038.87,3101.62,3007.83,3048.58,43857939.0,2069250035.0,6379002274.0,0.006875360301838952
2024-03-18,3040.17,3084.15,3004.59,3058.28,29791431.0,1406103941.0,6379002274.0,0.004670233638483886
2024-03-19,3034.35,3061.51,2969.01,2973.54,27204791.0,1262475448.0,6379002274.0,0.004264740759049932
2024-03-20,2953.49,2969.66,2930.85,2951.55,22501410.0,1025230382.0,6379002274.0,0.0035274184007917475
2024-03-21,2965.78,2980.01,2939.91,2951.55,18335706.0,839240724.0,6379002274.0,0.0028743846157155326
2024-03-22,2945.73,2975.48,2917.27,2970.95,24225421.0,1103378348.0,6379002274.0,0.0037976818253756903
2024-03-25,2972.25,3028.52,2963.19,2985.83,23261953.0,1078638224.0,6379002274.0,0.003646644412530272
2024-03-26,2981.95,3013.65,2967.07,2992.95,20006073.0,925152065.0,6379002274.0,0.0031362385747285594
2024-03-27,2988.42,2998.12,2956.08,2969.66,15566813.0,716342078.0,6379002274.0,0.0024403209673475655
2024-03-28,2969.66,3031.11,2945.73,2989.07,21401947.0,993801318.0,6379002274.0,0.003355061823262175
2024-03-29,2989.07,2999.42,2936.67,2973.54,18703757.0,857879351.0,6379002274.0,0.0029320818831236554
2024-04-01,2974.19,3027.23,2974.19,2996.18,20222435.0,937070924.0,6379002274.0,0.0031701564181006907
2024-04-02,2988.42,3020.12,2914.68,2940.55,22490309.0,1024255824.0,6379002274.0,0.003525678159994962
2024-04-03,2917.27,2932.14,2879.75,2895.27,23690420.0,1064081572.0,6379002274.0,0.0037138127535334374
2024-04-08,2897.86,2967.07,2897.86,2936.67,23626791.0,1071343514.0,6379002274.0,0.0037038379961549456
2024-04-09,2936.67,2951.55,2864.23,2945.73,21527235.0,967808523.0,6379002274.0,0.0033747025122944797
2024-04-10,2945.73,2974.19,2904.33,2939.91,16353062.0,744122727.0,6379002274.0,0.002563576762882339
2024-04-11,2914.03,2942.49,2886.87,2906.92,18609152.0,837102507.0,6379002274.0,0.002917251193944315
2024-04-12,2897.86,2933.44,2842.88,2851.94,22211902.0,987099187.0,6379002274.0,0.0034820338739387003
2024-04-15,2855.17,2920.5,2851.94,2882.34,22027768.0,984050772.0,6379002274.0,0.003453168231305133
2024-04-16,2867.46,2888.16,2832.53,2862.93,23385721.0,1033684470.0,6379002274.0,0.0036660468197851595
2024-04-17,2868.75,2896.57,2835.76,2871.34,23275600.0,1032367344.0,6379002274.0,0.003648783775304232
2024-04-18,2923.74,2943.14,2729.68,2739.38,59016774.0,2541878651.0,6379002274.0,0.009251724872484346
2024-04-19,2716.75,2738.74,2666.29,2696.05,38425460.0,1601560704.0,6379002274.0,0.006023741386112571
2024-04-22,2716.1,2727.74,2681.82,2707.69,27806445.0,1163954983.0,6379002274.0,0.004359058643596276
2024-04-23,2707.69,2863.58,2703.81,2850.64,49366110.0,2134259117.0,6379002274.0,0.007738845023023424
2024-04-24,2843.53,2859.05,2807.3,2826.71,21625198.0,946244236.0,6379002274.0,0.0033900596160847205
2024-04-25,2826.71,2908.86,2813.77,2865.52,24469103.0,1085861364.0,6379002274.0,0.0038358824701682495
2024-04-26,2859.05,2961.9,2857.11,2950.26,34278262.0,1550025297.0,6379002274.0,0.005373608681676416
2024-04-29,2949.61,3031.11,2945.08,2987.13,34279567.0,1586424722.0,6379002274.0,0.005373813259123475
2024-04-30,3000.71,3030.46,2965.78,2985.83,19250243.0,893082210.0,6379002274.0,0.003017751393264357
2024-05-06,3035.64,3096.44,3002.65,3050.52,32582423.0,1541063569.0,6379002274.0,0.005107761621719716
2024-05-07,3050.52,3072.51,3041.46,3055.04,20377965.0,964125270.0,6379002274.0,0.0031945379739176435
2024-05-08,3056.99,3064.1,2991.65,3002.65,26129151.0,1217234952.0,6379002274.0,0.004096118778088399
2024-05-09,3008.47,3055.04,2995.53,3033.7,17514723.0,820722434.0,6379002274.0,0.002745683768038111
2024-05-10,3026.58,3043.4,2987.77,3006.53,15577277.0,725489832.0,6379002274.0,0.0024419613492678936
2024-05-13,3006.53,3025.94,2934.73,2945.08,29175692.0,1338054191.0,6379002274.0,0.004573707728388247
2024-05-14,2945.08,2961.25,2925.03,2932.14,19723737.0,897260526.0,6379002274.0,0.0030919783616305384
2024-05-15,2932.79,2937.97,2880.4,2889.45,15942898.0,713465989.0,6379002274.0,0.0024992776793608023
2024-05-16,2910.8,2917.91,2871.99,2890.75,23437708.0,1048106878.0,6379002274.0,0.003674196526865825
2024-05-17,2943.14,2990.36,2850.64,2894.63,37685549.0,1689843524.0,6379002274.0,0.005907749735973836
2024-05-20,2864.23,2897.21,2812.48,2833.82,39702265.0,1742797464.0,6379002274.0,0.006223898862965039
2024-05-21,2828.0,2856.46,2808.6,2833.18,24438325.0,1071157251.0,6379002274.0,0.0038310575777041962
2024-05-22,2839.65,2843.53,2807.3,2816.36,25238847.0,1100081620.0,6379002274.0,0.003956550870481787
2024-05-23,2816.36,2819.59,2774.96,2784.66,19702407.0,848668345.0,6379002274.0,0.003088634578530329
2024-05-24,2784.66,2793.07,2741.33,2745.21,22038350.0,939654301.0,6379002274.0,0.003454827111416076
2024-05-27,2738.09,2774.96,2705.1,2762.02,30678196.0,1300950779.0,6379002274.0,0.004809246757136365
2024-05-28,2762.02,2819.59,2740.03,2798.89,37427881.0,1616893172.0,6379002274.0,0.00586735658530038
2024-05-29,2797.6,2812.48,2778.2,2782.72,16676675.0,719612073.0,6379002274.0,0.0026143077371161946
2024-05-30,2784.66,2796.95,2751.67,2773.67,13247711.0,567669926.0,6379002274.0,0.00207676850249701
2024-05-31,2807.3,2819.59,2740.03,2740.03,22865066.0,980570414.0,6379002274.0,0.003584426688981613
2024-06-03,2730.98,2761.38,2721.27,2749.09,18780093.0,796785130.0,6379002274.0,0.002944048644808494
2024-06-04,2745.85,2846.11,2740.03,2835.12,35813890.0,1561008549.0,6379002274.0,0.005614340372000312
2024-06-05,2835.12,2865.52,2826.06,2840.94,18067577.0,794605429.0,6379002274.0,0.0028323515534147306
2024-06-06,2823.47,2852.58,2768.49,2775.61,22586853.0,978566367.0,6379002274.0,0.0035408128152048376
2024-06-07,2780.78,2798.25,2726.45,2726.45,23854735.0,1013241225.0,6379002274.0,0.003739571483965268
2024-06-11,2716.75,2769.14,2697.34,2763.32,25112141.0,1062111846.0,6379002274.0,0.003936687889633444
2024-06-12,2763.96,2763.96,2710.92,2723.21,21850545.0,922178802.0,6379002274.0,0.003425385986937179
2024-06-13,2723.21,2744.56,2686.34,2720.63,20729821.0,872698850.0,6379002274.0,0.0032496964430459773
2024-06-14,2710.28,2723.21,2657.24,2710.28,41537240.0,1729630309.0,6379002274.0,0.006511557484357781
2024-06-17,2690.87,2762.02,2690.22,2751.03,24198112.0,1024367306.0,6379002274.0,0.0037934007483628623
2024-06-18,2749.09,2762.67,2704.46,2714.8,20392334.0,860147200.0,6379002274.0,0.0031967905205358767
2024-06-19,2716.75,2733.56,2665.64,2675.35,20101128.0,836081465.0,6379002274.0,0.003151139807855162
2024-06-20,2674.05,2701.87,2624.89,2626.19,24782740.0,1013799895.0,6379002274.0,0.0038850495634734743
2024-06-21,2632.66,2639.12,2572.5,2589.96,36455301.0,1459102929.0,6379002274.0,0.005714890735905074
2024-06-24,2587.38,2628.77,2557.62,2606.13,27893044.0,1123508475.0,6379002274.0,0.0043726342775716655
2024-06-25,2620.37,2624.89,2551.8,2567.97,22458955.0,895023382.0,6379002274.0,0.0035207629712784142
2024-06-26,2567.32,2589.96,2550.51,2580.91,22323523.0,887607506.0,6379002274.0,0.0034995320649105007
2024-06-27,2577.67,2577.67,2522.69,2538.22,27183773.0,1064851488.0,6379002274.0,0.004261445886419824
2024-06-28,2535.63,2551.15,2479.35,2487.76,30925798.0,1199640451.0,6379002274.0,0.004848061918091738
2024-07-01,2487.12,2488.41,2445.07,2475.47,23890913.0,911326444.0,6379002274.0,0.0037452429037964628
2024-07-02,2472.88,2474.18,2408.85,2423.72,31084695.0,1168354207.0,6379002274.0,0.004872971299398537
2024-07-03,2432.13,2561.5,2414.67,2501.35,55275948.0,2137708980.0,6379002274.0,0.008665296801240802
2024-07-04,2501.35,2551.8,2479.35,2487.12,28925733.0,1120476865.0,6379002274.0,0.004534523073913549
2024-07-05,2487.76,2606.78,2464.48,2589.32,49365271.0,1942122106.0,6379002274.0,0.007738713497752862
2024-07-08,2535.63,2593.84,2486.47,2536.28,49986820.0,1964892357.0,6379002274.0,0.007836150208589814
2024-07-09,2530.45,2553.74,2458.65,2522.05,40106262.0,1555216747.0,6379002274.0,0.006287231180880435
2024-07-10,2522.69,2573.79,2514.93,2549.21,20232304.0,796385785.0,6379002274.0,0.0031717035252463058
2024-07-11,2573.79,2661.12,2542.1,2626.19,37980200.0,1538773534.0,6379002274.0,0.0059539405017619215
2024-07-12,2654.77,2697.67,2631.37,2682.72,31501013.0,1296947586.0,6379002274.0,0.004938235110589961
2024-07-15,2665.17,2684.02,2630.07,2650.87,20710958.0,845176103.0,6379002274.0,0.0032467393975410897
2024-07-16,2642.42,2669.07,2627.47,2661.92,22626802.0,924082558.0,6379002274.0,0.003547075393314086
2024-07-17,2637.87,2739.92,2632.67,2713.27,35683208.0,1488713789.0,6379002274.0,0.00559385409618683
2024-07-18,2717.17,2757.47,2710.67,2739.92,30712230.0,1292463143.0,6379002274.0,0.004814582074249939
2024-07-19,2735.37,2761.37,2725.62,2745.12,27751083.0,1171709541.0,6379002274.0,0.004350379856911147
2024-07-22,2744.47,2801.68,2720.42,2780.23,32570326.0,1391175548.0,6379002274.0,0.005105865243652992
2024-07-23,2777.63,2783.48,2687.92,2691.82,36689667.0,1532779454.0,6379002274.0,0.005751630964224986
2024-07-24,2684.02,2734.07,2678.17,2691.17,20035166.0,832921592.0,6379002274.0,0.003140799319301199
2024-07-25,2679.47,2722.37,2645.67,2695.07,21908030.0,908502721.0,6379002274.0,0.003434397584289057
2024-07-26,2695.07,2702.87,2638.52,2669.72,22115817.0,907314994.0,6379002274.0,0.0034669711735550324
2024-07-29,2666.47,2688.57,2625.52,2632.02,23478909.0,956395685.0,6379002274.0,0.003680655373912789
2024-07-30,2632.67,2643.07,2575.46,2600.16,24261502.0,969474036.0,6379002274.0,0.003803338039067142
2024-07-31,2599.51,2753.57,2580.66,2743.82,39572420.0,1638778249.0,6379002274.0,0.006203543798893463
2024-08-01,2742.52,2762.67,2713.92,2726.92,17431319.0,733290056.0,6379002274.0,0.002732608996088281
2024-08-02,2723.02,2793.88,2717.17,2741.22,25582033.0,1085719970.0,6379002274.0,0.004010350192892877
2024-08-05,2741.22,2832.88,2737.32,2772.43,32358803.0,1386017875.0,6379002274.0,0.005072705982860417
2024-08-06,2771.13,2806.88,2761.37,2789.33,21771513.0,931702111.0,6379002274.0,0.003412996588626079
2024-08-07,2787.38,2788.03,2737.32,2739.92,17729345.0,751651391.0,6379002274.0,0.00277932884148083
2024-08-08,2737.32,2788.03,2737.32,2767.88,16488658.0,700866800.0,6379002274.0,0.0025848333785999213
2024-08-09,2775.68,2814.68,2756.82,2757.47,15598427.0,666579242.0,6379002274.0,0.002445276914789198
2024-08-12,2744.47,2857.58,2743.82,2836.13,33283489.0,1447922052.0,6379002274.0,0.005217663761566484
2024-08-13,2834.18,2834.18,2756.17,2773.73,22723619.0,973012156.0,6379002274.0,0.0035622528451853003
2024-08-14,2791.93,2793.88,2736.02,2762.67,14184673.0,602382871.0,6379002274.0,0.0022236507200843803
2024-08-15,2754.87,2837.43,2750.97,2789.98,21424655.0,921651490.0,6379002274.0,0.003358621627605333
2024-08-16,2769.18,2808.83,2749.67,2802.98,15694280.0,673487375.0,6379002274.0,0.002460303245848945
2024-08-19,2808.83,2834.18,2715.22,2737.32,23967290.0,1014833545.0,6379002274.0,0.0037572160928187183
2024-08-20,2736.67,2754.87,2717.17,2746.42,15398722.0,648578631.0,6379002274.0,0.002413970294816045
2024-08-21,2742.52,2782.18,2732.77,2750.32,16231298.0,688060044.0,6379002274.0,0.002544488511339258
2024-08-22,2808.83,2877.73,2771.13,2855.63,53734750.0,2349925931.0,6379002274.0,0.008423691933614131
2024-08-23,2839.38,2856.93,2800.38,2835.48,27750880.0,1208090958.0,6379002274.0,0.0043503480337527154
2024-08-26,2834.83,2847.18,2782.18,2815.98,24522498.0,1059543421.0,6379002274.0,0.003844252901421681
2024-08-27,2812.73,2858.88,2802.33,2834.18,22626754.0,987526036.0,6379002274.0,0.0035470678686263784
2024-08-28,2834.18,2865.38,2804.93,2827.68,20622688.0,896690757.0,6379002274.0,0.003232901810374868
2024-08-29,2826.38,2895.93,2814.68,2880.98,30523004.0,1349314946.0,6379002274.0,0.004784918187662022
2024-08-30,2888.78,2892.68,2855.63,2868.63,31328037.0,1385994563.0,6379002274.0,0.004911118644319831
2024-09-02,2860.83,2884.23,2796.48,2853.68,25800846.0,1128406266.0,6379002274.0,0.004044652265631094
2024-09-03,2852.38,2938.19,2841.98,2897.88,31647968.0,1415250776.0,6379002274.0,0.004961272412300758
2024-09-04,2884.88,2934.94,2871.23,2893.33,21257720.0,949655587.0,6379002274.0,0.0033324521746361116
2024-09-05,2903.08,2936.89,2887.48,2925.19,19863861.0,892416905.0,6379002274.0,0.0031139448062219017
2024-09-06,2934.94,2934.94,2886.18,2886.18,14147570.0,632592170.0,6379002274.0,0.002217834293250481
2024-09-09,2886.18,2952.49,2879.68,2895.93,25601684.0,1144505482.0,6379002274.0,0.004013430768687636
2024-09-10,2886.18,2905.68,2841.33,2891.38,19918291.0,883221376.0,6379002274.0,0.003122477488554035
2024-09-11,2879.68,2960.94,2867.33,2953.14,29157838.0,1318678749.0,6379002274.0,0.004570908858089553
2024-09-12,2940.14,2975.89,2908.93,2923.24,18657815.0,842058821.0,6379002274.0,0.0029248798164012066
2024-09-13,2921.93,2944.69,2886.18,2910.23,19509734.0,874100288.0,6379002274.0,0.0030584303253063864
2024-09-18,2918.03,2963.54,2910.88,2932.99,17507905.0,791075183.0,6379002274.0,0.002744614948854931
2024-09-19,2933.64,2946.64,2886.18,2925.19,22401152.0,1006153997.0,6379002274.0,0.003511701522870471
2024-09-20,2918.68,2918.68,2750.97,2776.33,66915599.0,2879104757.0,6379002274.0,0.010489978859662654
2024-09-23,2787.38,2826.38,2763.97,2776.33,28475378.0,1219950847.0,6379002274.0,0.00446392347531557
2024-09-24,2819.88,2841.98,2745.77,2838.08,43328054.0,1866263527.0,6379002274.0,0.0067922932362949025
2024-09-25,2860.83,2902.43,2840.03,2849.78,43382501.0,1914228800.0,6379002274.0,0.006800828583620599
2024-09-26,2869.28,3022.69,2841.33,3020.09,47693338.0,2151506359.0,6379002274.0,0.007476614045803364
2024-09-27,3079.89,3178.7,3051.94,3164.4,38062085.0,1826081206.0,6379002274.0,0.005966777148698662
2024-09-30,3263.21,3428.32,3250.21,3399.72,101848211.0,5250200815.0,6379002274.0,0.0159661662788741
2024-10-08,3739.69,3739.69,3471.22,3640.88,119259493.0,6658937520.0,6379002274.0,0.018695634188137304
2024-10-09,3575.23,3575.23,3351.61,3359.41,90059068.0,4785336951.0,6379002274.0,0.014118049207643221
2024-10-10,3359.41,3498.52,3359.41,3417.27,58528066.0,3089484854.0,6379002274.0,0.009175112891643406
2024-10-11,3388.66,3417.27,3229.4,3263.21,49542203.0,2518858627.0,6379002274.0,0.0077664501237015866
2024-10-14,3282.71,3358.76,3254.11,3340.56,39584123.0,2016817820.0,6379002274.0,0.006205378411815252
2024-10-15,3340.56,3420.52,3285.96,3289.21,36326359.0,1870266585.0,6379002274.0,0.0056946772300210035
2024-10-16,3243.06,3294.41,3185.85,3196.9,39738816.0,1971863407.0,6379002274.0,0.0062296287558902975
2024-10-17,3204.7,3284.66,3199.5,3199.5,34296311.0,1711600383.0,6379002274.0,0.005376438121018923
2024-10-18,3185.2,3348.36,3169.6,3281.41,53672595.0,2684309741.0,6379002274.0,0.008413948246854003
2024-10-21,3289.21,3319.76,3206.65,3286.61,47185178.0,2372525724.0,6379002274.0,0.007396952685268787
2024-10-22,3263.86,3366.56,3263.86,3299.61,40107748.0,2046102371.0,6379002274.0,0.006287464132670726
2024-10-23,3304.16,3326.91,3259.31,3295.06,37059732.0,1875687445.0,6379002274.0,0.005809643954988187
2024-10-24,3289.21,3289.21,3108.5,3163.75,90154712.0,4383045856.0,6379002274.0,0.014133042774958571
2024-10-25,3159.2,3159.2,3036.99,3120.2,94314886.0,4498732087.0,6379002274.0,0.014785209653305103
2024-10-28,3122.15,3178.7,3118.25,3158.55,57114104.0,2769377026.0,6379002274.0,0.00895345408995852
2024-10-29,3160.5,3179.35,3126.7,3131.9,39770039.0,1926235120.0,6379002274.0,0.006234523408479976
2024-10-30,3131.9,3151.4,3052.59,3068.19,47548494.0,2256717311.0,6379002274.0,0.007453907673587388
2024-10-31,3068.84,3081.2,3026.59,3029.19,45672171.0,2138254363.0,6379002274.0,0.007159767160791578
2024-11-01,3036.99,3152.7,3036.99,3091.6,61995884.0,2962180401.0,6379002274.0,0.009718743047433502
2024-11-04,3126.7,3145.55,3072.09,3119.55,40659229.0,1942430936.0,6379002274.0,0.006373916680626033
2024-11-05,3095.5,3174.8,3087.7,3164.4,51436998.0,2489509350.0,6379002274.0,0.00806348638715033
2024-11-06,3166.35,3229.4,3136.45,3168.95,53755839.0,2624774467.0,6379002274.0,0.008426997936511475
2024-11-07,3159.2,3250.21,3146.85,3250.21,58406608.0,2882919254.0,6379002274.0,0.009156072609984462
2024-11-08,3256.71,3282.71,3194.95,3217.7,65231445.0,3240522917.0,6379002274.0,0.010225963590869854
2024-11-11,3184.55,3228.75,3139.7,3213.15,58679168.0,2870267472.0,6379002274.0,0.009198800295019302
2024-11-12,3213.15,3300.91,3188.45,3204.05,76735680.0,3839811096.0,6379002274.0,0.01202941725115303
2024-11-13,3195.6,3267.11,3189.1,3207.95,40914137.0,2023644063.0,6379002274.0,0.006413877161756284
2024-11-14,3202.75,3230.7,3148.15,3149.45,38909169.0,1911896966.0,6379002274.0,0.006099569702081595
2024-11-15,3137.75,3165.7,3100.7,3100.7,33086981.0,1593427809.0,6379002274.0,0.005186858317147544
2024-11-18,3101.35,3124.1,3055.19,3068.19,30353555.0,1443825224.0,6379002274.0,0.0047583546291740985
2024-11-19,3070.79,3107.2,3044.79,3083.15,26030458.0,1230951482.0,6379002274.0,0.004080647236339267
2024-11-20,3083.8,3301.56,3083.8,3280.11,109567359.0,5459304163.0,6379002274.0,0.017176253322025388
2024-11-21,3270.36,3313.26,3233.95,3262.56,48847493.0,2454422663.0,6379002274.0,0.00765754437791881
2024-11-22,3262.56,3291.16,3133.2,3137.75,50154761.0,2463628941.0,6379002274.0,0.007862477366472248
2024-11-25,3159.2,3217.05,3104.6,3104.6,43612870.0,2119573829.0,6379002274.0,0.0068369422249244995
2024-11-26,3111.1,3221.6,3107.2,3164.4,39975602.0,1955082311.0,6379002274.0,0.006266748353882151
2024-11-27,3160.5,3263.21,3157.9,3249.56,57454360.0,2862205754.0,6379002274.0,0.009006794092890772
2024-11-28,3246.96,3298.96,3206.0,3230.7,36721023.0,1836357877.0,6379002274.0,0.005756546466470189
2024-11-29,3257.36,3334.71,3237.2,3295.06,69304072.0,3512492251.0,6379002274.0,0.010864406222658763
2024-12-02,3289.21,3301.56,3251.51,3279.46,41976462.0,2116109033.0,6379002274.0,0.006580411825700503
2024-12-03,3272.96,3276.86,3219.65,3226.15,39619749.0,1972432253.0,6379002274.0,0.006210963297737806
2024-12-04,3227.45,3248.91,3201.45,3211.2,25826013.0,1281641897.0,6379002274.0,0.004048597553454956
2024-12-05,3212.5,3214.45,3149.45,3181.95,29810775.0,1454359603.0,6379002274.0,0.00467326608763018
2024-12-06,3181.95,3237.2,3174.8,3219.65,34229110.0,1688375559.0,6379002274.0,0.0053659034014635
2024-12-09,3248.91,3256.06,3189.1,3209.9,27661358.0,1368832175.0,6379002274.0,0.0043363141776487785
2024-12-10,3266.46,3266.46,3094.85,3128.65,102210021.0,4957092802.0,6379002274.0,0.016022885180115864
2024-12-11,3111.1,3131.25,3088.35,3129.95,42944859.0,2056039720.0,6379002274.0,0.006732221929914929
2024-12-12,3129.95,3129.95,3094.2,3122.8,36160892.0,1732532838.0,6379002274.0,0.005668737907084182
2024-12-13,3107.2,3114.35,3026.59,3028.54,65077716.0,3061019957.0,6379002274.0,0.010201864367606275
2024-12-16,3027.89,3027.89,2977.19,2994.74,35407912.0,1630463503.0,6379002274.0,0.005550697503952638
2024-12-17,2993.44,3053.24,2983.69,3022.69,31587486.0,1470663476.0,6379002274.0,0.004951790992260116
2024-12-18,3035.69,3058.44,3024.64,3028.54,24713965.0,1154970052.0,6379002274.0,0.0038742680968669617
2024-12-19,3001.89,3033.09,2982.39,3025.29,21746077.0,1007124998.0,6379002274.0,0.003409009131198187
2024-12-20,3025.29,3047.39,3004.49,3006.44,26073276.0,1212975576.0,6379002274.0,0.004087359571303391
2024-12-23,3006.44,3011.64,2958.34,2980.44,36192684.0,1660614929.0,6379002274.0,0.005673721758576065
2024-12-24,2980.44,3033.09,2975.89,3011.64,29399109.0,1362414863.0,6379002274.0,0.004608731544089115
2024-12-25,3026.59,3055.19,3011.64,3030.49,31525766.0,1472155113.0,6379002274.0,0.0049421154979823415
2024-12-26,3022.69,3025.29,2974.59,2997.34,25582787.0,1178284148.0,6379002274.0,0.0040104683931956224
2024-12-27,3003.19,3013.59,2983.69,2996.69,21250538.0,980779073.0,6379002274.0,0.003331326293237813
2024-12-30,3009.04,3039.59,2993.44,2999.29,25626685.0,1186680455.0,6379002274.0,0.004017350033633175
2024-12-31,2998.64,3027.24,2980.44,2983.69,38816593.0,1793640701.0,6379002274.0,0.006085057087722242
2025-01-02,2982.39,2996.69,2905.68,2921.93,34813241.0,1575496086.0,6379002274.0,0.005457474304703469
2025-01-03,2925.19,2936.24,2870.58,2883.58,27387320.0,1223704155.0,6379002274.0,0.0042933547949382655
2025-01-06,2908.93,2932.34,2884.88,2925.84,30148116.0,1351231040.0,6379002274.0,0.004726149122548502
2025-01-07,2928.44,2931.04,2860.83,2862.78,25742175.0,1139218012.0,6379002274.0,0.0040354547457870996
2025-01-08,2863.43,2871.88,2791.93,2830.93,35032742.0,1524946448.0,6379002274.0,0.005491884231298833
2025-01-09,2832.88,2851.73,2799.08,2800.38,25776764.0,1116825881.0,6379002274.0,0.004040877067102297
2025-01-10,2799.08,2821.83,2764.62,2773.73,26575159.0,1138717521.0,6379002274.0,0.00416603692215583
2025-01-13,2763.32,2806.23,2756.17,2782.83,19112933.0,819457430.0,6379002274.0,0.0029962260834898707
2025-01-14,2782.83,2886.83,2782.83,2879.03,33775503.0,1481294682.0,6379002274.0,0.005294794005273308
2025-01-15,2877.08,2878.38,2838.08,2852.38,18496457.0,810779951.0,6379002274.0,0.00289958463808505
2025-01-16,2865.38,2869.93,2786.08,2788.68,31015771.0,1344908224.0,6379002274.0,0.004862166474907264
2025-01-17,2762.67,2800.38,2758.77,2784.78,20061220.0,857835007.0,6379002274.0,0.0031448836570833302
2025-01-20,2814.03,2948.59,2813.38,2893.98,55860298.0,2490393185.0,6379002274.0,0.008756902035868439
2025-01-21,2915.43,2944.69,2895.93,2933.64,35398018.0,1593272360.0,6379002274.0,0.005549146477698842
2025-01-22,2927.14,2940.79,2875.78,2888.13,21075095.0,939501099.0,6379002274.0,0.0033038230893723615
2025-01-23,2895.93,2913.48,2845.23,2857.58,28608225.0,1264462646.0,6379002274.0,0.0044847491458975455
2025-01-24,2851.73,2934.94,2848.48,2901.78,35046072.0,1569811205.0,6379002274.0,0.005493973899781055
2025-01-27,2912.18,2936.89,2897.88,2902.43,19306771.0,864900093.0,6379002274.0,0.0030266129671550576
2025-02-05,2903.73,2912.18,2851.73,2860.83,27440678.0,1209865781.0,6379002274.0,0.004301719425911589
2025-02-06,2868.63,2895.93,2838.73,2883.58,25217720.0,1113529253.0,6379002274.0,0.003953238910540009
2025-02-07,2883.58,3011.64,2860.18,2944.04,50542235.0,2283393395.0,6379002274.0,0.007923219467408517
2025-02-10,2957.69,2957.69,2903.73,2917.38,37889246.0,1702769263.0,6379002274.0,0.005939682159141366
2025-02-11,2925.19,2931.69,2863.43,2872.53,31067830.0,1376208094.0,6379002274.0,0.0048703274690194915
2025-02-12,2873.18,2895.93,2861.48,2888.78,25175738.0,1113067394.0,6379002274.0,0.003946657630553465
2025-02-13,2879.68,2929.09,2864.08,2901.78,37862524.0,1692124022.0,6379002274.0,0.005935493102788632
2025-02-14,2900.48,2975.24,2896.58,2957.69,52217434.0,2363013539.0,6379002274.0,0.008185830911650809
2025-02-17,2977.19,3010.34,2921.93,2942.09,55765326.0,2543137861.0,6379002274.0,0.008742013814180999
2025-02-18,2945.34,2975.24,2903.08,2913.48,35021947.0,1582024379.0,6379002274.0,0.0054901919603861865
2025-02-19,2908.28,2936.89,2873.18,2906.33,36761103.0,1642055731.0,6379002274.0,0.005762829580706307
2025-02-20,2908.93,3053.89,2908.93,3022.69,85405751.0,3962875924.0,6379002274.0,0.013388575098664403
2025-02-21,3035.69,3151.4,3024.64,3138.4,97511816.0,4658378219.0,6379002274.0,0.015286374234015519
2025-02-24,3146.2,3162.45,3094.2,3126.05,53308063.0,2562457640.0,6379002274.0,0.008356802633113468
2025-02-25,3096.8,3136.45,3066.24,3079.24,35433199.0,1689640415.0,6379002274.0,0.00555466160349577
2025-02-26,3094.2,3103.3,3051.94,3090.95,32811280.0,1551997435.0,6379002274.0,0.0051436382353608175
2025-02-27,3081.2,3143.6,3067.54,3114.35,36908148.0,1768169581.0,6379002274.0,0.005785880991206557
2025-02-28,3101.35,3126.7,2977.84,2987.59,49161519.0,2294571489.0,6379002274.0,0.0077067724525473336
2025-03-03,2986.94,3042.84,2975.24,2984.99,31894554.0,1476382971.0,6379002274.0,0.0049999283006996464
2025-03-04,2977.84,2996.04,2949.89,2981.09,24333671.0,1113598159.0,6379002274.0,0.003814651563800336
2025-03-05,2981.09,2997.99,2955.09,2988.89,25266965.0,1157331477.0,6379002274.0,0.003960958769835359
2025-03-06,3009.69,3046.09,2993.44,3023.99,33138915.0,1539946176.0,6379002274.0,0.005194999715718866
2025-03-07,3016.19,3016.19,2958.99,2969.39,33661440.0,1544840662.0,6379002274.0,0.005276912995814367
2025-03-10,2978.49,3000.59,2925.19,2957.04,34360556.0,1561460747.0,6379002274.0,0.005386509445223001
2025-03-11,2928.44,2957.04,2921.93,2947.29,29153512.0,1317152158.0,6379002274.0,0.004570230695609876
2025-03-12,2949.89,2976.54,2921.93,2925.19,33955147.0,1533371103.0,6379002274.0,0.00532295577607753
2025-03-13,2928.44,2943.39,2910.23,2927.14,24334895.0,1095003467.0,6379002274.0,0.003814843443336888
2025-03-14,2932.99,3046.74,2917.38,3025.29,57320676.0,2648874641.0,6379002274.0,0.008985837210566889
2025-03-17,3075.99,3077.94,3014.89,3021.39,27743095.0,1295638303.0,6379002274.0,0.004349127623465086
2025-03-18,3047.39,3086.4,3017.49,3022.69,30830946.0,1443933601.0,6379002274.0,0.004833192508123568
2025-03-19,3023.99,3128.0,3009.69,3074.04,48516179.0,2295409175.0,6379002274.0,0.0076056061616008135
2025-03-20,3068.19,3085.75,3021.39,3031.14,32518757.0,1521454257.0,6379002274.0,0.005097781064061116
2025-03-21,3016.19,3031.14,2914.13,2915.43,54153818.0,2458827778.0,6379002274.0,0.008489386846705489
2025-03-24,2916.08,2927.79,2873.18,2882.93,32707594.0,1454999354.0,6379002274.0,0.0051273839693257335
2025-03-25,2890.73,2926.49,2875.13,2916.73,22910500.0,1026660592.0,6379002274.0,0.0035915491194258194
2025-03-26,3003.19,3051.29,2994.74,3005.14,61103593.0,2832596084.0,6379002274.0,0.009578863649108647
2025-03-27,2995.39,3147.5,2964.19,3145.55,86863207.0,4127696681.0,6379002274.0,0.013617052207998633
2025-03-28,3145.55,3219.65,3145.55,3159.85,77299809.0,3782798004.0,6379002274.0,0.012117852554319375
2025-03-31,3183.9,3255.41,3175.45,3198.2,78316591.0,3863528326.0,6379002274.0,0.012277247700507718
2025-04-01,3198.2,3412.72,3179.35,3367.21,135906280.0,6963773597.0,6379002274.0,0.021305256553040695
2025-04-02,3336.01,3364.61,3293.11,3305.46,63187882.0,3230471821.0,6379002274.0,0.00990560581198501
2025-04-03,3276.86,3354.21,3276.86,3317.81,51785846.0,2643033087.0,6379002274.0,0.0081181733091823
2025-04-07,3172.2,3240.46,3039.59,3165.7,115503305.0,5580749462.0,6379002274.0,0.01810679790329857
2025-04-08,3172.2,3204.05,3072.09,3165.7,98764578.0,4739094856.0,6379002274.0,0.015482762626147952
2025-04-09,3102.65,3134.5,2981.09,3134.5,97519951.0,4574095268.0,6379002274.0,0.015287649511817684
2025-04-10,3183.25,3191.05,3111.1,3152.7,73171260.0,3541702205.0,6379002274.0,0.011470643347822076
2025-04-11,3130.6,3164.4,3107.2,3144.9,42579799.0,2053266781.0,6379002274.0,0.006674993544609606
2025-04-14,3144.9,3250.21,3126.7,3176.75,57183442.0,2811326097.0,6379002274.0,0.008964323814881273
2025-04-15,3159.2,3180.65,3115.0,3137.75,32628885.0,1571241599.0,6379002274.0,0.005115045205892335
2025-04-16,3146.2,3178.7,3078.59,3178.7,45534414.0,2184411134.0,6379002274.0,0.007138171777362812
2025-04-17,3155.3,3176.75,3141.0,3170.9,30390040.0,1477059115.0,6379002274.0,0.004764074175653758
2025-04-18,3157.9,3180.0,3111.1,3120.2,25330179.0,1217785121.0,6379002274.0,0.003970868470018043
2025-04-21,3100.7,3211.2,3096.15,3196.25,37068001.0,1811287012.0,6379002274.0,0.005810940239210205
2025-04-22,3187.8,3334.71,3187.8,3313.26,61789198.0,3116791043.0,6379002274.0,0.009686342055691827
2025-04-23,3312.61,3344.46,3290.51,3321.06,38543044.0,1964625809.0,6379002274.0,0.006042174362767753
2025-04-24,3313.26,3362.01,3277.51,3323.66,33607741.0,1721477004.0,6379002274.0,0.005268494908205452
2025-04-25,3359.41,3380.21,3248.26,3267.76,52432914.0,2660676971.0,6379002274.0,0.008219610488886307
2025-04-28,3229.4,3259.96,3185.2,3248.26,39621032.0,1969933552.0,6379002274.0,0.006211164426369665
2025-04-29,3231.35,3232.65,3177.4,3224.2,34666988.0,1708826486.0,6379002274.0,0.005434547051550401
2025-04-30,3214.45,3338.61,3204.7,3321.71,42933848.0,2173618447.0,6379002274.0,0.006730495797907596
2025-05-06,3386.71,3391.91,3297.66,3315.21,38543945.0,1971965956.0,6379002274.0,0.006042315607426604
2025-05-07,3386.71,3396.46,3315.86,3348.36,39728794.0,2044498617.0,6379002274.0,0.006228057663802614
2025-05-08,3329.51,3362.66,3317.16,3351.61,29014812.0,1493108281.0,6379002274.0,0.004548487483420515
2025-05-09,3351.61,3444.57,3344.46,3432.87,58603714.0,3078537820.0,6379002274.0,0.009186971799471097
2025-05-12,3380.21,3380.21,3263.21,3295.06,84391222.0,4279425861.0,6379002274.0,0.013229533142505351
2025-05-13,3327.56,3395.16,3307.41,3330.16,51913233.0,2667979498.0,6379002274.0,0.0081381430465375
2025-05-14,3316.51,3461.47,3315.86,3438.72,62634690.0,3280790285.0,6379002274.0,0.009818885040265781
2025-05-15,3438.72,3506.97,3425.72,3490.07,53361459.0,2853103030.0,6379002274.0,0.008365173221131226
2025-05-16,3477.07,3510.22,3438.72,3500.47,38217660.0,2047406426.0,6379002274.0,0.0059911657589103405
2025-05-19,3497.22,3531.67,3448.47,3474.47,35019068.0,1875209002.0,6379002274.0,0.005489740635888038
2025-05-20,3529.07,3584.98,3496.57,3539.47,59335691.0,3233612042.0,6379002274.0,0.009301719681437443
2025-05-21,3528.42,3672.73,3512.17,3636.33,61240349.0,3398156910.0,6379002274.0,0.009600302111445838
2025-05-22,3640.23,3663.63,3585.63,3614.23,41314629.0,2298821740.0,6379002274.0,0.006476660020704674
2025-05-23,3646.83,3653.35,3542.45,3555.5,54184027.0,2981192924.0,6379002274.0,0.008494122540267338
2025-05-26,3535.93,3563.98,3461.55,3480.47,53228437.0,2850955759.0,6379002274.0,0.008344320116791983
2025-05-27,3471.99,3528.75,3466.12,3485.04,36032348.0,1930051269.0,6379002274.0,0.0056485867934023565
2025-05-28,3496.13,3583.55,3479.17,3539.19,35804983.0,1943962412.0,6379002274.0,0.00561294407213751
2025-05-29,3532.66,3561.37,3513.74,3529.4,35485276.0,1924548694.0,6379002274.0,0.005562825419365888
2025-05-30,3541.8,3631.17,3539.19,3571.15,47142160.0,2590435177.0,6379002274.0,0.007390208997439213
2025-06-03,3571.15,3639.0,3539.19,3580.29,43445035.0,2397345666.0,6379002274.0,0.006810631684060754
2025-06-04,3577.68,3642.92,3562.67,3607.04,36859302.0,2038925051.0,6379002274.0,0.0057782236808777785
2025-06-05,3594.64,3594.64,3493.52,3515.05,49527267.0,2675359811.0,6379002274.0,0.007764108691709804
2025-06-06,3516.35,3534.62,3482.43,3509.83,34453388.0,1849932993.0,6379002274.0,0.005401062191250129
2025-06-09,3522.88,3639.65,3508.53,3546.36,65690582.0,3607525589.0,6379002274.0,0.010297939893789729
2025-06-10,3547.67,3640.31,3547.67,3596.6,48073517.0,2654117466.0,6379002274.0,0.007536212550972356
2025-06-11,3588.12,3640.96,3558.76,3569.2,37773566.0,2080608921.0,6379002274.0,0.005921547661765263
2025-06-12,3548.97,3666.4,3522.88,3641.61,49318822.0,2730556453.0,6379002274.0,0.007731431951516498
2025-06-13,3633.13,3657.27,3494.17,3515.7,66023830.0,3593704539.0,6379002274.0,0.010350181292316624
2025-06-16,3484.39,3528.1,3464.16,3507.22,39224137.0,2100282375.0,6379002274.0,0.006148945448706388
2025-06-17,3522.88,3536.58,3366.31,3381.96,69518032.0,3648258374.0,6379002274.0,0.010897947518116843
2025-06-18,3372.83,3407.41,3348.04,3380.01,33409543.0,1728559051.0,6379002274.0,0.005237424532073462
2025-06-19,3381.96,3417.84,3347.39,3365.0,37316694.0,1930536852.0,6379002274.0,0.005849926430046606
2025-06-20,3376.09,3413.93,3368.26,3376.74,24060775.0,1249132876.0,6379002274.0,0.0037718712059515405
2025-06-23,3371.52,3404.14,3340.21,3389.79,31328106.0,1620281115.0,6379002274.0,0.004911129461058411
2025-06-24,3398.27,3425.02,3374.79,3402.19,45103539.0,2347206997.0,6379002274.0,0.0070706259478596324
2025-06-25,3402.19,3459.6,3347.39,3454.38,53648196.0,2799316482.0,6379002274.0,0.008410123354033468
2025-06-26,3431.54,3454.38,3385.88,3397.62,39226868.0,2050704854.0,6379002274.0,0.006149373572084104
2025-06-27,3386.53,3396.97,3370.87,3389.14,28776507.0,1492711802.0,6379002274.0,0.004511129760415571
2025-06-30,3386.53,3404.8,3326.51,3385.88,44535488.0,2292910157.0,6379002274.0,0.006981575815001818
2025-07-01,3385.22,3440.68,3379.35,3422.41,39772496.0,2084478374.0,6379002274.0,0.006234908578432026
2025-07-02,3418.5,3486.34,3398.92,3408.71,32571223.0,1714632081.0,6379002274.0,0.005106005861254534
2025-07-03,3409.36,3430.24,3380.01,3423.06,29367818.0,1536828863.0,6379002274.0,0.0046038262315251845
2025-07-04,3432.2,3509.18,3431.54,3474.6,47792312.0,2548289616.0,6379002274.0,0.007492129638328453
2025-07-07,3482.43,3496.13,3428.93,3434.81,28638794.0,1516132786.0,6379002274.0,0.004489541274617204
2025-07-08,3437.42,3502.65,3425.02,3483.73,35926315.0,1916547623.0,6379002274.0,0.00563196460149122
2025-07-09,3483.73,3779.92,3458.94,3730.99,115821169.0,6507788433.0,6379002274.0,0.01815662763941507
2025-07-10,3727.07,3802.1,3693.15,3757.74,90371570.0,5204345946.0,6379002274.0,0.014167038373437019
2025-07-11,3751.86,3791.66,3710.76,3712.07,65863171.0,3779524292.0,6379002274.0,0.010324995692265214
2025-07-14,3702.28,3787.09,3689.89,3732.29,47375836.0,2714468293.0,6379002274.0,0.0074268410583733235
2025-07-15,3734.9,3753.17,3687.28,3732.95,43692847.0,2491977102.0,6379002274.0,0.00684947976552485
2025-07-16,3761.0,3842.55,3721.2,3732.95,39819120.0,2293530537.0,6379002274.0,0.006242217558425658
2025-07-17,3712.07,3777.31,3708.16,3766.22,44414628.0,2553187389.0,6379002274.0,0.0069626292784105695
2025-07-18,3797.53,3905.18,3777.31,3833.41,66098565.0,3881474081.0,6379002274.0,0.010361897074313536
2025-07-21,3816.45,3836.02,3762.96,3783.83,50944185.0,2960736582.0,6379002274.0,0.007986230888746036
2025-07-22,3783.83,3839.28,3731.64,3745.34,47557025.0,2753253571.0,6379002274.0,0.007455245030063145
2025-07-23,3731.64,3789.05,3710.11,3727.07,42529511.0,2440208239.0,6379002274.0,0.006667110180120936
2025-07-24,3747.3,3782.53,3715.33,3751.21,46583415.0,2670846698.0,6379002274.0,0.007302617713410773
2025-07-25,3751.21,3754.47,3676.19,3679.45,50539423.0,2873987055.0,6379002274.0,0.007922778646120295
2025-07-28,3920.83,4047.4,3892.13,4047.4,163009595.0,9943549097.0,6379002274.0,0.025554089495218764
2025-07-29,4110.02,4268.55,4053.27,4162.22,168276889.0,10731327179.0,6379002274.0,0.02637981329554861
2025-07-30,4162.87,4222.89,4087.19,4148.51,98084933.0,6247901661.0,6379002274.0,0.015376218534955173
2025-07-31,4136.12,4191.57,4077.4,4103.5,74203875.0,4690208201.0,6379002274.0,0.011632520543603744
2025-08-01,4098.93,4147.86,3963.89,3999.77,73465464.0,4545894531.0,6379002274.0,0.011516764039955883
2025-08-04,3953.45,4048.05,3914.31,4044.79,68961349.0,4217834709.0,6379002274.0,0.01081067948213119
2025-08-05,4051.96,4074.8,4016.08,4064.36,54144318.0,3356911222.0,6379002274.0,0.008487897585596628
2025-08-06,4057.18,4080.67,4004.34,4017.39,57247861.0,3539622159.0,6379002274.0,0.008974422416078293
2025-08-07,3995.86,4051.31,3959.98,3967.15,50476397.0,3088025792.0,6379002274.0,0.007912898417631133
2025-08-08,3959.98,3988.03,3914.31,3978.89,36297073.0,2203721883.0,6379002274.0,0.005690086229933205
2025-08-11,3978.89,4006.95,3958.67,3984.11,42575238.0,2600063209.0,6379002274.0,0.006674278542513026
2025-08-12,4000.42,4008.9,3931.27,3969.76,39183475.0,2380971082.0,6379002274.0,0.006142571097631811
2025-08-13,3969.76,4143.3,3969.76,4084.58,81529632.0,5079201588.0,6379002274.0,0.012780937911294433
2025-08-14,4100.24,4149.17,4068.27,4098.28,57126647.0,3597162010.0,6379002274.0,0.008955420384915197
2025-08-15,4086.54,4192.88,4074.8,4136.12,61493254.0,3908038788.0,6379002274.0,0.009639948593628609
2025-08-18,4136.12,4172.0,4097.63,4115.24,72885756.0,4616557070.0,6379002274.0,0.011425886505335332
2025-08-19,4136.12,4266.6,4020.65,4024.56,99770049.0,6322095612.0,6379002274.0,0.01564038461103079
2025-08-20,4022.6,4108.07,3986.72,4100.24,65042442.0,4025484233.0,6379002274.0,0.010196334662726913
2025-08-21,4173.96,4262.03,4106.76,4174.61,85862923.0,5507421603.0,6379002274.0,0.013460243359681235
2025-08-22,4221.58,4253.55,4164.17,4239.2,63771891.0,4115097233.0,6379002274.0,0.009997157589977056
2025-08-25,4239.2,4331.84,4199.4,4322.7,84923381.0,5551997681.0,6379002274.0,0.013312956690129564
2025-08-26,4318.79,4318.79,4240.5,4260.07,57512937.0,3761929156.0,6379002274.0,0.009015976876888005
2025-08-27,4241.15,4286.82,4112.63,4113.29,83616934.0,5375767159.0,6379002274.0,0.013108152405088795
2025-08-28,4106.76,4124.38,4006.3,4111.98,71590154.0,4469129644.0,6379002274.0,0.011222782329423574
2025-08-29,4111.98,4362.5,4111.98,4320.74,102318607.0,6677635302.0,6379002274.0,0.016039907591354464
2025-09-01,4331.84,4493.63,4300.52,4459.05,87218089.0,5917826674.0,6379002274.0,0.013672685045981221
2025-09-02,4553.65,4616.93,4423.17,4492.97,108448969.0,7512721689.0,6379002274.0,0.017000929666073982
2025-09-03,4488.41,4789.81,4488.41,4695.87,112936901.0,8078844874.0,6379002274.0,0.017704477306790815
2025-09-04,4649.55,4669.77,4403.6,4478.62,110289406.0,7625423229.0,6379002274.0,0.017289444534222154
2025-09-05,4501.46,4761.1,4501.46,4727.83,93647856.0,6663122815.0,6379002274.0,0.014680643144100563
2025-09-08,4762.41,4819.17,4673.68,4717.39,74820928.0,5423039921.0,6379002274.0,0.011729252442025388
2025-09-09,4708.26,4830.26,4598.01,4637.8,76767009.0,5517534684.0,6379002274.0,0.012034328520761396
2025-09-10,4621.49,4682.17,4571.91,4587.57,46820413.0,3306783039.0,6379002274.0,0.007339770545440003
2025-09-11,4343.58,4466.88,4175.26,4455.14,194235937.0,12928573364.0,6379002274.0,0.030449265991279062
2025-09-12,4454.48,4534.73,4427.08,4502.11,83121521.0,5710845365.0,6379002274.0,0.013030489319433656
2025-09-15,4491.67,4546.47,4453.18,4507.98,61188153.0,4225790379.0,6379002274.0,0.009592119640620777
2025-09-16,4507.98,4523.64,4458.4,4511.24,43458205.0,2991348434.0,6379002274.0,0.006812696270250616
2025-09-17,4521.03,4618.88,4521.03,4575.17,58603371.0,4103135889.0,6379002274.0,0.00918691802930685
2025-09-18,4603.23,4770.24,4560.17,4637.8,86563888.0,6173830340.0,6379002274.0,0.01357012966633095
2025-09-19,4638.46,4647.59,4533.42,4543.86,52439242.0,3681125692.0,6379002274.0,0.008220602493549134
2025-09-22,4598.66,4742.84,4592.79,4635.19,57654243.0,4118513261.0,6379002274.0,0.009038128616914175
2025-09-23,4631.93,4644.33,4468.84,4547.12,56132957.0,3909219697.0,6379002274.0,0.008799645240571675
2025-09-24,4547.12,4591.48,4521.03,4573.87,39530211.0,2763214641.0,6379002274.0,0.006196926933404633
2025-09-25,4723.27,4767.63,4667.81,4714.78,73903918.0,5347121399.0,6379002274.0,0.011585497986295278
2025-09-26,4618.88,4656.07,4516.46,4571.91,69904485.0,4900954441.0,6379002274.0,0.010958529562674992
2025-09-29,4552.99,4552.99,4420.56,4514.5,64799104.0,4442889453.0,6379002274.0,0.010158187944862927
2025-09-30,4501.46,4669.77,4488.41,4667.81,57945078.0,4079739679.0,6379002274.0,0.009083721170029481
2025-10-09,4668.47,4674.99,4508.63,4641.72,59279340.0,4173571948.0,6379002274.0,0.009292885854832664
2025-10-10,4591.48,4624.1,4426.43,4449.26,70610070.0,4868800903.0,6379002274.0,0.011069140120516597
2025-10-13,4305.74,4438.17,4286.17,4369.67,53228709.0,3555005478.0,6379002274.0,0.008344362756688994
2025-10-14,4410.77,4414.04,4155.69,4192.88,70294663.0,4593967583.0,6379002274.0,0.011019695554352142
2025-10-15,4188.31,4333.14,4154.39,4331.84,51123163.0,3335928393.0,6379002274.0,0.00801428825450831
2025-10-16,4333.79,4468.84,4287.47,4360.54,46037757.0,3096812048.0,6379002274.0,0.007217078004133033
2025-10-17,4361.19,4397.07,4240.5,4247.03,34950734.0,2298728245.0,6379002274.0,0.005479028302349842
2025-10-20,4305.09,4339.01,4229.41,4248.98,32671694.0,2146357392.0,6379002274.0,0.005121756129977514
2025-10-21,4273.12,4343.58,4249.63,4305.74,36956031.0,2436269459.0,6379002274.0,0.005793387337488195
2025-10-22,4322.05,4357.28,4241.15,4257.46,39804808.0,2610971756.0,6379002274.0,0.006239973947374078
2025-10-23,4241.15,4268.55,4176.57,4249.63,34278526.0,2219041425.0,6379002274.0,0.00537365006745881
2025-10-24,4257.46,4329.23,4241.15,4273.12,37275277.0,2441099938.0,6379002274.0,0.005843433721904956
2025-10-27,4341.62,4426.43,4339.01,4371.63,50892492.0,3413538793.0,6379002274.0,0.007978127270377581
2025-10-28,4254.85,4270.51,4142.64,4150.47,108208999.0,6923383033.0,6379002274.0,0.01696331093046417
2025-10-29,4149.17,4206.58,4091.11,4176.57,56217455.0,3577122185.0,6379002274.0,0.008812891512695516
2025-10-30,4176.57,4176.57,4101.54,4102.2,60874000.0,3856500507.0,6379002274.0,0.009542871656922691
2025-10-31,4133.51,4272.47,4123.07,4185.05,83706390.0,5386074734.0,6379002274.0,0.013122175914747134
2025-11-03,4237.89,4239.85,4098.28,4136.12,46030561.0,2924454178.0,6379002274.0,0.007215949928034153
2025-11-04,4137.42,4139.38,4015.43,4039.57,51560966.0,3215841267.0,6379002274.0,0.008082920147270667
2025-11-05,3999.12,4076.75,3993.9,4042.18,33438078.0,2074291419.0,6379002274.0,0.005241897802151497
2025-11-06,4041.52,4077.4,4010.21,4072.19,25252395.0,1567372106.0,6379002274.0,0.0039586747135873495
2025-11-07,4044.79,4076.75,4012.17,4017.39,27065428.0,1670988958.0,6379002274.0,0.004242893612111605
2025-11-10,4016.73,4040.22,3976.94,4033.7,39624830.0,2431973885.0,6379002274.0,0.006211759817284555
2025-11-11,4041.52,4057.83,3979.55,3983.46,27515998.0,1687561580.0,6379002274.0,0.004313526915039943
2025-11-12,3985.42,4100.89,3985.42,4051.31,51426776.0,3203516791.0,6379002274.0,0.008061883942197196
2025-11-13,4089.8,4161.56,4059.79,4146.56,50831837.0,3211808939.0,6379002274.0,0.007968618730108325
2025-11-14,4139.38,4168.74,4094.37,4103.5,31950414.0,2021555066.0,6379002274.0,0.0050086851560197454
2025-11-17,4102.85,4113.29,4006.3,4031.74,31538452.0,1952561578.0,6379002274.0,0.004944104210237815
2025-11-18,4019.34,4100.24,4013.47,4030.43,21910059.0,1359324791.0,6379002274.0,0.003434715659109044
2025-11-19,4012.17,4030.43,3980.85,3986.72,21116242.0,1295307075.0,6379002274.0,0.003310273471145654
2025-11-20,3994.55,4021.95,3949.54,3955.41,25348006.0,1544020770.0,6379002274.0,0.003973663107679902
2025-11-21,3935.84,3986.07,3869.29,3881.69,44733534.0,2679336097.0,6379002274.0,0.007012622362956066
2025-11-24,3916.92,3986.07,3911.7,3957.37,34397324.0,2083464658.0,6379002274.0,0.005392273356007272
2025-11-25,3986.07,4019.34,3948.89,3971.72,26504513.0,1620797704.0,6379002274.0,0.004154962149493035
2025-11-26,4012.17,4096.98,3981.5,4068.27,43986195.0,2739532775.0,6379002274.0,0.00689546626739453
2025-11-27,4083.93,4107.41,4040.87,4050.66,25730763.0,1604386052.0,6379002274.0,0.00403366575128454
2025-11-28,4068.27,4068.27,4019.34,4050.0,20277619.0,1257510631.0,6379002274.0,0.0031788073007355693
2025-12-01,4050.0,4050.66,3983.46,4040.87,25483095.0,1567868103.0,6379002274.0,0.003994840243883569
2025-12-02,4038.26,4038.26,3979.55,3987.38,18230614.0,1115986037.0,6379002274.0,0.002857909939036338
2025-12-03,3986.07,4015.43,3959.98,3977.59,19852976.0,1211357997.0,6379002274.0,0.0031122384265198024
2025-12-04,3980.2,4011.51,3977.59,3995.86,18040766.0,1103403553.0,6379002274.0,0.0028281485450368724
2025-12-05,3991.94,4031.09,3959.98,4020.0,23117615.0,1418750952.0,6379002274.0,0.003624017363063884
2025-12-08,4083.93,4145.91,4039.57,4074.8,50861759.0,3186857202.0,6379002274.0,0.007973309432308253
2025-12-09,4065.66,4185.05,4064.36,4115.24,49359339.0,3131342824.0,6379002274.0,0.007737783571763624
2025-12-10,4119.81,4146.56,4062.4,4134.81,28895961.0,1820981675.0,6379002274.0,0.004529855886362708
2025-12-11,4146.56,4171.35,4117.2,4136.12,24706127.0,1569053154.0,6379002274.0,0.003873039378069988
2025-12-12,4128.29,4128.29,4061.75,4128.29,31562926.0,1984535365.0,6379002274.0,0.004947940860382895
2025-12-15,4089.15,4089.15,4004.34,4004.34,29007220.0,1796682727.0,6379002274.0,0.004547297328648044
2025-12-16,4004.34,4011.51,3828.19,3858.86,52378486.0,3112549391.0,6379002274.0,0.008211078120082827
2025-12-17,3871.9,3966.5,3849.72,3933.88,33041782.0,1980882810.0,6379002274.0,0.005179772726320242
2025-12-18,3917.57,3951.49,3911.05,3914.31,17930929.0,1078752360.0,6379002274.0,0.0028109300216248834
2025-12-19,3918.88,4004.34,3908.44,3969.76,28835842.0,1753822164.0,6379002274.0,0.004520431371772858
2025-12-22,3967.15,4012.17,3935.84,3974.98,23670924.0,1444845737.0,6379002274.0,0.0037107564762094017
2025-12-23,3969.76,4081.32,3969.11,4031.74,32919095.0,2037549674.0,6379002274.0,0.0051605397813031095
2025-12-24,4023.26,4044.79,3984.77,3994.55,25050206.0,1539580672.0,6379002274.0,0.003926978691025311
2025-12-25,3993.9,4022.6,3981.5,4005.64,15518175.0,952122260.0,6379002274.0,0.002432696263998855
2025-12-26,3999.12,4022.6,3953.45,3983.46,21430781.0,1311044160.0,6379002274.0,0.003359581965874057
2025-12-29,3983.46,3997.16,3941.06,3947.58,28575162.0,1737055879.0,6379002274.0,0.004479566046945729
2025-12-30,3940.4,3953.45,3907.78,3926.05,25330461.0,1525944032.0,6379002274.0,0.003970912677558327
2025-12-31,3924.75,3937.79,3881.69,3886.26,26827896.0,1603948702.0,6379002274.0,0.004205657067931624
2026-01-05,3918.22,4141.99,3913.66,4115.24,85117028.0,5316701689.0,6379002274.0,0.013343313631808245
2026-01-06,4133.51,4141.34,4070.88,4113.94,46352457.0,2919198722.0,6379002274.0,0.007266411737918123
2026-01-07,4110.68,4227.45,4110.02,4165.48,52465173.0,3364332736.0,6379002274.0,0.008224667549319014
2026-01-08,4240.5,4243.76,4111.98,4149.17,44774854.0,2854769456.0,6379002274.0,0.007019099864957972
2026-01-09,4147.86,4188.31,4096.98,4160.91,42635753.0,2709908741.0,6379002274.0,0.006683765135776467
2026-01-12,4181.79,4194.83,4123.72,4165.48,42877019.0,2735494019.0,6379002274.0,0.006721587037954393
2026-01-13,4194.83,4294.65,4178.52,4209.19,74034035.0,4818680909.0,6379002274.0,0.011605895690263867
2026-01-14,4211.14,4279.64,4123.07,4149.82,62925534.0,4049394399.0,6379002274.0,0.009864479004260032
2026-01-15,4121.77,4164.17,4090.45,4121.11,46761236.0,2956591609.0,6379002274.0,0.007330493702846421
2026-01-16,4132.86,4143.95,4022.6,4040.87,52378628.0,3262750168.0,6379002274.0,0.008211100380617297
2026-01-19,4031.74,4069.58,3957.37,3987.38,47389096.0,2909640710.0,6379002274.0,0.007428919753352638
2026-01-20,3988.03,4021.95,3940.4,3946.93,42775492.0,2599009142.0,6379002274.0,0.006705671226101839
2026-01-21,3947.58,3971.72,3905.18,3920.83,54603508.0,3291737381.0,6379002274.0,0.008559882197025848
2026-01-22,3937.79,3937.79,3868.64,3877.78,53706813.0,3203889161.0,6379002274.0,0.008419312408603791
2026-01-23,3896.69,3931.92,3833.41,3848.42,80804300.0,4801931324.0,6379002274.0,0.012667231728282654
2026-01-26,3848.42,3859.51,3787.09,3794.27,72732888.0,4244912106.0,6379002274.0,0.011401922256157515
2026-01-27,3809.27,3815.8,3727.73,3731.64,63725548.0,3659971231.0,6379002274.0,0.009989892660759381
2026-01-28,3747.3,3770.78,3672.93,3689.24,87875043.0,4992876575.0,6379002274.0,0.013775671997824404
2026-01-29,3676.19,3807.97,3658.57,3791.01,113782475.0,6528912261.0,6379002274.0,0.017837033146039603
2026-01-30,3783.83,3900.61,3768.17,3794.27,85204489.0,4988191673.0,6379002274.0,0.013357024396633723
2026-02-02,3768.17,3805.36,3673.58,3685.32,60957998.0,3482011262.0,6379002274.0,0.009556039546882908
2026-02-03,3718.59,3763.61,3685.97,3749.26,49883453.0,2850875660.0,6379002274.0,0.007819945950375122
2026-02-04,3738.16,3764.26,3668.36,3757.74,48924296.0,2781889093.0,6379002274.0,0.007669584348544473
2026-02-05,3751.21,3814.49,3738.16,3794.27,51774555.0,3003455269.0,6379002274.0,0.008116403283163338
2026-02-06,3766.87,3793.62,3734.25,3738.82,36090365.0,2078633870.0,6379002274.0,0.00565768178937633
2026-02-09,3767.52,3776.66,3718.59,3747.95,36611688.0,2100347755.0,6379002274.0,0.005739406638750479
2026-02-10,3748.6,3851.68,3721.86,3809.93,64886069.0,3782364995.0,6379002274.0,0.01017182095458209
2026-02-11,3809.93,3911.05,3806.67,3842.55,57368008.0,3389452542.0,6379002274.0,0.008993257179704213
2026-02-12,3822.97,3881.04,3816.45,3832.11,34868980.0,2051201547.0,6379002274.0,0.005466212191539971
2026-02-13,3833.41,3852.33,3792.31,3798.84,34356810.0,2009040552.0,6379002274.0,0.005385922206053128
2026-02-24,3804.06,3815.15,3765.57,3784.48,33898134.0,1967937990.0,6379002274.0,0.005314018171488114
2026-02-25,3782.53,3796.88,3756.43,3774.7,42157937.0,2436801368.0,6379002274.0,0.006608860631987917
2026-02-26,3774.7,3790.36,3692.5,3700.33,50898707.0,2904851185.0,6379002274.0,0.00797910156067143
2026-02-27,3693.8,3736.21,3672.93,3689.89,36364110.0,2063125422.0,6379002274.0,0.00570059524013896
2026-03-02,3625.95,3658.57,3535.93,3558.11,74206195.0,4067670783.0,6379002274.0,0.01163288423684296
2026-03-03,3568.54,3609.65,3487.0,3497.43,60139910.0,3257388812.0,6379002274.0,0.00942779253193287
2026-03-04,3471.99,3516.35,3436.11,3456.33,47151820.0,2502294687.0,6379002274.0,0.007391723340840433
2026-03-05,3484.39,3577.68,3464.16,3504.61,48485984.0,2609662194.0,6379002274.0,0.007600872662739546
2026-03-06,3496.78,3631.83,3483.73,3624.65,62911930.0,3465527848.0,6379002274.0,0.009862346382352144
2026-03-09,3573.76,3599.86,3526.14,3584.2,42623328.0,2329596366.0,6379002274.0,0.0066818173390104044
2026-03-10,3607.69,3702.28,3607.69,3689.24,47360492.0,2669120574.0,6379002274.0,0.0074244356665360235
2026-03-11,3682.71,3689.24,3627.26,3642.26,32125928.0,1795447675.0,6379002274.0,0.0050361994901524315
2026-03-12,3640.31,3655.96,3603.12,3607.69,26669135.0,1480023552.0,6379002274.0,0.004180769006573331
2026-03-13,3607.69,3629.22,3584.85,3595.29,24416444.0,1347312522.0,6379002274.0,0.003827627417459673
2026-03-16,3601.82,3656.62,3556.8,3626.61,30775144.0,1706961132.0,6379002274.0,0.004824444745134449
2026-03-17,3633.13,3747.3,3612.91,3672.93,50411099.0,2853748290.0,6379002274.0,0.007902662020590463
2026-03-18,3670.32,3723.81,3654.66,3710.76,39379311.0,2228050343.0,6379002274.0,0.006173271196422841
2026-03-19,3664.45,3720.55,3647.48,3654.66,34364651.0,1935908148.0,6379002274.0,0.005387151395143083
2026-03-20,3665.75,3702.94,3591.38,3597.25,34739510.0,1936270337.0,6379002274.0,0.0054459159140911135
2026-03-23,3534.62,3545.71,3419.15,3443.29,48770157.0,2600360832.0,6379002274.0,0.007645420851906722
2026-03-24,3475.25,3505.92,3445.24,3499.39,34835504.0,1854905816.0,6379002274.0,0.005460964348921002
2026-03-25,3522.88,3578.98,3512.44,3529.4,41152562.0,2230992166.0,6379002274.0,0.006451253696480498
2026-03-26,3475.91,3529.4,3362.39,3368.26,64941653.0,3412838811.0,6379002274.0,0.010180534542947869
2026-03-27,3346.73,3619.43,3334.34,3599.86,99119628.0,5393542863.0,6379002274.0,0.015538421800537518
2026-03-30,3570.5,3659.88,3562.67,3637.7,69727079.0,3866003912.0,6379002274.0,0.010930718630435153
2026-03-31,3644.22,3743.38,3601.16,3602.47,69292392.0,3885745233.0,6379002274.0,0.010862575215316502
2026-04-01,3655.31,3769.48,3627.26,3766.22,100551656.0,5750559322.0,6379002274.0,0.015762912706558475
2026-04-02,3766.87,3806.67,3719.25,3742.73,76516985.0,4415860425.0,6379002274.0,0.011995133676605428
2026-04-03,3717.29,3717.94,3659.88,3678.15,45491605.0,2569466951.0,6379002274.0,0.007131460853277633
2026-04-07,3686.63,3708.81,3588.12,3661.18,40146688.0,2244163329.0,6379002274.0,0.006293568535573781
2026-04-08,3719.25,3760.35,3647.48,3747.95,73446290.0,4189267319.0,6379002274.0,0.01151375824074522
2026-04-09,3713.37,3781.87,3699.67,3715.98,48075474.0,2749696421.0,6379002274.0,0.007536519338760781
2026-04-10,3751.21,3792.97,3705.55,3722.51,58779469.0,3371850930.0,6379002274.0,0.00921452391380665
2026-04-13,3692.5,3695.11,3588.77,3601.16,79604438.0,4431612860.0,6379002274.0,0.012479136169061664
2026-04-14,3610.95,3673.58,3575.07,3665.1,57445650.0,3184393125.0,6379002274.0,0.009005428675600438
2026-04-15,3779.92,3813.19,3721.2,3766.22,102947951.0,5945432691.0,6379002274.0,0.01613856628012232
2026-04-16,3782.53,3783.83,3719.9,3749.26,57671843.0,3311971254.0,6379002274.0,0.009040887669073749
2026-04-17,3731.64,3731.64,3654.01,3674.88,63252368.0,3567405886.0,6379002274.0,0.009915714916391954
2026-04-20,3674.88,3697.72,3642.26,3675.54,43304862.0,2433980876.0,6379002274.0,0.0067886575580173554
2026-04-21,3676.19,3702.94,3624.0,3637.05,43275130.0,2420276829.0,6379002274.0,0.006783996641039605
2026-04-22,3627.26,3649.44,3584.2,3616.82,52356307.0,2894035207.0,6379002274.0,0.008207601244068784
2026-04-23,3655.31,3781.22,3655.31,3679.45,96393800.0,5474037220.0,6379002274.0,0.015111109207922505
2026-04-24,3685.97,3702.28,3608.99,3656.62,55779762.0,3129630480.0,6379002274.0,0.008744276864009156
2026-04-27,3657.27,3657.92,3601.16,3612.91,45552955.0,2523081153.0,6379002274.0,0.007141078344754326
2026-04-28,3612.91,3741.43,3575.07,3577.68,90311952.0,5056516343.0,6379002274.0,0.01415769239777512
2026-04-29,3577.03,3593.34,3535.93,3587.46,59150922.0,3232737364.0,6379002274.0,0.009272754493456072
2026-04-30,3590.73,3590.73,3510.48,3515.05,71248482.0,3855730653.0,6379002274.0,0.011169220348203938
2026-05-06,3521.57,3530.05,3483.73,3498.74,66574753.0,3573491857.0,6379002274.0,0.010436546365777327
2026-05-07,3515.05,3550.93,3483.73,3502.0,62345182.0,3352802192.0,6379002274.0,0.009773500513412735
2026-05-08,3515.05,3517.66,3436.76,3444.59,80241465.0,4253912511.0,6379002274.0,0.012578999278155768
2026-05-11,3444.59,3509.18,3400.23,3491.56,102306339.0,5425541107.0,6379002274.0,0.016037984406587782
2026-05-12,3492.22,3840.59,3441.33,3660.53,246539965.0,13832346444.0,6379002274.0,0.038648671753083626
2026-05-13,3660.53,3735.56,3631.17,3644.22,132779072.0,7453651588.0,6379002274.0,0.020815021894754697
2026-05-14,3640.31,3701.63,3541.14,3543.75,91722681.0,5058298449.0,6379002274.0,0.014378844380390011
2026-05-15,3528.1,3631.17,3506.57,3522.23,76598895.0,4173748481.0,6379002274.0,0.012007974242650349
2026-05-18,3508.53,3509.83,3404.8,3420.45,78660889.0,4141536235.0,6379002274.0,0.012331221344850707
2026-05-19,3411.97,3451.77,3348.69,3365.65,69909453.0,3627118898.0,6379002274.0,0.010959308367852763
2026-05-20,3360.43,3389.79,3286.71,3323.9,82704641.0,4207608523.0,6379002274.0,0.012965137406690318
2026-05-21,3329.12,3443.94,3319.33,3356.52,99402491.0,5157539017.0,6379002274.0,0.015582764628435998
2026-05-22,3363.04,3365.0,3288.02,3292.59,67761985.0,3439250074.0,6379002274.0,0.01062266199154517
2026-05-25,3262.58,3263.23,3197.99,3224.74,83835491.0,4132036880.0,6379002274.0,0.013142414346159238
2026-05-26,3201.9,3273.01,3183.64,3209.73,71374551.0,3526003698.0,6379002274.0,0.011188983470175825
2026-05-27,3201.87,3360.39,3173.71,3299.47,96115293.0,4800578724.0,6379002274.0,0.015067449245433519
2026-05-28,3279.17,3313.23,3134.4,3144.23,97869676.0,4764526056.0,6379002274.0,0.015342473916164652
2026-05-29,3145.54,3309.3,3119.34,3287.68,130040460.0,6428005491.0,6379002274.0,0.02038570522698014
2026-06-01,3296.2,3353.84,3209.73,3220.87,94665292.0,4730298019.0,6379002274.0,0.014840140814158926
2026-06-02,3197.94,3216.28,3137.68,3170.43,61144312.0,2958267989.0,6379002274.0,0.009585246935749877
2026-06-03,3150.78,3156.02,3091.82,3091.82,81536421.0,3874213873.0,6379002274.0,0.012782002184312123
2026-06-04,3078.72,3136.37,3046.63,3054.49,63924885.0,3002777698.0,6379002274.0,0.010021141591460107
2026-06-05,3110.17,3191.39,3078.72,3083.96,93026396.0,4447209359.0,6379002274.0,0.014583220385288736
2026-06-08,3052.52,3125.89,2983.74,3009.29,68421068.0,3166674106.0,6379002274.0,0.010725982694641065
2026-06-09,3035.49,3052.52,2964.75,3038.11,62128609.0,2856659948.0,6379002274.0,0.009739549592767554
2026-06-10,3019.77,3103.62,3007.32,3079.38,62157553.0,2901932496.0,6379002274.0,0.009744086979455432
2026-06-11,3059.07,3091.82,3027.63,3077.41,47337364.0,2211880829.0,6379002274.0,0.0074208100211754216
2026-06-12,3091.82,3206.46,3049.9,3176.33,100299020.0,4824609044.0,6379002274.0,0.015723308393979733
2026-06-15,3173.05,3196.63,3119.34,3136.37,66940790.0,3219757536.0,6379002274.0,0.010493927909830371
2026-06-16,3118.03,3150.12,3087.89,3101.65,50293459.0,2385274213.0,6379002274.0,0.007884220265132955
2026-06-17,3102.96,3121.96,3064.31,3078.07,51823862.0,2440284436.0,6379002274.0,0.008124132861846978
2026-06-18,3078.07,3242.49,3053.18,3171.74,118592836.0,5748480210.0,6379002274.0,0.018591126152026828
2026-06-22,3157.33,3236.59,3098.38,3233.31,94632110.0,4576625230.0,6379002274.0,0.014834939060252168
2026-06-23,3221.52,3335.5,3196.63,3208.42,107582714.0,5376611879.0,6379002274.0,0.01686513178377337
2026-06-24,3208.42,3364.32,3205.15,3291.61,135881224.0,6874481944.0,6379002274.0,0.02130132866605716
2026-06-25,3266.07,3327.64,3187.46,3277.86,105138605.0,5219089446.0,6379002274.0,0.016481982680666467
2026-06-26,3305.37,3323.06,3184.84,3188.12,74961679.0,3706726925.0,6379002274.0,0.011751317177849935
2026-06-29,3210.39,3492.06,3172.4,3467.17,172756167.0,8958581324.0,6379002274.0,0.02708200429777743
2026-06-30,3469.79,3501.23,3386.6,3408.87,114641266.0,6000711377.0,6379002274.0,0.017971660939401633
2026-07-01,3380.7,3542.5,3289.65,3522.85,156930827.0,8235118692.0,6379002274.0,0.0246011555191993
2026-07-02,3524.16,3632.24,3477.65,3503.85,132023817.0,7141714076.0,6379002274.0,0.02069662485277866
2026-07-03,3573.28,3612.59,3490.09,3566.73,109867098.0,5951497720.0,6379002274.0,0.017223241704710512
2026-07-06,3563.46,3784.21,3522.19,3718.71,179698209.0,10153086404.0,6379002274.0,0.028170268841637976
2026-07-07,3694.47,3701.02,3594.9,3626.34,107722116.0,5989364938.0,6379002274.0,0.01688698504452046
2026-07-08,3640.1,3718.05,3536.6,3537.91,95782739.0,5273411153.0,6379002274.0,0.015015316641349735
2026-07-09,3484.85,3653.2,3461.93,3642.72,110832177.0,6049882802.0,6379002274.0,0.01737453166488713
2026-07-10,3576.56,3765.21,3573.28,3651.89,133618942.0,7492062043.0,6379002274.0,0.02094668355028086
2026-07-13,3609.97,3682.68,3588.35,3651.89,93029343.0,5152853239.0,6379002274.0,0.014583682369761137
2026-07-14,3651.89,3666.96,3554.94,3590.97,96629185.0,5314265764.0,6379002274.0,0.015148009179091884
2026-07-15,3554.29,3799.28,3554.29,3766.52,194169673.0,10991590777.0,6379002274.0,0.03043887815989827
2026-07-16,3721.33,3759.97,3636.17,3667.61,122008374.0,6880194374.0,6379002274.0,0.019126560668788373
2026-07-17,3668.27,3679.4,3473.06,3484.2,116181697.0,6283258291.0,6379002274.0,0.018213145568789304
2026-07-20,3469.79,3653.86,3465.2,3640.1,113306851.0,6214720011.0,6379002274.0,0.017762472269656382
2026-07-21,3667.61,3667.61,3521.54,3598.18,96439027.0,5269033286.0,6379002274.0,0.015118199188150971
2026-07-22,3560.18,3700.36,3554.94,3628.31,85979835.0,4767071639.0,6379002274.0,0.013478570990708507
2026-07-23,3628.31,3651.89,3530.71,3596.87,79998901.0,4377851104.0,6379002274.0,0.012540973895881073
2026-07-24,3602.76,3608.0,3471.75,3501.23,70483651.0,3790751145.0,6379002274.0,0.011049322131030173
2026-07-27,3530.71,3573.94,3463.89,3511.06,55245201.0,2964873314.0,6379002274.0,0.008660476768470893
2026-07-28,3501.23,3529.4,3440.97,3490.75,47979539.0,2542729533.0,6379002274.0,0.007521480153026201
2026-07-29,3537.26,3566.08,3453.41,3530.05,68465748.0,3686520304.0,6379002274.0,0.010732986924782527
2026-07-30,3540.53,3582.46,3491.4,3579.84,73587887.0,3975428219.0,6379002274.0,0.011535955599190621
2026-07-31,3517.61,3566.73,3504.5,3542.5,57808235.0,3124597596.0,6379002274.0,0.00906226906919582
2026-08-03,3528.74,3558.22,3462.58,3471.75,61609889.0,3275808994.0,6379002274.0,0.009658232800937232
2026-08-04,3490.09,3560.18,3475.03,3499.26,73006899.0,3913843856.0,6379002274.0,0.011444877406231192
2026-08-05,3499.92,3523.5,3463.89,3507.12,67092456.0,3583246048.0,6379002274.0,0.010517703728286835
2026-08-06,3514.33,3524.81,3406.25,3413.45,89863125.0,4727889147.0,6379002274.0,0.014087332335069175
2026-08-07,3406.25,3577.87,3394.46,3577.87,141931526.0,7600965867.0,6379002274.0,0.022249800188737165
2026-08-10,3602.76,3660.41,3513.02,3549.05,118365658.0,6470269919.0,6379002274.0,0.018555512745691175
2026-08-11,3523.5,3655.17,3521.54,3600.8,120761741.0,6656983256.0,6379002274.0,0.018931133085217645
2026-08-12,3578.52,3626.34,3543.81,3560.84,74881219.0,4084685102.0,6379002274.0,0.011738703920079524
2026-08-13,3540.53,3621.1,3515.64,3521.54,97590004.0,5313853180.0,6379002274.0,0.01529863132323442
2026-08-14,3516.3,3520.88,3419.35,3446.86,87325060.0,4615118850.0,6379002274.0,0.013689454282831316
2026-08-17,3438.34,3513.02,3396.42,3463.24,66853034.0,3527625675.0,6379002274.0,0.010480170899528355
2026-08-18,3453.41,3473.72,3410.83,3430.48,59840379.0,3137378747.0,6379002274.0,0.009380836756227813
2026-08-19,3450.14,3450.79,3407.56,3449.48,63799164.0,3340675782.0,6379002274.0,0.010001433023474103
2026-08-20,3340.74,3375.46,3154.71,3242.49,238741624.0,11929918450.0,6379002274.0,0.037426170072564546
2026-08-21,3177.64,3196.63,3114.75,3127.2,127415292.0,6108715052.0,6379002274.0,0.01997417253154596
2026-08-24,3114.1,3149.47,3044.01,3063.0,86002333.0,4047756847.0,6379002274.0,0.013482097874542943
2026-08-25,3047.94,3070.86,3027.63,3045.32,77014310.0,3583608995.0,6379002274.0,0.012073096495654268
2026-08-26,3045.32,3110.17,3045.32,3061.69,78295358.0,3679128467.0,6379002274.0,0.01227391912354725
2026-08-27,3064.31,3119.34,3045.97,3118.68,77849527.0,3667194002.0,6379002274.0,0.012204028726765744
2026-08-28,3116.72,3122.61,3085.27,3099.69,53239662.0,2522685032.0,6379002274.0,0.008346079796365346
2026-08-31,3089.86,3089.86,3005.36,3017.8,89275896.0,4126674263.0,6379002274.0,0.01399527577594339
2026-09-01,3016.49,3039.42,3006.67,3028.29,46473969.0,2146398929.0,6379002274.0,0.007285460484850738
2026-09-02,3028.29,3034.18,2979.81,2985.05,54828799.0,2509384084.0,6379002274.0,0.008595199789075981
2026-09-03,2987.02,3019.11,2971.3,3010.6,50291740.0,2300358125.0,6379002274.0,0.007883950787254415
2026-09-04,3011.25,3040.08,3006.67,3014.53,48980329.0,2260815675.0,6379002274.0,0.007678368324093186
2026-09-07,3014.53,3034.84,2994.22,3030.25,39419658.0,1815380899.0,6379002274.0,0.006179596166734334
2026-09-08,3026.32,3026.32,2984.4,2994.22,58914290.0,2694774205.0,6379002274.0,0.009235659037170614
2026-09-09,2987.02,2987.02,2924.13,2928.72,71694388.0,3214392264.0,6379002274.0,0.011239122502309991
2026-09-10,2911.69,2912.34,2804.91,2812.12,103781432.0,4488705829.0,6379002274.0,0.016269226368361693
2026-09-11,2793.78,2800.98,2743.99,2795.09,80255095.0,3393509196.0,6379002274.0,0.012581135975936164
2026-09-14,2774.13,2829.15,2751.85,2826.53,52623232.0,2253034256.0,6379002274.0,0.00824944556211958
2026-09-15,2827.19,2848.8,2816.05,2825.22,37573455.0,1625245775.0,6379002274.0,0.005890177395475247
2026-09-16,2821.95,2856.01,2813.43,2850.77,41619539.0,1804072210.0,6379002274.0,0.006524459031726001
