date,open,high,low,close,volume,amount,outstanding_share,turnover
2020-12-01,3105.6,3199.03,3084.71,3190.29,18912335.0,1571690622.0,1423756420.0,0.013283406300636734
2020-12-02,3171.3,3199.41,3114.33,3150.79,12104299.0,1003421990.0,1423756420.0,0.008501664210230568
2020-12-03,3162.95,3183.46,3110.54,3158.01,12171738.0,1010965705.0,1423756420.0,0.008549031160821736
2020-12-04,3164.85,3245.36,3149.66,3203.97,14083698.0,1189824064.0,1423756420.0,0.009891929407419283
2020-12-07,3194.09,3209.28,3121.93,3161.43,13085909.0,1086276185.0,1423756420.0,0.009191115008282106
2020-12-08,3161.81,3223.72,3141.3,3151.93,11795735.0,987529767.0,1423756420.0,0.008284938936394752
2020-12-09,3156.11,3189.91,3124.59,3137.12,8537528.0,709037504.0,1423756420.0,0.005996480774429098
2020-12-10,3109.78,3171.3,3087.37,3118.89,11530855.0,949175424.0,1423756420.0,0.008098895877147301
2020-12-11,3120.03,3192.95,3076.35,3107.5,14171881.0,1170133048.0,1423756420.0,0.00995386626597266
2020-12-14,3101.42,3120.03,3030.4,3048.25,18322832.0,1473962992.0,1423756420.0,0.012869358650547823
2020-12-15,3066.1,3203.59,3049.77,3193.71,21177358.0,1754756623.0,1423756420.0,0.014874284465035107
2020-12-16,3206.62,3292.84,3206.62,3279.55,17992802.0,1545296392.0,1423756420.0,0.012637556359535151
2020-12-17,3283.34,3338.41,3244.98,3264.35,16885278.0,1459558800.0,1423756420.0,0.011859667681077076
2020-12-18,3264.73,3349.81,3264.73,3308.03,15824973.0,1382952397.0,1423756420.0,0.01111494408573062
2020-12-21,3300.43,3377.91,3259.42,3373.36,15795557.0,1389421313.0,1423756420.0,0.01109428324825394
2020-12-22,3336.52,3356.26,3259.04,3265.49,17854690.0,1549100186.0,1423756420.0,0.012540551002396885
2020-12-23,3269.29,3353.61,3247.26,3302.71,14307676.0,1245753797.0,1423756420.0,0.010049244237999643
2020-12-24,3322.46,3373.36,3268.53,3365.0,15865419.0,1388199739.0,1423756420.0,0.011143352034893722
2020-12-25,3330.82,3484.26,3292.84,3464.13,19656933.0,1758392337.0,1423756420.0,0.013806387612285535
2020-12-28,3451.97,3483.5,3325.88,3342.21,20818535.0,1857971165.0,1423756420.0,0.014622258911394409
2020-12-29,3356.64,3442.1,3344.87,3393.48,16319700.0,1461486352.0,1423756420.0,0.011462424169437635
2020-12-30,3383.23,3466.79,3380.19,3464.51,12382552.0,1122066462.0,1423756420.0,0.00869710002782639
2020-12-31,3413.61,3474.38,3368.8,3457.67,21363134.0,1931135191.0,1423756420.0,0.015004767458748316
2021-01-04,3429.57,3615.29,3418.17,3574.65,20779108.0,1938645348.0,1423756420.0,0.01459456667454395
2021-01-05,3562.49,3752.39,3541.61,3707.58,24627077.0,2378965761.0,1423756420.0,0.01729725439973784
2021-01-06,3710.62,3806.7,3642.25,3737.96,20736405.0,2039655420.0,1423756420.0,0.014564573482309565
2021-01-07,3942.29,4111.68,3896.34,4063.45,55305421.0,5893180165.0,1423756420.0,0.03884472106541932
2021-01-08,4063.83,4161.81,4052.43,4139.79,28583705.0,3088863128.0,1423756420.0,0.02007626065700199
2021-01-11,4138.65,4222.2,4038.0,4127.25,24837309.0,2712871154.0,1423756420.0,0.017444914488954508
2021-01-12,4083.96,4322.09,4070.66,4292.08,25284811.0,2804848806.0,1423756420.0,0.017759225275345906
2021-01-13,4323.99,4488.44,4253.72,4317.91,25014992.0,2879791547.0,1423756420.0,0.01756971322383923
2021-01-14,4237.01,4313.35,4124.97,4164.47,23226723.0,2569565701.0,1423756420.0,0.01631369149506627
2021-01-15,4200.55,4214.23,3987.87,4090.41,21945295.0,2359701186.0,1423756420.0,0.015413658327876056
2021-01-18,4112.82,4245.75,4031.54,4170.17,19395570.0,2125975528.0,1423756420.0,0.013622814778949338
2021-01-19,4174.35,4261.7,4025.85,4082.44,19254043.0,2089901480.0,1423756420.0,0.013523410837367814
2021-01-20,4120.8,4224.1,4105.6,4175.87,13910116.0,1530773576.0,1423756420.0,0.00977001108096847
2021-01-21,4223.34,4432.23,4196.38,4308.42,24393412.0,2788167982.0,1423756420.0,0.0171331357367997
2021-01-22,4307.28,4492.24,4274.61,4424.25,16485259.0,1920417014.0,1423756420.0,0.011578707402773291
2021-01-25,4439.83,4530.98,4345.26,4425.01,19506458.0,2282324686.0,1423756420.0,0.013700698887805542
2021-01-26,4378.68,4489.2,4317.91,4443.62,13886840.0,1616892132.0,1423756420.0,0.00975366277891832
2021-01-27,4482.74,4515.78,4266.26,4379.44,18456584.0,2125884031.0,1423756420.0,0.012963301686112854
2021-01-28,4311.83,4401.09,4196.76,4229.8,16130100.0,1818237849.0,1423756420.0,0.011329255323041845
2021-01-29,4358.55,4382.1,4196.76,4246.13,16400013.0,1854946607.0,1423756420.0,0.01151883339707785
2021-02-01,4308.42,4598.2,4308.42,4598.2,27528156.0,3266915916.0,1423756420.0,0.01933487752069276
2021-02-02,4602.76,4606.56,4388.55,4598.58,23055752.0,2752560632.0,1423756420.0,0.01619360704972273
2021-02-03,4633.52,4799.49,4548.45,4678.72,22275342.0,2764631581.0,1423756420.0,0.015645472559133393
2021-02-04,4694.29,4952.55,4679.1,4937.36,23835728.0,3065275599.0,1423756420.0,0.016741436712889413
2021-02-05,4986.73,5009.14,4658.59,4699.99,28830973.0,3665209494.0,1423756420.0,0.020249933622775166
2021-02-08,4700.75,5009.14,4587.19,5009.14,22902222.0,2933087879.0,1423756420.0,0.016085772593039477
2021-02-09,5062.31,5218.03,4956.35,5218.03,24064419.0,3239089678.0,1423756420.0,0.01690206180071167
2021-02-10,5146.25,5358.55,5139.41,5333.11,19201336.0,2674446267.0,1423756420.0,0.013486391162330984
2021-02-18,5564.02,5703.79,5388.18,5468.32,30570648.0,4464943311.0,1423756420.0,0.021471824513353204
2021-02-19,5397.29,5556.43,5004.58,5221.45,31842389.0,4369687268.0,1423756420.0,0.022365053848185632
2021-02-22,5317.16,5387.42,5110.17,5140.55,37258483.0,5124062160.0,1423756420.0,0.02616914134792804
2021-02-23,5151.18,5222.21,4895.58,4967.36,28745470.0,3818594462.0,1423756420.0,0.020189879108675063
2021-02-24,5063.83,5163.72,4790.38,4892.54,43807430.0,5747916484.0,1423756420.0,0.030768907788313957
2021-02-25,5132.19,5222.21,5004.58,5064.59,29634087.0,3987642307.0,1423756420.0,0.0208140146613
2021-02-26,5009.52,5210.81,4966.6,4967.74,34315770.0,4581239632.0,1423756420.0,0.024102275865418046
2021-03-01,4979.14,5069.91,4768.35,4942.68,38601831.0,5001401856.0,1423756420.0,0.02711266510039688
2021-03-02,5013.32,5016.74,4603.14,4649.47,42559249.0,5349493517.0,1423756420.0,0.02989222622785434
2021-03-03,4674.16,4808.23,4663.91,4779.74,23746626.0,2971333638.0,1423756420.0,0.016678854378756727
2021-03-04,4684.79,4736.07,4301.96,4341.84,44286733.0,5167819460.0,1423756420.0,0.031105554558271985
2021-03-05,4300.82,4366.9,4165.61,4169.79,40804988.0,4541174013.0,1423756420.0,0.028660090607352626
2021-03-08,4272.71,4456.16,4091.17,4097.63,37986448.0,4259063234.0,1423756420.0,0.026680440183721874
2021-03-09,4029.64,4162.19,3949.89,3950.65,35023050.0,3762710493.0,1423756420.0,0.02459904623292234
2021-03-10,4067.62,4208.91,4055.47,4137.13,33367020.0,3623294268.0,1423756420.0,0.023435904857939113
2021-03-11,4175.87,4313.73,4113.58,4206.25,34393378.0,3825254516.0,1423756420.0,0.024156785189421656
2021-03-12,4322.85,4421.97,4291.7,4418.18,35970964.0,4146974762.0,1423756420.0,0.02526483006131063
2021-03-15,4474.01,4498.31,4219.54,4302.34,29493675.0,3371744875.0,1423756420.0,0.020715393859295116
2021-03-16,4303.1,4462.61,4302.34,4450.84,20952531.0,2422179792.0,1423756420.0,0.014716373324588767
2021-03-17,4450.08,4532.88,4291.7,4481.6,24210132.0,2836473964.0,1423756420.0,0.017004405851950434
2021-03-18,4530.98,4537.43,4443.62,4488.44,17118373.0,2028002399.0,1423756420.0,0.012023385994635235
2021-03-19,4360.07,4431.47,4250.31,4376.78,20599813.0,2359240839.0,1423756420.0,0.014468635723517932
2021-03-22,4332.72,4401.47,4115.1,4189.16,30215638.0,3344615782.0,1423756420.0,0.02122247708635442
2021-03-23,4204.35,4207.01,3918.36,4101.81,37752157.0,4000646495.0,1423756420.0,0.026515881838833077
2021-03-24,4070.66,4070.66,3807.84,3849.62,35697090.0,3648649391.0,1423756420.0,0.025072469910267375
2021-03-25,3830.25,4023.95,3824.55,3945.33,23442934.0,2429984075.0,1423756420.0,0.016465551038568803
2021-03-26,4012.55,4139.79,3951.03,4110.54,21069383.0,2254145743.0,1423756420.0,0.014798446352220839
2021-03-29,4154.98,4322.85,4090.79,4222.96,23112908.0,2571465136.0,1423756420.0,0.016233751557025465
2021-03-30,4229.04,4268.16,4154.98,4225.24,14953050.0,1661357514.0,1423756420.0,0.01050253385336798
2021-03-31,4143.96,4173.97,3952.17,4010.65,28518834.0,3019966476.0,1423756420.0,0.020030697385722763
2021-04-01,4041.04,4094.21,3989.01,4092.69,15428080.0,1642603535.0,1423756420.0,0.010836179407710766
2021-04-02,4121.56,4252.59,4110.16,4234.73,17460344.0,1927507432.0,1423756420.0,0.012263575253974974
2021-04-06,4255.62,4265.12,4039.14,4072.94,19504141.0,2101106128.0,1423756420.0,0.01369907150269426
2021-04-07,4125.73,4152.7,3972.68,4061.17,17947535.0,1915003116.0,1423756420.0,0.012605762297458157
2021-04-08,4064.21,4172.07,3988.25,4144.34,19466729.0,2110484584.0,1423756420.0,0.013672794536020424
2021-04-09,4243.85,4249.93,4046.74,4060.03,17269869.0,1866110730.0,1423756420.0,0.012129791836162538
2021-04-12,4177.39,4177.39,3759.99,3800.63,48401607.0,4959682658.0,1423756420.0,0.03399570763656328
2021-04-13,3835.95,4050.91,3801.77,3966.22,35599049.0,3709357852.0,1423756420.0,0.02500360911454222
2021-04-14,3966.22,4035.72,3935.45,3999.64,16750705.0,1758712241.0,1423756420.0,0.011765148001931397
2021-04-15,4025.85,4038.0,3885.32,3969.64,14725686.0,1523916139.0,1423756420.0,0.010342840806997029
2021-04-16,4006.86,4039.52,3847.34,3932.8,18631154.0,1931906095.0,1423756420.0,0.013085913951488977
2021-04-19,3919.5,4117.0,3852.28,4099.53,26972598.0,2873251101.0,1423756420.0,0.018944671729733097
2021-04-20,4067.62,4299.3,4065.35,4254.48,27425068.0,3046520448.0,1423756420.0,0.01926247187703638
2021-04-21,4175.11,4282.97,4152.32,4246.89,18907579.0,2100983267.0,1423756420.0,0.013280065841599506
2021-04-22,4279.93,4293.98,4094.21,4162.57,14992985.0,1642987023.0,1423756420.0,0.01053058289282376
2021-04-23,4161.81,4274.99,4126.49,4220.3,15666453.0,1739191327.0,1423756420.0,0.01100360481605414
2021-04-26,4265.26,4349.42,4163.81,4179.18,18719884.0,2073813428.0,1423756420.0,0.013148235004973674
2021-04-27,4184.95,4197.25,4075.04,4127.69,14173351.0,1522102490.0,1423756420.0,0.009954898745952626
2021-04-28,4149.98,4173.42,4002.41,4168.81,13697928.0,1464351441.0,1423756420.0,0.00962097716124785
2021-04-29,4111.93,4112.32,3996.64,4053.9,25619943.0,2698836147.0,1423756420.0,0.017994611044493132
2021-04-30,4016.24,4039.68,3904.41,3948.22,25303950.0,2604226707.0,1423756420.0,0.017772667883738148
2021-05-06,3919.79,4081.19,3917.48,4030.46,20412305.0,2137367765.0,1423756420.0,0.014336936229583428
2021-05-07,4048.52,4226.07,3996.64,4097.33,25593374.0,2754694198.0,1423756420.0,0.017975949846814387
2021-05-10,4184.18,4187.64,3935.16,3983.58,21764531.0,2263259823.0,1423756420.0,0.015286695599237404
2021-05-11,3939.0,4013.94,3842.93,4001.26,19598510.0,2008746346.0,1423756420.0,0.013765353205571498
2021-05-12,3957.83,4087.34,3957.83,4066.97,13564187.0,1421036591.0,1423756420.0,0.009527041851723485
2021-05-13,4027.0,4030.08,3795.66,3833.32,34550038.0,3474534271.0,1423756420.0,0.024266818055858178
2021-05-14,3833.7,3975.89,3820.25,3973.59,25775097.0,2615018211.0,1423756420.0,0.018103586145725686
2021-05-17,3912.87,4214.15,3912.1,4187.64,35171093.0,3798963811.0,1423756420.0,0.024703026800047722
2021-05-18,4212.62,4244.13,4111.55,4167.27,13278900.0,1441767048.0,1423756420.0,0.009326665582305153
2021-05-19,4169.58,4208.01,4088.11,4165.73,11253163.0,1215541363.0,1423756420.0,0.007903854087625466
2021-05-20,4111.93,4124.23,3990.5,4038.15,20160369.0,2115489248.0,1423756420.0,0.014159984613098356
2021-05-21,4087.72,4091.95,3934.39,3977.43,16153782.0,1673675855.0,1423756420.0,0.011345888786229318
2021-05-24,3977.43,4007.79,3907.87,3999.33,15307016.0,1575413625.0,1423756420.0,0.010751148008870786
2021-05-25,4008.94,4201.09,3985.12,4196.09,26902567.0,2888485455.0,1423756420.0,0.018895484243013985
2021-05-26,4225.3,4334.05,4221.46,4301.77,25284921.0,2832068142.0,1423756420.0,0.01775930253575257
2021-05-27,4189.17,4303.69,4164.96,4265.65,19703283.0,2172015713.0,1423756420.0,0.013838942338184505
2021-05-28,4284.86,4327.14,4172.27,4200.32,16919617.0,1868425814.0,1423756420.0,0.011883786272935647
2021-05-31,4188.79,4200.32,4112.32,4180.34,17974849.0,1937659613.0,1423756420.0,0.012624946758800217
2021-06-01,4151.13,4501.99,4151.13,4490.46,34042377.0,3857601441.0,1423756420.0,0.023910253553062116
2021-06-02,4515.44,4526.97,4403.23,4468.94,19002235.0,2204227712.0,1423756420.0,0.013346549123901404
2021-06-03,4468.94,4500.07,4336.36,4341.74,19302785.0,2209339956.0,1423756420.0,0.013557645625928065
2021-06-04,4311.76,4413.22,4304.08,4377.09,17400906.0,1971022186.0,1423756420.0,0.012221827944417627
2021-06-07,4383.24,4407.84,4313.69,4369.79,17109352.0,1939196405.0,1423756420.0,0.012017049938921434
2021-06-08,4381.71,4387.85,4214.15,4267.95,18890383.0,2102147754.0,1423756420.0,0.013267987932935888
2021-06-09,4227.22,4411.68,4215.69,4411.68,25051057.0,2822110920.0,1423756420.0,0.017595044101715095
2021-06-10,4380.94,4434.74,4357.88,4387.09,18700783.0,2139565817.0,1423756420.0,0.013134819086540099
2021-06-11,4398.23,4500.07,4366.33,4411.68,20170783.0,2327775133.0,1423756420.0,0.014167299066507457
2021-06-15,4413.6,4607.67,4388.62,4408.61,21629962.0,2521983428.0,1423756420.0,0.015192178729561058
2021-06-16,4423.21,4530.04,4221.46,4227.6,24732007.0,2786682312.0,1423756420.0,0.01737095380402218
2021-06-17,4167.27,4233.37,4082.34,4143.06,22274852.0,2400083705.0,1423756420.0,0.015645128399140073
2021-06-18,4138.83,4138.83,3946.69,4004.33,33860918.0,3524989449.0,1423756420.0,0.023782802679126813
2021-06-21,3975.89,4048.52,3946.69,4035.07,18090125.0,1880618747.0,1423756420.0,0.01270591285551499
2021-06-22,4073.5,4160.35,4073.5,4101.56,15695903.0,1679189435.0,1423756420.0,0.011024289534020152
2021-06-23,4111.93,4111.93,4017.4,4030.85,16375363.0,1724873483.0,1423756420.0,0.011501520042311732
2021-06-24,4045.83,4054.29,3979.35,4034.69,11045306.0,1155198087.0,1423756420.0,0.007757862120825415
2021-06-25,4022.01,4226.07,4022.01,4208.01,25555406.0,2750987922.0,1423756420.0,0.01794928236390323
2021-06-28,4227.22,4242.59,4111.93,4160.74,17766093.0,1919128084.0,1423756420.0,0.012478323363767519
2021-06-29,4120.0,4180.72,4113.85,4141.52,13492048.0,1453951456.0,1423756420.0,0.009476373774665753
2021-06-30,4141.91,4234.14,4116.16,4181.87,14067921.0,1527716235.0,1423756420.0,0.009880848158001634
2021-07-01,4207.24,4207.24,4035.46,4111.55,15823334.0,1683040282.0,1423756420.0,0.011113792905671323
2021-07-02,4054.67,4092.72,3980.12,3994.72,17488411.0,1820582521.0,1423756420.0,0.012283288597919018
2021-07-05,4040.84,4334.82,4035.07,4329.44,47780381.0,5259135720.0,1423756420.0,0.03355937878755974
2021-07-06,4380.94,4573.08,4380.94,4569.24,40894921.0,4787841858.0,1423756420.0,0.028723256608739294
2021-07-07,4496.22,4578.85,4448.96,4569.24,28117584.0,3314160047.0,1423756420.0,0.01974887249323167
2021-07-08,4585.76,4752.16,4579.23,4607.67,25215563.0,3049427277.0,1423756420.0,0.017710587742248776
2021-07-09,4736.79,4827.87,4585.0,4790.21,34737522.0,4279713143.0,1423756420.0,0.024398500692976683
2021-07-12,4843.24,5064.98,4828.25,4896.66,39020857.0,5021198507.0,1423756420.0,0.02740697527460491
2021-07-13,4896.66,4977.74,4799.82,4855.54,24031424.0,3051878037.0,1423756420.0,0.016878887190549068
2021-07-14,4915.1,4924.71,4769.07,4819.03,16371285.0,2058085546.0,1423756420.0,0.01149865578832649
2021-07-15,4857.84,5057.29,4838.25,4974.67,26212923.0,3394212532.0,1423756420.0,0.018411100825799963
2021-07-16,5034.23,5055.75,4774.45,4799.43,25367665.0,3219893549.0,1423756420.0,0.017817419218380065
2021-07-19,4840.17,4852.46,4696.06,4786.37,17922928.0,2225083168.0,1423756420.0,0.01258847914448737
2021-07-20,4680.69,4680.69,4541.57,4627.65,26028133.0,3119004713.0,1423756420.0,0.0182813103662774
2021-07-21,4683.76,4722.96,4621.12,4679.92,19992481.0,2432673886.0,1423756420.0,0.014042065566243416
2021-07-22,4713.73,4822.49,4675.69,4711.43,20784881.0,2560166973.0,1423756420.0,0.014598621441159155
2021-07-23,4734.49,4780.22,4565.4,4569.24,23245137.0,2800000481.0,1423756420.0,0.01632662488714186
2021-07-26,4630.73,4669.16,4380.55,4503.14,20947965.0,2465988900.0,1423756420.0,0.014713166315344868
2021-07-27,4559.63,4573.08,4294.86,4301.77,24539734.0,2827706747.0,1423756420.0,0.017235907529744448
2021-07-28,4265.65,4301.77,4120.77,4183.03,30752694.0,3362936135.0,1423756420.0,0.02159968767691316
2021-07-29,4296.39,4419.37,4163.81,4400.92,33038051.0,3698632665.0,1423756420.0,0.023204847778667083
2021-07-30,4477.01,4480.85,4287.94,4370.18,28485170.0,3233429600.0,1423756420.0,0.020007052891814175
2021-08-02,4337.9,4630.73,4323.68,4611.13,31990003.0,3759386417.0,1423756420.0,0.02246873309972502
2021-08-03,4630.73,4664.54,4485.85,4634.57,22212054.0,2651090522.0,1423756420.0,0.015601021135342799
2021-08-04,4573.47,4634.19,4495.46,4579.62,17446583.0,2066613283.0,1423756420.0,0.01225390997710128
2021-08-05,4548.1,4548.1,4393.23,4448.19,21517231.0,2496831487.0,1423756420.0,0.01511300015770956
2021-08-06,4476.63,4476.63,4293.7,4323.29,22940572.0,2585373331.0,1423756420.0,0.016112708380271956
2021-08-09,4337.9,4438.2,4284.86,4393.23,20160378.0,2291843970.0,1423756420.0,0.014159990934404355
2021-08-10,4342.89,4396.31,4291.78,4372.48,18231171.0,2056378505.0,1423756420.0,0.012804978958409192
2021-08-11,4381.32,4457.41,4311.76,4327.14,15870563.0,1801107551.0,1423756420.0,0.011146965012456274
2021-08-12,4338.66,4350.19,4202.24,4230.29,23396399.0,2584966069.0,1423756420.0,0.016432866374713168
2021-08-13,4250.28,4419.37,4230.29,4361.72,26438725.0,2994860360.0,1423756420.0,0.018569696774396283
2021-08-16,4406.68,4475.47,4312.53,4403.99,29085402.0,3341219667.0,1423756420.0,0.02042863624102218
2021-08-17,4410.91,4447.8,4250.28,4266.03,20988028.0,2373824624.0,1423756420.0,0.01474130525781931
2021-08-18,4269.49,4296.01,4165.35,4213.77,14575163.0,1597483542.0,1423756420.0,0.010237118368885037
2021-08-19,4189.94,4189.94,4063.9,4111.16,26459911.0,2820304336.0,1423756420.0,0.018584577128719814
2021-08-20,4111.16,4141.91,3908.26,4029.69,27795531.0,2901920990.0,1423756420.0,0.019522672986436822
2021-08-23,4029.69,4108.47,3999.33,4077.35,17626738.0,1862672556.0,1423756420.0,0.012380444964033946
2021-08-24,4078.11,4138.06,4048.52,4111.16,19008229.0,2027344115.0,1423756420.0,0.01335075911369727
2021-08-25,4138.83,4138.83,4013.94,4077.73,20457024.0,2169381048.0,1423756420.0,0.014368345394361768
2021-08-26,4084.26,4180.72,4015.86,4095.79,20155133.0,2148669641.0,1423756420.0,0.014156307017741138
2021-08-27,4073.5,4086.57,4000.49,4023.54,20167849.0,2110554328.0,1423756420.0,0.014165238320751523
2021-08-30,4039.3,4164.58,4038.15,4106.55,20955990.0,2237203729.0,1423756420.0,0.01471880281319469
2021-08-31,4167.27,4188.02,4029.31,4100.4,19736671.0,2096143306.0,1423756420.0,0.013862392978709098
2021-09-01,4127.3,4132.3,4007.02,4111.93,22059596.0,2337825337.0,1423756420.0,0.015493939616440851
2021-09-02,4073.5,4120.39,4019.7,4038.92,24102383.0,2544445106.0,1423756420.0,0.016928726474153492
2021-09-03,4052.75,4054.29,3920.17,3952.45,23484330.0,2419447975.0,1423756420.0,0.01649462623669855
2021-09-06,3923.24,4041.22,3923.24,4019.32,18983841.0,1970233247.0,1423756420.0,0.01333362977917248
2021-09-07,4015.86,4133.07,3965.13,4113.08,22736235.0,2408140151.0,1423756420.0,0.01596918874648516
2021-09-08,4073.5,4214.92,4058.13,4166.5,26092193.0,2815875034.0,1423756420.0,0.01832630401764931
2021-09-09,4143.83,4207.24,4015.09,4058.13,23509965.0,2501945401.0,1423756420.0,0.01651263142328798
2021-09-10,4058.13,4092.33,4023.54,4040.84,14751540.0,1555137770.0,1423756420.0,0.010360999812032454
2021-09-13,4053.9,4445.11,4040.84,4445.11,55670746.0,6257522472.0,1423756420.0,0.03910131341146121
2021-09-14,4488.54,4508.91,4297.55,4312.53,41001787.0,4670680731.0,1423756420.0,0.02879831579618092
2021-09-15,4311.76,4312.53,4105.01,4250.66,33045570.0,3605691407.0,1423756420.0,0.02321012887864625
2021-09-16,4265.65,4434.35,4253.35,4282.94,30689978.0,3475437995.0,1423756420.0,0.02155563800723722
2021-09-17,4282.94,4323.29,4195.32,4305.23,16360271.0,1818756519.0,1423756420.0,0.0114909199145174
2021-09-22,4227.6,4298.31,4148.44,4268.34,14270163.0,1562882296.0,1423756420.0,0.010022896332225143
2021-09-23,4287.55,4319.45,4111.93,4125.0,19519965.0,2129049036.0,1423756420.0,0.013710185763376575
2021-09-24,4128.07,4131.15,4018.16,4024.7,22779315.0,2396622622.0,1423756420.0,0.015999446731204205
2021-09-27,4032.38,4070.81,3922.09,3963.98,22095248.0,2284667070.0,1423756420.0,0.01551898041660806
2021-09-28,3972.43,4087.72,3944.76,4067.74,17161859.0,1795973213.0,1423756420.0,0.012053929140491602
2021-09-29,4040.07,4134.61,3984.35,4081.57,17514694.0,1860212541.0,1423756420.0,0.012301748918540434
2021-09-30,4081.96,4124.23,4042.38,4102.32,13072987.0,1386812595.0,1423756420.0,0.009182039017601059
2021-10-08,4188.02,4195.71,4085.42,4125.0,13248834.0,1422260140.0,1423756420.0,0.00930554820606182
2021-10-11,4136.14,4183.03,4056.21,4081.19,11791087.0,1261178733.0,1423756420.0,0.008281674333029522
2021-10-12,4086.18,4086.18,3996.64,4020.85,12377312.0,1293765874.0,1423756420.0,0.008693419622999838
2021-10-13,4022.78,4049.29,3950.91,3982.43,13080764.0,1356611479.0,1423756420.0,0.00918750132835222
2021-10-14,3982.43,4102.32,3982.43,4033.54,11763280.0,1237072237.0,1423756420.0,0.00826214360459214
2021-10-15,3996.64,4058.9,3988.96,4033.92,10793379.0,1131329969.0,1423756420.0,0.007580916825646342
2021-10-18,4055.83,4082.34,3954.76,4025.08,12699575.0,1324837793.0,1423756420.0,0.008919766626934684
2021-10-19,4036.61,4262.57,4035.07,4183.41,33939613.0,3683408603.0,1423756420.0,0.023838075476421732
2021-10-20,4227.22,4373.25,4146.52,4153.82,31839481.0,3524404741.0,1423756420.0,0.022363011363980365
2021-10-21,4188.79,4329.44,4175.72,4294.47,26766109.0,2981817058.0,1423756420.0,0.018799640601445015
2021-10-22,4303.69,4324.83,4213.77,4266.8,15618889.0,1730561399.0,1423756420.0,0.010970197416212529
2021-10-25,4248.36,4303.69,4193.4,4251.05,16164950.0,1782431186.0,1423756420.0,0.011353732824607738
2021-10-26,4291.78,4304.08,4189.56,4198.78,12885533.0,1417846121.0,1423756420.0,0.009050377451502554
2021-10-27,4198.78,4199.17,4045.83,4069.66,19243802.0,2048974627.0,1423756420.0,0.013516217893507375
2021-10-28,4086.57,4106.94,3984.35,4015.86,17782971.0,1864512599.0,1423756420.0,0.012490177919619145
2021-10-29,4015.86,4064.66,3996.26,4053.14,14889388.0,1563544370.0,1423756420.0,0.010457819744194727
2021-11-01,4038.92,4096.94,3991.26,4012.02,17146728.0,1794735956.0,1423756420.0,0.012043301620371271
2021-11-02,4012.02,4035.07,3926.7,3995.88,22386261.0,2317159649.0,1423756420.0,0.01572337844137693
2021-11-03,3981.27,3988.19,3915.17,3941.69,17213632.0,1761693791.0,1423756420.0,0.012090292804439118
2021-11-04,3954.37,3987.42,3920.94,3968.98,12251662.0,1263325101.0,1423756420.0,0.008605167167569296
2021-11-05,3966.67,3981.27,3842.93,3864.45,27258863.0,2749851151.0,1423756420.0,0.019145734914403405
2021-11-08,3838.32,3902.49,3769.14,3861.76,14257137.0,1424821250.0,1423756420.0,0.010013747295341432
2021-11-09,3862.14,3880.59,3686.14,3714.57,31277784.0,3055020769.0,1423756420.0,0.021968493739961504
2021-11-10,3689.59,3744.16,3589.29,3740.71,22382124.0,2132816227.0,1423756420.0,0.015720472747719025
2021-11-11,3690.36,3812.95,3670.38,3799.89,14625761.0,1429802010.0,1423756420.0,0.010272656751215914
2021-11-12,3804.5,3816.03,3734.94,3786.05,10658280.0,1046883046.0,1423756420.0,0.007486027701283341
2021-11-15,3784.9,3806.42,3683.83,3747.62,12682670.0,1229128480.0,1423756420.0,0.008907893107165058
2021-11-16,3760.3,3776.83,3723.03,3737.25,8640477.0,843432260.0,1423756420.0,0.006068788789026145
2021-11-17,3735.33,3823.71,3733.79,3781.82,12205341.0,1203292386.0,1423756420.0,0.008572632810322991
2021-11-18,3792.2,3796.81,3746.85,3750.7,9249484.0,905243064.0,1423756420.0,0.0064965354115839565
2021-11-19,3761.46,3885.58,3751.85,3852.15,14444634.0,1436777135.0,1423756420.0,0.010145439063235269
2021-11-22,3852.15,3867.91,3798.73,3842.93,11266103.0,1124321471.0,1423756420.0,0.007912942720918512
2021-11-23,3842.93,3842.93,3777.6,3796.81,13194537.0,1305059696.0,1423756420.0,0.009267411766965026
2021-11-24,3807.96,3807.96,3749.54,3776.44,8645193.0,848568984.0,1423756420.0,0.0060721011533700405
2021-11-25,3759.15,3772.99,3718.8,3726.87,11629848.0,1129244644.0,1423756420.0,0.008168425326573768
2021-11-26,3706.12,3762.23,3689.59,3706.12,8990995.0,870005066.0,1423756420.0,0.006314981181963696
2021-11-29,3643.09,3706.12,3631.57,3650.78,17411361.0,1656490576.0,1423756420.0,0.012229171194887395
2021-11-30,3646.94,3699.97,3635.41,3679.6,11907963.0,1138759610.0,1423756420.0,0.008363764217477594
2021-12-01,3684.6,3716.11,3631.57,3650.78,11937047.0,1132734467.0,1423756420.0,0.008384191868999614
2021-12-02,3638.48,3698.82,3616.19,3658.08,12769946.0,1213698366.0,1423756420.0,0.008969192918547121
2021-12-03,3643.48,3662.31,3595.44,3651.55,11738154.0,1108207660.0,1423756420.0,0.008244495922975364
2021-12-06,3662.31,3862.14,3662.31,3753.39,23468251.0,2301889701.0,1423756420.0,0.01648333287234624
2021-12-07,3784.9,3853.69,3748.01,3823.71,20562485.0,2044034279.0,1423756420.0,0.014442417755700094
2021-12-08,3865.98,3880.59,3807.96,3842.93,15152642.0,1513601581.0,1423756420.0,0.010642720754158215
2021-12-09,3842.93,3972.82,3825.63,3952.45,23941209.0,2450971770.0,1423756420.0,0.016815523121574406
2021-12-10,3919.79,3987.42,3895.19,3942.84,16242370.0,1665574751.0,1423756420.0,0.011408110103552685
2021-12-13,4019.7,4287.17,4019.7,4104.25,47373865.0,5139860779.0,1423756420.0,0.03327385522869144
2021-12-14,4073.5,4119.62,3978.97,4023.54,17769409.0,1869586545.0,1423756420.0,0.012480652413844778
2021-12-15,4016.24,4068.89,3951.68,3965.13,13140655.0,1365905669.0,1423756420.0,0.009229566810311556
2021-12-16,3995.11,4012.02,3958.21,3996.26,9355361.0,970479787.0,1423756420.0,0.006570899957732939
2021-12-17,4010.09,4064.66,3960.14,3963.98,10849298.0,1127474874.0,1423756420.0,0.007620192504557767
2021-12-20,3930.16,3963.6,3854.84,3877.51,14550470.0,1471517179.0,1423756420.0,0.010219774812323586
2021-12-21,3858.3,3945.15,3857.91,3910.18,8760147.0,892821144.0,1423756420.0,0.0061528410878034885
2021-12-22,3912.1,3927.86,3853.69,3900.57,8904237.0,901532889.0,1423756420.0,0.006254045196860289
2021-12-23,3907.49,3955.14,3895.19,3944.38,7887000.0,805437092.0,1423756420.0,0.005539571157824876
2021-12-24,3953.6,3957.06,3865.98,3890.96,7293021.0,740061659.0,1423756420.0,0.0051223797115520645
2021-12-27,3915.94,3927.09,3884.05,3906.34,6159910.0,626360711.0,1423756420.0,0.004326519560136558
2021-12-28,3884.43,3931.31,3876.74,3915.17,6875701.0,700760468.0,1423756420.0,0.004829267776014664
2021-12-29,3931.31,3940.92,3869.83,3915.56,7794461.0,792420320.0,1423756420.0,0.005474574787167597
2021-12-30,3915.56,3916.33,3810.26,3870.6,12242263.0,1232981493.0,1423756420.0,0.008598565617003505
2021-12-31,3870.6,3906.72,3839.08,3881.36,8941507.0,901404281.0,1423756420.0,0.0062802224273727945
2022-01-04,3883.28,3901.72,3796.04,3844.85,14154523.0,1410441164.0,1423756420.0,0.009941674573801044
2022-01-05,3834.86,3977.43,3823.71,3864.06,13387736.0,1360959621.0,1423756420.0,0.009403108433393403
2022-01-06,3843.7,3950.14,3842.93,3879.43,10359634.0,1048617280.0,1423756420.0,0.007276268506659306
2022-01-07,3879.82,4000.87,3865.98,3952.45,13644260.0,1405192082.0,1423756420.0,0.009583282511203706
2022-01-10,3958.21,3995.11,3858.68,3869.83,12687301.0,1284514554.0,1423756420.0,0.008911145770285622
2022-01-11,3849.84,3873.67,3766.07,3773.75,11893975.0,1177831807.0,1423756420.0,0.008353939503219238
2022-01-12,3772.99,3826.4,3728.41,3811.8,9140442.0,899426014.0,1423756420.0,0.006419947872825044
2022-01-13,3792.97,3827.56,3723.03,3730.33,9077309.0,888842731.0,1423756420.0,0.0063756053159711125
2022-01-14,3728.79,3761.84,3666.15,3693.05,9025330.0,870538010.0,1423756420.0,0.006339096964352933
2022-01-17,3700.74,3726.87,3663.08,3671.15,9200240.0,882592855.0,1423756420.0,0.0064619480346223826
2022-01-18,3700.35,3815.26,3696.9,3796.81,17950305.0,1758255774.0,1423756420.0,0.012607707854971428
2022-01-19,3789.13,3791.43,3689.98,3707.27,13063064.0,1266282776.0,1423756420.0,0.009175069426552612
2022-01-20,3708.42,3719.95,3643.09,3663.08,11303520.0,1078281564.0,1423756420.0,0.007939223199429015
2022-01-21,3658.47,3665.38,3570.46,3599.67,13316623.0,1248622030.0,1423756420.0,0.009353160985219648
2022-01-24,3585.45,3594.29,3508.59,3590.45,8686115.0,805439072.0,1423756420.0,0.006100843429383798
2022-01-25,3572.77,3587.37,3480.92,3481.69,11710458.0,1075534996.0,1423756420.0,0.008225043157311979
2022-01-26,3484.0,3535.49,3484.0,3512.44,7260754.0,664029857.0,1423756420.0,0.005099716424808115
2022-01-27,3536.65,3573.92,3498.99,3536.65,11326415.0,1043710567.0,1423756420.0,0.007955303899525173
2022-01-28,3541.64,3573.92,3465.17,3472.08,11427689.0,1039922371.0,1423756420.0,0.008026435448838925
2022-02-07,3495.14,3592.37,3489.38,3559.7,9952210.0,919957855.0,1423756420.0,0.006990107198252353
2022-02-08,3543.18,3612.74,3520.12,3612.35,10346106.0,962535687.0,1423756420.0,0.007266766881374273
2022-02-09,3615.04,3676.14,3615.04,3646.55,10950630.0,1040682445.0,1423756420.0,0.007691364791176851
2022-02-10,3660.0,3760.3,3634.64,3712.27,16416116.0,1587332610.0,1423756420.0,0.01153014361824616
2022-02-11,3732.64,3880.59,3697.28,3771.45,19829171.0,1962800591.0,1423756420.0,0.013927361957040377
2022-02-14,3727.64,3852.53,3721.87,3809.11,14340793.0,1425114256.0,1423756420.0,0.010072504536976909
2022-02-15,3816.03,3831.01,3720.34,3734.56,9299041.0,907907313.0,1423756420.0,0.0065313426295208555
2022-02-16,3762.23,3803.73,3693.05,3746.85,8548705.0,833381103.0,1423756420.0,0.006004331134113516
2022-02-17,3761.07,3779.13,3703.04,3758.0,6865197.0,671236667.0,1423756420.0,0.004821890109545564
2022-02-18,3740.71,3785.28,3722.26,3782.21,7196984.0,703800098.0,1423756420.0,0.005054926459962863
2022-02-21,3758.77,3821.41,3734.17,3768.76,6781585.0,664321395.0,1423756420.0,0.004763163772072754
2022-02-22,3733.4,3753.0,3664.62,3696.9,10396921.0,999409520.0,1423756420.0,0.007302457677416478
2022-02-23,3726.1,3727.64,3631.57,3662.31,11521167.0,1097414610.0,1423756420.0,0.008092091342422182
2022-02-24,3660.39,3660.39,3556.24,3597.36,12629280.0,1183662727.0,1423756420.0,0.008870393715239577
2022-02-25,3618.88,3696.13,3616.58,3631.57,10030936.0,953944520.0,1423756420.0,0.007045401768934605
2022-02-28,3650.78,3701.89,3625.42,3643.09,8288183.0,787423528.0,1423756420.0,0.005821348991704635
2022-03-01,3645.02,3668.07,3567.39,3615.43,10620418.0,995120570.0,1423756420.0,0.007459434669309516
2022-03-02,3612.35,3641.94,3574.31,3577.38,7087221.0,662639514.0,1423756420.0,0.004977832514356634
2022-03-03,3578.92,3669.61,3578.15,3602.36,9280085.0,873784338.0,1423756420.0,0.00651802855435061
2022-03-04,3595.83,3600.82,3502.44,3515.13,13937349.0,1279538892.0,1423756420.0,0.009789138650556533
2022-03-07,3487.46,3515.51,3337.58,3345.27,20636081.0,1831700242.0,1423756420.0,0.014494109181962459
2022-03-08,3343.35,3400.61,3257.65,3283.01,16374824.0,1416733846.0,1423756420.0,0.011501141466319077
2022-03-09,3337.97,3349.11,3086.64,3212.69,20164624.0,1687613703.0,1423756420.0,0.014162973186101595
2022-03-10,3268.03,3317.6,3189.25,3228.83,21760507.0,1841884438.0,1423756420.0,0.01528386927308816
2022-03-11,3189.63,3201.16,3111.62,3182.33,18931329.0,1553884764.0,1423756420.0,0.013296747065765646
2022-03-14,3124.3,3186.94,3083.56,3087.41,16650225.0,1354026726.0,1423756420.0,0.011694574132280295
2022-03-15,3058.97,3058.97,2903.33,2903.33,26942373.0,2086406053.0,1423756420.0,0.018923442677083766
2022-03-16,2955.21,3026.31,2824.55,3009.78,28095764.0,2146713537.0,1423756420.0,0.019733546838018822
2022-03-17,3055.13,3146.59,3039.76,3095.09,25345944.0,2045119109.0,1423756420.0,0.017802163097533213
2022-03-18,3112.0,3143.9,3040.91,3117.38,15514564.0,1252171217.0,1423756420.0,0.010896922944164845
2022-03-21,3117.77,3119.69,3010.55,3064.73,17120383.0,1364555297.0,1423756420.0,0.01202479775297519
2022-03-22,3065.5,3135.44,3028.23,3037.45,12725581.0,1014713518.0,1423756420.0,0.008938032391804773
2022-03-23,3032.07,3096.63,3030.92,3078.18,12300076.0,981657600.0,3139746626.0,0.003917537771406144
2022-03-24,3073.57,3100.86,3030.53,3077.8,9571130.0,763792948.0,3139746626.0,0.003048376553936617
2022-03-25,3036.3,3112.39,2987.49,2991.72,12068629.0,952428494.0,3139746626.0,0.00384382258748544
2022-03-28,2970.58,3016.7,2926.39,3003.25,9293247.0,719129614.0,3139746626.0,0.0029598716415660223
2022-03-29,2997.48,3020.93,2960.21,3003.63,8518972.0,663519729.0,3139746626.0,0.0027132673475799124
2022-03-30,3033.22,3159.65,3033.22,3147.36,16509425.0,1333166769.0,3139746626.0,0.005258202959209104
2022-03-31,3128.14,3145.82,3087.79,3108.54,7696485.0,623029777.0,3139746626.0,0.00245130767440468
2022-04-01,3099.71,3360.26,3082.03,3306.07,31212783.0,2654763746.0,3139746626.0,0.009941178928748374
2022-04-06,3281.09,3371.02,3269.56,3331.05,17505194.0,1518006099.0,3139746626.0,0.005575352436098135
2022-04-07,3289.55,3428.66,3289.16,3366.4,18929576.0,1667539556.0,3139746626.0,0.006029013883873825
2022-04-08,3339.5,3427.51,3339.5,3401.76,16842102.0,1484911227.0,3139746626.0,0.005364159598271991
2022-04-11,3401.76,3431.35,3362.56,3390.23,14986318.0,1325241493.0,3139746626.0,0.00477309789137106
2022-04-12,3362.18,3395.99,3262.65,3343.35,12588489.0,1094274034.0,3139746626.0,0.004009396457585365
2022-04-13,3342.19,3372.17,3307.22,3327.97,8357719.0,725566116.0,3139746626.0,0.002661908744734487
2022-04-14,3338.74,3392.15,3318.37,3327.97,9862243.0,860160163.0,3139746626.0,0.003141095182118049
2022-04-15,3354.88,3354.88,3248.43,3253.04,11408240.0,972974694.0,3139746626.0,0.0036334906471526215
2022-04-18,3228.06,3249.19,3205.0,3219.99,7276527.0,609949817.0,3139746626.0,0.0023175522953806657
2022-04-19,3205.0,3239.59,3130.06,3171.95,11938398.0,986425101.0,3139746626.0,0.003802344399748389
2022-04-20,3177.72,3197.32,3074.34,3087.02,11038136.0,893680138.0,3139746626.0,0.0035156136194538904
2022-04-21,3074.34,3120.46,3059.35,3074.34,10608506.0,852150333.0,3139746626.0,0.003378777737079731
2022-04-22,3063.2,3078.95,3006.32,3067.04,12481249.0,989744581.0,3139746626.0,0.003975240835245666
2022-04-25,3047.44,3054.74,2902.18,2902.18,15387735.0,1190376999.0,3139746626.0,0.004900948016816183
2022-04-26,2882.96,3010.55,2834.16,2970.58,19909557.0,1524199537.0,3139746626.0,0.006341134929529183
2022-04-27,2947.91,3052.05,2947.53,3027.46,18027651.0,1408029822.0,3139746626.0,0.005741753443005372
2022-04-28,3024.38,3076.65,2989.8,3073.19,13434223.0,1059221002.0,3139746626.0,0.00427876023139964
2022-04-29,3094.21,3148.56,3023.6,3088.26,13107464.0,1018552893.0,3139746626.0,0.004174688457806786
2022-05-05,3151.73,3276.3,3119.21,3240.59,20154347.0,1634436999.0,3139746626.0,0.006419099819426002
2022-05-06,3204.49,3206.87,3126.74,3153.72,10768525.0,860714641.0,3139746626.0,0.0034297433145804423
2022-05-09,3129.92,3155.7,3086.28,3125.95,7403254.0,581047711.0,3139746626.0,0.0023579144694970684
2022-05-10,3106.11,3144.59,3019.24,3092.63,11749582.0,912858800.0,3139746626.0,0.003742207063048533
2022-05-11,3093.82,3298.91,3093.82,3257.25,22228160.0,1818666683.0,3139746626.0,0.007079603116993683
2022-05-12,3252.49,3335.4,3233.85,3266.78,10919246.0,904885677.0,3139746626.0,0.003477747506623167
2022-05-13,3319.54,3319.93,3225.52,3252.49,6615394.0,543561889.0,3139746626.0,0.0021069833932516823
2022-05-16,3278.28,3342.54,3244.96,3244.96,8265444.0,683970709.0,3139746626.0,0.002632519430566306
2022-05-17,3272.73,3288.59,3214.41,3269.95,6595468.0,541004003.0,3139746626.0,0.0021006370212753593
2022-05-18,3276.69,3324.3,3244.96,3307.64,8171703.0,677244366.0,3139746626.0,0.0026026631997406275
2022-05-19,3256.46,3264.79,3193.39,3229.09,9345962.0,759623446.0,3139746626.0,0.002976661212916612
2022-05-20,3252.1,3351.27,3235.83,3339.37,15034653.0,1258763945.0,3139746626.0,0.00478849244569584
2022-05-23,3339.37,3349.68,3272.73,3298.51,7276191.0,605507665.0,3139746626.0,0.002317445280375946
2022-05-24,3294.15,3361.98,3251.3,3254.08,8242424.0,685714202.0,3139746626.0,0.002625187628754856
2022-05-25,3294.54,3299.7,3236.23,3265.19,6103937.0,502538842.0,3139746626.0,0.0019440858537608633
2022-05-26,3272.73,3332.23,3229.09,3296.53,7512642.0,621218326.0,3139746626.0,0.0023927542234740825
2022-05-27,3331.83,3386.58,3300.1,3312.79,11328096.0,956952720.0,3139746626.0,0.0036079650205506743
2022-05-30,3336.2,3398.87,3321.12,3385.39,11207231.0,954927776.0,3139746626.0,0.0035694698760701847
2022-05-31,3371.9,3371.9,3310.41,3336.99,14822592.0,1247287160.0,3139746626.0,0.004720951645351016
2022-06-01,3360.0,3360.0,3279.87,3305.25,9233184.0,767780212.0,3139746626.0,0.002940741753981265
2022-06-02,3283.44,3285.42,3224.33,3240.99,11657373.0,951593538.0,3139746626.0,0.0037128387696848506
2022-06-06,3240.99,3304.06,3187.83,3292.96,13290037.0,1088615957.0,3139746626.0,0.0042328374174993065
2022-06-07,3262.41,3344.13,3259.24,3332.23,16548457.0,1382876760.0,3139746626.0,0.005270634535590707
2022-06-08,3352.06,3384.99,3316.76,3355.63,14962471.0,1264484359.0,3139746626.0,0.004765502692509303
2022-06-09,3345.72,3466.71,3345.72,3402.44,21164956.0,1824953609.0,3139746626.0,0.00674097579235682
2022-06-10,3381.42,3478.21,3365.55,3467.9,20817342.0,1801443586.0,3139746626.0,0.006630261763039474
2022-06-13,3415.93,3459.17,3356.03,3372.3,15494261.0,1320672013.0,3139746626.0,0.004934876232270852
2022-06-14,3332.63,3440.53,3332.63,3427.44,13140628.0,1124594460.0,3139746626.0,0.004185251093570249
2022-06-15,3451.63,3753.52,3451.63,3657.12,42395701.0,3903095991.0,3139746626.0,0.01350290518633716
2022-06-16,3708.69,3748.76,3574.21,3580.16,18478020.0,1695664187.0,3139746626.0,0.005885194635447631
2022-06-17,3570.25,3805.88,3570.25,3774.94,23647761.0,2222761286.0,3139746626.0,0.007531741830431383
2022-06-20,3820.56,3828.1,3674.58,3689.25,18454996.0,1728417998.0,3139746626.0,0.00587786155964803
2022-06-21,3669.42,3732.89,3663.87,3693.22,11745880.0,1096153534.0,3139746626.0,0.003741027987014389
2022-06-22,3693.22,3723.37,3606.35,3610.71,12112124.0,1109643780.0,3139746626.0,0.0038576756161469955
2022-06-23,3628.56,3676.16,3594.05,3644.43,9224241.0,845096358.0,3139746626.0,0.0029378934349717175
2022-06-24,3664.66,3706.31,3636.89,3705.92,13950717.0,1292832953.0,3139746626.0,0.004443262040470141
2022-06-27,3720.99,3840.0,3691.63,3794.38,16299423.0,1556562059.0,3139746626.0,0.005191317944265226
2022-06-28,3806.68,3806.68,3693.22,3762.25,12089818.0,1137129580.0,3139746626.0,0.003850571221220575
2022-06-29,3709.09,3792.4,3692.03,3747.57,14269313.0,1350043891.0,3139746626.0,0.0045447339227429745
2022-06-30,3748.76,3899.5,3729.32,3847.54,17079459.0,1655687621.0,3139746626.0,0.005439757099686426
2022-07-01,3867.77,3913.78,3818.18,3831.67,9776329.0,953346680.0,3139746626.0,0.0031137318276076714
2022-07-04,3810.25,3843.17,3772.16,3816.2,10675178.0,1025036614.0,3139746626.0,0.0034000125715876795
2022-07-05,3840.0,3911.01,3744.79,3837.62,11265437.0,1081852657.0,3139746626.0,0.0035880083146556424
2022-07-06,3812.63,3812.63,3676.16,3713.06,16858859.0,1575499263.0,3139746626.0,0.0053694966531353475
2022-07-07,3689.25,3767.01,3685.29,3727.34,8892304.0,835799187.0,3139746626.0,0.002832172483716844
2022-07-08,3763.83,3792.0,3736.06,3740.82,6725299.0,637070866.0,3139746626.0,0.002141987810197268
2022-07-11,3729.32,3740.43,3605.95,3640.86,11282825.0,1034909667.0,3139746626.0,0.003593546341149886
2022-07-12,3618.64,3722.97,3618.64,3669.82,8282638.0,766166675.0,3139746626.0,0.0026379956686352055
2022-07-13,3661.49,3698.78,3649.59,3669.42,6587934.0,609173053.0,3139746626.0,0.002098237464592151
2022-07-14,3668.63,3668.63,3597.22,3629.35,6885680.0,629002130.0,3139746626.0,0.0021930686836256832
2022-07-15,3605.95,3701.95,3560.33,3562.71,13744572.0,1252901477.0,3139746626.0,0.004377605468601275
2022-07-18,3566.28,3675.37,3558.35,3656.33,8804666.0,806814943.0,3139746626.0,0.002804260040313202
2022-07-19,3663.47,3674.97,3566.28,3606.35,9979611.0,904676666.0,3139746626.0,0.0031784765424571555
2022-07-20,3624.59,3624.59,3542.48,3550.02,14870996.0,1335607519.0,3139746626.0,0.004736368175971407
2022-07-21,3550.02,3570.64,3459.17,3467.11,16479992.0,1451445780.0,3139746626.0,0.005248828635893882
2022-07-22,3490.91,3514.71,3421.88,3442.91,12775356.0,1113118212.0,3139746626.0,0.004068913043558439
2022-07-25,3438.54,3454.02,3412.76,3421.49,6245793.0,540035255.0,3139746626.0,0.0019892665695629926
2022-07-26,3447.27,3466.31,3431.4,3441.72,5672435.0,492918126.0,3139746626.0,0.001806653744931837
2022-07-27,3441.72,3450.44,3365.16,3381.82,10220627.0,871529998.0,3139746626.0,0.0032552394245331058
2022-07-28,3383.01,3446.87,3373.49,3377.85,10332928.0,886336730.0,3139746626.0,0.0032910069603813946
2022-07-29,3407.6,3430.21,3287.4,3320.33,14811178.0,1244753862.0,3139746626.0,0.004717316320160925
2022-08-01,3320.33,3320.33,3200.53,3255.67,19524055.0,1594145020.0,3139746626.0,0.006218353684441542
2022-08-02,3248.92,3248.92,3173.55,3213.22,13016090.0,1053055403.0,3139746626.0,0.004145586109469713
2022-08-03,3212.83,3279.07,3184.26,3205.29,11774979.0,954401719.0,3139746626.0,0.0037502959323189667
2022-08-04,3213.22,3239.8,3181.88,3200.92,11643534.0,940960011.0,3139746626.0,0.0037084310891779583
2022-08-05,3200.53,3273.52,3193.39,3265.59,8658435.0,707062007.0,3139746626.0,0.002757685899970452
2022-08-08,3272.73,3274.71,3200.53,3241.78,10533024.0,858499158.0,3139746626.0,0.003354736943668269
2022-08-09,3241.78,3279.07,3221.55,3237.82,7995417.0,655117963.0,3139746626.0,0.0025465166309251094
2022-08-10,3240.99,3277.88,3213.22,3245.35,9540295.0,780352133.0,3139746626.0,0.003038555697774321
2022-08-11,3245.35,3313.59,3213.22,3306.05,12221292.0,1011066666.0,3139746626.0,0.0038924453007756813
2022-08-12,3311.6,3521.06,3272.73,3485.75,29346543.0,2526324757.0,3139746626.0,0.009346787016819617
2022-08-15,3478.61,3529.78,3451.24,3492.89,18257176.0,1607588218.0,3139746626.0,0.005814856475619317
2022-08-16,3517.88,3520.26,3416.33,3427.04,13820453.0,1200878047.0,3139746626.0,0.004401773342330841
2022-08-17,3419.5,3446.48,3368.73,3411.57,9436592.0,810351507.0,3139746626.0,0.0030055265994575193
2022-08-18,3421.49,3441.32,3359.21,3371.5,8979912.0,767175773.0,3139746626.0,0.00286007537220935
2022-08-19,3344.92,3410.78,3344.92,3367.14,6501292.0,554120002.0,3139746626.0,0.002070642244238214
2022-08-22,3356.03,3556.76,3352.86,3544.86,19227582.0,1696775567.0,3139746626.0,0.0061239279121372
2022-08-23,3566.68,3642.44,3494.87,3605.16,18997013.0,1716739597.0,3139746626.0,0.0060504923686157345
2022-08-24,3599.6,3673.39,3517.88,3530.58,13073446.0,1179939117.0,3139746626.0,0.004163853825572994
2022-08-25,3550.81,3563.9,3451.24,3550.02,11905005.0,1055025433.0,3139746626.0,0.003791708828163257
2022-08-26,3562.71,3570.25,3490.91,3517.49,9939440.0,883773828.0,3139746626.0,0.003165682197949434
2022-08-29,3482.18,3538.11,3447.67,3482.97,16482063.0,1444580583.0,3139746626.0,0.005249488243259283
2022-08-30,3470.68,3525.82,3415.93,3508.76,12432373.0,1088151998.0,3139746626.0,0.003959673974023406
2022-08-31,3451.63,3605.16,3446.87,3513.52,17861849.0,1589016590.0,3139746626.0,0.005688945997134738
2022-09-01,3514.71,3549.22,3482.18,3495.27,8819287.0,781522312.0,3139746626.0,0.0028089167855036975
2022-09-02,3501.22,3513.92,3431.4,3449.25,7998035.0,698714895.0,3139746626.0,0.002547350456170217
2022-09-05,3477.42,3570.25,3471.47,3516.69,12213622.0,1079626572.0,3139746626.0,0.003890002428495324
2022-09-06,3565.49,3680.53,3538.91,3629.75,19350569.0,1773013205.0,3139746626.0,0.006163098907332021
2022-09-07,3617.85,3671.4,3571.04,3590.87,12622106.0,1150881747.0,3139746626.0,0.004020103372506976
2022-09-08,3609.92,3673.78,3558.74,3649.98,12915216.0,1185617548.0,3139746626.0,0.004113458039273007
2022-09-09,3662.68,3814.61,3636.89,3792.79,22265948.0,2111686329.0,3139746626.0,0.007091638483060193
2022-09-13,3791.6,3792.79,3674.58,3689.25,17657143.0,1657007306.0,3139746626.0,0.005623747742503347
2022-09-14,3646.81,3677.35,3601.59,3624.2,12733368.0,1164987814.0,3139746626.0,0.004055539989932933
2022-09-15,3623.8,3711.87,3615.87,3629.75,12308982.0,1135770388.0,3139746626.0,0.003920374306025291
2022-09-16,3615.47,3641.65,3574.21,3585.32,10871854.0,987074637.0,3139746626.0,0.0034626532950050855
2022-09-19,3605.16,3687.27,3550.41,3624.2,10444962.0,957107027.0,3139746626.0,0.0033266894575205764
2022-09-20,3621.82,3649.59,3530.97,3552.4,9364304.0,842371230.0,3139746626.0,0.0029825030855849706
2022-09-21,3530.58,3574.21,3480.59,3488.53,15284500.0,1354408021.0,3139746626.0,0.004868067975113097
2022-09-22,3467.11,3528.59,3455.21,3492.89,9062895.0,797862243.0,3139746626.0,0.002886505211901771
2022-09-23,3492.49,3524.23,3427.44,3481.39,8146246.0,714058087.0,3139746626.0,0.0025945552206479224
2022-09-26,3450.84,3517.88,3443.3,3462.35,7548654.0,661704418.0,3139746626.0,0.00240422393880136
2022-09-27,3463.14,3488.92,3427.44,3477.42,8339289.0,727065613.0,3139746626.0,0.002656038844326797
2022-09-28,3525.82,3565.09,3443.3,3454.41,10650483.0,935462391.0,3139746626.0,0.0033921472872378206
2022-09-29,3498.44,3588.89,3482.97,3550.02,13214063.0,1180901616.0,3139746626.0,0.00420863992354522
2022-09-30,3591.27,3699.97,3573.42,3653.55,15291143.0,1406135800.0,3139746626.0,0.004870183750935576
2022-10-10,3651.57,3651.57,3485.75,3567.47,11588511.0,1041592071.0,3139746626.0,0.0036909064266639965
2022-10-11,3532.56,3700.36,3530.58,3680.13,13002123.0,1187887660.0,3139746626.0,0.0041411376613419764
2022-10-12,3675.77,3761.85,3595.24,3736.86,15562891.0,1445915841.0,3139746626.0,0.004956734683978923
2022-10-13,3688.86,3720.2,3629.75,3688.86,10857938.0,1003640185.0,3139746626.0,0.0034582210902262787
2022-10-14,3719.01,3728.92,3659.9,3665.85,9315052.0,866729820.0,3139746626.0,0.002966816469476477
2022-10-17,3663.47,3700.36,3637.68,3676.96,6683257.0,618087128.0,3139746626.0,0.0021285975577317174
2022-10-18,3656.33,3727.34,3598.41,3605.95,12189435.0,1114808316.0,3139746626.0,0.003882298940640696
2022-10-19,3605.55,3640.86,3379.04,3392.13,23936579.0,2091522602.0,3139746626.0,0.007623729507910936
2022-10-20,3371.9,3495.27,3352.86,3437.75,16622972.0,1435878352.0,3139746626.0,0.005294367342366562
2022-10-21,3437.75,3477.82,3398.08,3428.23,9314920.0,804813591.0,3139746626.0,0.00296677442786748
2022-10-24,3411.17,3471.07,3367.54,3413.55,14683365.0,1257651609.0,3139746626.0,0.00467660825826141
2022-10-25,3242.97,3367.93,3213.22,3312.4,21546115.0,1796945820.0,3139746626.0,0.006862373804809051
2022-10-26,3307.64,3329.85,3252.89,3267.17,16207364.0,1344360272.0,3139746626.0,0.005161997425457222
2022-10-27,3256.06,3338.18,3256.06,3297.72,12124837.0,1008993052.0,3139746626.0,0.003861724668989261
2022-10-28,3300.49,3367.14,3253.68,3260.83,11662750.0,972413455.0,3139746626.0,0.003714551328257403
2022-10-31,3235.04,3278.68,3173.55,3187.83,14223370.0,1149969188.0,3139746626.0,0.004530101213332747
2022-11-01,3173.55,3235.04,3092.23,3235.04,17913272.0,1434841402.0,3139746626.0,0.005705324070312418
2022-11-02,3206.87,3271.14,3173.55,3244.56,13961248.0,1134365045.0,3139746626.0,0.004446616132775805
2022-11-03,3268.36,3271.93,3197.35,3233.06,10548326.0,857772244.0,3139746626.0,0.0033596105853415446
2022-11-04,3213.22,3296.92,3205.29,3269.16,13832020.0,1137325811.0,3139746626.0,0.004405457397567723
2022-11-07,3252.89,3312.4,3231.07,3286.61,11328662.0,938217030.0,3139746626.0,0.003608145289874101
2022-11-08,3294.94,3312.4,3229.09,3259.64,8619698.0,706409549.0,3139746626.0,0.0027453482802150164
2022-11-09,3262.41,3288.59,3252.89,3265.59,6804799.0,560433451.0,3139746626.0,0.002167308324706836
2022-11-10,3249.72,3256.46,3210.05,3236.23,6434536.0,523332926.0,3139746626.0,0.0020493806559790852
2022-11-11,3298.91,3460.76,3285.02,3430.61,21194772.0,1801229665.0,3139746626.0,0.006750472100037539
2022-11-14,3467.11,3569.85,3459.17,3516.69,19241682.0,1711832206.0,3139746626.0,0.006128418720370973
2022-11-15,3514.71,3549.62,3438.54,3538.11,12227303.0,1079307518.0,3139746626.0,0.003894359786470235
2022-11-16,3530.18,3568.26,3494.87,3504.79,7994612.0,711602655.0,3139746626.0,0.0025462602408096355
2022-11-17,3499.24,3530.18,3461.95,3517.88,6922561.0,609368859.0,3139746626.0,0.0022048151728788577
2022-11-18,3525.42,3552.79,3502.02,3530.58,7562168.0,674030403.0,3139746626.0,0.0024085281077709485
2022-11-21,3494.87,3494.87,3388.16,3429.42,10285377.0,886034749.0,3139746626.0,0.0032758621077342946
2022-11-22,3449.25,3502.02,3429.82,3471.07,8234836.0,719951507.0,3139746626.0,0.0026227708732316033
2022-11-23,3482.18,3494.08,3428.23,3431.01,6143159.0,534657354.0,3139746626.0,0.0019565779445796594
2022-11-24,3435.77,3487.73,3411.97,3432.2,6693760.0,580519787.0,3139746626.0,0.002131942732120321
2022-11-25,3431.4,3534.94,3417.52,3486.94,10763114.0,949366325.0,3139746626.0,0.003428019927108602
2022-11-28,3412.76,3486.94,3376.26,3450.84,10127440.0,874649020.0,3139746626.0,0.0032255596410664
2022-11-29,3490.91,3609.92,3467.5,3606.74,16351416.0,1472235157.0,3139746626.0,0.005207877560754483
2022-11-30,3561.12,3598.02,3496.46,3550.41,12700683.0,1131337744.0,3139746626.0,0.004045129914250603
2022-12-01,3570.25,3693.22,3558.74,3588.1,12521062.0,1141576277.0,3139746626.0,0.003987921157813834
2022-12-02,3596.03,3596.03,3546.44,3567.87,6770900.0,608267485.0,3139746626.0,0.0021565115936205484
2022-12-05,3636.89,3659.5,3565.49,3617.85,10139192.0,926783428.0,3139746626.0,0.003229302618255286
2022-12-06,3590.08,3693.62,3585.32,3684.49,13866254.0,1282345860.0,3139746626.0,0.004416360825161693
2022-12-07,3681.32,3700.36,3648.79,3674.58,9822493.0,910403612.0,3139746626.0,0.003128434924863265
2022-12-08,3669.82,3695.6,3636.1,3667.04,8763466.0,810344150.0,3139746626.0,0.0027911379623535267
2022-12-09,3665.45,3715.44,3649.59,3705.12,17661367.0,1638528878.0,3139746626.0,0.005625093073991252
2022-12-12,3669.42,3695.21,3596.82,3602.38,13104469.0,1200724655.0,3139746626.0,0.004173734559178407
2022-12-13,3602.38,3640.86,3570.25,3615.87,7959693.0,724347322.0,3139746626.0,0.0025351386427447348
2022-12-14,3628.96,3653.55,3596.82,3641.65,5931376.0,542887626.0,3139746626.0,0.0018891256864113596
2022-12-15,3642.05,3642.05,3586.11,3620.23,7214261.0,655841375.0,3139746626.0,0.0022977207588215113
2022-12-16,3611.5,3643.24,3602.78,3625.78,6752514.0,616269484.0,3139746626.0,0.0021506557070825245
2022-12-19,3642.84,3649.19,3576.59,3599.21,9714452.0,881210259.0,3139746626.0,0.0030940241863962434
2022-12-20,3570.64,3613.88,3542.48,3554.78,7588157.0,682533830.0,3139746626.0,0.0024168055272877935
2022-12-21,3586.11,3586.11,3531.37,3564.3,5890761.0,528111626.0,3139746626.0,0.0018761899292188298
2022-12-22,3597.22,3655.54,3573.42,3632.53,10154029.0,930728263.0,3139746626.0,0.0032340281588059583
2022-12-23,3647.21,3647.21,3494.87,3523.04,9750531.0,875344562.0,3139746626.0,0.003105515241025057
2022-12-26,3538.91,3621.82,3491.3,3581.35,8370512.0,754253819.0,3139746626.0,0.002665983277339781
2022-12-27,3621.02,3654.35,3591.27,3643.24,7529929.0,689645344.0,3139746626.0,0.0023982600817675026
2022-12-28,3619.83,3702.35,3618.64,3683.7,8632725.0,801402701.0,3139746626.0,0.002749497341127169
2022-12-29,3655.54,3691.24,3636.89,3685.68,7915162.0,732743497.0,3139746626.0,0.00252095565115196
2022-12-30,3694.41,3716.23,3672.2,3675.37,8423465.0,784651381.0,3139746626.0,0.0026828486509853804
2023-01-03,3649.59,3684.89,3621.82,3665.45,9448947.0,870562092.0,3139746626.0,0.003009461630360233
2023-01-04,3673.39,3696.4,3657.52,3667.44,6735121.0,624190771.0,3139746626.0,0.0021451160881030915
2023-01-05,3709.09,3711.07,3676.56,3685.29,6673576.0,620378248.0,3139746626.0,0.0021255141879082317
2023-01-06,3675.77,3744.79,3675.77,3716.23,9380628.0,880537114.0,3139746626.0,0.002987702231230935
2023-01-09,3720.99,3803.5,3689.25,3693.62,10534845.0,990599704.0,3139746626.0,0.0033553169267742052
2023-01-10,3698.38,3704.73,3573.02,3605.95,12557135.0,1143545146.0,3139746626.0,0.003999410301460421
2023-01-11,3612.69,3647.6,3580.16,3588.89,7659056.0,696714660.0,3139746626.0,0.00243938664877476
2023-01-12,3609.52,3636.1,3590.48,3617.85,5295898.0,482791947.0,3139746626.0,0.001686727825788577
2023-01-13,3646.02,3702.74,3623.8,3702.35,7039956.0,652874292.0,3139746626.0,0.0022422051326379863
2023-01-16,3690.84,3804.69,3677.35,3786.84,12658920.0,1203111182.0,3139746626.0,0.004031828522458615
2023-01-17,3801.92,3823.73,3768.59,3794.38,8131450.0,778385840.0,3139746626.0,0.002589842738475802
2023-01-18,3807.47,3828.1,3752.73,3765.82,5923113.0,563982860.0,3139746626.0,0.0018864939453875538
2023-01-19,3776.92,3804.3,3736.86,3802.31,8997426.0,856238862.0,3139746626.0,0.002865653529330363
2023-01-20,3827.3,3827.3,3752.33,3765.42,9078040.0,864963277.0,3139746626.0,0.002891328849540103
2023-01-30,3865.39,3911.4,3796.36,3882.44,15753445.0,1541765263.0,3139746626.0,0.005017425568530573
2023-01-31,3914.58,3919.34,3824.13,3832.46,11590678.0,1128492621.0,3139746626.0,0.003691596609745031
2023-02-01,3847.14,3859.83,3792.79,3845.95,9503258.0,918195648.0,3139746626.0,0.003026759522983241
2023-02-02,3846.35,3978.84,3799.54,3968.53,20734376.0,2038331869.0,3139746626.0,0.006603837337796696
2023-02-03,3927.27,3977.25,3884.03,3966.15,18316346.0,1821047392.0,3139746626.0,0.005833701945349268
2023-02-06,3939.17,3946.31,3842.38,3934.81,14293031.0,1406459911.0,3139746626.0,0.0045522880354868485
2023-02-07,3918.54,3924.49,3862.21,3889.19,7775940.0,763553295.0,3139746626.0,0.002476613856547544
2023-02-08,3879.67,3927.27,3847.93,3858.25,10321268.0,1010857473.0,3139746626.0,0.0032872932849199914
2023-02-09,3847.93,3883.63,3834.05,3866.97,9077620.0,882926036.0,3139746626.0,0.0028911950807842036
2023-02-10,3864.59,3907.44,3851.11,3887.21,8009946.0,784231808.0,3139746626.0,0.0025511440743881224
2023-02-13,3852.3,3903.47,3848.73,3886.41,9445700.0,924478699.0,3139746626.0,0.0030084274704783136
2023-02-14,3840.0,3979.63,3817.78,3966.94,14387842.0,1429769441.0,3139746626.0,0.004582485058143033
2023-02-15,3966.94,3997.88,3922.51,3943.54,5790002.0,576116664.0,3139746626.0,0.001844098486181477
2023-02-16,3966.15,3998.68,3907.44,3927.27,7856946.0,784878548.0,3139746626.0,0.0025024140275961234
2023-02-17,3935.2,4093.09,3935.2,4030.81,18971093.0,1937306767.0,3139746626.0,0.006042236925394502
2023-02-20,4034.78,4144.26,3989.95,4126.01,15729061.0,1617455523.0,3139746626.0,0.005009659336759488
2023-02-21,4124.03,4284.3,4102.21,4236.69,16075448.0,1707444906.0,3139746626.0,0.005119982570211384
2023-02-22,4205.35,4254.94,4085.16,4093.88,15016549.0,1570391079.0,3139746626.0,0.004782726375322491
2023-02-23,4089.92,4142.68,4038.74,4073.65,11398745.0,1170015546.0,3139746626.0,0.003630466517778177
2023-02-24,4051.83,4097.06,4026.44,4035.97,8344691.0,851866473.0,3139746626.0,0.002657759365325296
2023-02-27,4019.7,4164.49,4009.78,4080.0,14627487.0,1512807647.0,3139746626.0,0.004658811280780082
2023-02-28,4103.8,4161.32,4068.49,4135.93,12078028.0,1256359946.0,3139746626.0,0.0038468161411442502
2023-03-01,4133.55,4196.23,4069.29,4094.28,12323724.0,1283418236.0,3139746626.0,0.003925069589357367
2023-03-02,4092.69,4250.58,4086.35,4218.05,13522123.0,1430111278.0,3139746626.0,0.0043067561210272005
2023-03-03,4185.12,4244.63,4176.79,4205.35,8116352.0,860814543.0,3139746626.0,0.002585034070198249
2023-03-06,4165.29,4204.96,4108.56,4129.59,10782385.0,1125203586.0,3139746626.0,0.003434157683525129
2023-03-07,4121.25,4164.49,4058.58,4072.06,8612946.0,892923238.0,3139746626.0,0.002743197788215411
2023-03-08,4054.21,4069.29,3984.4,4006.21,11291170.0,1142112156.0,3139746626.0,0.0035962041989307963
2023-03-09,3993.92,4026.44,3911.8,3930.84,13412017.0,1333148813.0,3139746626.0,0.0042716876861770055
2023-03-10,3915.37,3966.54,3891.57,3897.12,9960190.0,984615223.0,3139746626.0,0.0031722910114849504
2023-03-13,3923.3,4021.68,3911.4,3927.27,8922942.0,889252537.0,3139746626.0,0.002841930595962682
2023-03-14,3922.51,3926.87,3840.0,3895.93,7361419.0,719489519.0,3139746626.0,0.002344590145918354
2023-03-15,3970.51,3986.78,3875.3,3876.49,7149560.0,703509356.0,3139746626.0,0.002277113681975177
2023-03-16,3867.77,3896.73,3828.1,3838.01,10266545.0,998265774.0,3139746626.0,0.0032698641715173866
2023-03-17,3898.71,3954.25,3848.33,3864.59,10054944.0,990066819.0,3139746626.0,0.003202469879809977
2023-03-20,3883.63,3947.11,3844.36,3851.11,10923832.0,1069681583.0,3139746626.0,0.003479208134038775
2023-03-21,3842.78,3923.3,3830.08,3888.4,8292003.0,813877705.0,3139746626.0,0.0026409783933947287
2023-03-22,3896.33,3955.83,3867.77,3881.65,7827617.0,771619807.0,3139746626.0,0.002493072827972839
2023-03-23,3882.05,3891.57,3828.1,3852.3,7814800.0,758783849.0,3139746626.0,0.002488990651438636
2023-03-24,3830.87,3848.33,3740.03,3792.4,12610369.0,1207404945.0,3139746626.0,0.004016365172773658
2023-03-27,3800.33,3842.38,3748.76,3763.83,12170293.0,1158057272.0,3139746626.0,0.0038762022703420526
2023-03-28,3828.1,3910.21,3753.92,3802.31,14725016.0,1414476715.0,3139746626.0,0.004689873978385159
2023-03-29,3847.93,3876.89,3755.9,3767.8,7982133.0,763894907.0,3139746626.0,0.002542285716274228
2023-03-30,3763.83,3828.1,3728.92,3825.32,8761525.0,834820824.0,3139746626.0,0.0027905197596030475
2023-03-31,3832.06,3886.41,3786.44,3803.5,10907857.0,1054051889.0,3139746626.0,0.003474120143859022
2023-04-03,3822.54,3834.44,3763.83,3801.12,9311524.0,889673007.0,3139746626.0,0.00296569281192692
2023-04-04,3803.5,3808.26,3748.76,3767.8,8380446.0,795858029.0,3139746626.0,0.0026691472269138447
2023-04-06,3755.11,3757.49,3693.62,3729.32,6756444.0,634368638.0,3139746626.0,0.0021519074004412993
2023-04-07,3724.16,3788.03,3709.09,3767.01,5683096.0,537955400.0,3139746626.0,0.001810049241852422
2023-04-10,3768.59,3773.35,3702.35,3713.06,8153769.0,764445338.0,3139746626.0,0.002596951273863715
2023-04-11,3713.06,3752.73,3699.57,3699.57,7327119.0,686737868.0,3139746626.0,0.0023336656975198864
2023-04-12,3704.33,3716.23,3634.11,3654.35,10138589.0,934937366.0,3139746626.0,0.0032291105645414586
2023-04-13,3654.35,3665.85,3601.98,3646.41,8021193.0,734194962.0,3139746626.0,0.002554726210572891
2023-04-14,3648.79,3684.49,3619.04,3648.79,7379065.0,679946879.0,3139746626.0,0.0023502103446483647
2023-04-17,3669.42,3862.21,3669.42,3858.64,20045988.0,1933439488.0,3139746626.0,0.0063845877989009425
2023-04-18,3834.44,3902.68,3831.27,3892.76,11365355.0,1109887419.0,3139746626.0,0.0036198319016841583
2023-04-19,3895.54,3895.54,3816.2,3824.53,6958739.0,673167240.0,3139746626.0,0.002216337758714419
2023-04-20,3825.72,3836.82,3744.79,3752.73,9678151.0,921319551.0,3139746626.0,0.0030824624254250253
2023-04-21,3752.73,3762.64,3663.47,3668.63,8633453.0,806831546.0,3139746626.0,0.0027497292069707286
2023-04-24,3705.92,3709.09,3592.86,3599.6,9139280.0,833482623.0,3139746626.0,0.0029108336081384166
2023-04-25,3600.79,3751.93,3600.79,3738.84,14893286.0,1391737064.0,3139746626.0,0.0047434674749452215
2023-04-26,3740.82,3742.81,3637.68,3638.87,7631860.0,705857974.0,3139746626.0,0.002430724803333223
2023-04-27,3639.27,3740.03,3614.68,3709.09,7536905.0,697973092.0,3139746626.0,0.0024004819171035874
2023-04-28,3686.08,3735.67,3643.24,3656.73,6749181.0,624692499.0,3139746626.0,0.0021495941564553494
2023-05-04,3645.22,3656.73,3551.6,3572.23,15644021.0,1410890711.0,3139746626.0,0.004982574348660196
2023-05-05,3578.58,3590.08,3478.61,3574.61,12822074.0,1142238555.0,3139746626.0,0.004083792588173005
2023-05-08,3565.88,3592.06,3502.41,3546.84,10654911.0,950555362.0,3139746626.0,0.003393557592121448
2023-05-09,3550.41,3613.88,3519.47,3560.33,8469956.0,764127991.0,3139746626.0,0.002697655896772353
2023-05-10,3562.31,3633.72,3560.33,3565.88,6709256.0,609308099.0,3139746626.0,0.0021368781622189406
2023-05-11,3569.85,3574.61,3502.81,3530.58,5414293.0,481749266.0,3139746626.0,0.0017244362825855617
2023-05-12,3530.18,3563.5,3467.9,3480.99,8317478.0,732838419.0,3139746626.0,0.0026490921054341155
2023-05-15,3459.97,3521.45,3432.59,3512.73,7419792.0,650150114.0,3139746626.0,0.002363181773509134
2023-05-16,3536.53,3542.48,3498.84,3513.92,5294768.0,469548016.0,3139746626.0,0.0016863679241357994
2023-05-17,3507.97,3530.58,3465.52,3470.68,5687634.0,501499575.0,3139746626.0,0.0018114945814102135
2023-05-18,3472.66,3492.89,3435.37,3455.6,6138875.0,534488260.0,3139746626.0,0.0019552135032694833
2023-05-19,3443.7,3490.91,3407.6,3451.24,6925317.0,601312337.0,3139746626.0,0.0022056929507151893
2023-05-22,3489.32,3534.15,3447.27,3526.61,5932005.0,524286759.0,3139746626.0,0.001889326021048171
2023-05-23,3537.72,3537.72,3482.97,3482.97,4318492.0,381394463.0,3139746626.0,0.0013754269100056994
2023-05-24,3483.37,3534.54,3450.44,3479.4,9137247.0,807959202.0,3139746626.0,0.002910186103660455
2023-05-25,3459.17,3480.99,3424.26,3440.13,6024164.0,523201223.0,3139746626.0,0.0019186783895599607
2023-05-26,3474.48,3498.73,3443.36,3486.61,4442888.0,382088550.0,3139746626.0,0.0014150466675268592
2023-05-29,3486.61,3526.21,3375.47,3383.15,14861935.0,1252741620.0,3139746626.0,0.004733482274311392
2023-05-30,3397.69,3421.54,3318.48,3357.68,9144974.0,758890814.0,3139746626.0,0.00291264713027197
2023-05-31,3357.68,3378.3,3295.85,3324.54,13123979.0,1078860037.0,3139746626.0,0.004179948436386981
2023-06-01,3324.95,3411.84,3317.67,3322.12,10833685.0,899508058.0,3139746626.0,0.003450496581567152
2023-06-02,3334.24,3441.34,3331.01,3412.65,12883683.0,1082036841.0,3139746626.0,0.004103414872178288
2023-06-05,3422.35,3435.28,3377.89,3415.07,5689512.0,479815411.0,3139746626.0,0.0018120927188473074
2023-06-06,3395.27,3534.7,3394.87,3466.0,12347705.0,1064645045.0,3139746626.0,0.003932707466822197
2023-06-07,3478.12,3526.21,3427.2,3427.2,6816247.0,584353690.0,3139746626.0,0.0021709544787962137
2023-06-08,3459.93,3522.58,3435.28,3514.9,8155419.0,705619552.0,3139746626.0,0.0025974767939761774
2023-06-09,3548.44,3571.08,3491.46,3530.26,9688263.0,845356796.0,3139746626.0,0.0030856830674718273
2023-06-12,3530.26,3621.19,3512.47,3582.8,9142217.0,809565890.0,3139746626.0,0.0029117690339386004
2023-06-13,3576.73,3634.93,3564.61,3622.0,8748274.0,781709451.0,3139746626.0,0.002786299355354415
2023-06-14,3632.51,3730.31,3627.25,3655.95,10475853.0,954543608.0,3139746626.0,0.003336528149516992
2023-06-15,3659.18,3708.89,3630.49,3702.02,7384569.0,671131632.0,3139746626.0,0.0023519633523447253
2023-06-16,3701.62,3735.56,3672.52,3689.49,7767260.0,710765618.0,3139746626.0,0.0024738493022589524
2023-06-19,3689.49,3727.08,3671.71,3714.14,7807234.0,715568458.0,3139746626.0,0.002486580902850216
2023-06-20,3718.19,3766.28,3657.97,3666.05,8665400.0,791381681.0,3139746626.0,0.0027599042318391205
2023-06-21,3653.12,3693.13,3626.85,3626.85,7294890.0,658793697.0,3139746626.0,0.0023234008564868187
2023-06-26,3576.73,3616.34,3546.83,3590.07,11121055.0,983795773.0,3139746626.0,0.0035420230753358886
2023-06-27,3590.07,3632.51,3570.27,3613.11,7626279.0,679204239.0,3139746626.0,0.0024289472713649473
2023-06-28,3615.94,3643.42,3565.82,3586.84,6650606.0,592138798.0,3139746626.0,0.0021181983109486748
2023-06-29,3617.15,3617.96,3527.02,3552.48,7339298.0,645153341.0,3139746626.0,0.002337544672943937
2023-06-30,3552.48,3574.31,3521.77,3550.06,6798740.0,596963924.0,3139746626.0,0.002165378551154465
2023-07-03,3550.46,3605.02,3523.39,3539.55,10403865.0,914938641.0,3139746626.0,0.0033136001847558
2023-07-04,3543.59,3554.91,3507.22,3532.28,7653556.0,666666721.0,3139746626.0,0.002437634915066551
2023-07-05,3518.54,3540.36,3479.33,3489.03,7032386.0,608348041.0,3139746626.0,0.002239794110061415
2023-07-06,3499.14,3509.24,3449.02,3472.46,7186034.0,617453080.0,3139746626.0,0.0022887305429339444
2023-07-07,3455.49,3477.72,3438.92,3451.85,4757086.0,406981311.0,3139746626.0,0.0015151177998272017
2023-07-10,3451.85,3554.51,3441.75,3528.24,8007229.0,697928798.0,3139746626.0,0.002550278717936267
2023-07-11,3559.76,3630.89,3527.83,3617.15,9257737.0,822064064.0,3139746626.0,0.002948561811751749
2023-07-12,3618.77,3701.21,3592.5,3671.71,11276870.0,1024051225.0,3139746626.0,0.0035916496912894525
2023-07-13,3693.13,3718.19,3656.35,3704.04,8959698.0,819490115.0,3139746626.0,0.0028536372730861245
2023-07-14,3704.04,3723.44,3659.58,3683.03,7731767.0,704599160.0,3139746626.0,0.0024625448868943224
2023-07-17,3707.68,3707.68,3587.24,3656.35,6301744.0,565481779.0,3139746626.0,0.0020070867973280846
2023-07-18,3668.48,3686.66,3621.19,3677.77,5341954.0,484386450.0,3139746626.0,0.001701396525364082
2023-07-19,3657.97,3687.88,3657.56,3683.83,4974361.0,452574734.0,3139746626.0,0.0015843192437274077
2023-07-20,3702.83,3770.32,3700.0,3728.29,8231808.0,762721467.0,3139746626.0,0.0026218064642009745
2023-07-21,3729.1,3742.03,3686.66,3702.42,7026338.0,645726481.0,3139746626.0,0.0022378678399764605
2023-07-24,3647.86,3723.84,3638.57,3718.19,5906423.0,540574181.0,3139746626.0,0.0018811782298257338
2023-07-25,3754.56,3858.83,3754.56,3834.58,13823405.0,1309610811.0,3139746626.0,0.004402713545586592
2023-07-26,3834.58,3851.56,3813.97,3839.43,6974731.0,662673111.0,3139746626.0,0.0022214311633438157
2023-07-27,3855.6,3855.6,3807.5,3825.69,5490798.0,520384798.0,3139746626.0,0.0017488028984667503
2023-07-28,3799.42,3882.27,3798.21,3868.13,15977009.0,1525072523.0,3139746626.0,0.005088630040301858
2023-07-31,3912.18,4032.62,3912.18,3950.98,16540985.0,1625504945.0,3139746626.0,0.005268254725723846
2023-08-01,3928.34,4009.18,3916.22,3944.51,8663397.0,848423432.0,3139746626.0,0.0027592662822722943
2023-08-02,3955.83,3959.87,3898.44,3922.28,4531356.0,439609428.0,3139746626.0,0.0014432234634719216
2023-08-03,3931.58,3933.6,3884.29,3906.12,5638535.0,544737758.0,3139746626.0,0.0017958566953485118
2023-08-04,3931.17,3971.99,3884.29,3901.67,6211874.0,602705157.0,3139746626.0,0.001978463468535948
2023-08-07,3910.16,3927.54,3880.25,3917.84,6104910.0,590386118.0,3139746626.0,0.0019443957513786973
2023-08-08,3900.46,3952.19,3880.25,3921.88,5333271.0,516425392.0,3139746626.0,0.0016986310155843766
2023-08-09,3899.25,3938.45,3893.99,3918.65,4537939.0,439596536.0,3139746626.0,0.001445320129472129
2023-08-10,3917.03,3944.51,3863.28,3910.16,6043143.0,584536289.0,3139746626.0,0.0019247231448414335
2023-08-11,3929.15,3929.56,3839.43,3839.43,7618153.0,728994455.0,3139746626.0,0.002426359164435328
2023-08-14,3767.9,3846.3,3762.64,3814.78,8577288.0,809085468.0,3139746626.0,0.002731840820839535
2023-08-15,3817.61,3836.2,3780.02,3824.48,5011331.0,472995862.0,3139746626.0,0.0015960940792169515
2023-08-16,3797.8,3814.78,3767.09,3788.1,6425576.0,601963178.0,3139746626.0,0.0020465269225198937
2023-08-17,3769.11,3790.13,3726.27,3765.47,7306250.0,680168901.0,3139746626.0,0.0023270189828368654
2023-08-18,3754.56,3770.32,3710.1,3710.1,8192846.0,756588390.0,3139746626.0,0.0026093971826120213
2023-08-21,3678.18,3755.77,3669.69,3697.57,9048129.0,832390824.0,3139746626.0,0.0028818022846407863
2023-08-22,3718.19,3786.08,3702.42,3760.22,8304676.0,770596295.0,3139746626.0,0.0026450147063554804
2023-08-23,3746.48,3775.17,3684.24,3696.36,7715377.0,711932297.0,3139746626.0,0.002457324720443859
2023-08-24,3689.9,3781.23,3689.9,3753.75,7310351.0,678391860.0,3139746626.0,0.002328325139189114
2023-08-25,3727.08,3786.08,3724.25,3750.52,6560554.0,608786207.0,3139746626.0,0.002089517015695648
2023-08-28,3900.05,3920.26,3758.6,3770.73,12222577.0,1159563120.0,3139746626.0,0.003892854569469326
2023-08-29,3807.91,3834.58,3748.5,3775.98,9465620.0,886719882.0,3139746626.0,0.003014771931472409
2023-08-30,3794.98,3838.22,3759.01,3784.87,8031681.0,754225477.0,3139746626.0,0.002558066607505927
2023-08-31,3782.85,3821.24,3775.17,3788.91,5731652.0,537364037.0,3139746626.0,0.0018255141840225677
2023-09-01,3788.91,3909.35,3788.91,3903.29,10193469.0,979085294.0,3139746626.0,0.003246589681979007
2023-09-04,3941.68,4005.13,3904.1,3950.98,14006779.0,1373996003.0,3139746626.0,0.004461117621406435
2023-09-05,3927.54,3952.59,3900.05,3926.32,5270250.0,512051476.0,3139746626.0,0.001678559013761641
2023-09-06,3914.6,3940.47,3887.93,3901.27,4517587.0,436963893.0,3139746626.0,0.0014388380777576796
2023-09-07,3901.27,3920.26,3855.6,3884.29,5665922.0,545365684.0,3139746626.0,0.0018045793737242796
2023-09-08,3883.08,3887.53,3809.12,3821.24,4188264.0,396950763.0,3139746626.0,0.001333949677759762
2023-09-11,3822.46,3869.74,3811.55,3824.48,5071523.0,481573157.0,3139746626.0,0.001615265052919592
2023-09-12,3821.24,3844.69,3803.87,3811.55,4795586.0,453483099.0,3139746626.0,0.0015273799357846654
2023-09-13,3839.43,3878.23,3803.87,3813.57,5665617.0,537002580.0,3139746626.0,0.0018044822321277335
2023-09-14,3843.07,3847.11,3782.04,3799.42,6341822.0,596302739.0,3139746626.0,0.0020198515216112854
2023-09-15,3813.97,3819.22,3725.46,3752.14,6880784.0,640950770.0,3139746626.0,0.002191509322128339
2023-09-18,3750.11,3783.66,3720.61,3762.64,5702428.0,530348096.0,3139746626.0,0.001816206426588258
2023-09-19,3758.6,3770.73,3700.4,3750.52,6422968.0,593471478.0,3139746626.0,0.002045696282245165
2023-09-20,3750.92,3758.6,3695.55,3706.87,4488220.0,411860989.0,3139746626.0,0.0014294847752469564
2023-09-21,3691.11,3716.57,3681.41,3682.62,6308627.0,577257174.0,3139746626.0,0.002009279012439649
2023-09-22,3678.18,3767.9,3666.46,3766.28,10149770.0,933620987.0,3139746626.0,0.0032326716799217286
2023-09-25,3790.53,3790.53,3689.9,3695.15,8621107.0,792243753.0,3139746626.0,0.0027457970425413558
2023-09-26,3669.69,3705.25,3669.69,3682.62,5443502.0,496303990.0,3139746626.0,0.0017337392625643034
2023-09-27,3682.62,3696.77,3583.2,3605.43,13043599.0,1168081108.0,3139746626.0,0.0041543476444841
2023-09-28,3614.72,3624.02,3530.66,3569.46,11135404.0,983242919.0,3139746626.0,0.003546593189332087
2023-10-09,3556.53,3578.75,3536.32,3552.48,6773367.0,595813848.0,3139746626.0,0.00215729732581294
2023-10-10,3592.09,3592.09,3511.26,3519.75,7782404.0,681156760.0,3139746626.0,0.0024786726214002467
2023-10-11,3567.84,3591.28,3531.47,3535.91,8449342.0,743459576.0,3139746626.0,0.0026910903988339855
2023-10-12,3592.09,3608.66,3508.03,3524.6,9628279.0,845215213.0,3139746626.0,0.003066578341153061
2023-10-13,3495.9,3524.19,3487.01,3519.34,5321473.0,461673399.0,3139746626.0,0.0016948733875317493
2023-10-16,3516.11,3534.3,3475.7,3491.86,8516738.0,737457184.0,3139746626.0,0.002712555825197342
2023-10-17,3488.22,3541.57,3468.42,3538.74,7711820.0,671814565.0,3139746626.0,0.0024561918264802045
2023-10-18,3515.71,3528.24,3470.85,3474.48,5478961.0,473530611.0,3139746626.0,0.0017450328490296466
2023-10-19,3439.32,3468.02,3428.81,3429.22,8086302.0,688646645.0,3139746626.0,0.0025754632342106704
2023-10-20,3413.05,3447.41,3409.82,3435.28,7672437.0,651180500.0,3139746626.0,0.002443648457638314
2023-10-23,3434.88,3435.28,3356.47,3390.02,6318391.0,530104804.0,3139746626.0,0.002012388817517277
2023-10-24,3390.02,3435.28,3389.21,3421.54,8250536.0,697682925.0,3139746626.0,0.0026277712767259456
2023-10-25,3489.84,3520.15,3471.65,3474.08,9697731.0,838172693.0,3139746626.0,0.00308869859742625
2023-10-26,3476.5,3503.58,3431.24,3476.1,5568546.0,477447232.0,3139746626.0,0.0017735654061659942
2023-10-27,3475.7,3552.89,3460.74,3550.46,7838757.0,683636767.0,3139746626.0,0.0024966208849745574
2023-10-30,3520.15,3605.83,3508.43,3581.99,7855875.0,693964761.0,3139746626.0,0.00250207291726858
2023-10-31,3579.97,3588.86,3542.38,3588.86,5505592.0,486186685.0,3139746626.0,0.001753514743644795
2023-11-01,3583.2,3590.88,3455.49,3455.49,11437849.0,989654881.0,3139746626.0,0.0036429210259465057
2023-11-02,3493.88,3524.19,3464.38,3490.25,7550061.0,653176879.0,3139746626.0,0.0024046720641336234
2023-11-03,3490.65,3525.0,3464.78,3519.75,4623154.0,401156683.0,3139746626.0,0.0014724608545530452
2023-11-06,3529.45,3581.18,3528.24,3562.99,7942908.0,698102755.0,3139746626.0,0.0025297926699643183
2023-11-07,3544.81,3550.06,3501.16,3524.19,6806013.0,592433870.0,3139746626.0,0.0021676949801107933
2023-11-08,3515.3,3516.11,3309.19,3369.81,32842022.0,2737518305.0,3139746626.0,0.010460086724208171
2023-11-09,3337.48,3446.19,3330.2,3433.66,19777850.0,1671133459.0,3139746626.0,0.006299186640164257
2023-11-10,3421.54,3447.41,3349.6,3367.79,12152929.0,1017814383.0,3139746626.0,0.0038706718877767176
2023-11-13,3373.85,3383.55,3335.05,3358.49,9235584.0,766722805.0,3139746626.0,0.0029415061468721204
2023-11-14,3364.96,3394.06,3314.44,3341.52,10194270.0,841974077.0,3139746626.0,0.0032468447981063298
2023-11-15,3361.73,3388.0,3333.03,3366.58,10519445.0,873683395.0,3139746626.0,0.00335041207239122
2023-11-16,3366.17,3366.17,3322.12,3328.18,7677300.0,632777402.0,3139746626.0,0.0024451973087334087
2023-11-17,3322.12,3335.86,3284.13,3326.16,11809048.0,965732699.0,3139746626.0,0.0037611468079016895
2023-11-20,3334.24,3349.6,3297.87,3326.16,8613883.0,707632403.0,3139746626.0,0.0027434962199398825
2023-11-21,3334.24,3388.8,3328.18,3343.54,13348916.0,1109734001.0,3139746626.0,0.004251590204591241
2023-11-22,3341.52,3341.52,3301.91,3306.76,7135836.0,585574883.0,3139746626.0,0.002272742628627639
2023-11-23,3299.89,3315.65,3274.02,3303.93,7980745.0,650526417.0,3139746626.0,0.0025418436423856835
2023-11-24,3297.06,3318.48,3288.57,3289.79,6359860.0,519451466.0,3139746626.0,0.002025596571180136
2023-11-27,3277.66,3289.79,3229.97,3280.9,12355482.0,995806118.0,3139746626.0,0.0039351844182856045
2023-11-28,3280.9,3282.11,3253.41,3265.54,5800764.0,468588750.0,3139746626.0,0.0018475261513028855
2023-11-29,3265.54,3269.18,3233.61,3246.95,7531046.0,605281462.0,3139746626.0,0.002398615842958788
2023-11-30,3254.63,3268.77,3235.63,3259.48,6424404.0,516872988.0,3139746626.0,0.0020461536439915265
2023-12-01,3243.71,3247.35,3158.44,3187.94,16176300.0,1279827125.0,3139746626.0,0.005152103633473257
2023-12-04,3192.79,3215.42,3161.27,3202.89,8152863.0,644861524.0,3139746626.0,0.002596662715547417
2023-12-05,3220.68,3220.68,3141.87,3143.08,8611045.0,675306863.0,3139746626.0,0.0027425923253464467
2023-12-06,3132.57,3153.18,3109.94,3116.0,11475155.0,886553878.0,3139746626.0,0.0036548028764407693
2023-12-07,3116.0,3143.08,3066.7,3070.74,11680999.0,891136778.0,3139746626.0,0.003720363580701241
2023-12-08,3070.33,3085.69,3051.74,3079.22,11652176.0,885044343.0,3139746626.0,0.0037111835405791117
2023-12-11,3053.76,3107.92,3025.07,3096.2,10005624.0,758314459.0,3139746626.0,0.0031867616059029088
2023-12-12,3091.75,3091.75,3047.3,3078.42,8905101.0,675606900.0,3139746626.0,0.0028362482903102897
2023-12-13,3074.78,3075.18,2969.3,2976.97,15913210.0,1181723859.0,3139746626.0,0.00506831024778367
2023-12-14,2996.37,3062.65,2984.65,3033.15,18078791.0,1357954042.0,3139746626.0,0.005758041381521338
2023-12-15,3045.28,3098.22,3027.49,3037.6,11986767.0,906443955.0,3139746626.0,0.0038177497829724556
2023-12-18,3037.6,3081.65,2988.69,3066.29,10130651.0,767285659.0,3139746626.0,0.003226582335054956
2023-12-19,3044.06,3065.08,3027.09,3063.46,6766973.0,510334538.0,3139746626.0,0.002155260855752887
2023-12-20,3063.87,3091.35,3054.17,3064.67,8438829.0,641943775.0,3139746626.0,0.002687742039475003
2023-12-21,3054.17,3118.02,3041.23,3099.03,10235396.0,783084223.0,3139746626.0,0.0032599433072852037
2023-12-22,3113.98,3128.93,3071.95,3126.91,8926650.0,686063021.0,3139746626.0,0.0028431115829790528
2023-12-25,3127.32,3147.93,3112.77,3138.23,5493172.0,425650415.0,3139746626.0,0.001749559010434621
2023-12-26,3136.61,3139.04,3085.69,3105.09,5467669.0,420103376.0,3139746626.0,0.0017414363804781742
2023-12-27,3105.09,3134.59,3066.7,3079.63,8678604.0,663490435.0,3139746626.0,0.002764109666726974
2023-12-28,3095.79,3168.14,3083.67,3160.46,12473730.0,969219376.0,3139746626.0,0.003972846056018025
2023-12-29,3160.46,3176.22,3100.24,3104.69,13695166.0,1058322144.0,3139746626.0,0.004361869803948951
2024-01-02,3107.92,3108.73,3053.36,3058.21,9638911.0,732446071.0,3139746626.0,0.0030699646016595483
2024-01-03,3052.15,3071.55,3031.13,3053.36,8571760.0,646526316.0,3139746626.0,0.0027300801692142656
2024-01-04,3039.21,3081.24,3002.84,3037.6,9417155.0,705143734.0,3139746626.0,0.0029993359725327086
2024-01-05,3031.13,3074.78,3012.54,3039.21,7945531.0,598183119.0,3139746626.0,0.002530628087694615
2024-01-08,3031.13,3043.66,2971.72,2975.76,7543544.0,558674190.0,3139746626.0,0.0024025964189379146
2024-01-09,2978.59,2984.65,2914.33,2922.82,10376519.0,754364587.0,3139746626.0,0.0033048905647585845
2024-01-10,2910.29,2968.49,2909.89,2950.3,8754651.0,638026618.0,3139746626.0,0.002788330410964824
2024-01-11,2944.64,2946.26,2882.0,2888.87,12580554.0,902725736.0,3139746626.0,0.004006869183589975
2024-01-12,2880.38,2888.47,2839.97,2863.0,11851986.0,840159169.0,3139746626.0,0.0037748224337131593
2024-01-15,2855.73,2860.58,2816.12,2821.38,12543331.0,879813017.0,3139746626.0,0.003995013768349854
2024-01-16,2816.93,2842.39,2789.85,2831.48,11808330.0,823603775.0,3139746626.0,0.0037609181270285086
2024-01-17,2831.48,2831.48,2736.1,2736.1,14145282.0,969778391.0,3139746626.0,0.004505230416640632
2024-01-18,2721.96,2827.44,2698.92,2821.38,18031245.0,1224832350.0,3139746626.0,0.0057428981213594275
2024-01-19,2807.63,2846.84,2789.04,2837.14,13399710.0,936363648.0,3139746626.0,0.004267767943132109
2024-01-22,2834.71,2881.19,2755.1,2795.51,22245533.0,1560668984.0,3139746626.0,0.007085136366032359
2024-01-23,2795.51,2833.5,2774.49,2813.7,9987153.0,693491222.0,3139746626.0,0.003180878647116667
2024-01-24,2847.24,2848.86,2778.54,2841.18,10287312.0,717814151.0,3139746626.0,0.0032764783995025463
2024-01-25,2854.92,2922.41,2831.08,2913.52,11814308.0,844986929.0,3139746626.0,0.003762822102320813
2024-01-26,2901.8,2968.49,2899.78,2950.3,11842596.0,863137559.0,3139746626.0,0.0037718317465276893
2024-01-29,2965.66,2987.89,2938.18,2938.18,8999933.0,658976919.0,3139746626.0,0.002866452001404269
2024-01-30,2925.65,2943.43,2864.22,2879.17,9499455.0,679663865.0,3139746626.0,0.003025548278748274
2024-01-31,2877.55,2897.76,2815.72,2816.53,10177909.0,714918065.0,3139746626.0,0.0032416338680699643
2024-02-01,2830.67,2873.51,2813.29,2837.54,12127225.0,854375251.0,3139746626.0,0.0038624852399156617
2024-02-02,2855.32,2855.32,2700.13,2736.5,19740537.0,1354308834.0,3139746626.0,0.006287302560190728
2024-02-05,2766.41,2877.55,2760.35,2829.46,31706973.0,2217115854.0,3139746626.0,0.01009857697988653
2024-02-06,2829.46,2936.56,2815.31,2922.01,27920862.0,1993820669.0,3139746626.0,0.008892711841391752
2024-02-07,2922.01,2969.7,2887.66,2964.45,24791789.0,1805372248.0,3139746626.0,0.007896111359655936
2024-02-08,2972.12,3043.66,2965.66,3012.54,23021362.0,1714969672.0,3139746626.0,0.007332235604415297
2024-02-19,3051.34,3057.8,2988.29,3015.37,14031524.0,1047351829.0,3139746626.0,0.0044689988306081865
2024-02-20,3015.77,3038.41,2990.31,3029.51,12195395.0,911707010.0,3139746626.0,0.003884197182986319
2024-02-21,3026.28,3204.92,3016.18,3153.59,21149898.0,1636363503.0,3139746626.0,0.006736179863960781
2024-02-22,3145.1,3192.39,3128.93,3184.71,12366501.0,969002616.0,3139746626.0,0.003938693937145742
2024-02-23,3168.95,3196.83,3126.91,3137.02,10557101.0,823453405.0,3139746626.0,0.003362405396848733
2024-02-26,3137.42,3152.38,3086.9,3103.88,9743279.0,750760353.0,3139746626.0,0.003103205500506524
2024-02-27,3103.88,3166.92,3099.03,3164.9,12708626.0,990037795.0,3139746626.0,0.004047659736222294
2024-02-28,3177.03,3202.89,3140.66,3143.89,11594859.0,907952107.0,3139746626.0,0.0036929282458603076
2024-02-29,3139.85,3217.44,3137.83,3215.02,14367794.0,1134659756.0,3139746626.0,0.004576099829528091
2024-03-01,3200.87,3213.81,3176.62,3181.88,10193794.0,804414288.0,3139746626.0,0.0032466931935163103
2024-03-04,3179.45,3184.71,3067.5,3077.2,21644746.0,1660091765.0,3139746626.0,0.006893787486149845
2024-03-05,3055.38,3114.79,3049.32,3106.71,16028971.0,1224540603.0,3139746626.0,0.0051051797833829415
2024-03-06,3106.71,3111.96,3064.27,3069.52,8946161.0,682632732.0,3139746626.0,0.002849325778684665
2024-03-07,3069.52,3121.66,3066.7,3111.96,11143104.0,855282980.0,3139746626.0,0.00354904561652358
2024-03-08,3102.26,3139.85,3099.03,3119.24,9898775.0,763741268.0,3139746626.0,0.0031527305159050117
2024-03-11,3122.47,3147.12,3106.3,3128.93,9818826.0,758722726.0,3139746626.0,0.0031272669962254464
2024-03-12,3140.66,3213.0,3112.77,3193.6,18100251.0,1417982755.0,3139746626.0,0.005764876327953732
2024-03-13,3200.87,3211.38,3136.21,3162.48,10466840.0,819591513.0,3139746626.0,0.0033336575357147944
2024-03-14,3162.88,3172.18,3112.36,3123.68,9534139.0,739185030.0,3139746626.0,0.003036595030009278
2024-03-15,3123.68,3172.58,3097.41,3164.1,10968600.0,850073084.0,3139746626.0,0.0034934666094295214
2024-03-18,3164.5,3203.3,3143.08,3192.39,10267880.0,808770005.0,3139746626.0,0.0032702893650629248
2024-03-19,3176.62,3196.02,3101.05,3175.82,12840096.0,1003854789.0,3139746626.0,0.00408953254178925
2024-03-20,3160.05,3189.96,3143.08,3147.53,8732257.0,683087895.0,3139746626.0,0.0027811979882990724
2024-03-21,3160.46,3164.5,3114.79,3120.04,8738660.0,676768938.0,3139746626.0,0.0027832373248324657
2024-03-22,3113.17,3132.17,3075.99,3121.66,10374056.0,797360025.0,3139746626.0,0.0033041061065543446
2024-03-25,3121.66,3188.75,3113.98,3162.08,14250757.0,1113332860.0,3139746626.0,0.004538823891708515
2024-03-26,3156.42,3237.25,3153.59,3233.61,15200850.0,1203167758.0,3139746626.0,0.004841425697896426
2024-03-27,3232.8,3293.83,3201.68,3222.7,17482414.0,1410525317.0,3139746626.0,0.005568097073575771
2024-03-28,3213.0,3293.42,3202.89,3251.39,11906759.0,957028948.0,3139746626.0,0.003792267471967657
2024-03-29,3249.37,3354.45,3249.37,3346.37,14418424.0,1186856152.0,3139746626.0,0.004592225334554751
2024-04-01,3370.62,3480.55,3366.98,3417.09,19353317.0,1641734815.0,3139746626.0,0.00616397413719205
2024-04-02,3415.07,3474.89,3402.95,3435.28,11240765.0,957275439.0,3139746626.0,0.0035801503557376544
2024-04-03,3430.43,3454.28,3396.89,3431.24,9881446.0,837823521.0,3139746626.0,0.0031472112807360017
2024-04-08,3431.64,3534.7,3421.14,3516.11,20150338.0,1743628069.0,3139746626.0,0.006417822964801236
2024-04-09,3515.71,3583.2,3489.84,3512.07,18063748.0,1574904870.0,3139746626.0,0.0057532502305808675
2024-04-10,3515.71,3539.96,3491.05,3533.09,12611045.0,1100585770.0,3139746626.0,0.004016580476771249
2024-04-11,3511.26,3537.53,3475.7,3508.03,11449118.0,995052873.0,3139746626.0,0.0036465101690661074
2024-04-12,3495.9,3513.69,3454.68,3480.14,13920358.0,1197344654.0,3139746626.0,0.004433592788897865
2024-04-15,3479.74,3576.33,3476.91,3556.53,17372160.0,1524071053.0,3139746626.0,0.005532981501163973
2024-04-16,3554.1,3581.99,3505.2,3516.11,15089504.0,1322053316.0,3139746626.0,0.00480596232671929
2024-04-17,3514.09,3536.32,3483.78,3519.34,10441218.0,906349938.0,3139746626.0,0.0033254970046108427
2024-04-18,3510.86,3580.78,3484.99,3524.6,11830684.0,1036479456.0,3139746626.0,0.0037680378098127465
2024-04-19,3516.11,3538.34,3460.74,3497.92,13685104.0,1187246131.0,3139746626.0,0.004358665086754042
2024-04-22,3523.67,3603.98,3507.6,3554.15,14080622.0,1220295471.0,3139746626.0,0.004484636398172851
2024-04-23,3542.2,3561.97,3466.83,3480.42,11853433.0,1005637670.0,3139746626.0,0.003775283298926937
2024-04-24,3511.31,3511.31,3450.35,3477.54,8700027.0,733521619.0,3139746626.0,0.002770932828768967
2024-04-25,3475.06,3498.95,3442.53,3480.42,8840302.0,745076622.0,3139746626.0,0.0028156100007542457
2024-04-26,3479.6,3603.57,3477.95,3572.68,16554085.0,1428141212.0,3139746626.0,0.005272427036919762
2024-04-29,3572.68,3815.69,3562.8,3700.78,24739005.0,2235660969.0,3139746626.0,0.007879299812009735
2024-04-30,3719.72,3752.67,3669.89,3669.89,9823168.0,883841131.0,3139746626.0,0.003128649910363818
2024-05-06,3748.14,3810.34,3711.9,3786.86,20019552.0,1837778837.0,3139746626.0,0.006376168011208176
2024-05-07,3783.57,3809.93,3776.15,3787.68,10473491.0,963849193.0,3139746626.0,0.003335775859513576
2024-05-08,3788.1,3801.69,3725.9,3742.79,9070595.0,824370879.0,3139746626.0,0.0028889576390932637
2024-05-09,3722.61,3742.38,3673.59,3720.55,13199487.0,1189178182.0,3139746626.0,0.004203997510721427
2024-05-10,3723.43,3764.62,3686.36,3716.02,11064427.0,997034122.0,3139746626.0,0.0035239872250761675
2024-05-13,3702.84,3762.56,3677.3,3731.67,9994380.0,905643533.0,3139746626.0,0.003183180425209254
2024-05-14,3732.9,3745.67,3681.42,3693.36,8547963.0,768960139.0,3139746626.0,0.0027225008952044016
2024-05-15,3692.95,3711.07,3624.99,3653.41,8587372.0,762771204.0,3139746626.0,0.0027350525449692767
2024-05-16,3652.59,3676.48,3618.81,3655.47,9736311.0,861707451.0,3139746626.0,0.003100986213146742
2024-05-17,3636.94,3710.25,3636.94,3709.43,10087264.0,901145081.0,3139746626.0,0.003212763704073489
2024-05-20,3727.55,3772.45,3657.12,3699.95,12776601.0,1151088807.0,3139746626.0,0.00406930957237057
2024-05-21,3686.77,3698.72,3629.52,3649.29,7924512.0,704230736.0,3139746626.0,0.002523933598455916
2024-05-22,3685.54,3798.39,3674.0,3759.68,22242289.0,2026540993.0,3139746626.0,0.007084103161641553
2024-05-23,3739.49,3741.55,3657.53,3669.47,11511208.0,1028858521.0,3139746626.0,0.003666285650146599
2024-05-24,3657.94,3684.3,3625.81,3653.82,11029225.0,978103383.0,3139746626.0,0.0035127754923495536
2024-05-27,3642.29,3741.97,3641.05,3729.2,10815248.0,974601118.0,3139746626.0,0.0034446244516801974
2024-05-28,3729.2,3748.56,3707.37,3711.9,7434625.0,671866254.0,3139746626.0,0.002367906040071655
2024-05-29,3700.78,3758.85,3700.78,3724.67,8814588.0,799879292.0,3139746626.0,0.002807420167922811
2024-05-30,3724.67,3796.75,3643.11,3660.41,14011705.0,1261862602.0,3139746626.0,0.0044626865378149146
2024-05-31,3702.01,3702.01,3599.87,3606.04,11740584.0,1034548711.0,3139746626.0,0.0037393412267019027
2024-06-03,3593.69,3622.52,3575.15,3592.45,9782184.0,853371080.0,3139746626.0,0.0031155966277643197
2024-06-04,3590.8,3655.47,3583.8,3628.7,8628266.0,761120086.0,3139746626.0,0.0027480771628353683
2024-06-05,3645.17,3646.41,3610.57,3630.35,5199783.0,458337869.0,3139746626.0,0.0016561154829950282
2024-06-06,3632.82,3718.49,3630.35,3657.53,9851420.0,879520991.0,3139746626.0,0.0031376480886773314
2024-06-07,3695.01,3698.72,3603.98,3624.17,7572901.0,668137933.0,3139746626.0,0.0024119465364782593
2024-06-11,3631.99,3651.35,3585.04,3636.94,7356154.0,646381076.0,3139746626.0,0.0023429132590140414
2024-06-12,3637.35,3644.76,3532.73,3568.97,11753155.0,1018061590.0,3139746626.0,0.003743345052964793
2024-06-13,3574.33,3577.21,3501.43,3532.32,10118115.0,867162741.0,3139746626.0,0.0032225896561883906
2024-06-14,3522.84,3589.57,3456.53,3561.56,15434196.0,1318115955.0,3139746626.0,0.00491574570769202
2024-06-17,3548.38,3586.69,3516.25,3531.9,9956514.0,856106648.0,3139746626.0,0.0031711202163737908
2024-06-18,3534.38,3544.26,3484.95,3506.37,7587472.0,646095027.0,3139746626.0,0.0024165873568168616
2024-06-19,3505.96,3513.37,3450.35,3468.06,11802502.0,993727389.0,3139746626.0,0.0037590619262918828
2024-06-20,3468.47,3525.73,3457.35,3461.47,8854035.0,747826012.0,3139746626.0,0.0028199839205751247
2024-06-21,3461.47,3472.18,3398.45,3430.99,9407864.0,783077014.0,3139746626.0,0.0029963768165539866
2024-06-24,3435.11,3479.18,3396.81,3471.36,11368850.0,950428470.0,3139746626.0,0.0036209450488314658
2024-06-25,3487.83,3552.5,3453.65,3533.14,13220914.0,1130044495.0,3139746626.0,0.004210821946751572
2024-06-26,3520.78,3533.96,3487.01,3517.08,8236353.0,703111210.0,3139746626.0,0.002623254033238031
2024-06-27,3505.13,3519.55,3380.33,3422.76,18236498.0,1515362316.0,3139746626.0,0.005808270593870526
2024-06-28,3410.81,3432.23,3330.49,3330.49,19036039.0,1554546092.0,3139746626.0,0.00606292203401511
2024-07-01,3319.78,3410.4,3319.78,3389.8,10944245.0,898168984.0,3139746626.0,0.0034857096140725337
2024-07-02,3360.97,3397.22,3306.6,3307.43,14415598.0,1166205645.0,3139746626.0,0.0045913252619257695
2024-07-03,3307.43,3347.79,3300.43,3312.37,7468345.0,602036300.0,3139746626.0,0.0023786457601881663
2024-07-04,3330.08,3343.26,3270.36,3336.67,10339838.0,832074345.0,3139746626.0,0.0032932077749129813
2024-07-05,3332.55,3348.62,3287.25,3340.38,9307700.0,750107667.0,3139746626.0,0.002964474879254158
2024-07-08,3320.61,3321.02,3262.12,3263.77,9605013.0,765209507.0,3139746626.0,0.0030591681890702986
2024-07-09,3262.12,3273.65,3212.69,3236.58,11146650.0,876192561.0,3139746626.0,0.003550175007019818
2024-07-10,3229.99,3268.71,3187.98,3202.4,8781155.0,685361002.0,3139746626.0,0.002796771856456165
2024-07-11,3218.05,3349.85,3202.81,3316.9,14511803.0,1161792930.0,3139746626.0,0.004621966269452725
2024-07-12,3348.62,3457.77,3336.26,3431.82,16335320.0,1353422384.0,3139746626.0,0.00520275103243315
2024-07-15,3439.23,3449.53,3349.03,3360.97,9913340.0,813363082.0,3139746626.0,0.0031573694252613875
2024-07-16,3354.79,3397.22,3346.56,3367.97,8040429.0,658638150.0,3139746626.0,0.002560852819593093
2024-07-17,3368.39,3399.28,3274.48,3390.22,11796117.0,959122449.0,3139746626.0,0.003757028322705171
2024-07-18,3391.04,3393.1,3318.96,3368.39,11067391.0,900209942.0,3139746626.0,0.0035249312502963733
2024-07-19,3359.74,3417.4,3320.2,3399.69,13602110.0,1115766374.0,3139746626.0,0.004332231743594204
2024-07-22,3399.69,3410.4,3323.9,3362.21,11337583.0,924297623.0,3139746626.0,0.003610986601948816
2024-07-23,3361.38,3372.51,3278.6,3282.72,9658595.0,776693783.0,3139746626.0,0.0030762338973527093
2024-07-24,3316.08,3322.26,3244.82,3265.83,7210694.0,572899114.0,3139746626.0,0.0022965846798874783
2024-07-25,3262.12,3318.55,3213.52,3233.29,9214292.0,727806991.0,3139746626.0,0.002934724707942086
2024-07-26,3249.76,3307.43,3234.11,3266.65,10703028.0,848241745.0,3139746626.0,0.0034088827140919746
2024-07-29,3269.53,3275.71,3191.69,3195.4,7203241.0,561622163.0,3139746626.0,0.002294210921464336
2024-07-30,3192.1,3210.64,3063.59,3095.72,15021660.0,1133531847.0,3139746626.0,0.0047843542136829734
2024-07-31,3092.42,3203.63,3076.36,3196.22,13745759.0,1052841456.0,3139746626.0,0.00437798352458521
2024-08-01,3192.1,3197.04,3055.36,3058.24,19749958.0,1482880158.0,3139746626.0,0.006290303120784371
2024-08-02,3027.35,3060.71,2973.8,3047.94,18532614.0,1358650060.0,3139746626.0,0.0059025826627323525
2024-08-05,3015.4,3056.18,2977.1,2977.92,14186373.0,1034848345.0,3139746626.0,0.004518317778423182
2024-08-06,2999.75,3033.53,2943.32,2977.92,11738867.0,849772117.0,3139746626.0,0.0037387943672879034
2024-08-07,2971.74,3047.12,2966.39,3026.94,14729378.0,1081861331.0,3139746626.0,0.0046912632624642875
2024-08-08,3026.94,3178.92,3026.94,3150.91,20953459.0,1588036467.0,3139746626.0,0.0066736146243413464
2024-08-09,3130.32,3161.21,3100.66,3114.25,9900755.0,751615383.0,3139746626.0,0.003153361140039967
2024-08-12,3098.19,3117.14,3047.94,3085.83,7007824.0,525433919.0,3139746626.0,0.002231971185817591
2024-08-13,3069.36,3075.95,2940.03,3007.16,20513372.0,1485519625.0,3139746626.0,0.006533448218442325
2024-08-14,3006.75,3006.75,2875.36,2916.14,22815374.0,1611282277.0,3139746626.0,0.007266629036581374
2024-08-15,2903.78,2940.03,2879.89,2898.02,16719628.0,1177921494.0,3139746626.0,0.005325151992057591
2024-08-16,2894.72,2938.38,2868.77,2912.43,12516778.0,883872461.0,3139746626.0,0.003986556716503658
2024-08-19,2908.72,2962.68,2890.6,2908.31,11256285.0,796770057.0,3139746626.0,0.0035850934297651828
2024-08-20,2902.13,2929.73,2858.47,2875.36,11370578.0,797054013.0,3139746626.0,0.0036214954117128814
2024-08-21,2880.3,2907.08,2858.06,2887.72,7873643.0,552460938.0,3139746626.0,0.0025077319726372086
2024-08-22,2887.31,2903.78,2864.65,2879.07,6975459.0,488430326.0,3139746626.0,0.0022216630291873748
2024-08-23,2870.83,2935.08,2863.42,2906.25,9801382.0,690393450.0,3139746626.0,0.0031217111338970828
2024-08-26,2907.08,2923.14,2849.41,2874.95,11176194.0,779293803.0,3139746626.0,0.003559584683506242
2024-08-27,2866.71,2879.07,2849.0,2864.65,7085033.0,492867446.0,3139746626.0,0.0022565620236134304
2024-08-28,2864.65,2890.6,2849.82,2861.77,7345365.0,511421510.0,3139746626.0,0.0023394769944726107
2024-08-29,2867.54,2936.32,2849.41,2916.96,12140183.0,857526996.0,3139746626.0,0.0038666123245322025
2024-08-30,2919.43,3056.59,2874.95,3006.75,20034526.0,1456913726.0,3139746626.0,0.006380937185853034
2024-09-02,2998.52,3009.64,2904.19,2917.79,11991158.0,854968057.0,3139746626.0,0.0038191483034656823
2024-09-03,2917.79,2944.15,2891.84,2938.79,8104813.0,576192617.0,3139746626.0,0.0025813589328784266
2024-09-04,2924.38,2948.27,2887.31,2911.61,9700581.0,685939865.0,3139746626.0,0.00308960631398414
2024-09-05,2912.85,2956.84,2892.94,2937.75,10080920.0,710221051.0,3139746626.0,0.0032107431588653296
2024-09-06,2937.75,2968.04,2921.98,2929.45,7582645.0,537838980.0,3139746626.0,0.0024150499716151298
2024-09-09,2913.27,2969.7,2867.21,2918.66,10373314.0,727231154.0,3139746626.0,0.0033038697817522555
2024-09-10,2910.36,2933.6,2872.19,2892.11,6886085.0,480553714.0,3139746626.0,0.002193197674926015
2024-09-11,2880.49,2941.48,2858.91,2932.35,9606352.0,674453392.0,3139746626.0,0.003059594656603988
2024-09-12,2916.17,2978.83,2916.17,2934.84,7997672.0,568010555.0,3139746626.0,0.002547234841745475
2024-09-13,2941.48,2995.84,2929.45,2940.65,9236019.0,659112329.0,3139746626.0,0.0029416446930835877
2024-09-18,2946.05,3021.98,2946.05,3019.08,13809341.0,996606810.0,3139746626.0,0.004398234203246183
2024-09-19,3029.03,3174.26,3021.15,3137.33,21632355.0,1621504426.0,3139746626.0,0.006889840989353769
2024-09-20,3132.77,3142.73,3091.27,3139.82,13333965.0,1002325469.0,3139746626.0,0.004246828355378253
2024-09-23,3142.31,3181.32,3116.17,3138.99,10078796.0,764279877.0,3139746626.0,0.0032100666711569227
2024-09-24,3195.84,3278.0,3138.99,3276.34,22520140.0,1748571602.0,3139746626.0,0.007172597882106936
2024-09-25,3341.9,3384.22,3218.66,3224.88,24686647.0,1960613393.0,3139746626.0,0.00786262394410166
2024-09-26,3257.25,3348.54,3214.1,3348.54,22023291.0,1737918982.0,3139746626.0,0.007014352947345121
2024-09-27,3419.07,3568.04,3419.07,3543.97,21332796.0,1797185998.0,3139746626.0,0.006794432335190604
2024-09-30,3713.68,3857.66,3613.26,3789.2,47278924.0,4246617792.0,3139746626.0,0.01505819724702843
2024-10-08,4165.96,4165.96,3780.9,3890.03,54406647.0,5184802475.0,3139746626.0,0.01732835590918794
2024-10-09,3817.41,3817.41,3510.36,3521.98,45829499.0,4012286355.0,3139746626.0,0.014596559677933706
2024-10-10,3526.13,3670.11,3516.17,3545.63,27552497.0,2382251322.0,3139746626.0,0.008775388680041853
2024-10-11,3535.26,3543.56,3356.83,3402.48,24978330.0,2061659747.0,3139746626.0,0.00795552411559467
2024-10-14,3423.22,3464.72,3368.45,3399.57,33581425.0,2753530004.0,3139746626.0,0.01069558438949016
2024-10-15,3402.89,3410.78,3290.44,3295.84,24305250.0,1961056381.0,3139746626.0,0.007741150129354419
2024-10-16,3270.11,3326.96,3264.3,3271.36,18864783.0,1496446555.0,3139746626.0,0.006008377505300009
2024-10-17,3282.98,3298.33,3173.85,3174.26,26046988.0,2019271085.0,3139746626.0,0.008295888523076002
2024-10-18,3167.21,3298.74,3137.33,3245.63,30710137.0,2382544097.0,3139746626.0,0.009781087666658106
2024-10-21,3278.0,3282.98,3199.16,3244.39,32236978.0,2509087982.0,3139746626.0,0.010267382002435505
2024-10-22,3248.12,3329.03,3231.94,3273.43,28776664.0,2279915651.0,3139746626.0,0.009165282243383165
2024-10-23,3280.07,3322.81,3248.95,3291.27,29803752.0,2354891300.0,3139746626.0,0.009492406729000813
2024-10-24,3282.15,3282.15,3191.69,3211.61,26412023.0,2049836115.0,3139746626.0,0.00841215108928984
2024-10-25,3214.93,3269.28,3194.18,3224.88,22712126.0,1766392961.0,3139746626.0,0.007233744854416797
2024-10-28,3225.3,3340.24,3225.3,3302.89,43105593.0,3425050034.0,3139746626.0,0.013729003685534974
2024-10-29,3275.92,3275.92,3173.85,3188.37,46360867.0,3575505558.0,3139746626.0,0.01476579881194528
2024-10-30,3178.41,3209.95,3148.54,3152.69,23944899.0,1827229220.0,3139746626.0,0.007626379403265899
2024-10-31,3144.8,3155.59,3093.76,3122.4,23751983.0,1785797469.0,3139746626.0,0.007564936228710832
2024-11-01,3123.23,3226.96,3112.44,3174.68,32177074.0,2467355478.0,3139746626.0,0.010248302755879768
2024-11-04,3174.68,3210.78,3147.29,3208.7,22204925.0,1700974413.0,3139746626.0,0.007072202838319094
2024-11-05,3199.16,3278.0,3175.51,3273.02,31368435.0,2451792435.0,3139746626.0,0.009990753629684768
2024-11-06,3273.43,3292.1,3215.76,3231.94,29805336.0,2335423284.0,3139746626.0,0.009492911228308778
2024-11-07,3197.08,3300.82,3190.03,3300.82,31626094.0,2487477625.0,3139746626.0,0.010072817257961757
2024-11-08,3329.45,3468.45,3329.45,3384.22,47187458.0,3880527827.0,3139746626.0,0.015029065596963874
2024-11-11,3334.01,3371.77,3302.06,3355.59,27418908.0,2201482497.0,3139746626.0,0.00873284097925168
2024-11-12,3394.18,3443.14,3325.71,3340.24,28834445.0,2354548313.0,3139746626.0,0.009183685320727534
2024-11-13,3304.97,3340.24,3302.06,3315.76,16756171.0,1338684220.0,3139746626.0,0.00533679082931197
2024-11-14,3299.16,3315.76,3236.09,3239.41,17497230.0,1382547307.0,3139746626.0,0.005572815925688648
2024-11-15,3239.41,3272.19,3186.71,3194.59,18863374.0,1460729289.0,3139746626.0,0.00600792874297367
2024-11-18,3195.01,3269.7,3153.52,3168.45,22683539.0,1758091149.0,3139746626.0,0.007224639979595602
2024-11-19,3182.56,3203.31,3161.81,3200.4,13470555.0,1034368855.0,3139746626.0,0.0042903318657790315
2024-11-20,3195.01,3197.08,3153.52,3186.3,19716185.0,1506098581.0,3139746626.0,0.006279546520324854
2024-11-21,3200.4,3204.97,3164.3,3181.73,14189779.0,1088138601.0,3139746626.0,0.00451940257933412
2024-11-22,3165.55,3174.26,3060.98,3065.96,31017748.0,2322443277.0,3139746626.0,0.00987906085897009
2024-11-25,3065.96,3088.79,3006.63,3029.03,17975569.0,1318123553.0,3139746626.0,0.005725165480279746
2024-11-26,3017.42,3047.71,3000.4,3024.89,10605210.0,772608555.0,3139746626.0,0.003377727970842957
2024-11-27,3024.06,3093.35,3011.61,3090.45,15098061.0,1112405398.0,3139746626.0,0.004808687705872225
2024-11-28,3074.26,3098.33,3056.01,3066.79,11117685.0,823603875.0,3139746626.0,0.003540949740318313
2024-11-29,3070.53,3112.02,3032.77,3082.56,17408767.0,1292006144.0,3139746626.0,0.005544640722228775
2024-12-02,3078.83,3132.35,3066.38,3128.2,16328711.0,1222202924.0,3139746626.0,0.005200646085509958
2024-12-03,3127.79,3130.28,3096.25,3114.51,12377074.0,929377063.0,3139746626.0,0.003942061406326996
2024-12-04,3112.02,3112.02,3039.41,3045.63,23786579.0,1751476253.0,3139746626.0,0.007575954952232506
2024-12-05,3029.86,3036.92,2987.54,3001.23,19394673.0,1403492201.0,3139746626.0,0.006177145900689631
2024-12-06,3002.06,3069.7,3002.06,3055.18,17351580.0,1273147759.0,3139746626.0,0.0055264268321248925
2024-12-09,3058.08,3073.02,3024.89,3036.09,14904562.0,1093121602.0,3139746626.0,0.004747058847544088
2024-12-10,3118.25,3157.66,3077.17,3086.3,32281195.0,2432836597.0,3139746626.0,0.010281464985958392
2024-12-11,3074.68,3114.1,3070.53,3107.87,14112463.0,1054360174.0,3139746626.0,0.00449477766235523
2024-12-12,3106.21,3180.07,3094.59,3168.04,25997102.0,1978100953.0,3139746626.0,0.008279999979845508
2024-12-13,3149.78,3151.44,3098.33,3101.65,19693820.0,1481925002.0,3139746626.0,0.0062724233340732
2024-12-16,3101.65,3121.98,3044.39,3050.61,13140272.0,969344115.0,3139746626.0,0.004185137708624772
2024-12-17,3043.56,3140.24,3038.58,3116.59,19235609.0,1440118980.0,3139746626.0,0.006126484487860072
2024-12-18,3121.15,3167.21,3097.08,3099.99,14857075.0,1119392296.0,3139746626.0,0.004731934378707411
2024-12-19,3084.22,3102.89,3059.32,3081.32,8382717.0,622577154.0,3139746626.0,0.002669870533686816
2024-12-20,3081.73,3090.03,3043.97,3057.67,12867095.0,950533213.0,3139746626.0,0.004098131643314329
2024-12-23,3057.25,3110.78,3055.18,3075.92,13427799.0,997574418.0,3139746626.0,0.0042767142064284525
2024-12-24,3076.34,3128.62,3065.55,3107.46,15585460.0,1167230325.0,3139746626.0,0.0049639228436263
2024-12-25,3112.02,3112.02,3030.69,3041.9,18645431.0,1368456218.0,3139746626.0,0.005938514543052176
2024-12-26,3041.9,3045.63,3011.61,3032.35,16729081.0,1218510502.0,3139746626.0,0.005328162744556446
2024-12-27,3032.77,3036.92,3004.55,3028.62,16667600.0,1213350092.0,3139746626.0,0.005308581228172009
2024-12-30,3024.06,3069.7,3014.51,3022.81,18682366.0,1364560297.0,3139746626.0,0.005950278231145394
2024-12-31,3013.27,3026.96,2960.16,2960.57,23627566.0,1701804823.0,3139746626.0,0.007525309782751877
2025-01-02,2960.57,2960.57,2879.66,2892.94,25730689.0,1802306993.0,3139746626.0,0.008195148228499123
2025-01-03,2892.94,2951.86,2892.11,2908.29,17704391.0,1245937844.0,3139746626.0,0.005638796090547977
2025-01-06,2909.53,2934.01,2891.28,2915.34,14387406.0,1008441515.0,3139746626.0,0.004582346193434527
2025-01-07,2909.53,2921.15,2870.53,2882.98,16324021.0,1135935775.0,3139746626.0,0.005199152334402413
2025-01-08,2882.98,2882.98,2812.02,2829.87,22425926.0,1536623215.0,3139746626.0,0.007142591002182353
2025-01-09,2826.13,2839.41,2801.65,2809.53,15782366.0,1070717938.0,3139746626.0,0.005026636821362413
2025-01-10,2814.1,2825.72,2734.43,2734.43,23510311.0,1566711407.0,3139746626.0,0.007487964412578049
2025-01-13,2734.01,2783.81,2715.76,2767.21,15159732.0,1009839375.0,3139746626.0,0.004828329736693855
2025-01-14,2767.21,2821.15,2750.2,2813.68,17833193.0,1199849052.0,3139746626.0,0.005679819146017931
2025-01-15,2821.57,2825.72,2775.92,2787.54,11257368.0,757778308.0,3139746626.0,0.003585438362057181
2025-01-16,2787.13,2863.06,2786.3,2810.78,19276466.0,1313245412.0,3139746626.0,0.006139497321335763
2025-01-17,2807.04,2875.09,2798.74,2846.88,18526217.0,1271355509.0,3139746626.0,0.005900545237181186
2025-01-20,2875.51,2895.43,2843.14,2851.44,16045306.0,1107796817.0,3139746626.0,0.005110382432496322
2025-01-21,2863.06,2865.13,2781.73,2801.65,18853657.0,1280014165.0,3139746626.0,0.006004833907256821
2025-01-22,2792.94,2812.02,2740.65,2810.78,23411118.0,1567964214.0,3139746626.0,0.007456371735901978
2025-01-23,2822.81,2852.69,2818.25,2824.06,17196434.0,1175769416.0,3139746626.0,0.005477013290689655
2025-01-24,2824.06,2843.14,2809.53,2820.74,14046359.0,956067253.0,3139746626.0,0.004473723734164783
2025-01-27,2821.57,2863.06,2821.15,2843.56,16029355.0,1100951276.0,3139746626.0,0.005105302086245478
2025-02-05,2846.05,2854.76,2788.37,2810.36,13156290.0,889112103.0,3139746626.0,0.004190239394177153
2025-02-06,2807.87,2812.44,2759.33,2785.05,21932744.0,1469202522.0,3139746626.0,0.006985513996058356
2025-02-07,2780.07,2875.51,2760.99,2855.18,38405832.0,2620665656.0,3139746626.0,0.012232143728402879
2025-02-10,2871.36,2970.94,2865.13,2958.5,35801009.0,2530381700.0,3139746626.0,0.011402515318763178
2025-02-11,2946.88,2956.01,2927.79,2952.69,14777907.0,1048583834.0,3139746626.0,0.004706719605214411
2025-02-12,2953.1,2981.73,2938.99,2964.72,17711431.0,1263998358.0,3139746626.0,0.005641038309694485
2025-02-13,2968.04,3070.11,2966.79,3041.48,37438107.0,2746674778.0,3139746626.0,0.011923926182443487
2025-02-14,3028.62,3028.62,2913.68,2923.64,40050930.0,2834127707.0,3139746626.0,0.01275610256838604
2025-02-17,2924.06,2927.38,2880.07,2921.98,22546535.0,1577628253.0,3139746626.0,0.007181004611421151
2025-02-18,2901.65,2960.16,2892.11,2902.89,22106557.0,1559472976.0,3139746626.0,0.007040872921699255
2025-02-19,2900.82,2907.04,2873.02,2890.03,20489235.0,1425610642.0,3139746626.0,0.00652576065543959
2025-02-20,2881.73,2881.73,2826.55,2844.39,25882839.0,1774945246.0,3139746626.0,0.008243607552808944
2025-02-21,2844.39,2855.18,2798.74,2824.89,23094678.0,1570895013.0,3139746626.0,0.007355586533242762
2025-02-24,2813.27,2849.37,2809.12,2825.72,19101484.0,1302551121.0,3139746626.0,0.006083766072657609
2025-02-25,2807.87,2819.08,2775.51,2782.56,21291300.0,1433608876.0,3139746626.0,0.006781215982107723
2025-02-26,2790.03,2842.31,2790.03,2836.09,22243466.0,1512330311.0,3139746626.0,0.00708447803265511
2025-02-27,2836.09,2873.02,2820.74,2859.74,20499626.0,1408102836.0,3139746626.0,0.0065290701581599535
2025-02-28,2858.91,2929.03,2848.95,2855.18,26509497.0,1845935129.0,3139746626.0,0.008443196269557836
2025-03-03,2855.18,2911.19,2851.03,2861.82,19287221.0,1338464344.0,3139746626.0,0.006142922756977907
2025-03-04,2846.88,2861.82,2817.83,2838.58,15721478.0,1074702207.0,3139746626.0,0.0050072441737214245
2025-03-05,2838.16,2841.9,2815.34,2817.83,11649243.0,793271666.0,3139746626.0,0.0037102493887670794
2025-03-06,2834.01,2851.86,2813.27,2836.5,14334485.0,977823173.0,3139746626.0,0.004565491011694139
2025-03-07,2836.5,2869.7,2819.08,2847.29,18458594.0,1266970135.0,3139746626.0,0.005879007511990237
2025-03-10,2847.29,2891.69,2827.79,2871.36,16696246.0,1151950526.0,3139746626.0,0.005317704894318437
2025-03-11,2843.14,2870.53,2829.87,2870.53,15825855.0,1089387513.0,3139746626.0,0.005040487939041741
2025-03-12,2870.53,2875.51,2813.27,2814.51,28328124.0,1931813295.0,3139746626.0,0.009022423582023143
2025-03-13,2821.15,2841.48,2808.29,2823.64,14144080.0,963301547.0,3139746626.0,0.004504847583201129
2025-03-14,2825.3,2916.59,2821.57,2897.91,36047264.0,2503513090.0,3139746626.0,0.011480946806820456
2025-03-17,2914.93,2978.0,2914.1,2937.75,23717558.0,1682568391.0,3139746626.0,0.007553971968182633
2025-03-18,2887.96,2887.96,2829.04,2846.46,39194608.0,2696882416.0,3139746626.0,0.012483366547934941
2025-03-19,2837.33,2903.72,2836.5,2875.92,22302496.0,1541206482.0,3139746626.0,0.007103278912799761
2025-03-20,2864.72,2872.6,2831.94,2835.26,18501613.0,1267459864.0,3139746626.0,0.005892708936061772
2025-03-21,2832.35,2853.93,2795.01,2796.67,22393709.0,1520653911.0,3139746626.0,0.0071323299831137395
2025-03-24,2795.01,2804.55,2770.94,2782.56,18365458.0,1232604452.0,3139746626.0,0.005849343971872462
2025-03-25,2784.22,2844.39,2767.62,2841.48,24986829.0,1695135415.0,3139746626.0,0.00795823102191941
2025-03-26,2839.41,2840.65,2818.66,2824.47,12113177.0,826242468.0,3139746626.0,0.003858010993527858
2025-03-27,2825.72,2863.06,2824.89,2843.56,17134570.0,1175685705.0,3139746626.0,0.005457309789939718
2025-03-28,2843.97,2860.57,2802.48,2809.53,14128109.0,961766463.0,3139746626.0,0.004499760867009528
2025-03-31,2825.3,2844.39,2782.98,2788.79,15255387.0,1032341865.0,3139746626.0,0.00485879557084999
2025-04-01,2789.2,2806.63,2775.09,2784.22,14321592.0,961537575.0,3139746626.0,0.004561384629385059
2025-04-02,2784.22,2785.88,2760.16,2763.06,17074298.0,1138587228.0,3139746626.0,0.00543811333647405
2025-04-03,2721.57,2738.58,2713.68,2727.79,19527941.0,1282027368.0,3139746626.0,0.006219591363930651
2025-04-07,2605.8,2605.8,2455.18,2455.18,44923037.0,2690489722.0,3139746626.0,0.014307854216004499
2025-04-08,2497.92,2499.99,2401.65,2499.99,43535250.0,2564497619.0,3139746626.0,0.013865848167329156
2025-04-09,2455.18,2496.67,2427.38,2496.67,32119283.0,1901363783.0,3139746626.0,0.01022989649356502
2025-04-10,2551.03,2551.44,2490.03,2526.13,26634866.0,1614668280.0,3139746626.0,0.008483125924696829
2025-04-11,2504.14,2510.36,2475.09,2497.92,18392126.0,1104271607.0,3139746626.0,0.005857837650878011
2025-04-14,2499.58,2508.29,2460.99,2466.8,24103249.0,1443190393.0,3139746626.0,0.007676813409210429
2025-04-15,2421.57,2422.4,2291.28,2334.43,66961648.0,3786280053.0,3139746626.0,0.021327086537969577
2025-04-16,2334.85,2336.09,2263.89,2296.67,41917900.0,2306508494.0,3139746626.0,0.01335072698315243
2025-04-17,2273.85,2293.35,2264.72,2277.59,34415318.0,1886854573.0,3139746626.0,0.010961176839879181
2025-04-18,2278.41,2284.22,2265.55,2281.73,20829460.0,1141123562.0,3139746626.0,0.006634121310144216
2025-04-21,2277.17,2277.17,2236.09,2251.44,34094355.0,1846389422.0,3139746626.0,0.01085895107511774
2025-04-22,2240.66,2263.48,2236.09,2243.98,23371105.0,1266160407.0,3139746626.0,0.007443627713926238
2025-04-23,2253.93,2309.95,2253.93,2284.22,39600723.0,2181218991.0,3139746626.0,0.012612712972463913
2025-04-24,2289.2,2289.2,2249.78,2259.33,21166636.0,1156789126.0,3139746626.0,0.0067415108673804175
2025-04-25,2278.0,2364.72,2277.59,2325.72,48682498.0,2732540472.0,3139746626.0,0.015505231408440408
2025-04-28,2325.72,2325.72,2287.54,2290.03,22199762.0,1228024948.0,3139746626.0,0.007070558438112643
2025-04-29,2290.86,2291.28,2254.76,2261.4,21737417.0,1187177210.0,3139746626.0,0.006923302925145018
2025-04-30,2257.25,2287.54,2253.1,2258.91,16734818.0,913866237.0,3139746626.0,0.005329989962062627
2025-05-06,2277.17,2286.3,2261.4,2284.64,26681004.0,1465304422.0,3139746626.0,0.008497820741029439
2025-05-07,2323.64,2327.79,2280.9,2299.99,26625797.0,1472900939.0,3139746626.0,0.008480237475060512
2025-05-08,2282.98,2311.19,2277.17,2300.82,20416572.0,1130545201.0,3139746626.0,0.0065026177051778445
2025-05-09,2298.33,2298.33,2268.87,2277.59,17843457.0,980076941.0,3139746626.0,0.005683088199614487
2025-05-12,2302.48,2385.05,2298.75,2385.05,61348712.0,3471603278.0,3139746626.0,0.019539383048293144
2025-05-13,2406.63,2410.78,2356.01,2363.48,33823697.0,1934366297.0,3139746626.0,0.010772747303845658
2025-05-14,2363.06,2419.91,2356.42,2418.66,38097060.0,2197206574.0,3139746626.0,0.012133800761029944
2025-05-15,2407.87,2424.06,2376.75,2382.98,24683339.0,1424750124.0,3139746626.0,0.007861570355900432
2025-05-16,2371.36,2373.02,2349.37,2358.08,18626262.0,1058923735.0,3139746626.0,0.00593240927333351
2025-05-19,2358.08,2362.65,2329.87,2354.76,14391978.0,812312144.0,3139746626.0,0.004583802361891606
2025-05-20,2351.03,2368.87,2336.51,2357.25,14292053.0,809859786.0,3139746626.0,0.004551976545383825
2025-05-21,2346.05,2367.63,2344.8,2351.03,12864948.0,730480734.0,3139746626.0,0.004097447830174052
2025-05-22,2348.54,2348.54,2325.3,2330.28,13073383.0,734940399.0,3139746626.0,0.004163833760259609
2025-05-23,2332.77,2367.21,2326.13,2326.96,21523374.0,1216852905.0,3139746626.0,0.006855130863671163
2025-05-26,2327.38,2331.53,2295.84,2299.16,18502631.0,1027702069.0,3139746626.0,0.00589303316604631
2025-05-27,2299.99,2304.14,2278.0,2280.07,14235125.0,783581030.0,3139746626.0,0.004533845146012747
2025-05-28,2286.71,2287.96,2277.17,2278.41,9650691.0,530381614.0,3139746626.0,0.003073716496765494
2025-05-29,2281.32,2304.14,2267.63,2304.14,14399844.0,796409853.0,3139746626.0,0.004586307659591383
2025-05-30,2307.5,2307.5,2267.14,2276.39,15057625.0,816807254.0,3139746626.0,0.004795808959649472
2025-06-03,2273.03,2286.48,2270.5,2276.39,12192825.0,659767531.0,3139746626.0,0.0038833786455990285
2025-06-04,2276.39,2296.57,2270.92,2288.16,11598420.0,630350367.0,3139746626.0,0.0036940624138121136
2025-06-05,2291.53,2294.89,2273.87,2281.44,15628547.0,847090584.0,3139746626.0,0.00497764592549641
2025-06-06,2282.28,2345.77,2281.02,2307.5,24316057.0,1338251343.0,3139746626.0,0.007744592126842531
2025-06-09,2315.49,2337.78,2304.14,2319.7,18201766.0,1006101353.0,3139746626.0,0.0057972085547517045
2025-06-10,2320.12,2328.53,2283.54,2296.99,20707883.0,1136099133.0,3139746626.0,0.006595399395772772
2025-06-11,2297.41,2318.44,2292.79,2313.39,15600458.0,856991167.0,3139746626.0,0.004968699662200067
2025-06-12,2311.71,2312.13,2288.16,2291.53,16310325.0,889657833.0,3139746626.0,0.005194790198971935
2025-06-13,2283.54,2321.8,2270.5,2287.74,20905099.0,1140459436.0,3139746626.0,0.006658212107590621
2025-06-16,2285.64,2306.24,2270.92,2275.97,18996146.0,1029865494.0,3139746626.0,0.006050216231683913
2025-06-17,2276.39,2281.86,2265.46,2269.66,13234143.0,714724436.0,3139746626.0,0.0042150353440653715
2025-06-18,2272.19,2287.32,2264.2,2268.82,13009600.0,702836938.0,3139746626.0,0.004143519063694027
2025-06-19,2268.4,2269.24,2238.55,2245.28,16777705.0,898735384.0,3139746626.0,0.005343649344525165
2025-06-20,2245.28,2262.94,2236.45,2236.45,14022437.0,749740935.0,3139746626.0,0.004466104648025188
2025-06-23,2224.25,2224.25,2190.62,2208.7,21746850.0,1139767273.0,3139746626.0,0.006926307307703115
2025-06-24,2209.12,2241.07,2207.01,2238.55,23734345.0,1259468987.0,3139746626.0,0.007559318577957125
2025-06-25,2238.55,2257.47,2221.31,2254.11,25432734.0,1353280975.0,3139746626.0,0.00810025044358468
2025-06-26,2250.32,2261.67,2235.18,2235.61,20158684.0,1078246700.0,3139746626.0,0.006420481141079184
2025-06-27,2235.61,2269.24,2232.66,2244.86,24033675.0,1288194943.0,3139746626.0,0.007654654296298621
2025-06-30,2244.86,2283.96,2238.13,2281.44,24287123.0,1304239908.0,3139746626.0,0.007735376733549199
2025-07-01,2271.77,2291.11,2267.56,2269.66,16193680.0,876513676.0,3139746626.0,0.005157639111991198
2025-07-02,2269.66,2312.13,2262.09,2279.33,31432369.0,1711321123.0,3139746626.0,0.010011116419303065
2025-07-03,2279.75,2311.71,2270.5,2294.05,26359187.0,1438814699.0,3139746626.0,0.00839532297979767
2025-07-04,2294.47,2298.25,2266.72,2274.29,22673594.0,1227791079.0,3139746626.0,0.007221472526554122
2025-07-07,2274.29,2311.71,2267.56,2283.12,18601607.0,1013629821.0,3139746626.0,0.005924556728865165
2025-07-08,2283.12,2345.77,2270.92,2325.16,36920262.0,2029457249.0,3139746626.0,0.011758994083874843
2025-07-09,2326.43,2331.05,2285.64,2289.0,26512901.0,1456275326.0,3139746626.0,0.008444280433474697
2025-07-10,2289.42,2388.23,2289.42,2371.84,67177933.0,3762519419.0,3139746626.0,0.021395972669802307
2025-07-11,2362.16,2376.46,2342.82,2342.82,40142196.0,2254537236.0,3139746626.0,0.012785170519043022
2025-07-14,2343.24,2356.7,2322.22,2323.06,26306997.0,1460498782.0,3130471626.0,0.00840352513707786
2025-07-15,2323.06,2331.47,2291.53,2313.39,24515288.0,1346521691.0,3130471626.0,0.007831180387130588
2025-07-16,2312.55,2316.33,2300.36,2305.82,15557674.0,853721374.0,3130471626.0,0.00496975403667179
2025-07-17,2307.93,2326.43,2300.78,2318.86,22301842.0,1226093910.0,3130471626.0,0.007124115681091945
2025-07-18,2334.41,2521.1,2325.58,2511.01,117891341.0,6890873361.0,3130471626.0,0.037659290702671905
2025-07-21,2522.36,2537.5,2481.16,2520.26,62816266.0,3745889113.0,3130471626.0,0.020066071028493646
2025-07-22,2539.6,2651.02,2518.58,2651.02,103083619.0,6350337983.0,3130471626.0,0.03292910184645769
2025-07-23,2648.92,2660.69,2592.58,2599.73,68232808.0,4249336089.0,3130471626.0,0.02179633491429703
2025-07-24,2575.34,2636.73,2574.92,2628.32,51084950.0,3177257419.0,3130471626.0,0.016318611411685096
2025-07-25,2631.26,2717.88,2630.84,2648.08,54633589.0,3472865022.0,3130471626.0,0.017452191084002498
2025-07-28,2606.87,2647.24,2587.95,2632.1,39806861.0,2482801867.0,3130471626.0,0.012715930938132707
2025-07-29,2632.52,2655.23,2599.73,2605.19,30787500.0,1913612655.0,3130471626.0,0.009834780083708703
2025-07-30,2630.42,2730.91,2628.74,2684.24,66258711.0,4246191622.0,3130471626.0,0.02116572801672792
2025-07-31,2682.56,2682.56,2599.31,2619.91,51526496.0,3212418625.0,3130471626.0,0.016459659168301947
2025-08-01,2581.65,2601.83,2550.53,2561.46,39395840.0,2409031446.0,3130471626.0,0.012584634108419803
2025-08-04,2539.6,2555.58,2519.42,2542.96,25582107.0,1542540033.0,3130471626.0,0.008171965779063093
2025-08-05,2547.17,2575.34,2543.81,2564.41,22796321.0,1387097185.0,3130471626.0,0.00728207239147805
2025-08-06,2564.41,2579.97,2546.75,2568.19,19745852.0,1203819381.0,3130471626.0,0.006307628485114403
2025-08-07,2572.82,2587.95,2532.87,2548.85,22405653.0,1360288911.0,3130471626.0,0.007157277138023164
2025-08-08,2556.42,2584.17,2535.4,2556.42,20918231.0,1274273881.0,3130471626.0,0.006682134035735867
2025-08-11,2567.77,2598.47,2564.83,2584.17,26356426.0,1621016974.0,3130471626.0,0.008419314770687527
2025-08-12,2568.19,2711.57,2560.62,2644.72,63386985.0,4012831111.0,3130471626.0,0.020248381896689965
2025-08-13,2645.14,2655.65,2619.91,2648.08,31320004.0,1966389031.0,3130471626.0,0.010004883526134857
2025-08-14,2648.5,2668.68,2608.98,2628.32,30667375.0,1926487395.0,3130471626.0,0.00979640727144543
2025-08-15,2613.18,2676.25,2611.08,2648.5,30961211.0,1953669004.0,3130471626.0,0.009890270444508414
2025-08-18,2651.02,2678.35,2633.36,2636.73,39525376.0,2495070336.0,3130471626.0,0.012626013176967859
2025-08-19,2644.72,2699.38,2612.34,2614.86,38199652.0,2402703045.0,3130471626.0,0.012202522994533603
2025-08-20,2614.86,2652.71,2588.79,2650.6,33723286.0,2099294185.0,3130471626.0,0.010772589574015836
2025-08-21,2655.65,2775.06,2655.65,2758.24,78560188.0,5120664924.0,3130471626.0,0.02509532025383066
2025-08-22,2768.75,2837.29,2750.25,2824.25,56403843.0,3760039235.0,3130471626.0,0.018017682234057086
2025-08-25,2827.62,2891.53,2800.29,2866.3,51398126.0,3486952395.0,3130471626.0,0.01641865256759238
2025-08-26,2866.3,2976.04,2847.38,2927.69,55644267.0,3882807412.0,3130471626.0,0.017775042756448863
2025-08-27,2928.11,2953.34,2861.26,2861.26,48742153.0,3365949645.0,3130471626.0,0.015570226733625089
2025-08-28,2852.43,2907.51,2796.08,2864.62,48533712.0,3290573305.0,3130471626.0,0.01550364219784179
2025-08-29,2865.04,2906.24,2861.68,2884.38,36142930.0,2479552152.0,3130471626.0,0.011545522310381738
2025-09-01,2884.38,2936.94,2859.15,2902.04,40327747.0,2773074800.0,3130471626.0,0.012882323118682693
2025-09-02,2902.04,2910.03,2815.0,2828.46,38569219.0,2614708907.0,3130471626.0,0.012320577730098231
2025-09-03,2828.46,2857.47,2770.86,2812.48,28423267.0,1893545092.0,3130471626.0,0.009079547875129023
2025-09-04,2778.84,2800.29,2681.72,2719.98,50202587.0,3259539630.0,3130471626.0,0.016036748770710627
2025-09-05,2717.88,2780.11,2712.41,2768.75,32433829.0,2121994078.0,3130471626.0,0.010360684546897727
2025-09-08,2770.01,2940.3,2765.39,2926.43,63091866.0,4328152174.0,3130471626.0,0.020154108881228365
2025-09-09,2928.53,2951.65,2851.58,2881.02,40363265.0,2786129201.0,3130471626.0,0.012893669012925914
2025-09-10,2852.43,2875.13,2815.42,2839.81,24439288.0,1651111480.0,3130471626.0,0.0078069028950847295
2025-09-11,2829.72,2880.18,2809.54,2877.23,31929465.0,2159602266.0,3130471626.0,0.010199570165342236
2025-09-12,2877.65,2889.01,2821.31,2850.32,26377407.0,1787294117.0,3130471626.0,0.008426016955695607
2025-09-15,2850.32,2904.98,2838.13,2848.22,20992510.0,1426753682.0,3130471626.0,0.00670586177036316
2025-09-16,2851.16,2861.26,2775.06,2800.71,28411348.0,1893584287.0,3130471626.0,0.009075740461606727
2025-09-17,2788.52,2838.13,2777.58,2817.53,21218175.0,1417532549.0,3130471626.0,0.006777948352501694
2025-09-18,2817.95,2820.47,2747.73,2770.01,31400989.0,2079520749.0,3130471626.0,0.010030753429994512
2025-09-19,2760.76,2796.92,2746.05,2746.05,29306287.0,1927303609.0,3130471626.0,0.009361620388633415
2025-09-22,2742.26,2742.26,2670.36,2695.17,28756259.0,1842656030.0,3130471626.0,0.009185919067646582
2025-09-23,2696.01,2708.21,2631.68,2663.22,26888260.0,1698997495.0,3130471626.0,0.008589204187854856
2025-09-24,2651.44,2687.6,2648.92,2677.51,21565093.0,1367004947.0,3130471626.0,0.006888768075995972
2025-09-25,2676.67,2747.73,2672.05,2714.51,28523559.0,1843083119.0,3130471626.0,0.009111585220290382
2025-09-26,2711.15,2727.55,2686.76,2691.39,20929825.0,1347414871.0,3130471626.0,0.006685837631035599
2025-09-29,2699.38,2797.34,2678.35,2772.54,32937169.0,2146263245.0,3130471626.0,0.010521471821191968
2025-09-30,2770.01,2811.22,2743.95,2799.45,29317411.0,1938922281.0,3130471626.0,0.009365173846811285
2025-10-09,2799.45,2852.85,2745.63,2847.8,33534000.0,2239007155.0,3130471626.0,0.010712123924550147
2025-10-10,2838.13,2892.79,2802.81,2847.8,32891739.0,2233362070.0,3130471626.0,0.010506959630880872
2025-10-13,2738.06,2807.86,2732.59,2789.78,30609372.0,2016781745.0,3130471626.0,0.00977787875340417
2025-10-14,2797.77,2836.03,2713.67,2723.34,30632849.0,2010503834.0,3130471626.0,0.009785378262361545
2025-10-15,2720.4,2756.56,2693.91,2722.5,20885678.0,1349772906.0,3130471626.0,0.0066717352831231185
2025-10-16,2725.45,2725.45,2630.0,2648.5,35112383.0,2226520884.0,3130471626.0,0.011216323670968803
2025-10-17,2647.24,2676.25,2585.85,2586.27,30134579.0,1881115700.0,3130471626.0,0.009626210552339311
2025-10-20,2608.14,2608.14,2548.43,2558.94,25936926.0,1584160052.0,3130471626.0,0.008285309403408086
2025-10-21,2568.61,2587.95,2548.01,2572.4,19125897.0,1168646770.0,3130471626.0,0.006109589635360586
2025-10-22,2573.24,2589.22,2556.84,2579.12,15852472.0,970840274.0,3130471626.0,0.005063924511673565
2025-10-23,2574.92,2640.51,2558.52,2637.57,22594242.0,1399372560.0,3130471626.0,0.007217520137331537
2025-10-24,2635.89,2647.66,2565.25,2583.75,31069641.0,1914812498.0,3130471626.0,0.009924907397962788
2025-10-27,2606.87,2661.54,2598.89,2627.48,36791759.0,2306127005.0,3130471626.0,0.011752784690468874
2025-10-28,2634.63,2634.63,2582.07,2585.01,24770419.0,1533333889.0,3130471626.0,0.00791267960848785
2025-10-29,2581.65,2625.8,2566.09,2606.45,26962542.0,1663277296.0,3130471626.0,0.008612932880804204
2025-10-30,2606.87,2617.39,2572.4,2594.68,28086699.0,1731886030.0,3130471626.0,0.008972034362722571
2025-10-31,2601.83,2662.8,2601.41,2633.36,31184857.0,1957106824.0,3130471626.0,0.00996171207590431
2025-11-03,2642.61,2647.24,2592.58,2628.74,18291773.0,1138186707.0,3130471626.0,0.0058431364935808555
2025-11-04,2621.59,2642.61,2569.45,2590.06,18933855.0,1170822739.0,3130471626.0,0.00604824360736755
2025-11-05,2569.45,2610.24,2551.79,2584.59,17793560.0,1091721629.0,3130471626.0,0.005683986991677656
2025-11-06,2577.44,2625.8,2577.44,2594.26,20536310.0,1270732054.0,3130471626.0,0.006560132929951047
2025-11-07,2593.84,2754.46,2579.54,2744.37,76216000.0,4913339326.0,3130471626.0,0.024346491233778075
2025-11-10,2783.47,2891.95,2781.37,2853.27,78664160.0,5331349256.0,3130471626.0,0.025128533140712134
2025-11-11,2833.93,2879.76,2806.6,2857.05,37354469.0,2532261115.0,3130471626.0,0.011932537158220517
2025-11-12,2859.15,2880.18,2826.78,2849.48,29905691.0,2029440035.0,3130471626.0,0.00955309441287362
2025-11-13,2833.93,2907.93,2833.93,2889.01,41645840.0,2850195669.0,3130471626.0,0.013303375649251133
2025-11-14,2833.93,2870.93,2766.65,2766.65,50450296.0,3370324226.0,3130471626.0,0.016115877103305202
2025-11-17,2736.38,2845.7,2736.38,2791.04,32643084.0,2168091663.0,3130471626.0,0.010427529107398465
2025-11-18,2791.88,2807.02,2733.85,2749.83,23416199.0,1534038477.0,3130471626.0,0.007480086644299136
2025-11-19,2741.42,2775.06,2733.01,2758.66,16299274.0,1066332366.0,3130471626.0,0.005206651248529796
2025-11-20,2773.8,2794.82,2698.54,2703.58,20779325.0,1354277927.0,3130471626.0,0.006637761807971103
2025-11-21,2684.66,2688.02,2620.75,2636.73,29871474.0,1882363020.0,3130471626.0,0.009542164110961343
2025-11-24,2667.0,2676.25,2617.81,2640.09,24233482.0,1524183129.0,3130471626.0,0.007741160085505914
2025-11-25,2648.92,2695.17,2645.98,2650.6,21653463.0,1373230931.0,3130471626.0,0.0069169970493129776
2025-11-26,2651.44,2685.92,2641.35,2678.35,16865100.0,1069887337.0,3130471626.0,0.005387399093455319
2025-11-27,2665.74,2788.94,2663.64,2770.86,37808866.0,2464210489.0,3130471626.0,0.01207769004707791
2025-11-28,2770.44,2858.31,2768.75,2822.15,38835522.0,2604034649.0,3130471626.0,0.012405645742786233
2025-12-01,2815.85,2866.72,2800.29,2857.47,31290308.0,2119991965.0,3130471626.0,0.009995397415558624
2025-12-02,2850.74,2862.94,2812.9,2817.11,20528297.0,1383080399.0,3130471626.0,0.0065575732517436335
2025-12-03,2825.52,2916.76,2822.57,2867.56,45965755.0,3154902058.0,3130471626.0,0.014683332255189079
2025-12-04,2862.1,2892.79,2828.04,2845.7,19112102.0,1295272723.0,3130471626.0,0.0061051829511135774
2025-12-05,2851.58,2971.42,2846.54,2942.4,49644630.0,3448828691.0,3130471626.0,0.015858514604533906
2025-12-08,2951.65,2972.68,2917.18,2941.98,32980285.0,2308354611.0,3130471626.0,0.010535244825758405
2025-12-09,2941.98,2985.29,2901.2,2913.81,33206086.0,2317657029.0,3130471626.0,0.010607374851830075
2025-12-10,2899.94,2919.28,2854.95,2913.81,23836299.0,1635590847.0,3130471626.0,0.007614283675989466
2025-12-11,2914.23,2964.27,2866.72,2878.91,19939222.0,1376722189.0,3130471626.0,0.006369398730336871
2025-12-12,2878.91,2893.21,2839.39,2878.91,22545949.0,1533196022.0,3130471626.0,0.007202093388339818
2025-12-15,2877.65,2984.87,2859.15,2930.21,35282360.0,2472877050.0,3130471626.0,0.011270621240251421
2025-12-16,2924.32,2951.23,2858.31,2946.19,28023480.0,1936904686.0,3130471626.0,0.00895183964206932
2025-12-17,2932.73,3148.43,2932.73,3120.68,70113383.0,5120844678.0,3130471626.0,0.022397067080140977
2025-12-18,3121.1,3237.15,3105.12,3176.18,50672310.0,3846893662.0,3130471626.0,0.016186797407503478
2025-12-19,3156.42,3198.89,3156.42,3178.28,24316829.0,1837134932.0,3130471626.0,0.007767784508263101
2025-12-22,3178.28,3203.51,3158.1,3186.69,26472838.0,2004993169.0,3130471626.0,0.008456501499688086
2025-12-23,3187.54,3203.09,3132.45,3145.07,25929325.0,1947346579.0,3130471626.0,0.008282881334762815
2025-12-24,3152.64,3253.13,3147.59,3240.51,34606152.0,2645889117.0,3130471626.0,0.011054612893654767
2025-12-25,3241.35,3300.64,3223.69,3225.38,24515318.0,1895398964.0,3130471626.0,0.007831189970351132
2025-12-26,3220.75,3279.62,3182.91,3236.73,27102918.0,2080354351.0,3130471626.0,0.008657774686375644
2025-12-29,3234.21,3245.98,3182.91,3201.83,21379964.0,1633554871.0,3130471626.0,0.006829630341457054
2025-12-30,3174.5,3279.2,3154.32,3237.57,26628429.0,2041406061.0,3130471626.0,0.008506203595278969
2025-12-31,3229.16,3255.65,3199.31,3224.12,16402835.0,1257774024.0,3130471626.0,0.005239732845289811
2026-01-05,3245.98,3313.67,3205.19,3251.45,26156140.0,2019846152.0,3130471626.0,0.008355335273688886
2026-01-06,3238.83,3505.83,3238.83,3487.75,58461093.0,4756657066.0,3130471626.0,0.018674851582890534
2026-01-07,3458.31,3517.6,3422.57,3444.86,32322327.0,2667257099.0,3130471626.0,0.010325066271659605
2026-01-08,3444.44,3444.44,3297.7,3350.68,46547605.0,3697350416.0,3130471626.0,0.01486919881764806
2026-01-09,3363.71,3389.36,3296.86,3336.38,33361851.0,2643914244.0,3130471626.0,0.010657132530100115
2026-01-12,3335.54,3358.66,3265.32,3285.5,37575205.0,2938767156.0,3130471626.0,0.012003049217223604
2026-01-13,3282.98,3369.18,3269.95,3311.57,35511188.0,2805735943.0,3130471626.0,0.011343718213276021
2026-01-14,3307.79,3387.26,3271.21,3271.21,41867618.0,3303436529.0,3130471626.0,0.013374220565447795
2026-01-15,3258.59,3403.23,3250.6,3341.0,39913965.0,3189892339.0,3130471626.0,0.012750144313239018
2026-01-16,3370.02,3413.32,3279.62,3309.89,33361211.0,2643212842.0,3130471626.0,0.010656928088061833
2026-01-19,3275.41,3481.02,3253.97,3464.62,50734380.0,4113634694.0,3130471626.0,0.01620662509080988
2026-01-20,3463.78,3656.77,3452.85,3616.83,69698585.0,5933750505.0,3130471626.0,0.022264563722961532
2026-01-21,3624.4,3645.0,3523.49,3535.26,47391462.0,4009265975.0,3130471626.0,0.015138761075613084
2026-01-22,3581.09,3628.6,3523.49,3586.56,45492207.0,3871705025.0,3130471626.0,0.014532061757776814
2026-01-23,3600.85,3635.33,3523.49,3542.41,39709089.0,3361923595.0,3130471626.0,0.01268469858349708
2026-01-26,3542.41,3695.03,3531.47,3572.68,55512198.0,4774097644.0,3130471626.0,0.017732854544646175
2026-01-27,3571.84,3678.22,3512.13,3561.33,44754634.0,3817913823.0,3130471626.0,0.014296450933556554
2026-01-28,3561.33,3783.33,3561.33,3671.07,81065182.0,7133732217.0,3130471626.0,0.025895517252645432
2026-01-29,3704.28,3782.91,3623.98,3683.26,61152217.0,5361337053.0,3130471626.0,0.01953450607636972
2026-01-30,3656.35,3767.77,3581.93,3698.82,49190201.0,4302762967.0,3130471626.0,0.015713351493574598
2026-02-02,3641.22,3656.35,3346.05,3377.58,82870072.0,6826489709.0,3130471626.0,0.026472072550259237
2026-02-03,3434.35,3516.76,3422.57,3504.14,42700097.0,3528261939.0,3130471626.0,0.013640148227301007
2026-02-04,3523.49,3582.35,3489.01,3565.53,31262115.0,2631691799.0,3130471626.0,0.009986391424331664
2026-02-05,3607.16,3632.39,3468.83,3515.5,27227242.0,2289647442.0,3130471626.0,0.00869748883007445
2026-02-06,3445.28,3719.42,3427.62,3645.42,54363293.0,4686433762.0,3130471626.0,0.017365847544660033
2026-02-09,3651.73,3712.69,3601.69,3658.87,34252439.0,2970495575.0,3130471626.0,0.010941622570707178
2026-02-10,3643.74,3643.74,3533.16,3615.99,32274504.0,2749263215.0,3130471626.0,0.010309789659789749
2026-02-11,3598.75,3779.13,3564.69,3735.82,49790969.0,4406263055.0,3130471626.0,0.01590526123490889
2026-02-12,3733.72,3763.99,3687.47,3700.08,27602811.0,2440345108.0,3130471626.0,0.008817460848629331
2026-02-13,3658.45,3660.56,3559.22,3572.26,34240209.0,2929119601.0,3130471626.0,0.010937715811131904
2026-02-24,3631.97,3674.43,3564.27,3668.55,29640230.0,2561819197.0,3130471626.0,0.009468295369242232
2026-02-25,3695.03,3878.36,3691.67,3771.98,63119485.0,5724902977.0,3130471626.0,0.02016293151350224
2026-02-26,3771.14,3880.04,3753.06,3785.01,41639103.0,3769636852.0,3130471626.0,0.013301223577357541
2026-02-27,3785.01,3964.13,3780.81,3910.31,46742493.0,4319534829.0,3130471626.0,0.014931453973830076
2026-03-02,3914.52,4002.81,3863.22,3965.81,51307052.0,4802574204.0,3130471626.0,0.01638955982666364
2026-03-03,3994.4,4013.33,3817.81,3830.0,49528741.0,4586923472.0,3130471626.0,0.015821494943011504
2026-03-04,3744.65,3795.11,3668.13,3719.42,44194653.0,3911974654.0,3130471626.0,0.014117570219433766
2026-03-05,3783.75,3803.09,3687.05,3750.54,30058218.0,2671502348.0,3130471626.0,0.009601817742206234
2026-03-06,3727.41,3930.49,3683.26,3910.31,38044628.0,3482623084.0,3130471626.0,0.012153002021811011
2026-03-09,3951.94,4078.5,3742.55,3782.49,69314803.0,6380575819.0,3130471626.0,0.022141968138062275
2026-03-10,3701.34,3750.54,3658.03,3708.91,42417436.0,3728419308.0,3130471626.0,0.013549854803890819
2026-03-11,3708.91,3796.79,3560.49,3761.05,61656514.0,5358350395.0,3130471626.0,0.01969559905539933
2026-03-12,3759.37,3796.79,3637.01,3641.22,52975470.0,4670125122.0,3130471626.0,0.016922520415139516
2026-03-13,3629.02,3699.24,3539.04,3552.92,49137122.0,4217892403.0,3130471626.0,0.01569639590146536
2026-03-16,3536.1,3540.3,3284.66,3339.74,79853882.0,6392087321.0,3130471626.0,0.025508578751130325
2026-03-17,3362.03,3468.4,3358.66,3370.02,43674654.0,3553075232.0,3130471626.0,0.01395146138277121
2026-03-18,3372.12,3400.71,3323.77,3391.46,27604384.0,2205209469.0,3130471626.0,0.008817963328826542
2026-03-19,3363.71,3386.83,3279.62,3297.7,35235387.0,2780692476.0,3130471626.0,0.011255616152963655
2026-03-20,3297.28,3338.48,3237.57,3237.57,42252958.0,3284093143.0,3130471626.0,0.013497313838933994
2026-03-23,3171.56,3236.31,3084.52,3153.9,45066069.0,3388427257.0,3130471626.0,0.014395935943231578
2026-03-24,3187.11,3197.21,3092.51,3158.94,31862778.0,2378062981.0,3130471626.0,0.01017826762439405
2026-03-25,3210.24,3335.96,3208.14,3298.54,38063871.0,2978711609.0,3130471626.0,0.012159149018908884
2026-03-26,3279.62,3401.13,3262.8,3331.33,33646230.0,2676734858.0,3130471626.0,0.010747974752606814
2026-03-27,3279.62,3399.03,3272.89,3362.87,27993247.0,2234880704.0,3130471626.0,0.00894218199184534
2026-03-30,3319.98,3395.24,3317.46,3389.36,26240849.0,2098536143.0,3130471626.0,0.008382394774658788
2026-03-31,3393.56,3414.17,3330.91,3340.58,18698095.0,1496956751.0,3130471626.0,0.00597293227151582
2026-04-01,3401.55,3507.51,3401.55,3484.38,36932112.0,3038997203.0,3130471626.0,0.011797619148904561
2026-04-02,3473.45,3509.19,3443.6,3477.66,21918899.0,1813007948.0,3130471626.0,0.007001788106927247
2026-04-03,3502.46,3543.67,3449.06,3463.78,24940303.0,2074026347.0,3130471626.0,0.007966947469786777
2026-04-07,3439.39,3648.78,3439.39,3627.34,42361030.0,3622170690.0,3130471626.0,0.013531836432623203
2026-04-08,3573.94,3658.45,3531.47,3634.49,38249893.0,3300166832.0,3130471626.0,0.01221857201397934
2026-04-09,3612.2,3691.67,3598.75,3682.84,29631530.0,2577943443.0,3130471626.0,0.009465516235284351
2026-04-10,3694.19,3767.35,3658.03,3745.07,29127675.0,2586887355.0,3130471626.0,0.00930456444903743
2026-04-13,3745.07,3916.2,3714.38,3876.68,41848520.0,3803998028.0,3130471626.0,0.01336811988724922
2026-04-14,3869.95,3876.25,3744.65,3812.76,40211503.0,3622533110.0,3130471626.0,0.012845190055717182
2026-04-15,3783.75,3825.38,3701.76,3745.49,36689458.0,3276216608.0,3130471626.0,0.011720105588971724
2026-04-16,3742.13,3841.36,3737.5,3788.38,26747428.0,2412895943.0,3130471626.0,0.008544216717331141
2026-04-17,3763.15,3792.58,3679.06,3690.41,34332940.0,3031170740.0,3130471626.0,0.010967337865275383
2026-04-20,3679.06,3741.29,3644.16,3680.74,29839915.0,2614408235.0,3130471626.0,0.009532082882389301
2026-04-21,3677.8,3722.79,3491.53,3678.64,42291491.0,3635681090.0,3130471626.0,0.013509622846841929
2026-04-22,3678.64,3773.66,3661.82,3687.47,31422964.0,2778260860.0,3130471626.0,0.0100377731390433
2026-04-23,3687.47,3737.92,3616.41,3685.36,34792098.0,3051947058.0,3130471626.0,0.011114011611233175
2026-04-24,3704.28,3810.66,3700.08,3764.83,38758973.0,3473108539.0,3130471626.0,0.012381192877804413
2026-04-27,3763.15,3822.86,3721.1,3740.87,29439935.0,2634623688.0,3130471626.0,0.009404312997277427
2026-04-28,3721.1,3798.47,3716.9,3762.31,25455283.0,2275476215.0,3130471626.0,0.008131453033652253
2026-04-29,3744.23,3803.09,3722.36,3798.89,30566526.0,2750184474.0,3130471626.0,0.00976419199782263
2026-04-30,3784.17,3814.03,3721.52,3764.83,23258542.0,2081560109.0,3130471626.0,0.007429724584253427
2026-05-06,3765.67,3774.5,3645.42,3772.82,35932360.0,3170217046.0,3130471626.0,0.011478257685380472
2026-05-07,3727.83,3741.71,3523.49,3565.53,69520837.0,5937402973.0,3130471626.0,0.022207783780117226
2026-05-08,3565.53,3589.92,3507.09,3515.08,32557102.0,2734113727.0,3130471626.0,0.010400062958436793
2026-05-11,3515.5,3546.61,3494.05,3511.29,33804429.0,2827899098.0,3130471626.0,0.010798509949503692
2026-05-12,3510.03,3538.62,3470.93,3502.04,27657148.0,2303340312.0,3130471626.0,0.008834818297120064
2026-05-13,3514.66,3518.44,3468.83,3503.72,24447392.0,2033189386.0,3130471626.0,0.007809491642394461
2026-05-14,3500.36,3601.27,3443.6,3447.38,34796946.0,2908157712.0,3130471626.0,0.011115560259673155
2026-05-15,3464.62,3525.59,3423.84,3439.81,28304797.0,2333925185.0,3130471626.0,0.009041703737199118
2026-05-18,3418.37,3419.63,3327.13,3359.5,34749164.0,2780663355.0,3130471626.0,0.011100296744871375
2026-05-19,3364.13,3372.12,3294.75,3342.69,23610453.0,1864504509.0,3130471626.0,0.00754213927508698
2026-05-20,3321.66,3363.29,3280.88,3321.66,25630205.0,2023230555.0,3130471626.0,0.008187330237121274
2026-05-21,3335.12,3396.09,3258.17,3258.17,28095163.0,2218851409.0,3130471626.0,0.008974738108678836
2026-05-22,3279.62,3300.64,3230.42,3279.2,21984710.0,1709829983.0,3130471626.0,0.007022810817835536
2026-05-25,3300.64,3338.48,3216.55,3231.26,28384366.0,2204057504.0,3130471626.0,0.009067121313049077
2026-05-26,3216.55,3270.37,3199.73,3261.96,27364583.0,2105416487.0,3130471626.0,0.008741361133167478
2026-05-27,3269.22,3269.65,3188.88,3206.83,24304329.0,1829629644.0,3130471626.0,0.0077637914997029265
2026-05-28,3206.83,3235.03,3112.38,3155.97,30996115.0,2288837276.0,3130471626.0,0.00990142020217116
2026-05-29,3155.97,3201.27,3124.35,3138.88,26179814.0,1937863847.0,3130471626.0,0.008362897712461171
2026-06-01,3137.17,3266.66,3102.13,3241.44,44626321.0,3361836513.0,3130471626.0,0.014255462540966024
2026-06-02,3241.44,3247.85,3177.77,3211.96,30096841.0,2259564386.0,3130471626.0,0.009614155499775803
2026-06-03,3205.12,3208.54,3120.08,3169.65,37269724.0,2751286793.0,3130471626.0,0.01190546615738596
2026-06-04,3167.09,3167.09,3067.94,3084.18,35026071.0,2533279477.0,3130471626.0,0.011188752106581145
2026-06-05,3084.61,3191.44,3055.97,3096.57,37062920.0,2714362441.0,3130471626.0,0.011839404546003702
2026-06-08,3052.56,3089.74,2960.68,2980.76,36573927.0,2575197714.0,3130471626.0,0.011683200287214486
2026-06-09,2991.87,3002.13,2920.51,2959.39,30845849.0,2127229573.0,3130471626.0,0.00985341912822691
2026-06-10,2927.34,2973.92,2875.21,2901.7,27950498.0,1903384088.0,3130471626.0,0.008928526222010229
2026-06-11,2928.62,2944.44,2816.23,2869.65,33294432.0,2228848680.0,3130471626.0,0.010635596158570645
2026-06-12,2871.79,3112.38,2854.69,3062.81,60211407.0,4241418179.0,3130471626.0,0.019233973085689932
2026-06-15,3141.87,3268.37,3082.47,3141.02,63193265.0,4696203608.0,3130471626.0,0.020186499847227812
2026-06-16,3098.28,3111.53,2985.03,2994.44,47916519.0,3398996352.0,3130471626.0,0.015306485643259428
2026-06-17,2991.45,3039.31,2948.71,3025.21,33298046.0,2328817794.0,3130471626.0,0.010636750617205563
2026-06-18,2991.87,3016.23,2923.07,2950.85,34831389.0,2413398157.0,3130471626.0,0.0111265627551802
2026-06-22,2953.84,3183.75,2919.65,3175.21,63398807.0,4575181113.0,3130471626.0,0.020252158324465835
2026-06-23,3230.33,3283.75,3102.56,3111.1,55264118.0,4133551354.0,3130471626.0,0.017653607699557535
2026-06-24,3111.1,3247.85,3110.25,3192.3,48294539.0,3616207876.0,3130471626.0,0.015427240610932789
2026-06-25,3162.81,3199.99,3070.5,3145.72,40088870.0,2940657512.0,3130471626.0,0.012806016086216397
2026-06-26,3145.29,3213.67,3031.19,3067.94,35201488.0,2557447882.0,3130471626.0,0.011244787433189149
2026-06-29,3067.94,3119.65,2976.06,3073.92,38579354.0,2754967970.0,3130471626.0,0.01232381526143882
2026-06-30,3034.61,3050.85,2875.21,2923.5,62129651.0,4257562768.0,3130471626.0,0.019846738262690133
2026-07-01,2905.55,2973.5,2820.51,2918.37,61132538.0,4129163220.0,3130471626.0,0.019528219803133268
2026-07-02,2889.31,3017.51,2886.74,2931.62,45077323.0,3117217148.0,3130471626.0,0.014399530928698473
2026-07-03,2969.22,3034.18,2909.39,2956.4,37063384.0,2566962131.0,3130471626.0,0.011839552766481456
2026-07-06,2956.83,3140.16,2925.21,3035.03,47174613.0,3358449959.0,3130471626.0,0.015069490682551869
2026-07-07,3147.0,3179.91,3019.65,3036.32,65352983.0,4730950894.0,3130471626.0,0.020876401644152772
2026-07-08,3055.55,3086.74,2977.77,2992.3,39932515.0,2825245786.0,3130471626.0,0.012756069937942316
2026-07-09,2992.73,2992.73,2880.76,2943.58,41375927.0,2834034341.0,3130471626.0,0.013217154455690952
2026-07-10,2927.34,2998.28,2851.7,2936.32,41039014.0,2820229907.0,3130471626.0,0.013109530736248239
2026-07-13,2936.32,2943.58,2858.97,2861.1,31822780.0,2151046274.0,3130471626.0,0.010165490635882863
2026-07-14,2850.42,2982.9,2841.02,2974.35,37742560.0,2585446821.0,3130471626.0,0.012056509213030638
2026-07-15,2948.71,3025.63,2912.39,2995.29,36645609.0,2549250956.0,3130471626.0,0.011706098434383317
2026-07-16,2978.2,3025.63,2916.23,2921.36,35740517.0,2467072314.0,3130471626.0,0.011416975226083714
2026-07-17,2921.79,3030.33,2910.25,2993.15,55904726.0,3901730937.0,3130471626.0,0.017858243957774814
2026-07-20,2994.44,3076.49,2943.58,3076.49,60333870.0,4274212919.0,3130471626.0,0.0192730927502743
2026-07-21,3076.91,3119.65,3029.05,3066.23,51952211.0,3731768424.0,3130471626.0,0.016595649859437504
2026-07-22,3034.61,3192.3,3034.18,3162.38,54359500.0,3990272129.0,3130471626.0,0.017364635906142532
2026-07-23,3162.38,3245.29,3097.43,3226.06,47917178.0,3572897641.0,3130471626.0,0.01530669615467072
2026-07-24,3220.08,3243.58,3144.01,3151.7,34032803.0,2534882955.0,3130471626.0,0.010871461896457386
2026-07-27,3185.46,3185.46,3092.73,3168.8,28032197.0,2067192069.0,3130471626.0,0.008954624206518842
2026-07-28,3168.8,3188.03,3099.14,3170.93,28169784.0,2070215966.0,3130471626.0,0.008998575092020336
2026-07-29,3187.17,3234.18,3106.83,3183.32,40525725.0,3012142930.0,3130471626.0,0.012945565346580784
2026-07-30,3168.8,3272.21,3166.66,3271.79,43719598.0,3314329353.0,3130471626.0,0.013965818324909488
2026-07-31,3218.37,3222.21,3157.26,3184.18,45042605.0,3351676407.0,3130471626.0,0.014388440587003103
2026-08-03,3174.35,3244.86,3128.62,3217.94,33959767.0,2543255217.0,3130471626.0,0.010848131226601318
2026-08-04,3183.32,3212.81,3129.48,3147.0,34285575.0,2529617922.0,3130471626.0,0.010952207557239172
2026-08-05,3128.2,3187.17,3103.84,3181.62,33976693.0,2511593591.0,3130471626.0,0.010853538079632477
2026-08-06,3167.51,3239.74,3162.38,3203.84,33319830.0,2497312204.0,3130471626.0,0.010643709313083548
2026-08-07,3203.84,3282.04,3187.17,3235.89,35125333.0,2664984747.0,3130471626.0,0.011220460427837144
2026-08-10,3226.49,3380.33,3226.06,3333.75,45539928.0,3549393789.0,3130471626.0,0.014547305786696819
2026-08-11,3335.03,3376.06,3231.62,3232.9,39077260.0,3013651281.0,3130471626.0,0.012482866695051782
2026-08-12,3234.61,3264.09,3201.7,3207.68,24221260.0,1828287678.0,3130471626.0,0.007737255881456119
2026-08-13,3194.86,3195.29,3121.79,3124.35,35048937.0,2580677326.0,3130471626.0,0.011196056437280099
2026-08-14,3120.5,3158.11,3116.23,3121.36,19427305.0,1423528493.0,3130471626.0,0.006205871613288981
2026-08-17,3128.62,3145.29,3097.43,3125.21,28796316.0,2100830033.0,3130471626.0,0.009198714903158173
2026-08-18,3108.97,3180.33,3106.83,3131.19,28431100.0,2091955897.0,3130471626.0,0.009082050054013172
2026-08-19,3120.08,3182.9,3115.38,3157.68,30646111.0,2259285686.0,3130471626.0,0.009789614684723547
2026-08-20,3137.17,3260.68,3137.17,3211.96,37717070.0,2838887297.0,3130471626.0,0.01204836666997473
2026-08-21,3205.12,3205.12,3141.87,3161.53,23056817.0,1706429325.0,3130471626.0,0.007365285412109338
2026-08-24,3160.25,3194.01,3102.56,3127.77,23340065.0,1713140028.0,3130471626.0,0.007455766347201512
2026-08-25,3163.67,3223.5,3099.14,3114.09,40606464.0,2998733819.0,3130471626.0,0.012971356668031975
2026-08-26,3098.71,3197.43,3061.1,3183.32,36209259.0,2666540510.0,3130471626.0,0.011566710491564762
2026-08-27,3173.5,3280.33,3162.81,3244.44,36425989.0,2744358759.0,3130471626.0,0.011635942871184484
2026-08-28,3239.31,3341.02,3227.77,3335.03,47622107.0,3678448502.0,3130471626.0,0.015212438472361992
2026-08-31,3344.01,3355.12,3218.37,3261.53,44547087.0,3396220087.0,3130471626.0,0.014230151977745477
2026-09-01,3252.13,3362.38,3247.85,3291.44,45219948.0,3507788587.0,3130471626.0,0.01444509115637006
2026-09-02,3303.41,3316.23,3207.26,3212.81,30948382.0,2341827520.0,3130471626.0,0.009886172339962937
2026-09-03,3212.81,3320.08,3201.27,3306.83,40677967.0,3123573312.0,3130471626.0,0.012994197635318226
2026-09-04,3318.79,3388.03,3298.28,3318.79,36248486.0,2830056610.0,3130471626.0,0.011579241191307958
2026-09-07,3318.79,3318.79,3238.88,3279.48,25121076.0,1922126073.0,3130471626.0,0.008024693720702645
2026-09-08,3277.77,3367.94,3258.54,3337.17,32982921.0,2572376892.0,3130471626.0,0.010536086871403574
2026-09-09,3327.77,3378.62,3295.29,3370.5,26444941.0,2069157360.0,3130471626.0,0.008447590062903831
2026-09-10,3375.63,3375.63,3286.32,3297.0,24683269.0,1916538673.0,3130471626.0,0.007884840352806316
2026-09-11,3283.61,3299.59,3157.93,3217.53,33673804.0,2498857171.0,3130471626.0,0.010756783010049873
2026-09-14,3195.94,3212.78,3134.61,3174.78,24064745.0,1765005715.0,3130471626.0,0.007687258622672467
2026-09-15,3159.23,3200.26,3147.57,3152.32,18504529.0,1358266689.0,3130471626.0,0.005911099415919127
2026-09-16,3152.75,3161.82,2984.32,3056.87,50675875.0,3581688452.0,3130471626.0,0.01618793621354484
