date,open,high,low,close,volume,amount,outstanding_share,turnover
2020-12-01,1753.5,1782.84,1736.64,1776.43,62055753.0,3242831250.0,6987369320.0,0.008881132534726246
2020-12-02,1774.74,1774.74,1722.47,1740.01,67464338.0,3480466296.0,6987369320.0,0.00965518422031827
2020-12-03,1733.27,1752.15,1725.85,1728.88,47744905.0,2456404802.0,6987369320.0,0.0068330301166906115
2020-12-04,1729.56,1769.01,1710.0,1758.22,51323303.0,2652980046.0,6987369320.0,0.007345153898348685
2020-12-07,1762.94,1783.17,1746.75,1779.46,52885765.0,2777575287.0,6987369320.0,0.007568766237763428
2020-12-08,1785.2,1787.22,1760.92,1772.04,39253994.0,2063595769.0,6987369320.0,0.005617850181132261
2020-12-09,1787.22,1849.27,1786.88,1788.91,79606505.0,4281597729.0,6987369320.0,0.011392915037729823
2020-12-10,1766.65,1773.73,1731.58,1746.75,53606400.0,2777151900.0,6987369320.0,0.00767190018803815
2020-12-11,1753.5,1755.52,1686.06,1708.99,64840987.0,3294180907.0,6987369320.0,0.009279742350873763
2020-12-14,1706.29,1712.02,1645.59,1679.65,88291338.0,4359614391.0,6987369320.0,0.012635848193580242
2020-12-15,1673.24,1707.97,1663.13,1697.52,49849790.0,2492759975.0,6987369320.0,0.0071342715286731116
2020-12-16,1733.27,1786.54,1733.27,1764.63,102414106.0,5356231675.0,6987369320.0,0.014657033471360863
2020-12-17,1773.39,1792.61,1745.74,1766.65,50777164.0,2662460998.0,6987369320.0,0.007266993009037055
2020-12-18,1777.78,1777.78,1709.66,1735.96,51322554.0,2640751302.0,6987369320.0,0.007345046704930719
2020-12-21,1720.45,1787.22,1712.02,1784.52,65634319.0,3419086439.0,6990629424.000001,0.009388899771266146
2020-12-22,1758.56,1811.5,1742.03,1770.02,77890615.0,4102959924.0,6990629424.000001,0.011142146189667626
2020-12-23,1794.3,1871.52,1794.3,1870.51,127260130.0,6952737788.0,6990629424.000001,0.018204387942964716
2020-12-24,1870.85,1914.35,1849.6,1879.28,73355092.0,4107276065.0,6990629424.000001,0.010493345813491371
2020-12-25,1888.72,1963.24,1881.98,1907.27,83964965.0,4803436986.0,7006825870.000001,0.011983309783606766
2020-12-28,1906.93,1917.05,1861.74,1874.22,66047682.0,3687951763.0,7006825870.000001,0.009426191434667405
2020-12-29,1894.12,1901.87,1844.21,1871.52,58070813.0,3237582031.0,7006825870.000001,0.008287748843400328
2020-12-30,1856.68,1898.16,1856.68,1891.08,60003682.0,3342355035.0,7006825870.000001,0.00856360399320156
2020-12-31,1888.38,1926.82,1861.41,1892.43,62149833.0,3483265405.0,7006825870.000001,0.00886989831816671
2021-01-04,1881.64,1885.01,1788.57,1823.3,143034021.0,7723657661.0,7006825870.000001,0.020413525846618475
2021-01-05,1806.78,1897.49,1799.02,1896.81,125414190.0,6873512662.0,7006825870.000001,0.01789885924480666
2021-01-06,1899.51,1938.29,1854.66,1873.55,91035962.0,5108131217.0,7006825870.000001,0.012992468157339836
2021-01-07,1884.34,1974.71,1861.41,1972.69,145898924.0,8378821174.0,7006825870.000001,0.020822399001618114
2021-01-08,2005.06,2056.99,1986.17,2023.6,148961527.0,8921331481.0,7013153737.0,0.021240305372761004
2021-01-11,2023.6,2059.01,1982.8,2056.99,128045098.0,7672326387.0,7013153737.0,0.018257848437637923
2021-01-12,2023.27,2044.17,1968.64,2035.74,113193732.0,6745319449.0,7013153737.0,0.016140204000207846
2021-01-13,2030.01,2111.28,2011.8,2094.42,124195865.0,7659221392.0,7013153737.0,0.0177089893730359
2021-01-14,2101.16,2133.2,2011.46,2017.2,113979444.0,6956819755.0,7013153737.0,0.016252238047865283
2021-01-15,1989.55,2019.22,1900.52,1935.59,100741963.0,5837483662.0,7013153737.0,0.014364716185887314
2021-01-18,1938.96,1985.5,1938.96,1952.45,77785926.0,4519950342.0,7013153737.0,0.011091433172157196
2021-01-19,1949.08,1951.44,1872.2,1878.6,109262187.0,6146833932.0,7013153737.0,0.015579608133150498
2021-01-20,1895.13,1906.93,1854.66,1895.46,75136583.0,4193144120.0,7013153737.0,0.010713665466021994
2021-01-21,1903.89,1972.69,1902.21,1952.45,90029333.0,5174934256.0,7013153737.0,0.012837210815017958
2021-01-22,1980.1,2005.39,1905.24,1938.63,89165961.0,5135566882.0,7013153737.0,0.012714103289876304
2021-01-25,1804.08,1906.93,1753.84,1861.74,204391961.0,11100122092.0,7013153737.0,0.02914408676394313
2021-01-26,1830.38,1870.85,1773.73,1779.8,97698798.0,5255231744.0,7013153737.0,0.013930793714753554
2021-01-27,1770.36,1834.77,1766.65,1813.86,68757342.0,3665534375.0,7013153737.0,0.009804054577792867
2021-01-28,1804.08,1804.08,1687.4,1697.86,122838721.0,6301783109.0,7013153737.0,0.017515475292082566
2021-01-29,1734.95,1820.6,1734.61,1790.59,114820407.0,6048822471.0,7013153737.0,0.0163721502915629
2021-02-01,1803.74,1803.74,1749.79,1792.95,60241678.0,3180705618.0,7013153737.0,0.008589812837294144
2021-02-02,1794.3,1824.31,1737.99,1814.2,79208956.0,4181979756.0,7013153737.0,0.01129434188532177
2021-02-03,1813.52,1814.2,1729.22,1737.99,86141463.0,4499967634.0,7013153737.0,0.012282842531389955
2021-02-04,1691.11,1712.7,1618.61,1652.33,153030713.0,7500830517.0,7013153737.0,0.02182052736027167
2021-02-05,1656.04,1702.58,1656.04,1669.87,67945790.0,3394908578.0,7013153737.0,0.009688336025136818
2021-02-08,1686.06,1700.56,1538.02,1613.89,125120544.0,6020792375.0,7013153737.0,0.017840838614429477
2021-02-09,1584.89,1706.29,1584.89,1695.5,87914750.0,4359929656.0,7013153737.0,0.012535694110936043
2021-02-10,1719.78,1795.65,1688.75,1779.8,92903001.0,4853025414.0,7013153737.0,0.013246964844056148
2021-02-18,1798.01,1807.45,1682.68,1689.77,120931117.0,6137864663.0,7013153737.0,0.01724347155859304
2021-02-19,1675.94,1685.72,1626.03,1680.66,70650140.0,3472647531.0,7013153737.0,0.01007394713554673
2021-02-22,1681.0,1682.68,1642.22,1642.22,77890335.0,3829641284.0,7022354523.0,0.011091769113178395
2021-02-23,1633.79,1675.94,1628.73,1635.47,56981041.0,2786481816.0,7022354523.0,0.008114235875356701
2021-02-24,1630.08,1648.96,1580.17,1605.13,63511706.0,3041045456.0,7022354523.0,0.009044218116869916
2021-02-25,1605.46,1618.28,1562.3,1581.52,54024729.0,2545077642.0,7022354523.0,0.007693250009388625
2021-02-26,1551.17,1599.06,1536.0,1568.03,61504405.0,2870285611.0,7022354523.0,0.008758373676315743
2021-03-01,1588.26,1615.58,1570.73,1605.13,49170113.0,2324381836.0,7022354523.0,0.007001941135121469
2021-03-02,1620.97,1679.31,1609.85,1652.33,101026575.0,4953798645.0,7022354523.0,0.014386424762394469
2021-03-03,1635.47,1664.14,1625.36,1650.65,54155704.0,2641451776.0,7022354523.0,0.007711901161159875
2021-03-04,1632.1,1633.45,1544.76,1558.25,78876240.0,3680130775.0,7022354523.0,0.011232164332014315
2021-03-05,1539.71,1618.61,1536.0,1606.14,63451746.0,2979127913.0,7022354523.0,0.009035679670141883
2021-03-08,1620.3,1641.54,1551.17,1557.92,55508853.0,2618227550.0,7022354523.0,0.007904592799778816
2021-03-09,1571.07,1571.07,1440.23,1500.59,74730305.0,3344775520.0,7022354523.0,0.01064177331908254
2021-03-10,1533.97,1564.66,1450.68,1464.51,77628894.0,3429793612.0,7025970893.0,0.01104884935935928
2021-03-11,1451.69,1462.82,1355.25,1421.34,140756543.0,5882176948.0,7025970893.0,0.02003374980392194
2021-03-12,1428.76,1433.15,1353.9,1377.51,110237031.0,4522028816.0,7025970893.0,0.01568993562296558
2021-03-15,1362.33,1366.72,1277.36,1288.15,127015049.0,4946161447.0,7025970893.0,0.018077935552870784
2021-03-16,1288.82,1335.36,1278.7,1295.57,81858419.0,3166208512.0,7025970894.000001,0.011650833775856514
2021-03-17,1264.54,1331.31,1240.6,1301.3,85259323.0,3253950784.0,7025970894.000001,0.012134881326196395
2021-03-18,1301.3,1310.07,1267.91,1300.96,70612618.0,2692449803.0,7025970894.000001,0.01005022922316706
2021-03-19,1281.4,1283.43,1200.47,1208.56,136514589.0,4990287181.0,7025970894.000001,0.019429996374818456
2021-03-22,1213.96,1217.67,1106.39,1190.36,174447626.0,5990806292.0,7025970894.000001,0.024828970775978277
2021-03-23,1197.77,1217.0,1149.22,1158.32,119297538.0,4163396885.0,7025970894.000001,0.01697950928061445
2021-03-24,1146.86,1154.95,1091.55,1092.56,131678417.0,4349596635.0,7025970894.000001,0.01874166844506145
2021-03-25,1080.76,1120.89,1075.7,1109.09,95288557.0,3119282547.0,7025970894.000001,0.013562333012420246
2021-03-26,1120.22,1185.3,1109.42,1177.54,116655308.0,4009761699.0,7025970894.000001,0.016603443105581414
2021-03-29,1184.29,1187.32,1133.37,1138.09,95276499.0,3243654889.0,7025970894.000001,0.013560616808328041
2021-03-30,1138.09,1158.99,1119.54,1143.48,81268731.0,2754676944.0,7025970894.000001,0.011566904023101123
2021-03-31,1143.82,1148.88,1115.16,1140.79,58152025.0,1953136299.0,7025970894.000001,0.00827672443813571
2021-04-01,1150.23,1189.34,1143.48,1182.94,87325022.0,3028667449.0,7025970894.000001,0.012428890372229315
2021-04-02,1184.29,1222.39,1173.83,1204.86,85237175.0,3046277189.0,7025970894.000001,0.01213172902164886
2021-04-06,1208.56,1219.69,1181.59,1183.27,64647091.0,2285170761.0,7025970894.000001,0.009201161230998973
2021-04-07,1188.67,1188.67,1149.89,1162.7,57560802.0,1981120299.0,7025970894.000001,0.008192576210236717
2021-04-08,1167.09,1175.18,1146.86,1148.54,47189835.0,1618186723.0,7025970894.000001,0.006716485979225862
2021-04-09,1148.88,1155.96,1122.91,1127.97,51272927.0,1722908676.0,7025970894.000001,0.007297628722570679
2021-04-12,1133.37,1142.13,1098.97,1104.7,46130666.0,1527506738.0,7025970894.000001,0.006565735425888884
2021-04-13,1105.72,1175.18,1105.72,1150.9,100393854.0,3425903411.0,7025970894.000001,0.014288965256849239
2021-04-14,1154.95,1160.68,1135.73,1151.58,52834109.0,1800520952.0,7025970894.000001,0.007519830326242737
2021-04-15,1152.25,1155.62,1109.42,1128.65,63922350.0,2125414454.0,7025970894.000001,0.009098009508491994
2021-04-16,1128.98,1132.69,1098.63,1122.24,48611486.0,1609124111.0,7025970894.000001,0.00691882826350917
2021-04-19,1126.62,1234.53,1124.6,1232.84,192126326.0,6871104719.0,7025970894.000001,0.027345163949379716
2021-04-20,1225.43,1225.43,1188.33,1189.01,115035448.0,4108390263.0,7025970894.000001,0.01637288991593138
2021-04-21,1153.26,1224.41,1147.19,1219.69,109963108.0,3886528073.0,7025970894.000001,0.015650948411116486
2021-04-22,1233.18,1302.31,1191.03,1260.16,175950628.0,6501303070.0,7025970894.000001,0.02504289167355608
2021-04-23,1243.97,1281.74,1231.5,1260.83,110852252.0,4142223134.0,7025970894.000001,0.015777499461983962
2021-04-26,1227.45,1261.84,1204.52,1225.09,112235281.0,4110137997.0,7025970894.000001,0.015974344712393566
2021-04-27,1220.7,1295.9,1194.06,1294.89,125148168.0,4653232531.0,7025970894.000001,0.017812224088043595
2021-04-28,1277.02,1285.45,1249.37,1254.43,105320340.0,3948848743.0,7025970894.000001,0.01499014749547865
2021-04-29,1254.09,1269.6,1232.51,1237.9,65452197.0,2420610925.0,7025970894.000001,0.00931575123032384
2021-04-30,1244.31,1254.09,1229.13,1246.33,56323896.0,2078064726.0,7025970894.000001,0.008016528512536134
2021-05-06,1235.88,1269.6,1214.97,1225.09,56237171.0,2061918688.0,7025970894.000001,0.008004185022745412
2021-05-07,1230.82,1244.98,1165.4,1170.12,74544210.0,2658897002.0,7025970894.000001,0.010609809110319378
2021-05-10,1168.77,1186.98,1139.77,1164.05,66007202.0,2274778514.0,7025970894.000001,0.00939474458346653
2021-05-11,1158.66,1166.75,1133.03,1163.38,58037838.0,1979651282.0,7025970894.000001,0.008260472307046251
2021-05-12,1159.33,1161.02,1119.54,1135.39,69397723.0,2335793200.0,7025970894.000001,0.009877314330929534
2021-05-13,1113.13,1131.68,1107.06,1111.45,60000249.0,1985392848.0,7025970894.000001,0.00853978046667382
2021-05-14,1114.48,1130.33,1077.39,1128.65,74746825.0,2454695485.0,7025970894.000001,0.010638647117629234
2021-05-17,1129.66,1203.51,1129.32,1172.82,98573600.0,3406229349.0,7025970894.000001,0.014029890172784424
2021-05-18,1166.75,1185.97,1147.53,1173.16,64351868.0,2225460191.0,7025970894.000001,0.009159142411898524
2021-05-19,1163.72,1220.7,1150.9,1205.53,85998000.0,3070850318.0,7025970894.000001,0.012240016546814916
2021-05-20,1198.79,1223.4,1189.01,1211.94,60142864.0,2158548650.0,7025970894.000001,0.008560078728956942
2021-05-21,1211.94,1232.84,1163.04,1168.44,68637026.0,2413379403.0,7025970894.000001,0.009769045023886203
2021-05-24,1165.74,1247.68,1155.96,1240.94,125654605.0,4517294152.0,7025970894.000001,0.017884304802245312
2021-05-25,1244.98,1348.84,1231.5,1341.76,201729007.0,7766348276.0,7025970894.000001,0.02871190473793044
2021-05-26,1348.51,1359.97,1302.65,1319.17,118492203.0,4663970075.0,7025970894.000001,0.016864886687929393
2021-05-27,1321.19,1358.96,1312.09,1345.47,97538277.0,3879797266.0,7025970894.000001,0.013882533598779235
2021-05-28,1345.81,1353.9,1306.69,1325.24,84809773.0,3339012016.0,7025970894.000001,0.012070897286583605
2021-05-31,1329.62,1329.96,1295.23,1315.12,74561640.0,2893968574.0,7025970894.000001,0.010612289906249643
2021-06-01,1313.44,1354.24,1292.53,1322.2,81737819.0,3219681892.0,7025970894.000001,0.011633668888352783
2021-06-02,1323.55,1328.61,1282.08,1292.19,64687912.0,2489384762.0,7025970894.000001,0.009206971246527909
2021-06-03,1291.18,1333.67,1284.77,1299.27,67086517.0,2604776233.0,7025970894.000001,0.009548362498525316
2021-06-04,1283.76,1304.33,1260.5,1293.2,58832147.0,2243751282.0,7025970894.000001,0.008373525579253558
2021-06-07,1296.91,1336.7,1296.58,1329.29,85452552.0,3350106445.0,7025970894.000001,0.0121623834327259
2021-06-08,1328.27,1386.95,1322.54,1357.27,129291712.0,5242181655.0,7025970894.000001,0.01840197090916101
2021-06-09,1365.71,1384.93,1339.07,1379.19,89162436.0,3628309285.0,7025970894.000001,0.012690407823371776
2021-06-10,1376.5,1385.94,1345.47,1361.66,72980157.0,2953490391.0,7025970894.000001,0.010387198879847792
2021-06-11,1355.59,1360.65,1295.23,1315.12,88575521.0,3468025959.0,7025970894.000001,0.012606872749165702
2021-06-15,1315.8,1348.51,1308.38,1342.44,69006869.0,2727040603.0,7025970894.000001,0.009821684439218228
2021-06-16,1348.51,1355.25,1269.94,1277.02,72993198.0,2831893333.0,7025970894.000001,0.010389054993429353
2021-06-17,1277.02,1331.98,1271.29,1325.91,73463533.0,2850499314.0,7025970894.000001,0.010455997343048485
2021-06-18,1329.29,1349.18,1315.12,1340.75,67071204.0,2651007366.0,7025970894.000001,0.009546183013265411
2021-06-21,1334.68,1426.4,1324.57,1419.66,137266484.0,5699235730.0,7025970894.000001,0.019537012901266367
2021-06-22,1422.36,1432.47,1386.95,1410.89,76085507.0,3172563261.0,7025970894.000001,0.010829180500160494
2021-06-23,1409.54,1510.03,1390.32,1485.42,132973095.0,5790418985.0,7025970894.000001,0.018925938778590105
2021-06-24,1507.33,1568.03,1506.32,1545.78,146599121.0,6688742882.0,7025970894.000001,0.02086531857471711
2021-06-25,1546.45,1688.75,1516.44,1585.23,171280777.0,8090878655.0,7025970894.000001,0.02437823605934226
2021-06-28,1598.38,1652.0,1561.29,1594.33,127759672.0,6091724534.0,7025970894.000001,0.018183917059648436
2021-06-29,1590.96,1625.36,1570.06,1601.42,74440685.0,3541260870.0,7025159269.0,0.010596298553469849
2021-06-30,1591.64,1601.08,1534.99,1551.17,100709475.0,4641936195.0,7025159269.0,0.014335543315637246
2021-07-01,1570.73,1573.76,1529.25,1544.43,61173885.0,2808913352.0,7025159269.0,0.008707828912853648
2021-07-02,1529.93,1533.3,1462.82,1470.24,92941659.0,4090692665.0,7025159269.0,0.013229829451714314
2021-07-05,1483.73,1542.74,1479.68,1541.73,77539482.0,3485838326.0,7025159269.0,0.011037398446204537
2021-07-06,1552.86,1556.57,1495.87,1530.94,66539632.0,3008064045.0,7025159269.0,0.00947161899853576
2021-07-07,1514.08,1559.6,1500.93,1528.24,68308728.0,3109383929.0,7025159269.0,0.009723441901371076
2021-07-08,1537.71,1596.19,1537.71,1577.26,92588517.0,4315418398.0,7025159269.0,0.01317956126753829
2021-07-09,1554.95,1594.83,1509.65,1564.07,80860178.0,3709110645.0,7025159269.0,0.011510084669085386
2021-07-12,1571.85,1581.99,1521.14,1538.04,87021677.0,3977668288.0,7025159269.0,0.0123871464927495
2021-07-13,1520.8,1520.8,1450.49,1455.56,118168691.0,5148898128.0,7025159269.0,0.016820784622128687
2021-07-14,1457.25,1491.73,1449.82,1457.93,62440675.0,2707569577.0,7025159269.0,0.008888150803289639
2021-07-15,1477.87,1479.9,1408.58,1428.52,79908417.0,3378827953.0,7025159269.0,0.011374605747746215
2021-07-16,1425.82,1446.1,1393.03,1394.72,65526765.0,2740235663.0,7025159269.0,0.009327441911409853
2021-07-19,1399.45,1442.38,1387.96,1442.38,71499296.0,3001673592.0,7025159269.0,0.010177604985484921
2021-07-20,1423.11,1464.01,1419.73,1460.97,59886359.0,2557439665.0,7025159269.0,0.008524555345565078
2021-07-21,1457.25,1484.3,1419.06,1421.42,94214362.0,4045580538.0,7025159269.0,0.013410993031252798
2021-07-22,1419.73,1436.97,1367.34,1395.73,110137613.0,4542490451.0,7025159269.0,0.0156775965900169
2021-07-23,1389.65,1404.52,1355.51,1367.34,83651868.0,3398587149.0,7025159269.0,0.011907469253989948
2021-07-26,1370.72,1388.3,1320.35,1345.03,76384737.0,3057646901.0,7025159269.0,0.010873025660366704
2021-07-27,1352.8,1374.44,1304.46,1305.82,90813389.0,3577802411.0,7025159269.0,0.01292687973648274
2021-07-28,1294.66,1304.8,1239.22,1274.04,75476829.0,2848493953.0,7025159269.0,0.010743789017433022
2021-07-29,1297.03,1313.93,1279.45,1293.65,67993461.0,2605669113.0,7025159269.0,0.009678565054038777
2021-07-30,1279.45,1280.46,1220.29,1250.04,89239224.0,3281056249.0,7025159269.0,0.012702804389615326
2021-08-02,1227.39,1309.53,1203.39,1293.31,106437216.0,3963711198.0,7025159269.0,0.0151508616281024
2021-08-03,1291.28,1347.06,1280.13,1321.03,86338767.0,3372611530.0,7025159269.0,0.012289937308750857
2021-08-04,1328.8,1418.38,1318.66,1404.18,123330424.0,5013346581.0,7025159269.0,0.017555534227419095
2021-08-05,1406.21,1434.94,1385.25,1400.46,83602195.0,3473587028.0,7025159269.0,0.011900398524615998
2021-08-06,1395.39,1395.39,1361.59,1374.1,61015900.0,2482353618.0,7025159269.0,0.008685340454734678
2021-08-09,1352.8,1431.23,1345.7,1425.82,85018529.0,3524466020.0,7025159269.0,0.012102007334575634
2021-08-10,1418.72,1429.87,1388.63,1413.65,61606723.0,2561132541.0,7025159269.0,0.008769441466167562
2021-08-11,1421.42,1424.8,1396.75,1413.31,45304498.0,1893794559.0,7025159269.0,0.006448892653568108
2021-08-12,1412.3,1443.39,1403.51,1425.14,70445224.0,2972919217.0,7025159269.0,0.01002756255090962
2021-08-13,1429.87,1435.28,1314.27,1329.82,117604448.0,4720100306.0,7025159269.0,0.016740467154809497
2021-08-16,1325.08,1340.97,1301.42,1305.82,60187324.0,2338193540.0,7025159269.0,0.008567396367166975
2021-08-17,1304.13,1321.03,1265.59,1277.08,50677824.0,1935496882.0,7025159269.0,0.007213761576001075
2021-08-18,1281.48,1301.42,1269.31,1292.29,35093925.0,1337337277.0,7025159269.0,0.004995463256592539
2021-08-19,1284.52,1314.94,1273.03,1274.38,50132783.0,1908559907.0,7025159269.0,0.007136177427495701
2021-08-20,1267.62,1290.27,1245.31,1282.83,53365907.0,2000189557.0,7025159269.0,0.007596398167866221
2021-08-23,1299.73,1323.73,1286.21,1317.31,49158619.0,1911378698.0,7025159269.0,0.006997509539310062
2021-08-24,1328.46,1331.84,1304.13,1307.51,40496134.0,1573995742.0,7025159269.0,0.005764443544888405
2021-08-25,1252.41,1297.37,1252.41,1257.48,97918682.0,3663282369.0,7025159269.0,0.013938286414670608
2021-08-26,1258.83,1272.35,1237.2,1258.15,51901051.0,1929902059.0,7025159269.0,0.007387882468234472
2021-08-27,1260.86,1308.86,1251.05,1283.84,66848781.0,2537622534.0,7025159269.0,0.009515624975932484
2021-08-30,1291.62,1301.08,1183.11,1207.45,142568627.0,5172287952.0,7025159269.0,0.02029400637635565
2021-08-31,1187.84,1193.93,1135.79,1144.58,112646202.0,3851116130.0,7025159269.0,0.016034683013817948
2021-09-01,1142.55,1171.28,1127.67,1159.79,74435243.0,2538031727.0,7025159269.0,0.010595523909110678
2021-09-02,1166.89,1189.53,1141.53,1157.76,60200238.0,2067779438.0,7025159269.0,0.008569234617305585
2021-09-03,1158.43,1168.91,1135.45,1156.07,43619042.0,1489014659.0,7025159269.0,0.006208975530630066
2021-09-06,1156.07,1198.66,1149.31,1192.24,56463415.0,1971160665.0,7025159269.0,0.008037314577216313
2021-09-07,1194.27,1197.31,1173.31,1186.83,53791515.0,1882211423.0,7025159269.0,0.007656981563018283
2021-09-08,1194.27,1245.31,1191.56,1220.97,96705665.0,3473006834.0,7025159269.0,0.0137656188702702
2021-09-09,1196.63,1206.77,1176.69,1194.6,49465778.0,1743337627.0,7025159269.0,0.007041232249107604
2021-09-10,1188.18,1228.41,1178.04,1217.59,78049232.0,2773610862.0,7025159269.0,0.01110995907870854
2021-09-13,1216.91,1216.91,1178.38,1182.77,63222031.0,2225376005.0,7025159269.0,0.00899937333506168
2021-09-14,1183.45,1194.94,1156.07,1160.12,51206542.0,1776258330.0,7025159269.0,0.007289022218465521
2021-09-15,1159.45,1159.79,1126.32,1129.03,73609720.0,2466658242.0,7025159269.0,0.0104780144024376
2021-09-16,1135.79,1154.04,1123.96,1152.01,57778233.0,1945625799.0,7025159269.0,0.008224473038633965
2021-09-17,1145.59,1149.98,1126.66,1133.42,38121450.0,1279312387.0,7025159269.0,0.005426417898910699
2021-09-22,1115.5,1134.1,1108.74,1112.12,36584038.0,1208645203.0,7025159269.0,0.005207574177205462
2021-09-23,1115.5,1202.72,1115.5,1199.34,124902384.0,4325737863.0,7025159269.0,0.017779295702398973
2021-09-24,1193.25,1238.55,1179.73,1203.39,96029201.0,3438634261.0,7025159269.0,0.01366932724554006
2021-09-27,1203.39,1262.89,1196.63,1245.31,97216171.0,3563584307.0,7025159269.0,0.013838287115992786
2021-09-28,1245.31,1245.31,1203.39,1210.49,54630919.0,1970308996.0,7025159269.0,0.0077764669679548015
2021-09-29,1189.87,1221.31,1169.25,1207.11,55123583.0,1947621866.0,7025159269.0,0.007846595484780602
2021-09-30,1207.11,1223.67,1200.01,1207.11,36161039.0,1296961130.0,7037494534.0,0.0051383399056718895
2021-10-08,1250.72,1281.82,1233.82,1273.7,85883773.0,3219976765.0,7037494534.0,0.012203742764569514
2021-10-11,1271.0,1311.22,1264.24,1269.98,61218403.0,2321984291.0,7037494534.0,0.008698891729753775
2021-10-12,1269.98,1274.04,1221.31,1232.13,54341366.0,1998069467.0,7037494534.0,0.007721692107533791
2021-10-13,1224.35,1233.48,1203.39,1222.32,42932294.0,1546910553.0,7037494534.0,0.006100508326163909
2021-10-14,1231.45,1232.13,1206.43,1207.45,30636883.0,1100443794.0,7037494534.0,0.004353379295995912
2021-10-15,1210.15,1237.2,1195.62,1223.0,45622473.0,1649168065.0,7037494534.0,0.0064827720688926645
2021-10-18,1219.62,1219.62,1168.24,1176.01,53496594.0,1871388290.0,7037494534.0,0.007601653364211338
2021-10-19,1180.74,1273.7,1180.74,1250.38,85650788.0,3136367583.0,7037494534.0,0.012170636522159748
2021-10-20,1263.9,1265.59,1234.15,1253.76,43810396.0,1617056769.0,7037494534.0,0.0062252831300032094
2021-10-21,1250.72,1294.66,1245.65,1260.18,62284897.0,2341408076.0,7037494534.0,0.008850436287955205
2021-10-22,1259.84,1288.58,1248.69,1278.77,52173896.0,1967833552.0,7037494534.0,0.007413703235993163
2021-10-25,1277.76,1290.6,1255.79,1276.41,45601381.0,1723877627.0,7037494534.0,0.006479774979531089
2021-10-26,1269.31,1335.22,1258.15,1329.14,106445939.0,4120783650.0,7037494534.0,0.0151255448207784
2021-10-27,1321.7,1321.7,1284.86,1288.58,65933802.0,2534874646.0,7037494534.0,0.00936893118445156
2021-10-28,1250.72,1355.51,1242.27,1314.27,161341374.0,6296787924.0,7037494534.0,0.022925967930847703
2021-10-29,1313.59,1329.14,1291.28,1306.15,70400190.0,2729298439.0,7037494534.0,0.0100035871658412
2021-11-01,1306.15,1353.14,1284.52,1345.03,77827635.0,3075787414.0,7037494534.0,0.011058997577048776
2021-11-02,1341.99,1368.35,1325.08,1344.69,61693472.0,2454522531.0,7037494534.0,0.008766397146305763
2021-11-03,1352.13,1358.21,1321.37,1344.69,43989694.0,1744057258.0,7037494534.0,0.0062507606631130065
2021-11-04,1350.77,1418.72,1347.39,1392.69,84409087.0,3471367875.0,7037494534.0,0.011994195745687239
2021-11-05,1393.03,1425.48,1391.0,1392.69,61838355.0,2575714612.0,7039256943.0,0.008784784459600311
2021-11-08,1386.61,1392.35,1341.31,1375.79,54968691.0,2224415591.0,7039256943.0,0.007808876909183168
2021-11-09,1375.79,1385.93,1325.08,1348.75,55546972.0,2214451004.0,7039256943.0,0.00789102776753123
2021-11-10,1348.41,1356.52,1325.08,1336.92,44249832.0,1750723853.0,7039256943.0,0.00628615098984319
2021-11-11,1331.84,1371.39,1325.76,1348.41,53265399.0,2135757856.0,7039256943.0,0.007566906483356648
2021-11-12,1345.7,1378.49,1322.72,1368.35,41360725.0,1663609144.0,7039256943.0,0.00587572315301405
2021-11-15,1367.68,1421.08,1362.61,1410.94,73746743.0,3060626289.0,7039256943.0,0.010476495402449468
2021-11-16,1400.8,1465.37,1398.1,1449.48,82704926.0,3536763834.0,7039256943.0,0.011749098899173398
2021-11-17,1443.39,1448.47,1419.73,1435.28,44762453.0,1898891110.0,7039256943.0,0.006358974159128091
2021-11-18,1425.14,1460.3,1372.41,1380.86,59439768.0,2458748463.0,7039256943.0,0.008444040114078842
2021-11-19,1378.15,1485.65,1378.15,1456.92,100674080.0,4327723695.0,7039256943.0,0.014301804979588455
2021-11-22,1464.01,1464.69,1427.51,1445.42,62009621.0,2650383357.0,7039256943.0,0.008809114584411328
2021-11-23,1438.32,1445.76,1412.97,1420.41,39431766.0,1662439846.0,7039256943.0,0.005601694371905526
2021-11-24,1430.55,1441.7,1398.1,1429.87,40528369.0,1706186555.0,7039256943.0,0.005757478286156659
2021-11-25,1416.35,1436.3,1398.77,1411.28,30363795.0,1267978224.0,7039256943.0,0.004313494342637181
2021-11-26,1406.21,1406.21,1352.46,1356.18,58685609.0,2370541106.0,7039256943.0,0.008336903948130253
2021-11-29,1334.55,1384.92,1326.77,1355.51,47973768.0,1917982636.0,7039256943.0,0.006815175009019414
2021-11-30,1355.51,1358.21,1336.24,1340.3,41789412.0,1660144225.0,7039256943.0,0.005936622620595823
2021-12-01,1337.93,1354.83,1331.84,1345.37,28399157.0,1127115635.0,7039256943.0,0.004034396986778666
2021-12-02,1332.18,1354.49,1299.39,1305.82,55814395.0,2174994247.0,7039256943.0,0.007929017998910116
2021-12-03,1306.49,1318.32,1287.9,1305.82,49644792.0,1906614345.0,7044431579.0,0.007047380820334035
2021-12-06,1305.82,1355.51,1291.28,1336.24,55477791.0,2194139358.0,7044431579.0,0.00787541058179678
2021-12-07,1358.89,1419.73,1354.83,1403.51,93176852.0,3857078460.0,7044431579.0,0.01322702207482112
2021-12-08,1409.59,1498.49,1381.87,1490.38,127202000.0,5449433170.0,7044431579.0,0.0180570992241871
2021-12-09,1490.72,1580.97,1475.17,1541.76,141326263.0,6449809820.0,7044431579.0,0.020062124447528827
2021-12-10,1516.41,1550.55,1512.69,1531.96,68168209.0,3085637204.0,7044431579.0,0.009676892767787645
2021-12-13,1531.96,1588.75,1528.58,1577.26,81295238.0,3787744880.0,7044431579.0,0.011540354546468653
2021-12-14,1575.23,1587.4,1551.57,1566.78,54704238.0,2538941182.0,7044431579.0,0.007765600018470986
2021-12-15,1559.0,1577.26,1524.52,1533.65,55691552.0,2542784494.0,7044431579.0,0.007905755258667125
2021-12-16,1551.9,1581.31,1536.35,1573.88,51777043.0,2392758635.0,7044431579.0,0.0073500668463231875
2021-12-17,1554.95,1580.97,1543.11,1547.51,39077016.0,1802560121.0,7044431579.0,0.005547220604213352
2021-12-20,1538.04,1570.83,1483.28,1499.85,58466809.0,2616827957.0,7044431579.0,0.008299719905619372
2021-12-21,1493.42,1568.47,1493.09,1538.38,52356448.0,2384098773.0,7044431579.0,0.007432316917674189
2021-12-22,1538.72,1661.76,1538.72,1615.79,112857310.0,5392390911.0,7044431579.0,0.01602078304464429
2021-12-23,1639.45,1666.5,1597.2,1656.35,70412659.0,3421805702.0,7044431579.0,0.009995506125704398
2021-12-24,1640.13,1693.54,1640.13,1674.61,63864285.0,3165356971.0,7044431579.0,0.009065924522623574
2021-12-27,1666.5,1719.9,1636.41,1646.21,58720559.0,2890982302.0,7044431579.0,0.008335741264781472
2021-12-28,1650.27,1666.5,1602.61,1628.64,51961671.0,2501066530.0,7044431579.0,0.007376275916271484
2021-12-29,1638.78,1638.78,1589.42,1612.75,39897502.0,1901397008.0,7044431579.0,0.005663693592956111
2021-12-30,1588.75,1659.74,1580.97,1639.79,64092036.0,3093128783.0,7044431579.0,0.009098255165266047
2021-12-31,1641.14,1675.96,1615.12,1663.12,54164381.0,2651785712.0,7065170118.0,0.007666394452697593
2022-01-04,1696.92,1734.78,1650.27,1723.96,88469975.0,4442153958.0,7065170118.0,0.012521987938351862
2022-01-05,1693.54,1705.37,1577.26,1629.65,101360115.0,4861484266.0,7065170118.0,0.014346450730430947
2022-01-06,1588.75,1638.78,1575.23,1583.68,67872217.0,3208550065.0,7065170118.0,0.009606593453012733
2022-01-07,1588.75,1631.0,1545.48,1575.57,56094463.0,2618795348.0,7065170118.0,0.007939577117483358
2022-01-10,1554.95,1686.1,1537.37,1642.83,72721548.0,3506114786.0,7065170118.0,0.010292964894748484
2022-01-11,1666.5,1666.5,1572.52,1580.97,55048944.0,2602080557.0,7065170118.0,0.0077915949765669885
2022-01-12,1597.2,1654.33,1585.37,1599.9,52355839.0,2498239120.0,7065170118.0,0.007410414487630318
2022-01-13,1615.79,1615.79,1526.21,1533.31,46583182.0,2139747178.0,7065170118.0,0.0065933560299304885
2022-01-14,1514.38,1581.65,1504.58,1565.09,48852821.0,2242659739.0,7065170118.0,0.006914599391674549
2022-01-17,1554.61,1631.0,1550.89,1585.37,47309831.0,2225462422.0,7065170118.0,0.006696205499633802
2022-01-18,1574.21,1651.28,1572.86,1620.19,51613938.0,2474772306.0,7065170118.0,0.007305406258867382
2022-01-19,1598.89,1639.12,1587.06,1604.3,34132406.0,1622243416.0,7065170118.0,0.004831080558561577
2022-01-20,1592.13,1670.55,1581.31,1656.02,67456869.0,3286982442.0,7065170118.0,0.009547805342738953
2022-01-21,1638.78,1667.85,1587.4,1595.17,52596401.0,2516425649.0,7065170118.0,0.007444463490836499
2022-01-24,1583.68,1696.24,1578.61,1666.16,74583662.0,3657342614.0,7065170118.0,0.010556527409012063
2022-01-25,1664.81,1710.1,1632.69,1635.73,44862999.0,2198796970.0,7065170118.0,0.006349882345465698
2022-01-26,1634.72,1661.43,1586.04,1622.21,45220882.0,2170292893.0,7065170118.0,0.006400536893625581
2022-01-27,1615.79,1636.07,1560.02,1564.75,53446321.0,2522121872.0,7065170118.0,0.00756476066497455
2022-01-28,1586.72,1629.31,1543.45,1577.26,54735697.0,2577842342.0,7065170118.0,0.007747258181448363
2022-02-07,1602.27,1605.31,1509.65,1571.85,53584302.0,2470849045.0,7065170118.0,0.00758429041410946
2022-02-08,1561.37,1568.47,1414.66,1461.99,114974276.0,4935569920.0,7065170118.0,0.016273391026647606
2022-02-09,1460.3,1495.45,1438.66,1481.59,57974930.0,2524768245.0,7065170118.0,0.008205737304512559
2022-02-10,1480.58,1527.9,1468.41,1477.54,42486103.0,1877566991.0,7065170118.0,0.0060134578913758575
2022-02-11,1466.04,1466.04,1382.89,1387.62,82735383.0,3458274314.0,7065170118.0,0.011710317178239529
2022-02-14,1413.65,1477.2,1399.45,1416.35,87745290.0,3730040283.0,7065170118.0,0.012419416452046994
2022-02-15,1417.03,1534.33,1415.68,1533.65,86057292.0,3824428329.0,7065170118.0,0.012180498213447265
2022-02-16,1541.42,1548.18,1483.96,1489.37,57223952.0,2546173773.0,7065170118.0,0.008099444322537968
2022-02-17,1485.65,1509.31,1460.63,1497.14,42253374.0,1863177679.0,7065170118.0,0.005980517566357062
2022-02-18,1483.28,1490.04,1456.92,1472.13,28820721.0,1251922849.0,7065170118.0,0.00407926780511246
2022-02-21,1458.94,1468.75,1436.63,1450.49,34781997.0,1490337741.0,7071897590.0,0.004918340029298982
2022-02-22,1392.69,1410.94,1335.9,1406.55,90350265.0,3687237907.0,7071897590.0,0.012775957775146458
2022-02-23,1412.3,1464.69,1412.3,1453.54,48217961.0,2062516634.0,7071897590.0,0.006818249329314736
2022-02-24,1457.59,1473.48,1416.35,1440.35,43080191.0,1841649775.0,7071897590.0,0.006091744182059062
2022-02-25,1453.54,1497.48,1453.54,1462.66,42993502.0,1877171125.0,7071897590.0,0.006079485944592136
2022-02-28,1451.51,1484.63,1444.07,1468.07,30323756.0,1309472909.0,7071897590.0,0.004287923518982972
2022-03-01,1451.17,1468.75,1424.13,1453.54,33649679.0,1438814676.0,7071897590.0,0.004758224871296532
2022-03-02,1446.1,1448.8,1369.03,1382.21,68014090.0,2793589651.0,7071897590.0,0.009617516251391305
2022-03-03,1387.62,1391.0,1302.1,1319.34,85364301.0,3344824431.0,7071897590.0,0.012070918719285357
2022-03-04,1301.42,1330.49,1276.75,1293.65,66822429.0,2562826001.0,7071897590.0,0.009449009710560586
2022-03-07,1260.86,1266.27,1212.86,1222.32,78286718.0,2865992719.0,7071897590.0,0.011070114775233899
2022-03-08,1228.74,1277.76,1201.03,1248.01,88541432.0,3255845587.0,7071897590.0,0.012520180174158886
2022-03-09,1249.36,1275.39,1196.97,1265.93,72920651.0,2695890858.0,7071897590.0,0.010311327344885943
2022-03-10,1300.75,1314.94,1254.77,1256.13,76795479.0,2905309283.0,7071897590.0,0.01085924647842645
2022-03-11,1222.66,1228.74,1166.21,1210.15,108974158.0,3844937476.0,7071897590.0,0.015409464943906237
2022-03-14,1203.73,1206.77,1158.77,1159.45,59446204.0,2074905718.0,7071897590.0,0.008405976365390212
2022-03-15,1159.79,1186.49,1118.88,1139.17,85118500.0,2903290728.0,7071897590.0,0.012036161287228142
2022-03-16,1164.86,1169.59,1074.26,1153.36,131899185.0,4392113769.0,7071897590.0,0.018651172944940793
2022-03-17,1183.11,1200.01,1154.38,1172.97,94583223.0,3299889658.0,7071897590.0,0.01337451819632473
2022-03-18,1165.19,1206.43,1156.41,1179.73,56519780.0,1977068691.0,7071897590.0,0.00799216607433932
2022-03-21,1224.01,1226.38,1176.69,1186.15,59739714.0,2119151318.0,7071897590.0,0.008447480077267353
2022-03-22,1186.15,1200.01,1173.65,1180.41,37436764.0,1312526311.0,7071897590.0,0.0052937367267503095
2022-03-23,1186.15,1195.62,1163.84,1189.53,39265144.0,1374670445.0,7071897590.0,0.005552278366632852
2022-03-24,1176.69,1181.42,1159.45,1162.49,37944335.0,1307474917.0,7071897590.0,0.005365509683519045
2022-03-25,1172.97,1176.35,1133.08,1135.45,42832443.0,1457460647.0,7071897590.0,0.006056711434929023
2022-03-28,1117.19,1137.81,1102.32,1107.05,45514581.0,1499204856.0,7071897590.0,0.006435978522138073
2022-03-29,1120.57,1121.93,1029.31,1039.45,122681267.0,3842475559.0,7071897590.0,0.017347715438283094
2022-03-30,1049.93,1098.6,1049.93,1095.9,82859610.0,2659781700.0,7071897590.0,0.011716743482989267
2022-03-31,1096.91,1099.28,1065.81,1071.56,48420677.0,1540344144.0,7078783979.0,0.006840253515807987
2022-04-01,1071.22,1074.26,1051.62,1058.04,49113606.0,1541628765.0,7078783979.0,0.006938141656208323
2022-04-06,1059.39,1060.74,1011.39,1021.53,75353395.0,2290681440.0,7078783979.0,0.01064496320604559
2022-04-07,1017.48,1035.05,1011.39,1016.8,47429327.0,1435411372.0,7078783979.0,0.0067002082759841765
2022-04-08,1025.25,1026.94,983.67,991.78,61176166.0,1797615542.0,7078783979.0,0.008642185745671277
2022-04-11,989.76,994.49,939.73,941.42,73595734.0,2071080415.0,7078783979.0,0.010396663356069338
2022-04-12,960.35,977.93,941.42,976.24,68562843.0,1947835081.0,7078783979.0,0.009685680930990308
2022-04-13,969.14,972.18,947.16,954.26,38658384.0,1097877442.0,7078783979.0,0.005461161707248646
2022-04-14,968.12,979.95,952.24,970.15,48046839.0,1373653665.0,7078783979.0,0.00678744246787814
2022-04-15,956.63,996.52,952.57,987.73,51660581.0,1501485725.0,7078783979.0,0.00729794568576423
2022-04-18,984.35,1022.55,973.53,1016.12,51102670.0,1524068243.0,7078783979.0,0.007219131160323829
2022-04-19,1010.71,1010.71,974.21,981.98,57844237.0,1690636639.0,7078783996.0,0.00817149344190838
2022-04-20,983.67,991.45,967.11,970.15,37559514.0,1089481147.0,7078783996.0,0.005305927405218709
2022-04-21,967.78,1013.76,962.71,986.71,79413438.0,2346070089.0,7078783996.0,0.011218514090114073
2022-04-22,987.39,994.49,957.64,980.29,58916664.0,1704233352.0,7078783996.0,0.008322992202233034
2022-04-25,962.38,963.39,898.49,906.94,70137849.0,1919939331.0,7078783996.0,0.009908177596552277
2022-04-26,907.61,928.57,874.83,880.57,65118674.0,1729263290.0,7078783996.0,0.00919913279410652
2022-04-27,872.8,939.73,865.7,937.7,74237171.0,2004841488.0,7078783996.0,0.010487277340564299
2022-04-28,976.24,1003.95,944.12,993.47,93765923.0,2713866004.0,7078783996.0,0.013246049470217512
2022-04-29,994.49,1054.32,977.59,1043.84,95745143.0,2891651588.0,7078783996.0,0.013525648339333788
2022-05-05,1064.8,1064.8,1006.66,1009.02,64734656.0,1963377993.0,7078783996.0,0.009144883646199621
2022-05-06,981.98,1001.25,970.15,986.38,36287110.0,1055316569.0,7078783996.0,0.005126178453884835
2022-05-09,977.59,983.33,948.18,956.29,48790499.0,1388524777.0,7078783996.0,0.006892497218105537
2022-05-10,938.38,986.71,919.45,980.29,60390332.0,1730364419.0,7078783996.0,0.008531173155463522
2022-05-11,992.46,1078.32,992.46,1034.71,112987548.0,3488354761.0,7078783996.0,0.015961434628298552
2022-05-12,1024.24,1040.8,1010.71,1025.59,53164142.0,1610081533.0,7078783996.0,0.007510349521901134
2022-05-13,1031.0,1036.4,1005.64,1021.87,38044089.0,1145754063.0,7078783996.0,0.005374381959033858
2022-05-16,1034.71,1056.35,997.19,1005.64,50491145.0,1520939998.0,7078783996.0,0.007132742718033347
2022-05-17,1007.33,1033.02,1000.57,1030.32,48541331.0,1463437965.0,7078783996.0,0.006857297952223036
2022-05-18,1031.0,1039.79,1010.71,1025.25,41063693.0,1244772347.0,7078783996.0,0.0058009529635603815
2022-05-19,1004.29,1028.29,1002.6,1026.94,35394501.0,1065844654.0,7078783996.0,0.005000082079068994
2022-05-20,1047.22,1058.04,1020.18,1047.56,63346122.0,1955812375.0,7078783996.0,0.008948729334839842
2022-05-23,1042.83,1052.29,1013.08,1025.93,51969850.0,1575978686.0,7078783996.0,0.0073416352341541345
2022-05-24,1024.91,1047.22,980.29,982.32,64974559.0,1942727601.0,7078783996.0,0.00917877407146695
2022-05-25,982.32,996.86,971.5,989.42,39672102.0,1151994319.0,7078783996.0,0.005604366798367837
2022-05-26,989.42,1066.49,964.4,1034.38,100780817.0,3061831458.0,7078783996.0,0.014237023909325118
2022-05-27,1060.41,1069.87,1040.12,1049.93,70110014.0,2190509483.0,7078783996.0,0.009904245424018727
2022-05-30,1052.63,1061.08,1031.0,1047.9,37937063.0,1173305205.0,7078783996.0,0.0053592626956038
2022-05-31,1057.7,1149.31,1038.1,1142.88,124083746.0,4082647526.0,7078783996.0,0.017528963458994632
2022-06-01,1132.41,1142.55,1101.98,1108.41,74697424.0,2466518205.0,7078783996.0,0.010552295993522219
2022-06-02,1101.31,1138.49,1096.57,1132.41,65121764.0,2167676820.0,7078783996.0,0.009199569309756912
2022-06-06,1183.45,1235.84,1177.03,1210.15,127915918.0,4562465539.0,7078783996.0,0.01807032367031983
2022-06-07,1188.52,1216.91,1169.93,1181.08,73145832.0,2569737753.0,7078783996.0,0.010333106934938604
2022-06-08,1175.34,1209.14,1167.9,1191.22,62229848.0,2189040316.0,7078783996.0,0.008791036431562843
2022-06-09,1189.87,1189.87,1132.41,1136.46,81704054.0,2779719089.0,7078783996.0,0.011542103000482628
2022-06-10,1132.41,1159.79,1109.76,1155.39,55468967.0,1874907813.0,7078783996.0,0.007835945697925489
2022-06-13,1136.12,1152.69,1117.19,1127.34,55100679.0,1836027363.0,7078783996.0,0.007783918683086767
2022-06-14,1122.26,1122.26,1077.98,1117.19,67797378.0,2194200199.0,7078783996.0,0.009577545809889126
2022-06-15,1118.88,1153.36,1102.66,1118.21,71598325.0,2384782665.0,7078783996.0,0.01011449495287015
2022-06-16,1126.66,1145.25,1118.55,1124.97,50361030.0,1686339138.0,7078783996.0,0.007114361736204614
2022-06-17,1110.77,1141.87,1105.7,1124.63,70259023.0,2339778471.0,7078783996.0,0.009925295508338887
2022-06-20,1129.03,1139.84,1099.28,1121.93,72604985.0,2401590694.0,7078783996.0,0.01025670299320149
2022-06-21,1125.98,1165.53,1120.91,1145.25,80540653.0,2732917593.0,7078783996.0,0.011377752597834743
2022-06-22,1145.59,1150.66,1055.0,1086.1,142087226.0,4567269955.0,7078783996.0,0.020072264682788606
2022-06-23,1081.7,1089.14,1059.73,1086.77,93692472.0,2980189726.0,7078783996.0,0.013235673253053448
2022-06-24,1092.86,1115.5,1087.11,1095.56,79755357.0,2592745213.0,7078783996.0,0.01126681603013558
2022-06-27,1095.22,1120.91,1081.03,1113.14,91985003.0,2996901379.0,7078783996.0,0.012994463887014755
2022-06-28,1109.08,1154.38,1099.28,1152.69,95919817.0,3190650575.0,7078783996.0,0.013550324046361818
2022-06-29,1152.01,1158.1,1104.69,1106.04,77786074.0,2596823695.0,7078783996.0,0.010988620933193397
2022-06-30,1101.98,1152.35,1101.65,1142.21,70764791.0,2372040971.0,7074663913.0,0.010002565757218041
2022-07-01,1146.27,1182.1,1139.5,1153.03,77827149.0,2669508933.0,7074663913.0,0.011000826322928113
2022-07-04,1132.41,1133.42,1095.56,1101.98,104700242.0,3429975794.0,7074663913.0,0.014799323796514035
2022-07-05,1098.26,1098.26,1041.14,1051.62,157946233.0,4934890292.0,7074663913.0,0.022325616445152536
2022-07-06,1051.62,1061.42,1037.08,1043.17,76728745.0,2377586998.0,7074663913.0,0.01084556749883307
2022-07-07,1041.14,1106.38,1010.71,1093.87,135498586.0,4296353360.0,7074663913.0,0.019152653421601485
2022-07-08,1098.6,1185.81,1098.6,1170.94,188385268.0,6518988498.0,7074663913.0,0.02662815793324598
2022-07-11,1165.19,1168.91,1125.65,1136.12,78984766.0,2668239573.0,7074663913.0,0.01116445487323604
2022-07-12,1136.46,1143.9,1118.88,1129.03,57696898.0,1930055908.0,7074663913.0,0.008155425997548727
2022-07-13,1125.29,1142.25,1095.11,1104.61,59188923.0,1933452460.0,7074663913.0,0.00836632294167894
2022-07-14,1101.21,1122.92,1080.19,1107.32,44688059.0,1459753630.0,7074663913.0,0.006316633489526445
2022-07-15,1107.66,1154.8,1087.31,1119.19,66692537.0,2222294331.0,7074663913.0,0.009426954809464459
2022-07-18,1119.87,1131.06,1068.32,1102.23,74720045.0,2411136612.0,7074663913.0,0.010561638816891173
2022-07-19,1081.54,1105.62,1075.1,1099.52,62051183.0,1990652161.0,7074663913.0,0.008770901877893913
2022-07-20,1106.64,1123.26,1078.83,1083.92,58487142.0,1890094470.0,7074663913.0,0.008267126568730333
2022-07-21,1077.14,1104.61,1068.32,1082.22,50939959.0,1636365038.0,7074663913.0,0.007200336245852701
2022-07-22,1084.6,1085.27,1043.56,1057.13,63174794.0,1973507410.0,7074663913.0,0.00892972369809873
2022-07-25,1057.13,1061.53,1041.19,1044.58,30377596.0,936910388.0,7074663913.0,0.004293857117958615
2022-07-26,1051.7,1055.77,1031.69,1053.39,36664504.0,1131516153.0,7074663913.0,0.005182508236557696
2022-07-27,1047.97,1063.57,1044.24,1046.61,30749431.0,951186248.0,7074663913.0,0.004346415798423525
2022-07-28,1049.66,1151.07,1049.66,1137.16,177689231.0,5869650977.0,7074663913.0,0.025116278763926633
2022-07-29,1133.09,1172.44,1121.9,1151.41,114451438.0,3896869616.0,7074663913.0,0.01617765019051867
2022-08-01,1151.75,1235.52,1125.97,1219.24,136913820.0,4874906244.0,7074663913.0,0.019352695998521564
2022-08-02,1194.82,1207.37,1170.06,1176.17,88481363.0,3095057422.0,7074663913.0,0.012506793833331316
2022-08-03,1176.51,1199.91,1132.76,1141.91,70427436.0,2419355234.0,7074663913.0,0.009954880806505388
2022-08-04,1154.46,1187.36,1147.0,1172.78,56950316.0,1961552788.0,7074663913.0,0.008049897026960014
2022-08-05,1172.1,1192.11,1151.75,1177.52,61701916.0,2137491694.0,7074663913.0,0.00872153317228541
2022-08-08,1171.42,1231.11,1171.42,1204.32,76523411.0,2718643649.0,7074663913.0,0.01081654364660135
2022-08-09,1187.02,1209.74,1181.25,1199.91,48489372.0,1708301369.0,7074663913.0,0.006853947070319296
2022-08-10,1188.72,1209.06,1169.38,1176.51,40757692.0,1425698244.0,7074663913.0,0.005761078194132443
2022-08-11,1203.3,1294.19,1194.48,1294.19,148539249.0,5515564568.0,7074663913.0,0.02099594423518165
2022-08-12,1278.59,1298.26,1251.46,1253.49,90115535.0,3376003908.0,7074663913.0,0.012737783180683512
2022-08-15,1260.28,1306.4,1248.07,1264.68,90229084.0,3409527897.0,7074663913.0,0.012753833271740326
2022-08-16,1252.14,1278.93,1229.41,1242.3,79539759.0,2921371063.0,7074663913.0,0.011242902840068807
2022-08-17,1250.1,1326.07,1222.29,1303.01,103890793.0,3946662671.0,7074663913.0,0.014684908608746232
2022-08-18,1292.16,1319.29,1279.95,1296.56,63225938.0,2419328248.0,7074663913.0,0.00893695287543195
2022-08-19,1296.23,1315.9,1266.04,1268.41,48664462.0,1841054678.0,7074663913.0,0.006878695949156956
2022-08-22,1261.63,1354.9,1253.15,1301.65,94584029.0,3663496747.0,7074663913.0,0.013369402442736222
2022-08-23,1301.65,1318.27,1281.98,1301.31,58353611.0,2228988731.0,7074663913.0,0.008248252032548533
2022-08-24,1291.82,1298.6,1237.55,1242.98,65139344.0,2414163596.0,7074663913.0,0.009207411800905998
2022-08-25,1256.88,1288.76,1240.94,1278.59,61512423.0,2298835980.0,7074663913.0,0.008694748437020205
2022-08-26,1352.52,1363.38,1305.04,1312.5,147325632.0,5806570578.0,7074663913.0,0.02082440011451043
2022-08-29,1290.46,1343.37,1282.66,1310.13,64145277.0,2484184646.0,7074663913.0,0.009066900956543007
2022-08-30,1310.81,1311.15,1254.85,1283.0,54698813.0,2063400821.0,7074663913.0,0.007731648269465999
2022-08-31,1271.81,1291.48,1251.46,1272.48,53105207.0,1993519213.0,7074663913.0,0.007506392904745184
2022-09-01,1268.41,1284.02,1217.54,1217.54,57200523.0,2088163638.0,7074663913.0,0.008085263653993736
2022-09-02,1227.38,1307.42,1218.9,1285.37,65944856.0,2469619210.0,7074663913.0,0.009321270495807367
2022-09-05,1281.3,1298.26,1247.05,1287.07,42898755.0,1619278129.0,7074663913.0,0.006063716316074278
2022-09-06,1283.0,1288.42,1238.23,1249.42,66566741.0,2458648205.0,7074663913.0,0.009409173611439088
2022-09-07,1246.71,1253.83,1224.33,1232.13,75199565.0,2738722218.0,7074663913.0,0.010629418715116284
2022-09-08,1241.28,1257.9,1212.79,1230.43,55071976.0,1996457723.0,7086571992.0,0.007771313981170376
2022-09-09,1227.04,1237.89,1196.85,1229.07,44446820.0,1602313086.0,7086571992.0,0.006271977487870838
2022-09-13,1258.24,1295.55,1245.01,1247.05,75475252.0,2823968551.0,7086571992.0,0.010650460065205529
2022-09-14,1219.24,1227.04,1200.59,1202.62,52227633.0,1865408122.0,7086571992.0,0.0073699431910039925
2022-09-15,1203.98,1209.06,1162.6,1183.97,45801468.0,1595518058.0,7086571992.0,0.006463134510127757
2022-09-16,1170.06,1191.09,1153.44,1159.21,43067331.0,1484574138.0,7086571992.0,0.006077315103638053
2022-09-19,1146.32,1152.77,1108.34,1147.0,69658082.0,2327419859.0,7086571992.0,0.009829587856954914
2022-09-20,1159.89,1167.35,1102.23,1136.15,55169703.0,1835410237.0,7086571992.0,0.007785104428809985
2022-09-21,1124.96,1140.22,1102.23,1112.41,60170926.0,1976826229.0,7086571992.0,0.008490836763942664
2022-09-22,1099.86,1112.07,1086.29,1091.04,53083132.0,1714009100.0,7086571992.0,0.007490664324009594
2022-09-23,1093.41,1107.66,1069.33,1081.54,45858593.0,1467247944.0,7086571992.0,0.006471195530331105
2022-09-26,1070.01,1098.16,1068.32,1074.42,39616975.0,1260423625.0,7086571992.0,0.005590428636684059
2022-09-27,1074.42,1082.56,1054.41,1081.88,50085008.0,1583383149.0,7086571992.0,0.007067593196899819
2022-09-28,1068.32,1073.07,1035.08,1036.44,58867709.0,1819122285.0,7086571992.0,0.008306937270439855
2022-09-29,1054.75,1055.77,1019.14,1027.96,49153096.0,1494639157.0,7086571992.0,0.006936089276379146
2022-09-30,1014.05,1024.91,987.6,997.1,65709531.0,1942384190.0,7087494913.0,0.009271192686075088
2022-10-10,997.1,1000.49,947.92,949.62,61602451.0,1749510558.0,7087494913.0,0.008691710083206941
2022-10-11,949.62,956.4,929.27,941.14,49226740.0,1367309413.0,7087494913.0,0.006945576766440777
2022-10-12,942.83,971.32,932.66,970.64,57522675.0,1612529134.0,7087494913.0,0.008116079899329586
2022-10-13,962.16,986.24,957.76,967.59,61441562.0,1760857990.0,7087494913.0,0.00866900967890684
2022-10-14,980.14,1012.02,970.98,1003.54,68446783.0,2003397505.0,7087494913.0,0.009657401358335198
2022-10-17,987.6,1038.47,985.57,1034.4,50453255.0,1515650080.0,7087494913.0,0.007118630153435145
2022-10-18,1044.58,1055.77,1008.29,1009.64,47714893.0,1434073991.0,7087494913.0,0.006732264867306015
2022-10-19,999.47,1011.0,983.53,989.97,42417517.0,1244448154.0,7087494913.0,0.00598483914566162
2022-10-20,988.96,1006.25,965.89,986.92,52601289.0,1532639782.0,7087494913.0,0.007421703951211005
2022-10-21,986.92,989.3,958.09,962.84,50161434.0,1431398355.0,7087494913.0,0.0070774560850820605
2022-10-24,962.84,981.83,922.82,936.05,67021419.0,1874898712.0,7087494913.0,0.009456291654907323
2022-10-25,949.62,954.7,929.61,935.37,48842707.0,1356437528.0,7087494913.0,0.006891392177285644
2022-10-26,939.44,964.88,926.55,949.62,48911708.0,1368930134.0,7087494913.0,0.006901127775102221
2022-10-27,950.29,966.57,941.14,946.56,44697443.0,1254918399.0,7087494913.0,0.006306522057323133
2022-10-28,929.61,942.49,898.4,903.15,63754276.0,1719442708.0,7087494913.0,0.008995318766728263
2022-10-31,955.04,993.03,941.14,966.57,129880394.0,3710962841.0,7087494913.0,0.018325289202221682
2022-11-01,968.27,1002.52,952.67,999.81,96311830.0,2783123220.0,7087494913.0,0.013588980476492936
2022-11-02,1033.72,1054.75,1024.23,1034.4,103697227.0,3187421885.0,7087494913.0,0.014631012547154966
2022-11-03,1015.41,1049.66,1010.66,1034.4,69816348.0,2131449139.0,7087494913.0,0.009850638181332829
2022-11-04,1037.79,1093.75,1034.4,1077.81,74941156.0,2371825937.0,7087494913.0,0.010573715666806574
2022-11-07,1119.53,1123.26,1081.88,1098.5,68645218.0,2229004951.0,7087494913.0,0.009685399262028367
2022-11-08,1092.74,1111.39,1071.71,1085.61,59010832.0,1889355491.0,7087494913.0,0.00832604929165612
2022-11-09,1135.81,1135.81,1078.49,1087.99,110196761.0,3575789001.0,7087494913.0,0.01554805503957051
2022-11-10,1068.32,1068.32,1002.86,1032.03,133679262.0,4056213731.0,7087494913.0,0.018861285071937517
2022-11-11,1068.32,1078.15,1055.43,1065.94,86743711.0,2732133840.0,7087494913.0,0.012238980354101314
2022-11-14,1075.44,1098.84,1070.69,1076.46,62898930.0,2011954076.0,7087494913.0,0.00887463494113128
2022-11-15,1071.71,1168.37,1068.32,1158.87,113933572.0,3799950721.0,7087494913.0,0.0160752950652594
2022-11-16,1153.1,1155.14,1125.29,1138.86,60350548.0,2026582003.0,7087494913.0,0.008515074612512812
2022-11-17,1136.15,1136.15,1096.13,1127.67,48946098.0,1607918062.0,7087494913.0,0.006905979983170395
2022-11-18,1132.42,1132.42,1102.23,1106.3,59086603.0,1937120936.0,7087494913.0,0.008336740092980155
2022-11-21,1092.74,1111.73,1080.19,1108.0,38812454.0,1255301987.0,7087494913.0,0.0054761879163834825
2022-11-22,1103.59,1120.89,1092.4,1104.61,31896135.0,1039771316.0,7087494913.0,0.004500339738021622
2022-11-23,1096.13,1106.98,1075.78,1089.68,33219508.0,1066316627.0,7087494913.0,0.00468705916657072
2022-11-24,1100.54,1112.41,1069.0,1074.08,36096492.0,1149834819.0,7087494913.0,0.005092983126349935
2022-11-25,1074.08,1097.15,1064.59,1064.59,45177881.0,1435658560.0,7087494913.0,0.006374308772643207
2022-11-28,1024.23,1054.07,1017.45,1042.2,42832244.0,1312826510.0,7087494913.0,0.006043354461029156
2022-11-29,1050.34,1065.6,1041.19,1063.23,44090518.0,1370488446.0,7087494913.0,0.006220888838894042
2022-11-30,1052.04,1062.89,1035.08,1048.31,55943047.0,1724251622.0,7087494913.0,0.007893204536540596
2022-12-01,1068.32,1088.33,1047.29,1053.06,65869228.0,2069793393.0,7087494913.0,0.00929372490683296
2022-12-02,1053.06,1058.14,1038.13,1039.49,42040801.0,1297346981.0,7087494913.0,0.005931686938199852
2022-12-05,1029.99,1044.24,1010.66,1022.87,99715413.0,3001313390.0,7088729726.0,0.01406675340354202
2022-12-06,1022.19,1090.02,1016.09,1072.39,110264370.0,3452048168.0,7088729726.0,0.015554884198162191
2022-12-07,1072.73,1102.23,1068.32,1086.97,61526982.0,1967178081.0,7088729726.0,0.0086795497046998
2022-12-08,1086.97,1093.75,1068.66,1073.07,36924273.0,1171918944.0,7088729726.0,0.0052088701963864375
2022-12-09,1074.08,1085.27,1061.87,1083.58,36996133.0,1174150869.0,7088729726.0,0.005219007414587385
2022-12-12,1074.08,1121.22,1065.27,1112.41,68819866.0,2244024920.0,7088729726.0,0.009708349543583657
2022-12-13,1105.62,1109.69,1075.1,1077.14,39436560.0,1266540123.0,7088729726.0,0.00556327600632802
2022-12-14,1083.58,1090.36,1068.32,1069.33,31802778.0,1011549609.0,7088729726.0,0.0044863860281418215
2022-12-15,1069.67,1105.62,1067.64,1077.47,32051398.0,1025556053.0,7088729726.0,0.004521458602440727
2022-12-16,1069.0,1077.14,1048.99,1075.44,33392146.0,1048378241.0,7088729726.0,0.004710596579458304
2022-12-19,1067.98,1084.6,1046.27,1048.65,28606154.0,894886583.0,7088729726.0,0.00403544148327147
2022-12-20,1047.29,1059.84,1027.28,1031.35,44641352.0,1366409057.0,7088729726.0,0.006297510798904452
2022-12-21,1035.08,1055.09,1031.01,1035.08,27390596.0,840815704.0,7088729726.0,0.0038639639341216435
2022-12-22,1045.26,1088.67,1031.35,1072.39,63817442.0,2016941921.0,7088729726.0,0.009002662602007631
2022-12-23,1064.93,1079.51,1055.43,1066.96,23879119.0,751981308.0,7088729726.0,0.0033686033920035507
2022-12-26,1066.96,1112.07,1065.27,1081.54,36959037.0,1189507444.0,7088729726.0,0.005213774319035167
2022-12-27,1092.4,1102.23,1072.39,1095.45,30802835.0,987985887.0,7088729726.0,0.004345325071009767
2022-12-28,1087.31,1103.93,1079.85,1080.53,31994579.0,1025738616.0,7088729726.0,0.004513443203039675
2022-12-29,1075.1,1102.23,1072.05,1087.65,34099624.0,1096063901.0,7088729726.0,0.004810399792071294
2022-12-30,1096.13,1099.86,1075.78,1076.8,29132127.0,930866795.0,7104305122.999999,0.004100630039901512
2023-01-03,1072.73,1089.34,1050.0,1069.0,42583625.0,1343981752.0,7104305122.999999,0.005994059132136181
2023-01-04,1058.14,1058.82,962.16,962.16,182030574.0,5267043589.0,7104305122.999999,0.02562257263003539
2023-01-05,985.57,997.77,962.16,997.1,147581393.0,4280210207.0,7104305122.999999,0.02077351555780018
2023-01-06,975.05,989.97,962.16,978.44,91100438.0,2621224436.0,7104305122.999999,0.012823272145936518
2023-01-09,977.76,993.03,977.76,986.58,57421456.0,1669552658.0,7104305122.999999,0.008082628069295555
2023-01-10,988.62,1014.39,973.7,1005.57,61175602.0,1797812206.0,7104305122.999999,0.008611060609143266
2023-01-11,1005.91,1020.84,995.74,995.74,39790521.0,1177362625.0,7104305122.999999,0.005600902595129149
2023-01-12,1000.15,1007.61,987.94,999.13,29387862.0,863995294.0,7104305122.999999,0.004136627226899022
2023-01-13,998.11,1003.2,981.5,991.67,36166631.0,1055345418.0,7104305122.999999,0.005090804853371443
2023-01-16,985.57,1023.55,984.55,1009.98,70538556.0,2097452010.0,7104305122.999999,0.009928987392677335
2023-01-17,1010.32,1061.53,1006.25,1052.72,75035306.0,2320152768.0,7104305122.999999,0.01056194866364554
2023-01-18,1051.02,1056.79,1041.86,1044.58,33701760.0,1041884366.0,7104305122.999999,0.004743850301543419
2023-01-19,1044.58,1054.41,1035.08,1051.36,28039415.0,865731785.0,7104305122.999999,0.003946820204726728
2023-01-20,1053.73,1065.94,1047.97,1054.41,30586823.0,951760939.0,7104305122.999999,0.00430539264156546
2023-01-30,1086.29,1129.02,1081.88,1106.98,96629607.0,3156136460.0,7104305122.999999,0.013601556426280765
2023-01-31,1107.66,1118.51,1092.4,1101.55,35712673.0,1162534725.0,7104305122.999999,0.005026905852393807
2023-02-01,1101.89,1126.31,1094.09,1122.92,48989587.0,1605961375.0,7104305122.999999,0.006895760549669737
2023-02-02,1123.6,1135.47,1105.96,1106.64,39514599.0,1298848210.0,7104305122.999999,0.0055620638916637375
2023-02-03,1102.57,1121.56,1081.54,1111.73,48332291.0,1568488779.0,7104305122.999999,0.006803239748744109
2023-02-06,1094.77,1104.27,1073.4,1082.56,56937923.0,1820977251.0,7104305122.999999,0.008014566099598537
2023-02-07,1088.33,1093.08,1071.71,1076.46,35235395.0,1120617698.0,7104305122.999999,0.00495972433474547
2023-02-08,1078.83,1090.36,1066.62,1072.05,33620930.0,1064595805.0,7104305122.999999,0.004732472693374772
2023-02-09,1067.64,1101.55,1065.94,1100.2,44329759.0,1427874207.0,7104305122.999999,0.006239844465081262
2023-02-10,1095.45,1103.93,1084.6,1089.68,30056808.0,967718330.0,7104305122.999999,0.0042307878785628
2023-02-13,1077.47,1119.87,1076.12,1117.83,55097698.0,1799988142.0,7104305122.999999,0.007755536543837717
2023-02-14,1117.83,1122.58,1108.68,1118.51,32635530.0,1073433696.0,7104305122.999999,0.004593768065274018
2023-02-15,1120.21,1139.54,1115.12,1126.99,35209202.0,1169086275.0,7104305122.999999,0.004956037415399171
2023-02-16,1126.31,1153.1,1111.39,1120.21,56823264.0,1902036708.0,7104305122.999999,0.007998426730861572
2023-02-17,1120.21,1132.08,1074.42,1076.8,46261068.0,1496019421.0,7104305122.999999,0.00651169497917974
2023-02-20,1071.71,1076.8,1028.64,1061.53,72295634.0,2243960417.0,7104305122.999999,0.010176313199998238
2023-02-21,1060.52,1078.49,1056.11,1066.96,34513345.0,1083399604.0,7111047209.0,0.004853482755158573
2023-02-22,1055.09,1058.14,1029.65,1043.22,50228304.0,1541871539.0,7111047209.0,0.007063418723536138
2023-02-23,1043.9,1095.45,1040.51,1075.44,72418403.0,2291784243.0,7111047209.0,0.01018392943705178
2023-02-24,1077.81,1077.81,1046.27,1051.36,43673896.0,1359347216.0,7111047209.0,0.006141696815727046
2023-02-27,1051.02,1056.79,1010.66,1017.45,78645155.0,2371225006.0,7111047209.0,0.0110595743058018
2023-02-28,1016.77,1034.4,1008.97,1015.41,45971647.0,1380752213.0,7111047209.0,0.006464820953771283
2023-03-01,1018.12,1048.99,1015.75,1047.97,61036588.0,1868432208.0,7111047209.0,0.008583347319470734
2023-03-02,1044.58,1049.66,1033.05,1034.74,31817692.0,974643529.0,7111047209.0,0.004474403145535354
2023-03-03,1039.49,1043.9,1017.45,1025.92,38698398.0,1169336592.0,7111047209.0,0.005442011121937413
2023-03-06,1025.92,1028.3,1010.66,1017.78,35000307.0,1049562871.0,7111047209.0,0.004921962401782727
2023-03-07,1014.73,1016.43,990.31,994.72,40845941.0,1207538295.0,7111047209.0,0.005744012070163716
2023-03-08,987.26,992.01,981.83,987.94,34728239.0,1010086200.0,7111047209.0,0.004883702495470242
2023-03-09,990.31,997.77,981.16,993.03,30362550.0,887301114.0,7111047209.0,0.0042697719629215865
2023-03-10,983.53,990.31,975.05,976.75,34635287.0,1000956368.0,7111047209.0,0.004870631003006747
2023-03-13,972.68,981.16,964.2,976.75,34155660.0,979840338.0,7111047209.0,0.004803182850026837
2023-03-14,976.75,978.1,942.83,960.81,56423009.0,1591612182.0,7111047209.0,0.007934556942413346
2023-03-15,966.57,993.03,964.2,974.71,46008327.0,1328237466.0,7111047209.0,0.00646997912512382
2023-03-16,964.88,971.66,938.76,940.12,52927147.0,1482057452.0,7111047209.0,0.007442946930940562
2023-03-17,949.95,960.47,932.66,935.71,44719431.0,1246831835.0,7111047209.0,0.006288726496345216
2023-03-20,936.05,959.45,922.48,946.22,65925939.0,1837050925.0,7111047209.0,0.009270918482521356
2023-03-21,949.62,957.76,939.78,957.76,36474283.0,1023531146.0,7111047209.0,0.005129242139447031
2023-03-22,958.09,982.17,953.35,978.78,49779626.0,1429756584.0,7111047209.0,0.007000322812791496
2023-03-23,976.75,1012.36,971.66,994.72,77009087.0,2264227049.0,7111047209.0,0.010829500175801744
2023-03-24,1013.38,1068.66,1011.68,1061.53,178939932.0,5549377089.0,7111047209.0,0.02516365406399315
2023-03-27,1061.53,1081.88,1034.4,1051.36,102554393.0,3196310534.0,7111047209.0,0.014421841113669367
2023-03-28,1047.63,1050.68,1004.9,1009.64,81846188.0,2467551590.0,7111047209.0,0.01150972361657401
2023-03-29,1022.87,1039.49,1017.45,1024.23,52126517.0,1579515102.0,7111047209.0,0.007330357325433979
2023-03-30,1042.54,1051.02,1012.36,1032.71,48236586.0,1463980199.0,7111047209.0,0.006783330862850977
2023-03-31,1017.45,1035.76,1010.66,1027.96,41466970.0,1255259238.0,7118503726.0,0.005825236818875833
2023-04-03,1027.96,1041.86,1023.89,1037.12,51652955.0,1573829488.0,7118503726.0,0.007256153397987278
2023-04-04,1037.79,1053.73,1032.71,1043.56,66931935.0,2057747172.0,7118503726.0,0.009402528617851846
2023-04-06,1031.01,1083.58,1026.6,1061.53,83632969.0,2603834023.0,7118503726.0,0.011748672504663377
2023-04-07,1055.77,1073.4,1047.97,1054.75,46884107.0,1461850645.0,7118503726.0,0.006586230590672869
2023-04-10,1054.75,1083.92,1034.74,1042.2,62084313.0,1939299568.0,7118503726.0,0.00872153972094444
2023-04-11,1024.57,1046.27,1020.16,1033.05,43822431.0,1334579505.0,7118503726.0,0.006156129530415308
2023-04-12,1053.39,1088.67,1053.39,1085.95,120619408.0,3838895426.0,7118503726.0,0.016944488988527642
2023-04-13,1077.14,1084.26,1032.03,1035.42,75410575.0,2338427016.0,7118503726.0,0.010593599147046369
2023-04-14,1038.13,1042.88,1023.21,1036.78,41788319.0,1271956856.0,7118503726.0,0.005870379592184539
2023-04-17,1031.01,1031.01,999.81,1006.93,72851507.0,2165731387.0,7118503726.0,0.010234103935903453
2023-04-18,993.7,1008.97,986.58,1001.51,41243979.0,1213885094.0,7118503726.0,0.005793911275112256
2023-04-19,1000.49,1002.86,974.03,979.12,55095752.0,1598894250.0,7118503726.0,0.007739793939949116
2023-04-20,980.82,989.97,962.84,970.64,50549073.0,1449773835.0,7118503726.0,0.0071010812026931856
2023-04-21,979.8,992.01,936.73,940.12,75759346.0,2130821183.0,7118503726.0,0.010642594134395484
2023-04-24,940.12,944.19,909.94,915.7,82220066.0,2243541318.0,7118503726.0,0.011550189360679138
2023-04-25,912.31,917.4,873.65,882.46,82043574.0,2143373764.0,7118503726.0,0.011525395948075395
2023-04-26,883.48,925.2,882.8,903.49,72671744.0,1928541084.0,7118503726.0,0.010208851016621636
2023-04-27,894.33,894.67,847.87,852.96,140127870.0,3557987821.0,7118503726.0,0.019685017440981247
2023-04-28,888.57,906.88,874.32,885.18,107272065.0,2807247071.0,7118504124.0,0.015069467282927152
2023-05-04,883.48,884.16,864.49,868.9,58950401.0,1511944170.0,7118504124.0,0.008281290559522052
2023-05-05,868.9,878.73,860.76,876.36,53480969.0,1372848062.0,7118504124.0,0.007512950483471547
2023-05-08,881.79,883.14,863.47,868.22,50652277.0,1299730137.0,7118504124.0,0.007115578795441883
2023-05-09,868.56,911.63,857.03,895.01,97037768.0,2553638576.0,7118504124.0,0.01363176396468433
2023-05-10,886.87,903.83,878.39,902.13,65214842.0,1714785501.0,7119819145.0,0.009159620584716411
2023-05-11,902.13,914.68,894.67,899.76,48851384.0,1303248280.0,7119819145.0,0.006861323722570484
2023-05-12,895.01,899.76,886.87,894.67,38044793.0,1002049048.0,7119819145.0,0.005343505533664788
2023-05-15,896.03,910.61,886.87,908.92,53980041.0,1433526689.0,7119819145.0,0.007581659014177108
2023-05-16,928.59,932.66,904.17,910.95,64127707.0,1732748690.0,7119819145.0,0.009006929206205279
2023-05-17,915.36,942.83,911.63,938.42,83929067.0,2306203166.0,7119819145.0,0.011788089738057525
2023-05-18,938.08,954.36,929.61,932.66,68120744.0,1887691293.0,7119819145.0,0.009567763255312296
2023-05-19,959.79,967.59,942.15,953.69,96738168.0,2726628896.0,7119819145.0,0.013587166475701259
2023-05-22,953.01,964.2,937.41,944.53,50307828.0,1405825422.0,7119819145.0,0.007065885660217848
2023-05-23,942.15,953.69,933.68,938.08,37006559.0,1029441730.0,7119819145.0,0.005197682447592565
2023-05-24,930.62,955.72,926.55,944.19,44226302.0,1228687279.0,7119819145.0,0.006211717053383102
2023-05-25,940.8,948.26,929.27,938.76,33423023.0,923412146.0,7119819145.0,0.004694364044832771
2023-05-26,937.07,938.42,918.07,930.96,34547899.0,945119937.0,7119819145.0,0.004852356260237563
2023-05-29,936.05,942.49,922.48,927.57,32551244.0,893284636.0,7119819145.0,0.004571920063848756
2023-05-30,924.52,938.08,910.61,937.75,46957979.0,1279682125.0,7119819145.0,0.006595389299035348
2023-05-31,935.71,944.19,920.79,925.88,47560752.0,1304723226.0,7119819145.0,0.006680050578728569
2023-06-01,926.21,979.46,924.86,966.57,120197793.0,3409847553.0,7119819145.0,0.016882141322987213
2023-06-02,983.19,990.99,962.5,976.41,94942253.0,2730744865.0,7119819145.0,0.013334924815706115
2023-06-05,976.07,976.75,956.74,961.49,56034452.0,1588795791.0,7119819145.0,0.007870207214371594
2023-06-06,939.78,942.49,886.87,890.94,140328774.0,3739193183.0,7119819145.0,0.01970959811507965
2023-06-07,893.66,941.14,893.66,921.13,108675864.0,2966631520.0,7119819145.0,0.015263851761785165
2023-06-08,921.81,935.03,908.24,929.61,57765789.0,1572717666.0,7120166083.0,0.008112983366767345
2023-06-09,925.54,931.98,900.1,921.81,59389481.0,1604610773.0,7120166083.0,0.008341024676629021
2023-06-12,924.18,945.55,921.81,932.32,67019753.0,1851458731.0,7120166083.0,0.009412667094945346
2023-06-13,931.64,979.46,931.3,975.39,93738175.0,2648929590.0,7120166083.0,0.013165166922694099
2023-06-14,980.82,1000.15,965.56,971.32,69816936.0,2016667836.0,7120166083.0,0.00980552071203702
2023-06-15,976.09,979.84,954.97,967.57,48026379.0,1362376866.0,7120166083.0,0.006745120610973816
2023-06-16,968.25,1013.23,964.51,1009.82,118649259.0,3473898201.0,7120166083.0,0.016663833064692855
2023-06-19,1007.09,1025.49,1000.96,1018.34,78032600.0,2320365209.0,7120166083.0,0.010959379190087918
2023-06-20,1045.25,1092.95,1042.87,1075.91,226956843.0,7154680435.0,7120166083.0,0.03187521756576419
2023-06-21,1083.41,1087.84,1035.71,1035.71,96394178.0,2995535999.0,7120166146.0,0.013538192230830564
2023-06-26,1022.08,1062.97,1010.84,1034.01,84499610.0,2576616448.0,7120166146.0,0.011867645819960337
2023-06-27,1031.62,1080.68,1012.54,1071.82,109838146.0,3406357382.0,7120166146.0,0.015426345923360986
2023-06-28,1069.44,1069.44,1022.08,1038.44,87905214.0,2680994867.0,7120166146.0,0.012345949827221911
2023-06-29,1029.24,1120.88,1029.24,1104.19,144123872.0,4581219561.0,7120166146.0,0.020241644512883534
2023-06-30,1118.5,1155.98,1100.44,1105.55,120342772.0,3948270608.0,7120166146.0,0.016901680316491873
2023-07-03,1122.59,1176.42,1122.59,1147.46,201650552.0,6819137230.0,7120166146.0,0.02832104586678559
2023-07-04,1128.38,1170.97,1120.54,1158.7,97004476.0,3288509284.0,7120166146.0,0.01362390624192044
2023-07-05,1158.36,1165.17,1137.58,1147.8,62726268.0,2118216766.0,7120166146.0,0.008809663526635352
2023-07-06,1137.24,1149.5,1114.41,1132.81,86829863.0,2878623770.0,7120166146.0,0.012194920907678493
2023-07-07,1132.81,1144.39,1113.73,1134.85,44579232.0,1478959731.0,7120166146.0,0.006260981989169442
2023-07-10,1131.45,1141.33,1106.58,1112.37,58155225.0,1907192526.0,7120166146.0,0.008167678086089425
2023-07-11,1117.82,1140.3,1114.07,1132.47,48394601.0,1605051509.0,7120166146.0,0.006796835917542085
2023-07-12,1128.72,1142.69,1111.69,1115.77,41870909.0,1383017985.0,7120166146.0,0.00588060842140916
2023-07-13,1122.59,1181.87,1121.23,1172.67,89363886.0,3043283616.0,7120166146.0,0.01255081470959821
2023-07-14,1170.29,1186.64,1158.36,1164.15,53069973.0,1822575143.0,7120166146.0,0.007453473965605971
2023-07-17,1164.83,1199.24,1158.36,1160.41,71549761.0,2476979933.0,7120166146.0,0.01004888924399546
2023-07-18,1171.99,1203.33,1155.98,1169.94,71988594.0,2488542060.0,7120166146.0,0.010110521654110851
2023-07-19,1154.95,1171.99,1132.13,1143.37,63282889.0,2122759899.0,7120166146.0,0.008887838809147924
2023-07-20,1149.84,1156.32,1098.4,1102.83,74544600.0,2441432083.0,7120166146.0,0.01046950288398509
2023-07-21,1102.49,1107.26,1080.0,1090.56,57125139.0,1829495915.0,7120166146.0,0.008023006462018029
2023-07-24,1085.11,1112.03,1075.57,1091.24,35711005.0,1149487810.0,7120166146.0,0.005015473553248739
2023-07-25,1112.37,1120.88,1087.5,1092.27,54752377.0,1765608318.0,7120166146.0,0.007689761148447223
2023-07-26,1083.41,1099.76,1069.78,1092.61,41985166.0,1339344924.0,7120166146.0,0.005896655378412289
2023-07-27,1091.93,1097.72,1063.31,1068.42,58780734.0,1851412560.0,7120166146.0,0.008255528423732375
2023-07-28,1067.05,1091.58,1061.26,1084.09,50915697.0,1611712019.0,7120166146.0,0.007150914171940167
2023-07-31,1078.3,1117.48,1078.3,1101.12,68780458.0,2219041702.0,7120166146.0,0.009659951269345001
2023-08-01,1102.15,1149.84,1088.18,1132.81,86763095.0,2869497196.0,7120166146.0,0.012185543598409171
2023-08-02,1125.31,1150.53,1121.57,1136.22,41519239.0,1386553978.0,7120166146.0,0.005831217720014142
2023-08-03,1126.0,1188.68,1126.0,1152.57,74095959.0,2526765257.0,7120166146.0,0.010406492977923832
2023-08-04,1151.89,1174.71,1144.05,1149.5,38377406.0,1299698434.0,7120166146.0,0.005389959337052807
2023-08-07,1136.9,1171.31,1121.91,1162.79,49821142.0,1687684145.0,7120166146.0,0.0069971881243233005
2023-08-08,1160.75,1212.19,1160.41,1186.3,75784522.0,2642767649.0,7120166146.0,0.010643645168669917
2023-08-09,1178.8,1182.89,1151.55,1164.49,37449532.0,1280822663.0,7120166146.0,0.005259642995976797
2023-08-10,1159.38,1170.97,1149.16,1158.02,34524640.0,1171896100.0,7120166146.0,0.004848853143601911
2023-08-11,1166.88,1168.58,1124.29,1127.7,49359786.0,1652252575.0,7120166146.0,0.006932392445326514
2023-08-14,1113.05,1124.29,1086.82,1108.96,70165577.0,2270142220.0,7120166146.0,0.00985448591525044
2023-08-15,1124.29,1136.22,1093.63,1107.26,42218508.0,1377674103.0,7120166146.0,0.005929427366483254
2023-08-16,1101.12,1106.58,1080.34,1084.77,43318674.0,1382530716.0,7120166146.0,0.006083941457508792
2023-08-17,1079.66,1089.2,1064.67,1085.45,43366150.0,1371932960.0,7120166146.0,0.0060906092794425085
2023-08-18,1084.77,1086.13,1056.15,1056.49,43675057.0,1370024265.0,7120166146.0,0.006133994081660015
2023-08-21,1056.83,1061.26,1032.64,1033.33,41548152.0,1271154508.0,7120166146.0,0.0058352784398635294
2023-08-22,1042.52,1093.63,1029.58,1080.34,58193694.0,1812296292.0,7120166146.0,0.008173080909452138
2023-08-23,1074.89,1080.0,1056.15,1060.92,39744539.0,1244168012.0,7120166146.0,0.005581967918308743
2023-08-24,1071.82,1092.27,1063.31,1071.48,52626514.0,1668216277.0,7120166146.0,0.007391191851550369
2023-08-25,1059.9,1071.48,1043.55,1056.15,31907835.0,989199899.0,7120166146.0,0.004481332927592614
2023-08-28,1144.39,1144.39,1082.73,1092.27,62866013.0,2033021852.0,7120166146.0,0.00882929017538687
2023-08-29,1084.43,1123.61,1078.64,1103.51,76747838.0,2486578805.0,7120166146.0,0.01077893920257967
2023-08-30,1114.07,1144.73,1114.07,1120.88,61280304.0,2031951229.0,7120166146.0,0.008606583434071455
2023-08-31,1120.88,1127.7,1107.26,1124.29,39628290.0,1301641366.0,7120166146.0,0.005565641192553149
2023-09-01,1128.72,1132.47,1107.26,1114.07,25219991.0,828312340.0,7120166146.0,0.0035420509132596863
2023-09-04,1120.2,1135.19,1114.07,1128.72,38897009.0,1284768350.0,7120166146.0,0.005462935583582097
2023-09-05,1125.65,1127.7,1060.24,1067.05,91597522.0,2901934089.0,7120166146.0,0.012864520310591078
2023-09-06,1065.35,1069.1,1046.27,1064.33,39771086.0,1237450810.0,7120166146.0,0.005585696342541499
2023-09-07,1045.93,1045.93,981.2,1020.04,125971813.0,3740235683.0,7120166146.0,0.017692257514351547
2023-09-08,1005.05,1015.27,984.27,999.94,65188500.0,1902536216.0,7120166146.0,0.00915547455821967
2023-09-11,993.81,1025.49,970.98,1016.97,77118443.0,2276264135.0,7120166146.0,0.01083098925203086
2023-09-12,1014.59,1034.01,1007.43,1030.6,50320540.0,1512891233.0,7120166146.0,0.007067326656172104
2023-09-13,1008.46,1019.02,983.24,988.01,68996163.0,2015768247.0,7120166146.0,0.009690246208476607
2023-09-14,997.89,1000.28,977.11,977.45,49421078.0,1429823582.0,7120166146.0,0.006941000671418883
2023-09-15,977.79,986.31,961.44,970.98,52678735.0,1500284750.0,7120166146.0,0.007398526090517439
2023-09-18,964.51,1015.61,962.46,996.53,62047778.0,1820066005.0,7120166146.0,0.008714372210943068
2023-09-19,996.53,1006.75,988.7,996.53,31931203.0,933816178.0,7120166146.0,0.004484614873479949
2023-09-20,996.19,1005.39,991.42,995.17,23972755.0,703008140.0,7120166146.0,0.003366881405354217
2023-09-21,988.35,997.89,981.54,984.61,26629785.0,771662330.0,7120166146.0,0.0037400510681847225
2023-09-22,989.04,1028.9,976.43,1027.19,61965517.0,1846289253.0,7120166146.0,0.008702818969303304
2023-09-25,1027.19,1039.12,1016.97,1019.36,30974484.0,932896819.0,7120166146.0,0.004350247362893489
2023-09-26,1019.7,1028.22,1008.46,1011.52,28269672.0,842595285.0,7120166146.0,0.00397036690160404
2023-09-27,1005.39,1027.19,1005.05,1019.7,30031913.0,898080729.0,7120166146.0,0.004217866884591095
2023-09-28,1026.85,1030.6,1009.82,1015.95,29161102.0,869976883.0,7135076023.0,0.004087006488227855
2023-10-09,1014.59,1075.91,998.23,1063.31,65072303.0,1992239149.0,7135076023.0,0.009120057416380523
2023-10-10,1063.31,1073.19,1052.06,1054.79,38217229.0,1188594522.0,7135076023.0,0.005356246923901907
2023-10-11,1056.15,1086.82,1056.15,1084.09,55629843.0,1759988779.0,7135076023.0,0.007796671376825777
2023-10-12,1097.04,1100.44,1085.11,1093.63,36150069.0,1158660263.0,7135076023.0,0.005066528917627483
2023-10-13,1093.63,1113.39,1078.64,1088.52,38753915.0,1243743785.0,7135076023.0,0.005431464903117543
2023-10-16,1089.2,1091.24,1062.63,1084.09,38156831.0,1211127382.0,7135076023.0,0.005347781982560664
2023-10-17,1083.07,1087.84,1069.78,1078.3,36870564.0,1165668022.0,7135076023.0,0.005167508220115288
2023-10-18,1087.5,1090.22,1059.56,1080.0,28479927.0,900465024.0,7135076023.0,0.003991537988970913
2023-10-19,1071.14,1083.75,1053.77,1056.49,42308154.0,1323251547.0,7135076023.0,0.005929601011064097
2023-10-20,1049.0,1068.08,1040.48,1046.27,26233866.0,809457495.0,7135076023.0,0.0036767465287594454
2023-10-23,1086.82,1097.72,1028.9,1077.28,72228776.0,2274398493.0,7135076023.0,0.010123056259971121
2023-10-24,1095.67,1097.72,1038.78,1067.74,64979522.0,2029341964.0,7135076023.0,0.009107053910923691
2023-10-25,1076.59,1086.47,1059.22,1061.6,46601324.0,1461234604.0,7135076023.0,0.006531300276238136
2023-10-26,1061.6,1066.37,1039.8,1063.65,39629322.0,1226116018.0,7135076023.0,0.0055541555369913965
2023-10-27,1059.56,1097.72,1049.34,1090.22,55019264.0,1748141932.0,7135076023.0,0.00771109709590266
2023-10-30,1090.22,1173.01,1087.5,1150.87,106000719.0,3543995572.0,7135076023.0,0.014856284454195786
2023-10-31,1150.87,1155.64,1109.98,1116.46,65928196.0,2178889779.0,7135076023.0,0.00924001311092968
2023-11-01,1116.11,1120.2,1091.93,1098.4,46803522.0,1512923498.0,7135076023.0,0.0065596388670741985
2023-11-02,1102.83,1104.87,1073.19,1073.87,46989612.0,1496646582.0,7135076023.0,0.0065857198786009345
2023-11-03,1072.51,1105.89,1061.6,1090.22,60830167.0,1946215477.0,7135076023.0,0.008525510702887153
2023-11-06,1107.26,1154.95,1106.58,1134.51,93073248.0,3091646818.0,7135076023.0,0.013044464796167176
2023-11-07,1130.42,1142.01,1108.96,1119.18,74514867.0,2444559440.0,7135076023.0,0.010443458031813601
2023-11-08,1116.46,1120.2,1100.78,1110.66,62117582.0,2023443978.0,7135076023.0,0.008705945360604884
2023-11-09,1106.58,1110.32,1082.73,1087.5,61543504.0,1970399125.0,7135076023.0,0.00862548679251823
2023-11-10,1089.88,1107.26,1080.34,1104.19,52254392.0,1681882973.0,7135076023.0,0.007323592885563849
2023-11-13,1107.94,1117.48,1087.16,1090.9,43383761.0,1392150902.0,7135076023.0,0.00608035021072683
2023-11-14,1093.63,1096.35,1078.3,1086.47,44106886.0,1405186275.0,7135076023.0,0.006181698114753219
2023-11-15,1100.1,1113.05,1090.22,1113.05,61930570.0,2005621270.0,7135076023.0,0.008679735128310629
2023-11-16,1106.58,1115.09,1098.4,1100.78,46262168.0,1500274609.0,7135076023.0,0.006483766655165743
2023-11-17,1098.4,1107.26,1076.94,1086.82,49733212.0,1586325469.0,7135076023.0,0.00697024276121017
2023-11-20,1086.47,1086.82,1056.15,1061.26,75977953.0,2380148876.0,7135076023.0,0.010648513450324032
2023-11-21,1062.29,1066.37,1043.55,1046.27,60225979.0,1864001620.0,7135076023.0,0.008440832137718065
2023-11-22,1046.61,1048.32,1023.11,1028.22,58797886.0,1780282069.0,7135076023.0,0.008240681081808286
2023-11-23,1025.49,1056.49,1015.95,1052.41,62393127.0,1903571958.0,7135819065.0,0.00874365317164891
2023-11-24,1046.95,1063.99,1033.33,1058.2,48993346.0,1510203705.0,7135819065.0,0.0068658335579589135
2023-11-27,1072.17,1086.82,1060.92,1079.66,69871231.0,2205796250.0,7135819065.0,0.009791620326068343
2023-11-28,1079.32,1088.52,1069.78,1081.36,41855021.0,1326495105.0,7135819065.0,0.005865482381033437
2023-11-29,1085.11,1089.54,1076.59,1083.41,32668976.0,1039652637.0,7135819065.0,0.004578167650050976
2023-11-30,1078.3,1087.84,1066.37,1084.43,33152484.0,1052938214.0,7135819065.0,0.004645925533987737
2023-12-01,1078.64,1084.09,1060.58,1068.42,37640594.0,1182195788.0,7135819065.0,0.005274880662910979
2023-12-04,1071.14,1071.48,1041.16,1055.81,34765586.0,1077716756.0,7135819065.0,0.004871982554955659
2023-12-05,1047.64,1055.81,1034.69,1035.71,35032780.0,1072489555.0,7135819065.0,0.004909426609739859
2023-12-06,1032.3,1040.82,1019.02,1031.96,46601180.0,1406142087.0,7135819065.0,0.006530600001977489
2023-12-07,1025.49,1029.92,1011.86,1019.02,41080860.0,1229911883.0,7135819065.0,0.005756992943037857
2023-12-08,1019.02,1063.31,1019.02,1052.41,55884829.0,1716984752.0,7135819065.0,0.007831592770352846
2023-12-11,1043.55,1074.21,1039.46,1070.8,42496142.0,1316841301.0,7135819065.0,0.005955327848548806
2023-12-12,1066.71,1095.33,1063.65,1090.22,54764173.0,1747130712.0,7135819065.0,0.0076745461875020226
2023-12-13,1086.82,1100.78,1082.05,1082.73,35884954.0,1149019050.0,7135819065.0,0.005028848639956372
2023-12-14,1090.22,1094.65,1070.12,1072.85,32631672.0,1035244483.0,7135819065.0,0.004572939939025766
2023-12-15,1079.32,1108.96,1077.28,1081.02,49878085.0,1596585134.0,7135819065.0,0.006989819184828224
2023-12-18,1081.02,1097.72,1076.25,1088.52,43898025.0,1404492591.0,7135819065.0,0.006151785043893907
2023-12-19,1090.22,1116.11,1062.29,1107.26,50691406.0,1636253411.0,7135819065.0,0.007103796430129917
2023-12-20,1107.26,1126.0,1101.47,1113.05,54991879.0,1804514364.0,7135819065.0,0.007706456469689089
2023-12-21,1107.26,1118.16,1094.99,1109.98,43435458.0,1410450754.0,7135819065.0,0.006086961791540324
2023-12-22,1107.26,1122.25,1096.7,1102.15,33180853.0,1078313739.0,7135819065.0,0.004649901111246856
2023-12-25,1098.74,1119.18,1096.7,1117.14,27364752.0,894426793.0,7135819065.0,0.003834843870161946
2023-12-26,1114.75,1114.75,1085.45,1098.74,26943133.0,866548717.0,7135819065.0,0.0037757589920057763
2023-12-27,1097.04,1115.43,1093.63,1111.0,31640983.0,1028648310.0,7135819065.0,0.004434106682327995
2023-12-28,1115.77,1146.78,1112.03,1131.11,49446331.0,1645968951.0,7135819065.0,0.006929314007207104
2023-12-29,1131.11,1187.32,1129.06,1173.69,80296593.0,2760421409.0,7148333067.0,0.011232911539990502
2024-01-02,1173.35,1191.07,1156.66,1157.68,47135341.0,1615427568.0,7148333067.0,0.006593892668152028
2024-01-03,1147.8,1155.98,1104.19,1113.05,77036854.0,2534226473.0,7148333067.0,0.010776897673618151
2024-01-04,1110.66,1117.48,1096.01,1107.26,37764767.0,1223579711.0,7148333067.0,0.005283017263750561
2024-01-05,1117.48,1135.53,1097.04,1107.26,38630291.0,1265820915.0,7148333067.0,0.0054040977998542385
2024-01-08,1105.89,1112.37,1066.37,1067.4,42717314.0,1352044405.0,7148333067.0,0.0059758427034133045
2024-01-09,1074.89,1100.44,1065.35,1071.82,37069356.0,1174568318.0,7148333067.0,0.00518573430372589
2024-01-10,1071.82,1073.87,1055.13,1063.65,38505387.0,1200801470.0,7148333067.0,0.005386624635295551
2024-01-11,1056.15,1071.82,1043.55,1066.37,52965789.0,1647592779.0,7148333067.0,0.0074095300965360015
2024-01-12,1056.49,1059.22,1032.99,1042.52,56166163.0,1719490146.0,7148333067.0,0.00785723922956093
2024-01-15,1034.01,1052.75,1023.11,1045.25,37287390.0,1137104937.0,7148333067.0,0.005216235680474344
2024-01-16,1035.71,1042.52,1019.7,1031.96,47749127.0,1442796232.0,7148333067.0,0.006679756882122907
2024-01-17,1028.9,1028.9,967.57,967.57,98052204.0,2836256308.0,7148333067.0,0.013716792863591397
2024-01-18,960.76,981.2,945.43,978.47,64972329.0,1828744329.0,7148333067.0,0.009089158044403696
2024-01-19,972.0,1007.77,971.32,999.6,55332145.0,1620327537.0,7148333067.0,0.007740566154568074
2024-01-22,1012.88,1020.04,973.7,985.63,54209205.0,1589908870.0,7148333067.0,0.007583474985273794
2024-01-23,985.29,1004.37,973.02,997.21,55257836.0,1603952894.0,7148333067.0,0.0077301708639033115
2024-01-24,997.89,1004.71,962.12,989.72,49589962.0,1422758883.0,7148333067.0,0.0069372763601251485
2024-01-25,988.01,997.89,974.73,992.44,51852423.0,1504726631.0,7148333067.0,0.007253778260469519
2024-01-26,988.01,990.06,940.32,947.81,91775202.0,2572233224.0,7148333067.0,0.012838685766290974
2024-01-29,947.81,951.22,922.6,925.33,58346279.0,1596066872.0,7148333067.0,0.008162221661068553
2024-01-30,920.56,930.1,901.14,903.52,41576574.0,1112621828.0,7148333067.0,0.0058162614430959615
2024-01-31,901.14,901.14,858.55,868.43,84855353.0,2171478153.0,7148333067.0,0.011870649031692635
2024-02-01,867.75,893.98,853.78,880.7,54342080.0,1397901938.0,7148333067.0,0.00760206323497545
2024-02-02,879.67,901.14,847.65,873.2,61710704.0,1590845567.0,7148333067.0,0.008632880340297104
2024-02-05,873.54,942.36,861.96,919.19,95097387.0,2507389708.0,7148333067.0,0.013303435375586144
2024-02-06,904.2,962.8,902.84,961.44,80515312.0,2236373340.0,7148333067.0,0.011263508743275518
2024-02-07,962.12,976.09,952.58,961.78,63385176.0,1791035762.0,7148333067.0,0.008867126840048232
2024-02-08,970.98,1001.64,967.57,985.97,61329176.0,1781272198.0,7148333067.0,0.008579507337609064
2024-02-19,981.2,987.33,920.22,936.57,128291954.0,3545870084.0,7148333067.0,0.017947114774527616
2024-02-20,926.35,929.76,895.34,919.19,111635211.0,2980169056.0,7148333067.0,0.015616957121844193
2024-02-21,908.29,949.86,902.84,935.89,86538829.0,2372792197.0,7148333067.0,0.012106155125801724
2024-02-22,936.23,942.36,922.6,940.32,60572042.0,1659768550.0,7148333067.0,0.00847358977712279
2024-02-23,936.91,939.64,911.02,925.33,104489905.0,2824126847.0,7148333067.0,0.014617380586583684
2024-02-26,922.26,949.17,909.99,934.52,102153957.0,2778574239.0,7148333067.0,0.014290598387418424
2024-02-27,924.99,957.69,921.58,957.69,110904231.0,3064076548.0,7148333067.0,0.015514698316448774
2024-02-28,958.03,974.05,925.67,925.67,128868824.0,3577996983.0,7155235452.000001,0.018010423956625932
2024-02-29,916.47,942.36,911.7,939.64,121373622.0,3316658334.0,7155235452.000001,0.01696291097815295
2024-03-01,935.21,968.93,930.1,965.53,137896433.0,3858537359.0,7155235452.000001,0.019272102773565024
2024-03-04,973.7,981.88,942.36,954.29,116590007.0,3272789949.0,7155235452.000001,0.01629436344647628
2024-03-05,942.36,970.64,935.21,960.42,121381544.0,3400763491.0,7155235452.000001,0.01696401813948302
2024-03-06,945.43,977.11,930.1,952.58,124821301.0,3481125658.0,7155235452.000001,0.01744475102704139
2024-03-07,945.09,954.63,926.01,926.01,97554058.0,2684561497.0,7155235452.000001,0.01363394100088378
2024-03-08,931.12,943.04,921.58,938.95,85690500.0,2347920404.0,7155235452.000001,0.011975916177020863
2024-03-11,932.14,964.17,922.26,962.8,127592919.0,3558325671.0,7155235452.000001,0.01783210627462102
2024-03-12,962.12,979.84,958.03,970.64,103177865.0,2932752551.0,7155235452.000001,0.014419911922138099
2024-03-13,970.64,975.75,960.42,962.46,61453704.0,1743565052.0,7155235452.000001,0.008588634771315978
2024-03-14,959.4,960.08,931.12,938.95,88645752.0,2453006387.0,7155235452.000001,0.012388935709337436
2024-03-15,935.21,946.45,931.8,946.11,57163998.0,1575093637.0,7155235452.000001,0.007989114877277975
2024-03-18,947.13,960.08,940.66,955.31,91010663.0,2539839820.0,7155235452.000001,0.012719450479377458
2024-03-19,957.35,1018.68,952.24,1003.69,228672617.0,6701403148.0,7155235452.000001,0.03195878298261763
2024-03-20,1006.41,1041.5,1003.35,1010.16,177707139.0,5320563308.0,7155235452.000001,0.024835959653896234
2024-03-21,1024.13,1034.01,1008.46,1012.88,113120000.0,3383200424.0,7155235452.000001,0.01580940288532101
2024-03-22,1020.72,1099.76,1016.97,1084.77,239235815.0,7459121640.0,7155235452.000001,0.03343507234735788
2024-03-25,1073.19,1076.59,1034.35,1038.1,157434103.0,4852813285.0,7155235452.000001,0.022002644644767727
2024-03-26,1022.08,1066.03,1021.74,1054.45,117003425.0,3602634666.0,7155235452.000001,0.016352141838644276
2024-03-27,1037.41,1043.89,1001.98,1001.98,93305065.0,2790902241.0,7155235452.000001,0.013040111066354883
2024-03-28,1001.64,1028.9,994.83,1013.57,72942948.0,2170592445.0,7155235452.000001,0.01019434629221199
2024-03-29,1005.39,1013.91,983.93,1001.98,68843016.0,2013985449.0,7162441883.0,0.009611668356206611
2024-04-01,1015.27,1022.08,1002.32,1010.84,62494581.0,1856919377.0,7162441883.0,0.008725317708801295
2024-04-02,1010.84,1013.57,967.23,975.75,100655975.0,2896339356.0,7162441883.0,0.014053304256318809
2024-04-03,976.09,995.51,969.28,979.84,68825783.0,1984368703.0,7162441883.0,0.00960926233319358
2024-04-08,973.7,974.39,947.13,955.31,79831166.0,2246027916.0,7162441883.0,0.011145802968325461
2024-04-09,957.35,973.02,952.92,969.28,44640675.0,1262310289.0,7162441883.0,0.006232605545596718
2024-04-10,966.55,966.89,935.21,943.38,61341963.0,1702273476.0,7162441883.0,0.008564392423985271
2024-04-11,935.21,960.08,933.5,941.34,48540225.0,1349239803.0,7162441883.0,0.006777049753829046
2024-04-12,947.81,970.98,943.72,947.81,62005888.0,1744261717.0,7162441883.0,0.00865708776599926
2024-04-15,948.15,956.67,937.25,947.13,57402917.0,1596636434.0,7162441883.0,0.00801443389526767
2024-04-16,938.61,943.04,909.99,914.76,79544584.0,2154982859.0,7162441883.0,0.0111057911951507
2024-04-17,918.85,932.14,914.76,929.41,63563527.0,1724587974.0,7162441883.0,0.008874560944203615
2024-04-18,922.6,932.14,903.86,921.58,70081220.0,1888643493.0,7162441883.0,0.009784542917735532
2024-04-19,913.06,913.74,889.21,899.09,66995287.0,1770229115.0,7162441883.0,0.009353693627729502
2024-04-22,889.21,932.14,883.08,928.39,73706838.0,1979564502.0,7162441883.0,0.010290741510230276
2024-04-23,920.56,946.79,920.56,939.98,60469334.0,1661766671.0,7162441883.0,0.008442558416218845
2024-04-24,943.38,955.99,926.69,942.7,78469021.0,2166209970.0,7162441883.0,0.01095562411281069
2024-04-25,958.71,995.51,958.71,972.34,123113698.0,3532718835.0,7162441883.0,0.017188788406396625
2024-04-26,972.34,991.08,967.57,980.86,83063450.0,2386161535.0,7162441883.0,0.011597085373516322
2024-04-29,995.17,1027.53,989.72,1016.29,121044632.0,3595607198.0,7162441883.0,0.016899911228222108
2024-04-30,1013.91,1020.38,992.78,994.83,63759996.0,1877974569.0,7162441883.0,0.008901991393652192
2024-05-06,1032.3,1061.94,1032.3,1055.81,141580671.0,4362093786.0,7162441883.0,0.0197670952606318
2024-05-07,1045.59,1065.01,1041.16,1051.38,58136777.0,1797858075.0,7162441883.0,0.008116893365374061
2024-05-08,1039.12,1039.12,1007.77,1008.46,79533024.0,2372896262.0,7162441883.0,0.011104177220449218
2024-05-09,1008.8,1028.9,1008.8,1015.95,49408990.0,1476124916.0,7162441883.0,0.006898344280778299
2024-05-10,1016.97,1020.72,993.81,1005.05,51489926.0,1515276800.0,7162441883.0,0.007188878714982796
2024-05-13,1001.3,1054.45,998.23,1041.84,87320975.0,2657530498.0,7162441883.0,0.01219150904487695
2024-05-14,1088.52,1097.04,1056.49,1058.88,107402519.0,3383702906.0,7162441883.0,0.014995237763104095
2024-05-15,1056.15,1066.03,1042.52,1044.57,41907108.0,1293998461.0,7162441883.0,0.005850952605907518
2024-05-16,1062.97,1091.93,1054.79,1082.05,101764044.0,3222156377.0,7162441883.0,0.014208009734995012
2024-05-17,1074.55,1088.52,1069.78,1077.96,52585866.0,1665148626.0,7162441883.0,0.007341890776777141
2024-05-20,1070.46,1090.22,1066.71,1077.28,47529836.0,1502283358.0,7162441883.0,0.006635982082145992
2024-05-21,1073.19,1100.1,1067.74,1085.79,57889521.0,1850377742.0,7162441883.0,0.008082372177762493
2024-05-22,1083.41,1124.29,1080.0,1119.52,84265286.0,2748987218.0,7162441883.0,0.011764882337126253
2024-05-23,1110.66,1122.59,1097.38,1107.6,49572096.0,1612873100.0,7162441883.0,0.006921116681959959
2024-05-24,1102.49,1119.18,1069.78,1073.53,81032670.0,2589338578.0,7162441883.0,0.01131355357902874
2024-05-27,1083.75,1104.87,1072.51,1086.47,55784571.0,1773904806.0,7162441883.0,0.007788484976388324
2024-05-28,1081.7,1082.05,1056.15,1059.9,61610249.0,1926962938.0,7162441883.0,0.008601849761075402
2024-05-29,1065.35,1072.85,1049.0,1062.29,43161349.0,1342584228.0,7162441883.0,0.006026066208291774
2024-05-30,1056.83,1115.77,1050.36,1099.08,77273319.0,2487336940.0,7163771159.0,0.010786681663179577
2024-05-31,1097.04,1115.43,1080.0,1083.07,56636132.0,1821116748.0,7163771159.0,0.007905910273089447
2024-06-03,1077.96,1127.7,1076.94,1107.6,82983440.0,2699177158.0,7163771159.0,0.011583764773913265
2024-06-04,1103.85,1119.18,1095.33,1115.09,48444111.0,1575657990.0,7163771159.0,0.006762375559573622
2024-06-05,1109.98,1140.99,1107.26,1120.2,69564774.0,2303493634.0,7163771159.0,0.00971063598431732
2024-06-06,1131.11,1149.84,1123.95,1127.7,68692722.0,2290997652.0,7163771159.0,0.009588905127671457
2024-06-07,1126.34,1127.7,1085.11,1097.04,77733824.0,2507079748.0,7163771159.0,0.010850964146494451
2024-06-11,1056.15,1088.18,1052.06,1082.73,67357208.0,2120334751.0,7163771159.0,0.009402479016289862
2024-06-12,1144.05,1158.36,1130.76,1138.6,130909933.0,4394573914.0,7163771159.0,0.01827388537328346
2024-06-13,1156.66,1171.31,1125.65,1132.13,89348348.0,3010452013.0,7163771159.0,0.012472250441410282
2024-06-14,1131.11,1181.87,1129.74,1170.29,101763049.0,3473393693.0,7164495286.0,0.014203798723805875
2024-06-17,1177.1,1284.42,1173.01,1260.57,161677724.0,5878248630.0,7164495286.0,0.022566519698314448
2024-06-18,1286.8,1304.18,1254.44,1294.3,160707602.0,6048554178.0,7164495286.0,0.022431112811817405
2024-06-19,1290.21,1311.67,1274.2,1297.02,96946397.0,3678586917.0,7164495286.0,0.013531504052970912
2024-06-20,1291.23,1307.24,1265.68,1269.43,78078057.0,2935429678.0,7164495286.0,0.010897914491279073
2024-06-21,1248.99,1294.64,1245.92,1285.1,67055863.0,2513337692.0,7164495286.0,0.009359467809411857
2024-06-24,1279.31,1326.32,1276.92,1290.55,103828100.0,3971924083.0,7164495286.0,0.014492032705065555
2024-06-25,1278.29,1289.19,1253.41,1266.02,82936164.0,3083180797.0,7164495286.0,0.011575995333832368
2024-06-26,1269.09,1311.67,1267.72,1301.45,79007294.0,2989094129.0,7164495286.0,0.011027614765046549
2024-06-27,1298.05,1370.27,1294.98,1323.6,124871233.0,4902288044.0,7164495286.0,0.017429173726167205
2024-06-28,1311.67,1358.35,1303.16,1339.27,93374949.0,3667487400.0,7185356953.0,0.012995171932413807
2024-07-01,1335.52,1345.74,1292.25,1325.64,66548863.0,2575664847.0,7185356953.0,0.009261733750362228
2024-07-02,1345.4,1358.01,1322.58,1331.77,69065252.0,2716509617.0,7185356953.0,0.0096119444659133
2024-07-03,1331.77,1355.28,1315.76,1324.96,52607251.0,2051170080.0,7185356953.0,0.007321452691092214
2024-07-04,1324.62,1347.79,1317.81,1323.94,54728067.0,2141164150.0,7187746213.999999,0.0076140789296932744
2024-07-05,1328.71,1330.75,1290.89,1319.51,67356616.0,2583811836.0,7187746213.999999,0.009371034256719516
2024-07-08,1320.19,1351.19,1311.67,1341.31,78229655.0,3064039456.0,7187746213.999999,0.010883753080712209
2024-07-09,1341.31,1417.63,1330.75,1410.13,114299394.0,4665735421.0,7187746213.999999,0.015901979646606373
2024-07-10,1410.13,1421.72,1390.71,1399.57,74875260.0,3085524886.0,7187746213.999999,0.010417070632538614
2024-07-11,1408.8,1473.67,1393.02,1433.86,105249414.0,4391554900.0,7187746213.999999,0.01464289512545664
2024-07-12,1386.5,1417.04,1379.29,1404.34,68089326.0,2772799718.0,7187746213.999999,0.009472973025588798
2024-07-15,1409.15,1420.13,1384.78,1406.74,47474505.0,1942358326.0,7187746213.999999,0.0066049222644409865
2024-07-16,1418.41,1486.02,1417.38,1481.56,91165556.0,3874989350.0,7187746213.999999,0.012683468960330214
2024-07-17,1475.73,1481.56,1424.25,1443.12,70718199.0,2996429462.0,7187746213.999999,0.009838716740201257
2024-07-18,1402.97,1428.02,1360.41,1405.37,104068538.0,4211742716.0,7187746213.999999,0.014478604962053271
2024-07-19,1363.16,1405.71,1362.13,1377.92,91800284.0,3684921261.0,7187746213.999999,0.012771775917908058
2024-07-22,1374.83,1374.83,1325.75,1363.16,83778097.0,3306643348.0,7187746213.999999,0.011655683785387476
2024-07-23,1363.84,1368.65,1313.74,1318.89,70356038.0,2726808397.0,7187746213.999999,0.009788330848822038
2024-07-24,1317.86,1335.02,1283.88,1300.01,70153192.0,2660422227.0,7187746213.999999,0.009760109763385701
2024-07-25,1280.11,1295.89,1239.61,1272.9,76151560.0,2803169140.0,7187746213.999999,0.010594636723772342
2024-07-26,1265.35,1307.56,1256.08,1301.38,73427917.0,2758321201.0,7187746213.999999,0.010215708069516992
2024-07-29,1301.38,1351.49,1284.91,1317.17,74061425.0,2851512370.0,7187746213.999999,0.01030384529377876
2024-07-30,1308.93,1316.83,1274.27,1285.6,59510817.0,2229260996.0,7187746213.999999,0.00827948222268717
2024-07-31,1283.54,1321.29,1277.36,1312.02,77101523.0,2935218917.0,7187746213.999999,0.01072680096158999
2024-08-01,1338.11,1341.88,1297.27,1298.29,50157070.0,1915660369.0,7187746213.999999,0.0069781359144687255
2024-08-02,1273.24,1313.74,1269.81,1276.33,50303135.0,1882352287.0,7187746213.999999,0.00699845730529851
2024-08-05,1201.17,1236.52,1178.52,1184.36,131097835.0,4589180290.0,7187746213.999999,0.018239073987427794
2024-08-06,1218.33,1234.46,1195.34,1214.56,60047568.0,2121263051.0,7187746213.999999,0.008354158064601918
2024-08-07,1208.04,1223.48,1195.68,1203.92,33397531.0,1175636337.0,7187746213.999999,0.004646453840419358
2024-08-08,1198.08,1235.15,1180.92,1219.02,50770196.0,1796470399.0,7187746213.999999,0.007063437479346709
2024-08-09,1230.69,1265.69,1228.28,1246.82,52899059.0,1927040758.0,7187746213.999999,0.007359616968245953
2024-08-12,1242.35,1268.44,1238.24,1250.25,32336494.0,1180919203.0,7187746213.999999,0.004498836358052862
2024-08-13,1245.79,1280.79,1245.79,1269.81,38124101.0,1404964639.0,7187746213.999999,0.005304041053333718
2024-08-14,1269.47,1280.45,1249.22,1255.05,29233796.0,1076515366.0,7187746213.999999,0.004067171423367676
2024-08-15,1250.25,1284.91,1248.19,1259.86,44894654.0,1657492618.0,7187746213.999999,0.006245998768369983
2024-08-16,1268.44,1284.91,1265.35,1271.18,38596955.0,1431879105.0,7187746213.999999,0.00536982718238193
2024-08-19,1285.6,1295.89,1256.08,1260.2,35662385.0,1319697290.0,7187746213.999999,0.0049615531681597574
2024-08-20,1259.51,1272.9,1248.53,1257.11,28854946.0,1056238431.0,7187746213.999999,0.004014463663699967
2024-08-21,1246.13,1315.45,1242.35,1283.54,57936482.0,2170789722.0,7187746213.999999,0.00806045181271894
2024-08-22,1290.4,1306.19,1259.51,1297.27,51112243.0,1914992682.0,7187746213.999999,0.00711102499702141
2024-08-23,1288.0,1302.07,1278.73,1300.35,34066567.0,1284706434.0,7187746213.999999,0.004739533921446271
2024-08-26,1301.38,1304.13,1253.34,1281.82,71316219.0,2655200552.0,7187746213.999999,0.009921916672724641
2024-08-27,1271.18,1286.28,1250.93,1254.02,43929070.0,1618481514.0,7187746213.999999,0.006111661248478243
2024-08-28,1252.65,1277.36,1247.5,1256.08,36117885.0,1325186415.0,7187746213.999999,0.0050249249103496525
2024-08-29,1252.65,1290.4,1221.76,1277.7,50789140.0,1870534741.0,7187746213.999999,0.007066073076018598
2024-08-30,1271.87,1376.2,1271.87,1352.86,110454923.0,4332383271.0,7187746213.999999,0.015367115047114547
2024-09-02,1346.0,1351.49,1310.99,1323.0,55486913.0,2148528240.0,7187746213.999999,0.007719653887045268
2024-09-03,1315.8,1343.94,1309.62,1325.75,37163998.0,1437278502.0,7187746213.999999,0.005170466081233291
2024-09-04,1297.27,1304.13,1252.65,1298.64,65136532.0,2430239364.0,7187746213.999999,0.009062163585176355
2024-09-05,1288.69,1302.07,1269.81,1277.7,48329744.0,1806366229.0,7187746213.999999,0.006723907962396515
2024-09-06,1277.02,1277.7,1232.06,1232.06,54216550.0,1966184557.0,7187746213.999999,0.0075429137849078775
2024-09-09,1228.63,1254.02,1222.45,1231.72,44537791.0,1606088449.0,7187746213.999999,0.006196349964784665
2024-09-10,1224.51,1265.69,1204.6,1252.99,51234751.0,1853396929.0,7187746213.999999,0.007128069004468611
2024-09-11,1248.53,1258.83,1228.97,1240.3,31646457.0,1144664790.0,7187746213.999999,0.004402834498853107
2024-09-12,1242.7,1262.26,1228.97,1252.31,37511638.0,1362558039.0,7187746213.999999,0.005218831728774224
2024-09-13,1251.96,1300.01,1246.82,1274.96,48331329.0,1802034491.0,7187746213.999999,0.006724128476581742
2024-09-18,1256.08,1262.95,1195.68,1232.06,61762617.0,2202235564.0,7187746213.999999,0.008592765403945577
2024-09-19,1232.4,1240.98,1216.62,1227.94,44188739.0,1584574839.0,7187746213.999999,0.006147787871799227
2024-09-20,1240.98,1269.47,1236.18,1256.08,60453449.0,2213207426.0,7187746213.999999,0.008410626530226017
2024-09-23,1240.98,1284.22,1236.18,1251.96,31380333.0,1153690715.0,7187746213.999999,0.00436580981933929
2024-09-24,1269.81,1331.24,1245.44,1330.55,71238103.0,2692513679.0,7187746213.999999,0.009911048731971829
2024-09-25,1349.77,1362.13,1313.74,1319.92,67874566.0,2654197117.0,7187746213.999999,0.00944309439693303
2024-09-26,1317.86,1328.15,1281.82,1318.54,100399439.0,3816399171.0,7187746213.999999,0.013968139109370064
2024-09-27,1318.89,1413.61,1317.86,1389.24,120514394.0,4810204420.0,7187746213.999999,0.016766645678900984
2024-09-30,1441.41,1508.33,1407.43,1491.51,160489237.0,6841666996.0,7209116748.0,0.022261983348310175
2024-10-08,1640.8,1640.8,1483.62,1590.01,204655351.0,9363148071.0,7209116748.0,0.02838840847691596
2024-10-09,1544.36,1547.8,1434.2,1444.15,150181120.0,6533912050.0,7209116748.0,0.020832110957512823
2024-10-10,1444.84,1533.72,1444.84,1491.17,117036667.0,5121025720.0,7209116748.0,0.01623453622560199
2024-10-11,1489.11,1491.17,1424.59,1448.27,71084276.0,3008618404.0,7209116748.0,0.009860330812331574
2024-10-14,1436.26,1511.76,1436.26,1509.7,82799109.0,3593805899.0,7209116748.0,0.011485333348633959
2024-10-15,1509.7,1544.36,1486.02,1496.32,72966286.0,3228800891.0,7209116748.0,0.010121390532375936
2024-10-16,1471.61,1475.73,1433.86,1452.04,65647769.0,2779632344.0,7209116748.0,0.009106215268078774
2024-10-17,1452.39,1478.81,1439.69,1440.03,54229309.0,2303664924.0,7209116748.0,0.00752232359325359
2024-10-18,1441.41,1551.57,1441.41,1525.49,122207404.0,5381693426.0,7209116748.0,0.016951785949908992
2024-10-21,1539.9,1618.15,1506.96,1558.78,126019307.0,5778409422.0,7209116748.0,0.017480547396456173
2024-10-22,1558.78,1612.66,1524.46,1580.4,66556801.0,3045018325.0,7209116748.0,0.009232310049419663
2024-10-23,1570.79,1590.01,1541.96,1551.57,53475365.0,2437777062.0,7209116748.0,0.007417741572133019
2024-10-24,1527.2,1529.26,1497.0,1508.33,73218121.0,3219872263.0,7209116748.0,0.010156323383209551
2024-10-25,1508.33,1515.19,1462.0,1487.74,78582374.0,3392614768.0,7214296476.0,0.01089259004830508
2024-10-28,1496.32,1509.01,1452.73,1497.35,60362218.0,2613416856.0,7214296476.0,0.008367027637526218
2024-10-29,1497.35,1523.77,1483.28,1490.14,65641108.0,2873779548.0,7214296476.0,0.009098753872726203
2024-10-30,1479.16,1505.24,1468.86,1475.04,58656295.0,2536235915.0,7214296476.0,0.008130563416007857
2024-10-31,1475.04,1482.25,1438.32,1448.96,75889926.0,3220955107.0,7214296476.0,0.010519379991169633
2024-11-01,1449.3,1486.02,1444.15,1447.93,59438846.0,2533553743.0,7214296476.0,0.008239035670038908
2024-11-04,1447.93,1484.3,1445.18,1469.2,49086963.0,2096422340.0,7214296476.0,0.00680412333528279
2024-11-05,1465.77,1494.6,1445.52,1482.59,85913683.0,3698184436.0,7214296476.0,0.011908809581892209
2024-11-06,1482.93,1484.3,1410.18,1418.41,187046952.0,7817062352.0,7214296476.0,0.02592726160094117
2024-11-07,1391.64,1405.37,1372.77,1404.68,145996560.0,5888382814.0,7214296476.0,0.02023711674252518
2024-11-08,1424.25,1425.96,1377.57,1383.06,127029815.0,5178888519.0,7214296476.0,0.017608066901962458
2024-11-11,1373.45,1400.91,1355.95,1396.79,137219615.0,5520264021.0,7214296476.0,0.01902051231973794
2024-11-12,1398.51,1465.09,1376.2,1425.62,199168114.0,8259616975.0,7214296476.0,0.02760742016391731
2024-11-13,1407.09,1430.42,1389.93,1427.34,104325052.0,4287516984.0,7214296476.0,0.014460876725410585
2024-11-14,1426.99,1426.99,1372.77,1376.2,82870623.0,3378252845.0,7214296476.0,0.011486999914085593
2024-11-15,1369.34,1383.75,1348.74,1348.74,77059914.0,3071696125.0,7214296476.0,0.010681556303702981
2024-11-18,1348.74,1366.25,1315.11,1321.63,80179234.0,3125441187.0,7214296476.0,0.011113936648810383
2024-11-19,1324.72,1334.67,1295.21,1322.32,86837859.0,3319633660.0,7214296476.0,0.012036912994757827
2024-11-20,1322.66,1328.84,1310.31,1324.38,80278112.0,3085803304.0,7214296476.0,0.011127642489751207
2024-11-21,1321.63,1360.07,1304.13,1346.34,97058882.0,3767308387.0,7214296476.0,0.01345368634667129
2024-11-22,1338.45,1360.07,1290.4,1292.12,90272285.0,3483981190.0,7214296476.0,0.012512971334115712
2024-11-25,1292.46,1297.27,1246.13,1258.14,98755019.0,3640404674.0,7214296476.0,0.013688794094965609
2024-11-26,1263.29,1300.01,1258.14,1275.3,75555362.0,2826202314.0,7214296476.0,0.010473004852427692
2024-11-27,1270.84,1355.61,1266.38,1342.91,149536528.0,5771038359.0,7214296476.0,0.02072780464421823
2024-11-28,1333.64,1336.39,1308.93,1310.99,72952300.0,2804772468.0,7214296476.0,0.010112184915423485
2024-11-29,1305.85,1348.06,1305.85,1327.47,90114601.0,3495824651.0,7214296476.0,0.012491114178601716
2024-12-02,1344.97,1401.94,1344.63,1391.99,136620360.0,5524834213.0,7214296476.0,0.01893744739414283
2024-12-03,1391.99,1398.16,1370.02,1383.41,70054661.0,2828060681.0,7214296476.0,0.009710532583884345
2024-12-04,1384.78,1389.93,1349.77,1358.7,57137971.0,2269379055.0,7214296476.0,0.007920102977481238
2024-12-05,1355.61,1365.9,1335.36,1351.15,52403894.0,2060728937.0,7214296476.0,0.0072638952632919215
2024-12-06,1362.47,1389.93,1355.61,1379.97,88541042.0,3558019205.0,7214296476.0,0.01227299741486255
2024-12-09,1379.97,1393.02,1360.76,1368.65,42567215.0,1705033838.0,7214296476.0,0.005900397237847035
2024-12-10,1415.67,1435.57,1395.08,1403.31,131004166.0,5402388325.0,7214296476.0,0.018158966218787265
2024-12-11,1404.0,1443.81,1379.63,1415.67,95806317.0,3948090977.0,7214296476.0,0.013280063734380966
2024-12-12,1420.47,1448.27,1404.68,1419.78,70657387.0,2925719292.0,7214296476.0,0.009794078637474616
2024-12-13,1407.09,1409.83,1386.5,1392.67,66249573.0,2695769596.0,7214296476.0,0.009183095430080298
2024-12-16,1386.5,1395.42,1360.76,1365.22,52391558.0,2094235045.0,7214296476.0,0.007262185325248615
2024-12-17,1365.22,1419.1,1362.13,1383.06,72002397.0,2924980197.0,7214296476.0,0.009980515389065638
2024-12-18,1390.96,1396.45,1371.39,1374.83,45473497.0,1824141818.0,7214296476.0,0.006303247607202995
2024-12-19,1360.76,1436.26,1350.12,1430.08,108465775.0,4462268150.0,7214296476.0,0.015034837473180664
2024-12-20,1431.8,1439.69,1413.26,1416.7,61438712.0,2548121264.0,7219745384.0,0.00850981699938575
2024-12-23,1416.7,1435.57,1383.06,1388.55,56971925.0,2328081978.0,7219745384.0,0.00789112662148142
2024-12-24,1391.99,1422.53,1381.35,1420.81,59517513.0,2443465108.0,7219745384.0,0.0082437135708275
2024-12-25,1420.81,1440.72,1404.34,1409.49,46893438.0,1944421155.0,7219745384.0,0.006495165065505308
2024-12-26,1405.71,1454.45,1394.39,1452.39,90524293.0,3803538747.0,7219745384.0,0.012538432892746457
2024-12-27,1451.02,1451.36,1414.98,1419.1,82637027.0,3444499184.0,7219745384.0,0.011445975253245855
2024-12-30,1419.1,1444.84,1412.23,1429.39,58529459.0,2441348732.0,7219745384.0,0.008106859160117993
2024-12-31,1444.84,1444.84,1388.21,1398.85,64087258.0,2629811164.0,7219824257.0,0.00887656758928225
2025-01-02,1393.02,1398.85,1332.61,1345.66,69199878.0,2745078822.0,7219824257.0,0.00958470393969868
2025-01-03,1345.66,1385.81,1327.47,1346.34,75841360.0,2999349151.0,7219824257.0,0.010504599184179283
2025-01-06,1346.68,1372.42,1328.84,1338.11,47753489.0,1872510846.0,7219824257.0,0.006614217645768936
2025-01-07,1344.97,1407.77,1341.88,1388.55,85922232.0,3474460650.0,7219824257.0,0.01190087583041843
2025-01-08,1377.57,1379.63,1333.3,1343.6,79378319.0,3121740431.0,7219824257.0,0.010994494626796287
2025-01-09,1341.54,1355.26,1326.78,1338.79,51304803.0,2006498055.0,7219824257.0,0.00710610136392964
2025-01-10,1335.02,1338.79,1297.27,1309.62,69849104.0,2667795342.0,7219824257.0,0.009674626627133979
2025-01-13,1293.83,1328.15,1290.74,1299.32,41423127.0,1578515755.0,7219824257.0,0.005737414862950175
2025-01-14,1308.93,1359.73,1283.54,1359.38,84003361.0,3247577928.0,7219824257.0,0.011635097754430009
2025-01-15,1343.6,1354.24,1322.66,1340.85,54012770.0,2106706097.0,7219824257.0,0.007481175175092631
2025-01-16,1354.58,1363.84,1331.58,1346.0,42670600.0,1674538754.0,7219824257.0,0.005910199262624516
2025-01-17,1329.53,1362.82,1325.75,1343.94,43459256.0,1703744563.0,7219824257.0,0.006019434054487401
2025-01-20,1367.96,1412.92,1367.62,1399.88,89874838.0,3663689664.0,7219824257.0,0.012448341510925507
2025-01-21,1404.34,1461.31,1401.25,1437.63,84934605.0,3536767857.0,7219824257.0,0.01176408205748934
2025-01-22,1424.25,1437.63,1362.47,1375.86,119390461.0,4822425427.0,7219824257.0,0.016536477447390032
2025-01-23,1396.79,1398.85,1358.35,1359.73,69816032.0,2799986341.0,7219824257.0,0.009670045906215747
2025-01-24,1361.79,1416.7,1361.79,1406.06,88692895.0,3603808742.0,7219824257.0,0.012284633509466323
2025-01-27,1398.51,1414.64,1376.2,1379.29,47324827.0,1915915319.0,7219824257.0,0.00655484473242075
2025-02-05,1396.79,1419.44,1369.68,1387.18,71598541.0,2915141629.0,7219824257.0,0.009916936818868054
2025-02-06,1365.9,1428.71,1365.22,1426.99,87679481.0,3600238475.0,7219824257.0,0.012144268042949954
2025-02-07,1426.99,1482.59,1424.25,1462.0,109034598.0,4633013766.0,7219824257.0,0.015102112477915956
2025-02-10,1475.73,1484.65,1454.45,1464.06,59180009.0,2531358791.0,7219824257.0,0.008196876668101979
2025-02-11,1464.74,1474.7,1437.29,1449.3,43863664.0,1855163678.0,7219824257.0,0.0060754476062865196
2025-02-12,1475.04,1522.4,1462.68,1522.06,108024465.0,4727512281.0,7219824257.0,0.014962201454594216
2025-02-13,1522.4,1525.14,1486.02,1489.8,66262456.0,2900819047.0,7219824257.0,0.009177848884029977
2025-02-14,1489.45,1509.7,1482.59,1493.91,42474759.0,1849179114.0,7219824257.0,0.005883073810116428
2025-02-17,1503.18,1509.01,1455.82,1467.83,72270346.0,3102003920.0,7219824257.0,0.010009986867745443
2025-02-18,1465.77,1481.9,1439.0,1444.49,56875206.0,2425228794.0,7219824257.0,0.007877644105375071
2025-02-19,1445.18,1471.26,1440.72,1467.15,58122373.0,2462531718.0,7219824257.0,0.008050386121746288
2025-02-20,1462.0,1521.37,1459.6,1508.33,83503583.0,3660808374.0,7219824257.0,0.011565874739823324
2025-02-21,1508.67,1557.4,1502.15,1543.68,98727100.0,4402765057.0,7219824257.0,0.01367444642496372
2025-02-24,1543.68,1583.49,1522.06,1540.93,63477699.0,2867210759.0,7219824257.0,0.008792139079902814
2025-02-25,1516.91,1613.0,1509.7,1584.86,91192687.0,4187616242.0,7219824257.0,0.012630873516288695
2025-02-26,1580.06,1584.86,1533.38,1542.65,67023369.0,3031406284.0,7219824257.0,0.00928324106158364
2025-02-27,1544.71,1551.23,1512.79,1529.95,55001425.0,2453864638.0,7219824257.0,0.007618111333759021
2025-02-28,1521.03,1525.49,1475.73,1480.87,53568391.0,2339938727.0,7221713646.0,0.007417684171079081
2025-03-03,1509.36,1509.36,1437.97,1452.04,53295292.0,2274783985.0,7221713646.0,0.007379867800424276
2025-03-04,1439.0,1448.96,1423.22,1436.26,46619624.0,1951184570.0,7221713646.0,0.0064554794450790666
2025-03-05,1440.38,1458.22,1422.19,1438.32,49178050.0,2061881286.0,7221713646.0,0.006809747992048812
2025-03-06,1446.55,1474.01,1446.55,1454.1,65533785.0,2784636589.0,7221713646.0,0.009074547706041792
2025-03-07,1455.48,1461.31,1418.07,1425.28,66511576.0,2786193023.0,7221713646.0,0.009209943686543121
2025-03-10,1417.38,1429.05,1392.33,1409.83,72141563.0,2947723362.0,7221713646.0,0.009989535245551883
2025-03-11,1389.93,1395.08,1362.47,1382.03,79944368.0,3205706431.0,7221713646.0,0.01106999971458021
2025-03-12,1380.66,1405.71,1357.67,1391.64,83744329.0,3374346260.0,7221713646.0,0.01159618521379406
2025-03-13,1393.36,1402.28,1381.0,1385.47,54042239.0,2188742250.0,7230818016.0,0.007473876244764836
2025-03-14,1379.63,1415.32,1373.11,1407.09,85991245.0,3515359694.0,7230818016.0,0.011892325987145961
2025-03-17,1417.38,1419.78,1390.96,1395.76,58908430.0,2400289271.0,7230818016.0,0.008146855565947077
2025-03-18,1397.13,1406.74,1385.81,1402.28,59891173.0,2440209990.0,7230818016.0,0.008282765914931857
2025-03-19,1394.05,1402.97,1372.77,1397.82,58447257.0,2363325242.0,7230818016.0,0.008083076751575102
2025-03-20,1402.28,1402.63,1383.75,1387.18,37680052.0,1530040598.0,7230818016.0,0.0052110358629719935
2025-03-21,1395.08,1413.61,1359.04,1367.96,64442157.0,2592809767.0,7230818016.0,0.008912153072778978
2025-03-24,1370.71,1418.76,1368.65,1409.15,90318338.0,3693446598.0,7230818016.0,0.012490749704963947
2025-03-25,1407.43,1413.95,1388.55,1399.54,41623439.0,1695844789.0,7230818016.0,0.0057563942154121
2025-03-26,1399.54,1409.49,1395.08,1398.85,30331420.0,1238959999.0,7230818016.0,0.004194742549582097
2025-03-27,1396.1,1410.52,1384.09,1399.54,29203780.0,1191469512.0,7230818016.0,0.0040387933889885356
2025-03-28,1400.22,1424.25,1390.61,1414.29,49787332.0,2045454663.0,7230818016.0,0.006885435629804682
2025-03-31,1407.09,1420.47,1386.84,1403.31,41213435.0,1684704254.0,7234251375.0,0.005696986856501099
2025-04-01,1403.31,1412.23,1386.84,1387.87,38061001.0,1546945685.0,7234251375.0,0.005261221794356019
2025-04-02,1387.18,1396.79,1328.15,1350.46,102838106.0,4058599131.0,7234251375.0,0.014215445478627704
2025-04-03,1277.7,1284.57,1215.59,1215.59,223302734.0,8003539896.0,7234251375.0,0.03086742807579036
2025-04-07,1094.1,1094.1,1094.1,1094.1,45487000.0,1450125560.0,7234251375.0,0.006287727318571371
2025-04-08,1001.78,1029.58,984.62,995.26,282376468.0,8156305835.0,7234251375.0,0.03903326735034833
2025-04-09,955.45,1011.04,930.39,984.27,263513235.0,7469385701.0,7234251375.0,0.03642577805778832
2025-04-10,1082.77,1082.77,1041.59,1054.63,289876902.0,9030336180.0,7234251375.0,0.04007006212166632
2025-04-11,1029.92,1132.53,1017.22,1104.39,276209891.0,8623901340.0,7234251375.0,0.03818085337129994
2025-04-14,1163.76,1181.61,1080.71,1105.08,352863107.0,11506239054.0,7234251375.0,0.0487767273638594
2025-04-15,1084.49,1085.17,1046.74,1057.37,196604382.0,6077454172.0,7234251375.0,0.027176880067980774
2025-04-16,1031.63,1035.41,1003.84,1015.5,181417827.0,5385566086.0,7234251375.0,0.02507762276922538
2025-04-17,1012.07,1025.46,1007.27,1011.04,100329318.0,2967875217.0,7234251375.0,0.013868652442285363
2025-04-18,1011.04,1031.29,1011.04,1027.86,99219909.0,2961451144.0,7234251375.0,0.013715297389703989
2025-04-21,1029.23,1063.55,1021.68,1059.43,119343647.0,3632231354.0,7234251375.0,0.01649702793193304
2025-04-22,1051.2,1066.3,1035.41,1039.87,103146009.0,3139583730.0,7234251375.0,0.014258007311779375
2025-04-23,1094.78,1104.39,1062.52,1082.08,201335409.0,6343222065.0,7234251375.0,0.027830856098776356
2025-04-24,1081.05,1081.4,1054.29,1055.66,107500103.0,3333508538.0,7234251375.0,0.014859879402517998
2025-04-25,1063.89,1098.21,1063.89,1084.83,162430397.0,5144752380.0,7234251375.0,0.022452965563420167
2025-04-28,1091.69,1095.81,1060.46,1062.18,100914629.0,3151247228.0,7234251375.0,0.013949560744977569
2025-04-29,1057.03,1062.18,1042.96,1047.76,88706625.0,2716087535.0,7234251375.0,0.01226203243455858
2025-04-30,1049.82,1067.33,1042.96,1058.75,123844275.0,3812272580.0,7234251375.0,0.017119155608551134
2025-05-06,1063.55,1093.07,1060.46,1091.69,137657726.0,4326017981.0,7234251375.0,0.01902860695105442
2025-05-07,1113.66,1138.02,1071.45,1081.74,163862696.0,5223223649.0,7234251375.0,0.022650954121704127
2025-05-08,1077.97,1132.53,1074.88,1123.61,210253628.0,6843239366.0,7234251375.0,0.02906363313923412
2025-05-09,1115.72,1116.06,1087.92,1100.96,131228032.0,4206692095.0,7234251375.0,0.01813982196602893
2025-05-12,1144.54,1182.98,1128.41,1170.97,275246598.0,9200878069.0,7234251375.0,0.03804769612391303
2025-05-13,1217.99,1217.99,1154.15,1159.99,286919563.0,9870473584.0,7234251375.0,0.039661265295747344
2025-05-14,1154.84,1164.79,1133.56,1150.38,182208017.0,6094580543.0,7234306375.0,0.02518666027605169
2025-05-15,1151.41,1151.41,1119.49,1120.86,119460056.0,3927343842.0,7234306375.0,0.016512993756087637
2025-05-16,1115.37,1124.98,1112.28,1115.37,83902847.0,2734254058.0,7234306375.0,0.011597911762480477
2025-05-19,1111.6,1111.6,1087.92,1106.11,103206077.0,3296746780.0,7234306375.0,0.014266202127774828
2025-05-20,1100.96,1120.52,1093.41,1118.81,95218088.0,3077663929.0,7234306375.0,0.013162020387891023
2025-05-21,1111.94,1112.63,1100.27,1102.33,95979441.0,3086281303.0,7234306375.0,0.013267262405651157
2025-05-22,1093.07,1100.62,1089.29,1090.32,67868291.0,2161876192.0,7234306375.0,0.009381451030956648
2025-05-23,1087.92,1099.24,1074.19,1074.19,94013492.0,2970257974.0,7234642664.0,0.012994904705911263
2025-05-26,1046.74,1073.5,1042.62,1072.13,110267907.0,3404917098.0,7234642664.0,0.015241652161854444
2025-05-27,1064.92,1067.67,1044.33,1047.42,98797805.0,3027491578.0,7234642664.0,0.013656210760985278
2025-05-28,1053.94,1060.12,1040.21,1042.96,66241302.0,2024475646.0,7234642664.0,0.009156126304567956
2025-05-29,1064.24,1081.74,1064.24,1077.97,148791273.0,4661225819.0,7234642664.0,0.020566499260619184
2025-05-30,1060.12,1060.12,1041.59,1043.3,110852081.0,3382102389.0,7234642664.0,0.01532239892809169
2025-06-03,1036.1,1045.36,1033.69,1040.56,58999291.0,1789426646.0,7234642664.0,0.008155107824963337
2025-06-04,1042.62,1063.21,1039.87,1057.03,83923933.0,2579308768.0,7234642664.0,0.011600287242604302
2025-06-05,1058.75,1093.41,1058.06,1085.52,142089309.0,4455372111.0,7234642664.0,0.019640128144413353
2025-06-06,1077.97,1082.77,1069.73,1074.88,85342289.0,2672851415.0,7234642664.0,0.011796337837757787
2025-06-09,1087.92,1100.96,1082.08,1095.81,96008164.0,3058275406.0,7234642664.0,0.013270615904465077
2025-06-10,1091.01,1105.08,1075.91,1090.66,119822235.0,3810618393.0,7234642664.0,0.016562287947716112
2025-06-11,1094.78,1116.75,1091.35,1097.18,98953985.0,3179019577.0,7234642664.0,0.013677798558372586
2025-06-12,1086.2,1103.71,1082.77,1092.72,71827337.0,2291824378.0,7234642664.0,0.009928249443115827
2025-06-13,1084.49,1097.53,1070.76,1072.47,80057462.0,2517333047.0,7234642664.0,0.011065848821859656
2025-06-16,1065.61,1099.93,1064.58,1095.13,96095757.0,3052267761.0,7234642664.0,0.013282723344191972
2025-06-17,1095.13,1125.67,1092.38,1121.21,153613079.0,4998428887.0,7234642664.0,0.021232987741659663
2025-06-18,1112.28,1134.25,1111.94,1130.47,118317520.0,3886671308.0,7234642664.0,0.016354300481038933
2025-06-19,1131.16,1144.2,1119.49,1122.92,106169164.0,3497212070.0,7234642664.0,0.01467510821623629
2025-06-20,1120.52,1149.35,1118.46,1139.74,119142685.0,3949672870.0,7234642664.0,0.016468357945702127
2025-06-23,1132.19,1158.96,1128.41,1139.05,93648663.0,3121733432.0,7234642664.0,0.012944476645128744
2025-06-24,1142.83,1151.75,1132.88,1140.43,100540645.0,3337390355.0,7234642664.0,0.013897112776598637
2025-06-25,1141.46,1142.14,1124.64,1140.77,104900759.0,3460741468.0,7234642664.0,0.01449978442224828
2025-06-26,1140.77,1151.41,1130.82,1131.5,83772483.0,2786154335.0,7234642664.0,0.011579353243921323
2025-06-27,1131.85,1170.28,1121.89,1162.39,154936383.0,5218421989.0,7234642664.0,0.021415899885556533
2025-06-30,1165.14,1193.62,1165.14,1190.53,126686312.0,4377077239.0,7238252014.0,0.01750233506031115
2025-07-01,1193.96,1199.8,1175.78,1191.22,78165837.0,2703071306.0,7238252014.0,0.0107989935759095
2025-07-02,1187.1,1187.1,1161.7,1164.11,71185833.0,2419827416.0,7238252014.0,0.00983467180505937
2025-07-03,1166.51,1241.67,1166.51,1227.6,191836317.0,6774927117.0,7238252014.0,0.026503127637578273
2025-07-04,1222.45,1224.17,1209.75,1211.12,86384591.0,3057264304.0,7238252014.0,0.011934454732015083
2025-07-07,1210.78,1210.78,1175.43,1192.59,88363281.0,3056920478.0,7238252014.0,0.01220782045569711
2025-07-08,1187.44,1217.3,1187.1,1213.53,88517185.0,3118524498.0,7238871337.0,0.012228036786282226
2025-07-09,1214.56,1233.77,1205.29,1211.47,84498679.0,2998487617.0,7238871337.0,0.011672907980571834
2025-07-10,1208.04,1235.15,1205.63,1227.25,83702372.0,2982205576.0,7238871337.0,0.011562903677010057
2025-07-11,1231.37,1235.49,1215.24,1227.25,80263494.0,2870070347.0,7238871337.0,0.011087846469897826
2025-07-14,1227.94,1231.05,1204.82,1220.35,50633138.0,1789863007.0,7238871337.0,0.006994617757771041
2025-07-15,1221.73,1273.5,1219.66,1269.35,145528729.0,5279131620.0,7238871337.0,0.020103787210053018
2025-07-16,1263.49,1300.76,1259.69,1278.67,118652484.0,4422970732.0,7238871337.0,0.0163910198808939
2025-07-17,1276.95,1367.37,1273.15,1359.78,169445288.0,6562532358.0,7238871337.0,0.023407694392068457
2025-07-18,1358.05,1374.62,1330.1,1336.65,135944065.0,5315102285.0,7238871337.0,0.018779732180782095
2025-07-21,1337.34,1345.28,1305.25,1334.24,102689902.0,3932374605.0,7238871337.0,0.01418589959944746
2025-07-22,1318.02,1326.99,1303.87,1314.57,91418826.0,3481265540.0,7238871337.0,0.012628878418204714
2025-07-23,1308.35,1328.72,1300.42,1310.08,68221901.0,2601928803.0,7238871337.0,0.009424383695189857
2025-07-24,1304.56,1311.46,1287.3,1306.97,98031544.0,3684466150.0,7238871337.0,0.01354237966614104
2025-07-25,1307.66,1330.44,1304.21,1322.85,81962679.0,3137604862.0,7238871337.0,0.011322577123461864
2025-07-28,1325.26,1327.68,1291.1,1303.18,93740755.0,3540657759.0,7238871337.0,0.012949636847510113
2025-07-29,1295.93,1298.0,1271.08,1296.62,95293958.0,3548773907.0,7238871337.0,0.013164201097610972
2025-07-30,1287.3,1325.26,1273.84,1302.49,92427309.0,3487636330.0,7238871337.0,0.012768193368429806
2025-07-31,1291.79,1311.46,1258.31,1264.18,100622208.0,3740230941.0,7238871337.0,0.013900261976710418
2025-08-01,1267.28,1289.72,1252.1,1264.52,75000417.0,2757967414.0,7238871337.0,0.010360788789911325
2025-08-04,1246.58,1255.89,1235.53,1250.72,80242555.0,2891254070.0,7238871337.0,0.011084953891894267
2025-08-05,1255.55,1263.49,1246.92,1258.66,56864800.0,2069672759.0,7238871337.0,0.00785547875527878
2025-08-06,1255.55,1255.55,1238.29,1249.68,63985419.0,2310885966.0,7238871337.0,0.008839143012937901
2025-08-07,1311.46,1334.24,1276.95,1277.64,183170454.0,6922956076.0,7238871337.0,0.025303731130537153
2025-08-08,1276.95,1276.95,1257.28,1257.62,74280423.0,2722198489.0,7238871697.0,0.01026132608908982
2025-08-11,1259.35,1318.36,1259.35,1311.8,141479671.0,5351015630.0,7238871697.0,0.01954443688491306
2025-08-12,1310.08,1332.86,1302.49,1317.33,76452626.0,2921966269.0,7238871697.0,0.010561400892308148
2025-08-13,1323.19,1345.28,1305.25,1323.54,105807028.0,4068295554.0,7238871697.0,0.014616508266592089
2025-08-14,1328.72,1347.7,1318.71,1328.03,97923455.0,3779698853.0,7238871697.0,0.013527447245761014
2025-08-15,1314.91,1339.76,1310.77,1331.82,87417002.0,3363990014.0,7238871697.0,0.01207605351483549
2025-08-18,1332.17,1392.91,1321.47,1366.33,153895921.0,6098343355.0,7238871697.0,0.02125965584716455
2025-08-19,1366.68,1371.86,1332.51,1349.42,108849590.0,4259042373.0,7238871697.0,0.015036817138934849
2025-08-20,1345.63,1406.37,1319.05,1382.21,132784734.0,5282232776.0,7238871697.0,0.01834329154570178
2025-08-21,1383.93,1464.35,1373.93,1456.06,200684428.0,8301490958.0,7238871697.0,0.027723164106247318
2025-08-22,1430.87,1479.88,1426.38,1473.67,140167282.0,5900362776.0,7238871697.0,0.019363139432087104
2025-08-25,1497.13,1528.54,1453.99,1482.29,152354512.0,6570702104.0,7238871697.0,0.02104672086716776
2025-08-26,1490.92,1615.17,1490.92,1573.75,222321982.0,10000629712.0,7238871697.0,0.03071224236397735
2025-08-27,1553.73,1627.94,1549.59,1552.35,200969020.0,9278340405.0,7238871697.0,0.027762478520414642
2025-08-28,1552.7,1591.01,1530.61,1591.01,165324126.0,7484800174.0,7238871697.0,0.022838383234298123
2025-08-29,1590.66,1634.49,1558.91,1586.87,173029403.0,7971168566.0,7238871697.0,0.023902813897324418
2025-09-01,1591.01,1615.17,1549.59,1562.36,140621009.0,6401671201.0,7238871697.0,0.019425818675343764
2025-09-02,1555.8,1573.41,1501.28,1511.63,148018338.0,6557335184.0,7238871697.0,0.020447708454529333
2025-09-03,1518.88,1533.37,1483.67,1491.61,100889947.0,4402641695.0,7238871697.0,0.013937247574343906
2025-09-04,1508.52,1576.86,1501.28,1531.99,200637662.0,8941490727.0,7238871697.0,0.027716703707174436
2025-09-05,1530.96,1628.97,1508.18,1628.97,228191530.0,10489291676.0,7238871697.0,0.031523079777000224
2025-09-08,1694.2,1791.87,1683.5,1716.98,289125512.0,14557101684.0,7238871697.0,0.03994068745821563
2025-09-09,1718.01,1751.49,1638.63,1646.57,188129323.0,9103502528.0,7238871697.0,0.025988763287235258
2025-09-10,1597.22,1690.06,1581.34,1659.69,201877336.0,9549391987.0,7238871697.0,0.027887956086259116
2025-09-11,1628.97,1825.69,1605.16,1825.69,284214404.0,14306453448.0,7238871697.0,0.039262251894557926
2025-09-12,1870.56,1920.94,1810.5,1819.13,425849206.0,23093057572.0,7238871697.0,0.058828119052929805
2025-09-15,1799.46,1871.59,1797.04,1820.17,249499806.0,13237384440.0,7238871697.0,0.03446667055908727
2025-09-16,1817.41,1870.56,1799.81,1808.09,200349016.0,10610989503.0,7238871697.0,0.02767682926097868
2025-09-17,1816.37,1828.8,1777.37,1794.97,194955234.0,10192389842.0,7238871697.0,0.026931715626455313
2025-09-18,1777.37,1896.09,1763.57,1832.94,315536216.0,16692440412.0,7238871697.0,0.0435891433371816
2025-09-19,1874.35,1998.59,1864.69,1912.31,319703998.0,17827566857.0,7238871697.0,0.04416489356103585
2025-09-22,2103.51,2103.51,2075.21,2103.51,90279351.0,5501600825.0,7238871697.0,0.012471467209097573
2025-09-23,2314.04,2314.04,2197.04,2267.44,554123874.0,36353840908.0,7238871697.0,0.07654837621029326
2025-09-24,2216.71,2491.77,2198.42,2422.75,451635559.0,29906689611.0,7238871697.0,0.062390325164510235
2025-09-25,2408.94,2470.38,2353.72,2372.36,331771538.0,22988862615.0,7238871697.0,0.04583194065139956
2025-09-26,2371.67,2373.74,2214.3,2217.4,332090893.0,21965504720.0,7238871697.0,0.0458760573333035
2025-09-29,2217.4,2255.71,2163.22,2236.38,262852479.0,16918393242.0,7238871697.0,0.036311249874608736
2025-09-30,2257.09,2290.91,2200.49,2232.59,229529053.0,14884453179.0,7265330667.0,0.03159237528479583
2025-10-09,2203.25,2282.97,2186.69,2253.64,261650982.0,17046509786.0,7265330667.0,0.03601363709272725
2025-10-10,2226.03,2241.56,2077.97,2098.33,260955086.0,16258524771.0,7265330667.0,0.03591785397811131
2025-10-13,1902.31,2014.47,1902.31,1993.07,267290302.0,15306475401.0,7265330667.0,0.03678983300981255
2025-10-14,2029.31,2069.69,1882.63,1898.51,248599086.0,14241316173.0,7265330667.0,0.034217174330298104
2025-10-15,1899.55,2014.82,1859.51,2008.6,242527395.0,13673494569.0,7265330667.0,0.03338146687549796
2025-10-16,2003.08,2125.94,1992.38,2043.12,256325542.0,15334036992.0,7265330667.0,0.03528064361395982
2025-10-17,2044.84,2044.84,1911.97,1915.08,179240230.0,10165620025.0,7265330667.0,0.024670622469274598
2025-10-20,1962.36,1996.52,1947.86,1972.37,162519564.0,9272508356.0,7265330667.0,0.02236919026110997
2025-10-21,2036.21,2169.77,2034.49,2110.41,292936570.0,17821150490.0,7265330667.0,0.04031978493842722
2025-10-22,2074.18,2110.41,2054.5,2074.52,132425023.0,7986543312.0,7265330667.0,0.018226978105964298
2025-10-23,2046.57,2086.26,2011.36,2075.56,109740953.0,6524692837.0,7265330667.0,0.015104743063995217
2025-10-24,2101.44,2213.95,2093.5,2205.67,234445779.0,14736755293.0,7265330667.0,0.03226911337496045
2025-10-27,2273.66,2277.45,2192.55,2257.09,233992056.0,15195422274.0,7265330667.0,0.03220666294829771
2025-10-28,2232.93,2270.9,2208.77,2231.55,142632780.0,9262740420.0,7265330667.0,0.019631973620671546
2025-10-29,2274.69,2328.88,2249.15,2321.97,180052783.0,11983703878.0,7265330667.0,0.024782462251556045
2025-10-30,2315.76,2322.32,2197.04,2244.67,178788411.0,11675786638.0,7265330667.0,0.02460843410914225
2025-10-31,2284.7,2308.17,2174.26,2174.26,173415239.0,11158675824.0,7265625627.0,0.023867901802642658
2025-11-03,2167.36,2172.88,2094.54,2171.5,140414271.0,8693261074.0,7265625627.0,0.01932583348063001
2025-11-04,2157.01,2168.74,2072.8,2089.36,128990576.0,7901104870.0,7265625627.0,0.01775354011093751
2025-11-05,2022.41,2121.11,2014.13,2104.55,112172866.0,6760397261.0,7265625627.0,0.01543884474079578
2025-11-06,2104.55,2134.92,2063.82,2128.02,132471322.0,8075585074.0,7265625627.0,0.018232610486799583
2025-11-07,2095.57,2105.24,2065.2,2067.27,105363369.0,6346313297.0,7265625627.0,0.014501623729201813
2025-11-10,2053.47,2077.63,1974.44,2015.51,153527579.0,8911656168.0,7265625627.0,0.021130675716275794
2025-11-11,2035.52,2041.39,1940.61,1949.59,108489718.0,6189292993.0,7265625627.0,0.014931916887767826
2025-11-12,1947.86,2017.58,1945.45,1993.76,135717529.0,7815417070.0,7265625627.0,0.01867940022888823
2025-11-13,1974.09,2013.78,1963.05,1980.3,93995272.0,5397445322.0,7265625627.0,0.012936982556698418
2025-11-14,1955.45,2009.64,1936.13,1950.28,101754426.0,5829324295.0,7265625627.0,0.014004909036582818
2025-11-17,1949.59,1982.37,1936.82,1951.66,74185638.0,4205657010.0,7265625627.0,0.010210495531770399
2025-11-18,1936.82,1993.07,1911.97,1953.73,105402888.0,5974063197.0,7265625627.0,0.014507062902925978
2025-11-19,1967.19,1999.63,1946.83,1958.56,93532984.0,5330936920.0,7265625627.0,0.012873355826705327
2025-11-20,2005.15,2008.6,1921.63,1924.05,95981221.0,5436030226.0,7265625627.0,0.01321031744923953
2025-11-21,1863.65,1873.32,1822.24,1823.96,149999606.0,8020601930.0,7265625627.0,0.020645105280759603
2025-11-24,1835.7,1858.48,1801.53,1837.77,95703000.0,5077293741.0,7265625627.0,0.013172024669748374
2025-11-25,1871.25,1946.14,1865.03,1922.32,145075983.0,8050188476.0,7265625627.0,0.01996744539945452
2025-11-26,1909.21,2031.04,1895.06,1987.9,159153919.0,9136365853.0,7265625627.0,0.021905053627944104
2025-11-27,1991.35,2040.7,1960.29,1965.81,126380424.0,7319810271.0,7265625627.0,0.017394293415057622
2025-11-28,1960.98,2007.91,1958.56,1994.11,96257755.0,5543542167.0,7265625627.0,0.01324837803950341
2025-12-01,1996.52,2046.22,1946.48,2022.75,137736228.0,7969904521.0,7265625627.0,0.01895724264792208
2025-12-02,2021.37,2122.49,2007.91,2070.73,181396504.0,10920312512.0,7265625627.0,0.02496639839601799
2025-12-03,2073.49,2084.53,2017.23,2030.0,108086644.0,6408961263.0,7265625627.0,0.014876440040942396
2025-12-04,2022.75,2061.41,1970.99,2057.96,103890858.0,6085818537.0,7265625627.0,0.01429895556604626
2025-12-05,2057.61,2059.68,2026.2,2044.84,71699567.0,4248662542.0,7265625627.0,0.009868326649470512
2025-12-08,2039.66,2095.23,2027.24,2073.49,111448052.0,6690195483.0,7265625627.0,0.015339085403168131
2025-12-09,2073.14,2122.84,2056.92,2091.43,110658149.0,6714668917.0,7265625627.0,0.015230367580292064
2025-12-10,2067.27,2067.27,2002.39,2054.5,95668514.0,5632613696.0,7265625627.0,0.013167278209942925
2025-12-11,2052.78,2115.59,2008.26,2010.33,87639849.0,5200843714.0,7265625627.0,0.012062257746162841
2025-12-12,2009.64,2101.1,1987.9,2083.84,132191892.0,7900964056.0,7265625627.0,0.018194151307322787
2025-12-15,2055.19,2059.34,1977.2,1979.61,122673493.0,7143771178.0,7265625627.0,0.01688409220317236
2025-12-16,1956.84,1997.9,1943.72,1978.58,72495956.0,4138588438.0,7265625627.0,0.009977937169043737
2025-12-17,1972.37,2028.97,1969.95,2024.48,76178566.0,4427953757.0,7265625627.0,0.010484790974766253
2025-12-18,1995.83,2007.57,1965.81,1966.5,59964677.0,3442857271.0,7265625627.0,0.008253202143689256
2025-12-19,1974.44,1997.21,1958.56,1959.6,61846149.0,3534311770.0,7265625627.0,0.008512157407363758
2025-12-22,1970.64,2010.67,1966.84,1992.38,77726256.0,4485816559.0,7265625627.0,0.010697806354233175
2025-12-23,1986.17,2022.41,1982.03,2003.43,77505600.0,4507631681.0,7269267438.000001,0.010662092248090982
2025-12-24,2007.91,2057.61,1988.24,2046.22,91859271.0,5404246113.0,7269267438.000001,0.012636661366977208
2025-12-25,2036.21,2069.0,2010.33,2051.05,79411049.0,4697050390.0,7269267438.000001,0.010924216185097245
2025-12-26,2042.43,2043.12,2014.47,2015.51,74266500.0,4354917584.0,7269267438.000001,0.010216504019617278
2025-12-29,2005.15,2048.64,1998.59,2009.29,93055053.0,5441701496.0,7269267438.000001,0.012801159648296322
2025-12-30,2001.01,2049.33,1973.4,2004.12,99164728.0,5783619694.0,7269267438.000001,0.013641639800128644
2025-12-31,2020.68,2024.13,1946.48,1957.18,104905173.0,6003869905.0,7269111078.999999,0.014431637081879846
2026-01-05,1971.33,2053.12,1970.99,2020.68,159455283.0,9358442265.0,7269111078.999999,0.02193600858028655
2026-01-06,2032.07,2053.47,1995.49,2043.81,141539975.0,8330556573.0,7269111078.999999,0.019471428275308657
2026-01-07,2036.21,2039.66,1960.29,1986.17,187357397.0,10829848832.0,7269111078.999999,0.02577445783450244
2026-01-08,1967.88,1969.26,1890.23,1903.69,240111695.0,13264652378.0,7269111078.999999,0.03303178234456582
2026-01-09,1892.99,1943.03,1863.65,1920.6,154079007.0,8518973944.0,7269111078.999999,0.02119640287863044
2026-01-12,1905.07,1918.87,1863.65,1913.0,188390485.0,10301185319.0,7269111078.999999,0.025916578100484415
2026-01-13,1920.6,1951.66,1875.39,1883.67,133498244.0,7385100189.0,7269111078.999999,0.018365140186902353
2026-01-14,1870.56,1891.26,1845.02,1849.16,169913878.0,9190861212.0,7269111078.999999,0.023374780788653845
2026-01-15,1840.87,1986.86,1837.08,1979.96,262847130.0,14597266865.0,7269111078.999999,0.03615945982162093
2026-01-16,2011.36,2067.62,1998.59,2004.46,259990309.0,15284928361.0,7269111078.999999,0.035766451519924566
2026-01-19,2005.15,2087.29,1994.8,1996.87,195719959.0,11530425069.0,7269111078.999999,0.026924882131107136
2026-01-20,1998.25,2013.09,1908.86,1983.06,177225955.0,10048349855.0,7269111078.999999,0.024380691541775246
2026-01-21,1955.11,2012.05,1953.38,1969.26,111719948.0,6424873922.0,7269111078.999999,0.015369134793214516
2026-01-22,1982.03,2013.78,1936.13,1946.83,149804210.0,8531018706.0,7269111078.999999,0.020608325883583602
2026-01-23,1954.42,1954.42,1898.16,1915.42,144925368.0,8052423541.0,7269111078.999999,0.019937151382743372
2026-01-26,1911.28,1911.97,1864.0,1866.76,127111156.0,6917918137.0,7269111078.999999,0.01748647869300224
2026-01-27,1874.7,1890.92,1824.31,1853.99,122784313.0,6608414372.0,7269111078.999999,0.016891241812869814
2026-01-28,1853.3,1896.44,1822.93,1838.8,151194870.0,8124725548.0,7269111078.999999,0.020799636758446628
2026-01-29,1829.14,1833.63,1785.31,1790.83,147260590.0,7686631742.0,7269111078.999999,0.020258404143173227
2026-01-30,1781.17,1811.88,1760.81,1783.93,108558812.0,5631865241.0,7269111078.999999,0.014934262363058328
2026-02-02,1794.28,1849.85,1794.28,1802.22,138486234.0,7315678565.0,7269111078.999999,0.019051330003757673
2026-02-03,1823.27,1842.6,1768.74,1810.5,104663797.0,5464439702.0,7269111078.999999,0.014398431371115936
2026-02-04,1794.97,1796.35,1748.04,1791.18,124442380.0,6390867495.0,7269111078.999999,0.017119339441586764
2026-02-05,1777.37,1814.65,1774.61,1784.27,75985941.0,3948087323.0,7269111078.999999,0.01045326452907269
2026-02-06,1772.89,1794.97,1749.76,1765.98,72491146.0,3723195003.0,7269272739.0,0.009972269386878483
2026-02-09,1794.28,1794.63,1771.51,1784.97,77530036.0,4004057333.0,7269272739.0,0.010665446019661308
2026-02-10,1783.93,1793.94,1772.89,1783.93,74683050.0,3859138594.0,7269272739.0,0.010273799413154747
2026-02-11,1773.58,1791.87,1760.81,1765.29,68945249.0,3542639012.0,7269272739.0,0.009484476848709417
2026-02-12,1769.1,1777.06,1741.4,1745.9,97024007.0,4903262372.0,7269272756.000001,0.013347140801659581
2026-02-13,1727.9,1768.41,1705.4,1758.71,114492599.0,5776476638.0,7269272756.000001,0.015750213651771244
2026-02-24,1779.83,1782.6,1748.67,1752.83,84415339.0,4300015328.0,7269272756.000001,0.011612625063535309
2026-02-25,1750.06,1797.83,1747.29,1785.72,124704783.0,6391742056.0,7269272756.000001,0.01715505624645459
2026-02-26,1786.06,1787.45,1767.02,1771.18,106425064.0,5454795825.0,7269272756.000001,0.014640400432375794
2026-02-27,1753.52,1754.9,1707.47,1738.63,127271550.0,6349492767.0,7269272756.000001,0.017508154429196655
2026-03-02,1707.13,1721.32,1674.93,1700.2,128983380.0,6329687455.0,7269272756.000001,0.017743642910295
2026-03-03,1701.94,1722.01,1634.08,1640.66,136026519.0,6548505878.0,7269272756.000001,0.018712534742588216
2026-03-04,1615.73,1630.27,1585.61,1602.23,119890568.0,5557272421.0,7269272756.000001,0.016492787108730134
2026-03-05,1627.16,1653.47,1623.0,1627.16,100873314.0,4765363060.0,7269272756.000001,0.013876672039405862
2026-03-06,1612.96,1641.7,1608.81,1637.54,73249601.0,3447363241.0,7269272756.000001,0.010076606485778147
2026-03-09,1601.88,1614.0,1572.8,1609.85,97374939.0,4484441010.0,7269272756.000001,0.01339541688260734
2026-03-10,1634.08,1720.63,1634.08,1709.9,181409372.0,8875107862.0,7269272756.000001,0.024955642481603972
2026-03-11,1711.97,1761.48,1706.09,1736.9,168648425.0,8476553856.0,7269272756.000001,0.023200178430613835
2026-03-12,1727.55,1745.9,1706.09,1720.63,86041581.0,4282954480.0,7269272756.000001,0.011836339602057435
2026-03-13,1708.51,1740.71,1698.13,1707.82,81983337.0,4071284136.0,7269272756.000001,0.011278065874241903
2026-03-16,1696.74,1705.74,1644.81,1705.4,96527204.0,4675886931.0,7269272756.000001,0.013278797926563864
2026-03-17,1737.25,1791.95,1722.71,1725.13,185009493.0,9421830949.0,7269272756.000001,0.025450894361790814
2026-03-18,1719.25,1727.21,1692.93,1708.17,86120488.0,4245300752.0,7269272756.000001,0.011847194470577105
2026-03-19,1674.93,1689.47,1656.58,1663.16,91805865.0,4422841914.0,7269272756.000001,0.012629305307635369
2026-03-20,1675.28,1720.63,1669.39,1669.39,100484471.0,4918969446.0,7269272756.000001,0.013823180718739836
2026-03-23,1645.5,1653.12,1590.8,1602.92,101744612.0,4757499917.0,7269272756.000001,0.013996532447626317
2026-03-24,1620.23,1625.08,1543.03,1604.31,110560688.0,5039460248.0,7269272756.000001,0.015209318966432243
2026-03-25,1640.31,1764.6,1627.16,1764.6,260886146.0,13043880637.0,7269272756.000001,0.03588889215701345
2026-03-26,1790.22,1790.22,1729.63,1737.59,220019409.0,11164299113.0,7269272756.000001,0.030267045464540822
2026-03-27,1668.01,1775.68,1668.01,1752.13,174981118.0,8737181238.0,7269272756.000001,0.02407133751523795
2026-03-30,1724.09,1731.02,1665.24,1688.09,159640570.0,7806460835.0,7269272756.000001,0.02196100976789376
2026-03-31,1675.62,1752.48,1661.78,1705.4,167150472.0,8302284090.0,7269273007.0,0.022994111218417747
2026-04-01,1747.63,1769.44,1724.09,1744.86,110977737.0,5578244766.0,7269273007.0,0.015266689928020749
2026-04-02,1734.48,1762.17,1716.13,1727.21,85965881.0,4306449474.0,7269273007.0,0.011825925497256537
2026-04-03,1741.4,1744.17,1683.93,1689.47,74514475.0,3668426747.0,7269273007.0,0.010250608957490762
2026-04-07,1696.4,1729.29,1665.58,1675.28,79987772.0,3915337449.0,7269273007.0,0.011003544910608693
2026-04-08,1715.78,1819.99,1715.78,1809.6,201928715.0,10341801422.0,7269273007.0,0.027778391980264223
2026-04-09,1782.95,1931.12,1776.02,1907.23,299603070.0,16300584856.0,7269273007.0,0.04121499766365839
2026-04-10,1918.66,2048.83,1900.66,2014.21,386896937.0,22240373573.0,7269273007.0,0.05322360800418897
2026-04-13,2000.36,2060.6,1990.67,2028.75,238813216.0,13958472897.0,7269273007.0,0.032852420836311014
2026-04-14,2042.6,2099.72,2027.02,2047.45,243274497.0,14486703394.0,7269273007.0,0.033466138466080035
2026-04-15,2042.6,2111.15,2023.56,2034.98,198003810.0,11789558135.0,7269273060.0,0.027238460897766853
2026-04-16,2034.29,2099.72,2007.98,2092.8,199642241.0,11903948272.0,7269273060.0,0.027463852210828907
2026-04-17,2072.03,2107.69,2051.25,2068.56,134342400.0,8048223623.0,7269273060.0,0.01848085756184264
2026-04-20,2168.62,2275.59,2108.72,2275.59,392926863.0,25188235807.0,7269273060.0,0.05405311641986936
2026-04-21,2245.47,2284.94,2177.62,2276.29,262573277.0,16943576025.0,7269273060.0,0.03612098140113064
2026-04-22,2263.82,2378.07,2236.47,2355.22,236665585.0,15963581222.0,7269273060.0,0.032556981013999765
2026-04-23,2388.8,2446.96,2329.95,2346.22,232237089.0,15938711239.0,7269273060.0,0.0319477734682868
2026-04-24,2337.22,2347.26,2228.51,2284.94,262279111.0,17251346199.0,7269273060.0,0.036080514356135636
2026-04-27,2353.49,2513.44,2336.87,2491.62,327349997.0,23372375964.0,7269273060.0,0.04503201273333375
2026-04-28,2458.74,2506.51,2387.07,2419.27,215990814.0,15245939862.0,7269273060.0,0.02971284916899242
2026-04-29,2354.18,2415.46,2302.25,2376.34,210391849.0,14341701763.0,7269274403.0,0.028942620313407365
2026-04-30,2405.42,2405.42,2312.64,2319.56,155047490.0,10467151556.0,7269274403.0,0.0213291563097429
2026-05-06,2363.53,2458.04,2315.06,2322.33,213054399.0,14608440724.0,7269274403.0,0.029308894834410616
2026-05-07,2336.87,2433.81,2294.98,2406.8,214188521.0,14678541091.0,7269274403.0,0.029464910680989737
2026-05-08,2358.68,2495.43,2323.37,2468.08,215071024.0,15166942308.0,7269274403.0,0.029586312481372428
2026-05-11,2613.83,2714.93,2577.83,2633.22,270015409.0,20583695884.0,7269274403.0,0.03714475393700446
2026-05-12,2679.27,2727.39,2613.83,2672.34,198024613.0,15270074423.0,7269274403.0,0.027241317636637303
2026-05-13,2622.49,2831.25,2600.33,2774.82,226366456.0,18021923742.0,7269274403.0,0.03114017210666576
2026-05-14,2745.05,2747.12,2604.14,2610.37,221670631.0,16975179746.0,7269274403.0,0.03049418947625879
2026-05-15,2647.42,2658.84,2513.78,2561.9,198921177.0,14751129626.0,7269274403.0,0.02736465374286958
2026-05-18,2530.05,2600.33,2481.24,2523.82,204511202.0,14953197726.0,7269274403.0,0.028133647275111674
2026-05-19,2494.39,2517.24,2424.81,2506.51,143082046.0,10235474979.0,7269274403.0,0.01968312627474217
2026-05-20,2493.7,2513.44,2399.19,2425.85,182380377.0,12861203395.0,7269274403.0,0.025089213433012292
2026-05-21,2458.39,2526.94,2339.3,2349.68,194798584.0,13796884415.0,7269274403.0,0.026797527951291453
2026-05-22,2406.11,2523.13,2385.34,2506.51,186637744.0,13302102231.0,7275950762.0,0.02565132037104349
2026-05-25,2537.67,2594.1,2475.35,2586.14,215299602.0,15835830718.0,7275950762.0,0.02959057984895143
2026-05-26,2551.52,2551.86,2463.24,2508.24,156425313.0,11298770434.0,7275950762.0,0.021498951562036423
2026-05-27,2497.86,2571.94,2447.31,2478.47,165224776.0,11955068270.0,7275950762.0,0.022708341686823525
2026-05-28,2466.01,2539.4,2399.88,2520.36,159715750.0,11412577159.0,7275950762.0,0.021951186205677074
2026-05-29,2665.76,2693.46,2467.74,2537.32,267669781.0,19878578233.0,7275950762.0,0.036788289222345345
2026-06-01,2539.4,2628.72,2446.62,2448.0,230254020.0,16789308026.0,7275950762.0,0.03164590134426751
2026-06-02,2423.77,2590.64,2359.38,2561.9,232560683.0,16748451139.0,7275950762.0,0.03196292699156119
2026-06-03,2596.52,2700.39,2538.71,2589.6,263847122.0,20073822599.0,7275950762.0,0.03626290647512218
2026-06-04,2537.67,2617.3,2509.97,2582.33,145871086.0,10824292100.0,7275950762.0,0.02004838828237249
2026-06-05,2527.28,2540.79,2353.49,2380.84,255104538.0,18017428381.0,7275950762.0,0.0350613337479317
2026-06-08,2249.63,2342.06,2236.47,2289.79,189971946.0,12545747660.0,7275950762.0,0.02610957003614753
2026-06-09,2291.17,2419.27,2255.86,2400.57,171147687.0,11550214648.0,7275950762.0,0.02352238114279861
2026-06-10,2354.18,2355.91,2243.4,2267.98,134616156.0,8906551912.0,7275950762.0,0.018501521024998933
2026-06-11,2251.71,2287.02,2188.7,2235.78,122484282.0,7910698034.0,7275950762.0,0.01683412738850527
2026-06-12,2291.87,2326.14,2205.31,2207.39,137189604.0,8987153483.0,7275950762.0,0.018855213358025744
2026-06-15,2250.32,2367.34,2215.7,2359.38,160091391.0,10715165050.0,7275950762.0,0.022002813960219046
2026-06-16,2359.38,2378.42,2300.52,2328.56,159415022.0,10757497506.0,7275950762.0,0.021909854425152857
2026-06-17,2300.52,2342.41,2271.09,2330.64,151118249.0,10067605183.0,7275950762.0,0.020769553552951875
2026-06-18,2319.56,2450.08,2299.14,2421.0,228771532.0,15855359540.0,7275950762.0,0.03144214955312805
2026-06-22,2447.66,2458.39,2298.1,2368.03,208719620.0,14229475755.0,7275950762.0,0.02868623315733208
2026-06-23,2367.68,2492.32,2346.57,2401.27,258144995.0,18109829043.0,7301528020.0,0.03535492766622294
2026-06-24,2370.11,2641.53,2300.87,2598.26,406475770.0,29659436724.0,7301528020.0,0.055669959614836895
2026-06-25,2599.99,2624.22,2533.52,2576.44,252368956.0,18757393549.0,7301528020.0,0.03456385503263466
2026-06-26,2458.04,2475.35,2321.29,2354.18,340361721.0,23313769531.0,7301528020.0,0.0466151359095928
2026-06-29,2318.87,2337.56,2163.08,2260.71,227235979.0,14739681221.0,7301528020.0,0.03112170197492442
2026-06-30,2258.63,2453.89,2236.47,2437.27,245170389.0,17001653980.0,7302358846.0,0.033574135997753184
2026-07-01,2437.27,2450.08,2267.63,2293.25,208917983.0,14148227157.0,7302358846.0,0.02860965715406312
2026-07-02,2234.74,2246.86,2100.07,2108.38,211597717.0,13173882136.0,7302358846.0,0.028976625425071584
2026-07-03,2163.42,2283.9,2158.58,2230.93,205775393.0,13275301052.0,7302358846.0,0.02817930443293912
2026-07-06,2243.05,2257.94,2120.84,2176.93,130177779.0,8216421561.0,7325075161.0,0.017771528092037827
2026-07-07,2165.16,2246.86,2146.46,2190.77,137058392.0,8712510967.0,7325075161.0,0.018710851286512828
2026-07-08,2181.08,2225.39,2097.99,2162.73,128144800.0,8007434110.0,7325075161.0,0.017493991144591343
2026-07-09,2174.16,2238.55,2066.83,2231.63,190354127.0,11897521866.0,7325075161.0,0.025986644889799786
2026-07-10,2228.86,2273.17,2148.54,2151.31,142232648.0,9121289842.0,7325075161.0,0.01941722711014241
2026-07-13,2142.31,2143.0,2016.29,2041.91,132193670.0,7940234256.0,7325075161.0,0.018046732230656493
2026-07-14,2025.29,2143.0,1987.55,2135.04,139252454.0,8350544315.0,7325075161.0,0.019010378861558277
2026-07-15,2155.12,2155.12,2072.03,2093.49,93265788.0,5679723922.0,7325075161.0,0.012732400139259132
2026-07-16,2106.99,2227.47,2077.22,2131.92,132591776.0,8285862510.0,7325075161.0,0.018101080614973366
2026-07-17,2111.84,2129.15,1976.47,2009.71,143301667.0,8437769036.0,7325075161.0,0.019563166773081526
2026-07-20,2030.14,2078.03,1909.72,1971.15,135198675.0,7807511009.0,7325075161.0,0.018456967611721137
2026-07-21,1988.15,2109.26,1964.2,2096.77,157939674.0,9326953423.0,7325075161.0,0.021561508998692445
2026-07-22,2078.03,2140.5,2040.55,2053.05,106222324.0,6394815668.0,7325075161.0,0.014501192365307936
2026-07-23,2053.05,2150.91,2035.35,2123.49,120969574.0,7347104989.0,7325075161.0,0.01651444815802894
2026-07-24,2082.2,2168.61,2068.31,2102.67,75736872.0,4614732731.0,7325075161.0,0.010339398618492892
2026-07-27,2116.9,2187.0,2094.34,2182.49,105050111.0,6542044110.0,7325075161.0,0.014341164928833144
2026-07-28,2144.66,2175.2,2075.26,2085.67,101661230.0,6205260616.0,7325075161.0,0.013878523805634436
2026-07-29,2101.28,2168.95,2054.43,2163.75,142637216.0,8756948701.0,7325075161.0,0.019472457669707725
2026-07-30,2129.39,2147.09,1978.78,2024.94,166062981.0,9834310136.0,7325075161.0,0.022670481510435384
2026-07-31,2096.08,2111.0,1978.43,1994.74,181679979.0,10692923210.0,7325075302.0,0.024802472535728752
2026-08-03,1939.91,1943.38,1843.44,1863.91,186121151.0,10068828416.0,7325075302.0,0.02540876964762157
2026-08-04,1873.98,1943.38,1860.1,1925.34,129150169.0,7098816661.0,7325075302.0,0.017631241137512608
2026-08-05,1829.21,1961.08,1827.13,1938.87,224242015.0,12223426528.0,7325075302.0,0.030612929663504502
2026-08-06,1879.18,2011.05,1863.57,1939.91,172057460.0,9587815895.0,7325075302.0,0.023488831569147463
2026-08-07,1947.89,2012.79,1939.22,1977.74,162640580.0,9304082329.0,7325075302.0,0.02220326389758662
2026-08-10,1995.44,2007.93,1908.68,1936.1,120765115.0,6774076021.0,7325075302.0,0.016486535635616868
2026-08-11,1919.44,1951.36,1892.02,1930.54,84667668.0,4698061672.0,7325075302.0,0.011558607182766132
2026-08-12,1932.28,1998.21,1919.09,1990.23,112636537.0,6409004525.0,7325075302.0,0.01537684356217421
2026-08-13,2012.44,2038.82,1945.12,1945.47,108246912.0,6180124826.0,7325075302.0,0.01477758351104525
2026-08-14,1964.2,1973.92,1936.44,1963.51,71704482.0,4039403604.0,7325075302.0,0.00978890715026809
2026-08-17,1964.55,2043.33,1954.14,2041.94,126579037.0,7329697613.0,7325075302.0,0.017280236964313463
2026-08-18,2042.98,2064.84,1979.47,2003.77,93933424.0,5436167569.0,7325075302.0,0.012823543803618363
2026-08-19,1964.2,1964.2,1841.36,1856.62,158335376.0,8628638567.0,7325075302.0,0.021615528779174317
2026-08-20,1872.59,1878.83,1832.33,1851.07,88938935.0,4755374038.0,7325075302.0,0.012141709311263542
2026-08-21,1838.58,1916.31,1832.68,1896.53,98812265.0,5382824019.0,7325075302.0,0.013489590335408677
2026-08-24,1902.78,1922.56,1828.17,1864.26,90877537.0,4897593980.0,7325077791.0,0.012406357938158311
2026-08-25,1825.39,1932.63,1800.41,1903.82,133650139.0,7241525078.0,7325077791.0,0.018245558997913993
2026-08-26,1908.33,2012.79,1867.04,1981.9,155212974.0,8648872320.0,7325077791.0,0.021189259476630178
2026-08-27,2002.38,2004.81,1947.55,1984.33,111096178.0,6333030050.0,7325077791.0,0.01516655265238261
2026-08-28,2008.97,2028.06,1960.73,1964.2,108503490.0,6242839362.0,7325077791.0,0.014812605831068915
2026-08-31,1939.91,2002.38,1923.6,1999.6,94622210.0,5366099487.0,7325132269.0,0.012917474596389434
2026-09-01,1997.17,2000.99,1953.79,1975.31,68784155.0,3913861741.0,7325132269.0,0.009390158767657333
2026-09-02,1967.68,2009.32,1957.61,1980.86,91912942.0,5259112015.0,7325132269.0,0.012547615336446015
2026-09-03,1995.09,2012.44,1937.83,1949.28,91066773.0,5153795407.0,7325132269.0,0.012432099470120845
2026-09-04,1977.39,1977.39,1876.75,1884.39,110834676.0,6129534970.0,7325132269.0,0.015130740569566635
2026-09-07,1894.8,1957.26,1892.72,1940.95,106146226.0,5910936143.0,7325132269.0,0.01449069069362903
2026-09-08,1939.91,1956.92,1904.86,1910.76,69012396.0,3833654284.0,7325132269.0,0.009421317385907261
2026-09-09,1927.07,1956.92,1923.95,1938.52,71668035.0,4011223895.0,7327535288.0,0.009780646859165286
2026-09-10,1908.68,1924.3,1884.73,1889.59,77359035.0,4234383066.0,7327535288.0,0.010557306373766315
2026-09-11,1868.42,1940.61,1851.42,1922.21,87260082.0,4768096317.0,7327535288.0,0.011908517471475328
2026-09-14,1890.98,1904.86,1825.39,1831.64,120543642.0,6420301812.0,7327535288.0,0.016450776047084933
2026-09-15,1816.72,1848.3,1788.95,1791.73,86874480.0,4542031044.0,7327535288.0,0.01185589377403214
2026-09-16,1790.69,1845.52,1769.87,1835.46,81201524.0,4254564354.0,7327535288.0,0.01108169675183692
