date,open,high,low,close,volume,amount,outstanding_share,turnover
2020-12-01,35.81,36.54,35.35,35.88,58797090.0,1163530537.0,16491037955.0,0.003565396560267634
2020-12-02,35.81,36.43,35.52,36.34,41213404.0,817357351.0,16491037955.0,0.00249913947881639
2020-12-03,36.14,36.15,34.54,34.66,61364893.0,1183398499.0,16491037955.0,0.003721105558513039
2020-12-04,34.57,34.63,33.94,34.34,42287832.0,796893366.0,16491037955.0,0.0025642917150147325
2020-12-07,34.5,34.54,33.3,33.59,50308691.0,934938814.0,16491037955.0,0.003050668559327805
2020-12-08,33.72,33.92,33.3,33.45,28294296.0,521745200.0,16491037955.0,0.0017157377284078902
2020-12-09,33.77,34.46,33.65,33.81,47104276.0,882463587.0,16491037955.0,0.002856356047965933
2020-12-10,33.97,34.26,33.63,33.7,30665190.0,572738257.0,16491037955.0,0.0018595063624059192
2020-12-11,34.45,34.68,33.54,33.86,38402336.0,717913261.0,16491037955.0,0.002328679134981713
2020-12-14,32.72,32.81,31.72,31.72,83711322.0,1476887178.0,16491037955.0,0.005076170598141104
2020-12-15,31.81,32.1,31.36,32.1,47927085.0,838411859.0,16491037955.0,0.0029062503603946134
2020-12-16,32.1,32.65,31.92,32.25,31266463.0,554228310.0,16491037955.0,0.001895966954009718
2020-12-17,32.19,33.08,31.92,32.96,41890575.0,750424988.0,16491037955.0,0.0025402024490095232
2020-12-18,33.54,34.75,33.43,34.66,66101143.0,1244394906.0,16491037955.0,0.004008307007744074
2020-12-21,34.79,34.79,33.77,34.17,50552291.0,951779999.0,16491037955.0,0.0030654402189810494
2020-12-22,33.7,33.99,31.99,32.36,64659697.0,1168589976.0,16491037955.0,0.003920899168168824
2020-12-23,32.32,32.81,32.1,32.63,35256467.0,629651175.0,16491037955.0,0.0021379167943343684
2020-12-24,32.63,33.14,32.19,32.76,26746866.0,479626576.0,16491037955.0,0.001621903125381534
2020-12-25,32.81,33.88,32.39,33.57,35843633.0,655845179.0,16491037955.0,0.002173521951608412
2020-12-28,33.85,34.12,33.16,33.72,33758989.0,623755100.0,16491037955.0,0.0020471112304828844
2020-12-29,33.63,33.81,32.68,32.81,37770971.0,685010720.0,16491037955.0,0.002290393794682161
2020-12-30,32.65,33.17,32.56,32.77,28286602.0,511283421.0,16491037955.0,0.0017152711719654761
2020-12-31,32.79,32.92,32.34,32.74,50589055.0,906345114.0,16491037955.0,0.0030676695510643494
2021-01-04,32.57,32.85,32.41,32.7,35783696.0,642147049.0,16491037955.0,0.002169887432049149
2021-01-05,32.76,32.76,31.56,32.08,49793708.0,874827211.0,16491037955.0,0.0030194405067694844
2021-01-06,32.03,32.63,31.97,32.63,42808236.0,761451149.0,16491037955.0,0.0025958484915754353
2021-01-07,32.86,33.56,32.74,33.19,57742906.0,1052416187.0,16491037955.0,0.003501471899923233
2021-01-08,33.39,33.86,32.99,33.86,57364121.0,1057530896.0,16491037955.0,0.003478502757469398
2021-01-11,33.85,33.86,32.54,32.83,62956382.0,1143421636.0,16491037955.0,0.0038176118551053327
2021-01-12,32.65,33.12,32.36,33.12,37533005.0,675929277.0,16491037955.0,0.0022759637751376457
2021-01-13,33.21,34.54,33.03,34.19,72549472.0,1349643378.0,16491037955.0,0.004399327210207734
2021-01-14,33.99,34.75,33.61,33.85,50160501.0,939145086.0,16491037955.0,0.003041682466372081
2021-01-15,33.9,34.72,33.88,34.05,51260137.0,964641869.0,16491037955.0,0.003108363290405149
2021-01-18,34.06,34.79,33.77,34.39,49697855.0,940741260.0,16491037955.0,0.0030136280769963216
2021-01-19,34.43,35.41,33.86,34.06,67163721.0,1276441132.0,16491037955.0,0.004072740671828743
2021-01-20,33.83,34.37,33.54,34.19,42612096.0,794399628.0,16491037955.0,0.002583954758716702
2021-01-21,34.08,34.68,34.06,34.35,48788444.0,922631685.0,16491037955.0,0.002958482306155119
2021-01-22,34.37,34.37,33.32,33.92,44272028.0,820904541.0,16491037955.0,0.0026846113701761835
2021-01-25,33.63,33.63,32.96,33.17,35544115.0,649223707.0,16491037955.0,0.002155359480524584
2021-01-26,33.17,33.57,32.72,32.79,29870907.0,542755721.0,16491037955.0,0.0018113418380037924
2021-01-27,32.74,33.3,32.61,32.9,24496155.0,443931033.0,16491037955.0,0.0014854222679520843
2021-01-28,32.68,32.68,32.17,32.28,26944859.0,479768358.0,16491037955.0,0.0016339092223015869
2021-01-29,32.3,32.68,31.46,31.63,29106763.0,512285859.0,16491037955.0,0.0017650049123302742
2021-02-01,30.96,31.12,30.59,30.86,35979858.0,611073501.0,16491037955.0,0.0021817824989658146
2021-02-02,31.06,31.06,30.63,30.65,26160135.0,442854314.0,16491037955.0,0.0015863243460711566
2021-02-03,30.79,31.05,30.45,30.48,25595977.0,431602062.0,16491037955.0,0.001552114370838582
2021-02-04,30.41,30.48,29.7,30.32,35878931.0,594150363.0,16491037955.0,0.002175662386922206
2021-02-05,30.37,30.41,29.72,29.72,28978995.0,477271395.0,16491037955.0,0.0017572571889699468
2021-02-08,29.79,30.07,29.48,29.85,30502153.0,499856366.0,16491037955.0,0.0018496199622627088
2021-02-09,29.87,30.28,29.63,30.21,25941016.0,427899709.0,16491037955.0,0.0015730371897018655
2021-02-10,30.23,30.54,29.99,30.41,29990217.0,500135562.0,16491037955.0,0.0018185766767280476
2021-02-18,31.08,31.77,31.08,31.66,51077200.0,884921246.0,16491037955.0,0.003097270174222942
2021-02-19,31.63,33.21,31.26,32.92,60639120.0,1080808976.0,16491037955.0,0.003677095411790895
2021-02-22,33.05,35.39,33.05,34.34,90274902.0,1704116615.0,16491037955.0,0.005474179505640463
2021-02-23,34.12,34.12,33.28,33.37,54433518.0,1010211248.0,16491037955.0,0.003300793931136156
2021-02-24,33.56,33.99,32.81,32.96,34922611.0,640019946.0,16491037955.0,0.0021176721013738036
2021-02-25,33.5,33.97,33.25,33.66,35554104.0,657526103.0,16491037955.0,0.002155965203464963
2021-02-26,32.92,33.45,31.99,32.26,50044032.0,897791856.0,16491037955.0,0.0030346199030381166
2021-03-01,32.41,32.72,32.01,32.39,36976546.0,658611373.0,16491037955.0,0.0022422206595424697
2021-03-02,32.36,33.94,32.17,32.68,69453421.0,1259065301.0,16491037955.0,0.004211585783109672
2021-03-03,32.61,33.54,32.43,33.37,45498729.0,830235459.0,16491037955.0,0.002758997288354734
2021-03-04,33.23,33.36,32.59,32.9,40237261.0,728862272.0,16491037955.0,0.002439947146431754
2021-03-05,32.56,33.28,32.54,33.05,42356866.0,766490864.0,16491037955.0,0.002568477867529109
2021-03-08,33.12,33.57,32.66,32.74,29839756.0,542010079.0,16491037955.0,0.0018094528726102857
2021-03-09,32.66,33.92,32.17,32.94,53739531.0,976813271.0,16491037955.0,0.0032587112555705717
2021-03-10,32.99,33.36,32.54,32.66,35084025.0,634561489.0,16491037955.0,0.002127460084424989
2021-03-11,32.63,33.32,32.59,33.23,30671702.0,556344244.0,16491037955.0,0.0018599012435539567
2021-03-12,33.25,34.54,32.85,33.76,55529476.0,1028095548.0,16491037955.0,0.0033672517249384985
2021-03-15,33.54,35.01,33.41,34.9,75052849.0,1427886478.0,16491037955.0,0.004551129480436637
2021-03-16,34.94,35.06,34.17,34.61,37025586.0,704548862.0,16491037955.0,0.0022451943959521377
2021-03-17,34.46,34.57,33.5,34.48,38686969.0,724392491.0,16491037955.0,0.002345938994596171
2021-03-18,34.32,34.9,34.08,34.39,25677968.0,487765261.0,16491037955.0,0.0015570862228362387
2021-03-19,33.99,34.81,33.81,33.99,35584472.0,668647149.0,16491037955.0,0.00215780668852387
2021-03-22,33.92,34.3,33.77,34.01,34232433.0,639912345.0,16491037955.0,0.0020758203997475427
2021-03-23,34.03,34.15,32.79,32.96,39683577.0,724300814.0,16491037955.0,0.0024063723040530713
2021-03-24,32.81,32.85,32.19,32.32,24048494.0,429022635.0,16491037955.0,0.0014582765539453881
2021-03-25,32.3,33.01,32.19,32.9,21143828.0,380152591.0,16491037955.0,0.0012821405212756361
2021-03-26,32.81,33.3,32.61,32.96,20974301.0,380100435.0,16491037955.0,0.0012718605740423207
2021-03-29,35.32,36.25,34.83,36.25,131885339.0,2610904738.0,16491037955.0,0.007997394667326747
2021-03-30,36.35,37.54,36.05,37.06,115828585.0,2344346558.0,16491037955.0,0.007023729210742696
2021-03-31,36.57,36.81,36.01,36.54,51300522.0,1026137287.0,16491037955.0,0.003110812196296349
2021-04-01,36.55,36.65,35.85,36.14,35175082.0,698139729.0,16491037955.0,0.002132981689568854
2021-04-02,36.25,36.34,35.81,35.95,23790025.0,470728578.0,16491037955.0,0.0014426032530467244
2021-04-06,35.99,36.1,35.14,35.45,27857978.0,542686910.0,16491037955.0,0.0016892798425434223
2021-04-07,35.45,35.61,35.12,35.48,29290242.0,570501150.0,16491037955.0,0.0017761308948488197
2021-04-08,35.63,35.92,35.19,35.48,28961327.0,566432110.0,16491037955.0,0.001756185819172108
2021-04-09,35.37,35.86,35.19,35.46,29821749.0,583016922.0,16491037955.0,0.001808360946192486
2021-04-12,35.59,35.77,35.14,35.63,32265765.0,629856319.0,16491037955.0,0.00195656362492436
2021-04-13,35.55,35.68,34.65,35.12,31502594.0,607856999.0,16491037955.0,0.001910285700994859
2021-04-14,35.26,35.57,34.95,35.5,22006921.0,427388777.0,16491037955.0,0.0013344776150568261
2021-04-15,35.54,36.23,35.45,35.94,32720678.0,644375712.0,16491037955.0,0.0019841490929368246
2021-04-16,35.92,36.59,35.74,36.03,32647464.0,649164725.0,16491037955.0,0.0019797094694152624
2021-04-19,36.05,36.45,35.9,36.08,31178664.0,619415297.0,16491037955.0,0.0018906429107178658
2021-04-20,35.9,36.43,35.54,36.15,24596370.0,487070985.0,16491037955.0,0.0014914992050298753
2021-04-21,35.99,36.01,35.57,35.79,17409035.0,342650967.0,16491037955.0,0.0010556664199976367
2021-04-22,36.03,36.39,35.99,36.23,22773439.0,453576978.0,16491037955.0,0.0013809584977090667
2021-04-23,36.08,36.08,35.41,35.54,28762639.0,563330647.0,16491037955.0,0.0017441375781491856
2021-04-26,35.23,35.68,34.9,34.97,45564501.0,883531261.0,16491037955.0,0.0027629856364611103
2021-04-27,34.94,35.05,34.08,34.72,35943390.0,684818660.0,16491037955.0,0.0021795711160256075
2021-04-28,34.75,35.45,34.72,35.45,25362003.0,491265145.0,16491037955.0,0.0015379264221698288
2021-04-29,35.41,35.9,34.86,35.68,29271601.0,568948191.0,16491037955.0,0.0017750005233069636
2021-04-30,35.63,35.63,34.79,34.92,30489810.0,588251041.0,16491037955.0,0.0018488714951235463
2021-05-06,35.17,36.14,35.17,35.97,46977128.0,927098282.0,16491037955.0,0.002848645920783705
2021-05-07,36.1,36.99,35.92,36.39,58591041.0,1177431247.0,16491037955.0,0.003552901955588277
2021-05-10,36.9,38.14,36.63,38.12,76395288.0,1572084556.0,16491037955.0,0.0046325336348423925
2021-05-11,37.39,37.77,36.1,37.32,63113541.0,1281352873.0,16491037955.0,0.003827141819224562
2021-05-12,37.39,38.35,37.39,37.97,47112553.0,984240079.0,16491037955.0,0.00285685795694356
2021-05-13,37.26,37.54,36.46,36.7,37350682.0,757278564.0,16491037955.0,0.0022649078912995563
2021-05-14,36.68,37.05,36.1,36.28,38572771.0,773054007.0,16491037955.0,0.002339014142424245
2021-05-17,36.39,36.99,36.01,36.72,31807778.0,640690777.0,16491037955.0,0.001928791752635318
2021-05-18,36.75,37.34,36.65,37.21,25276300.0,516577483.0,16491037955.0,0.0015327294782155512
2021-05-19,37.23,37.23,36.46,36.9,18116921.0,365942813.0,16491037955.0,0.0010985919169816136
2021-05-20,36.03,36.15,35.1,35.65,47132486.0,923894892.0,16491037955.0,0.002858066674069455
2021-05-21,35.39,36.06,35.39,35.72,18528170.0,364743605.0,16491037955.0,0.0011235296438319308
2021-05-24,35.68,35.97,35.48,35.59,18518008.0,363777362.0,16491037955.0,0.0011229134303450822
2021-05-25,35.63,35.99,34.94,35.92,35941875.0,702224065.0,16491037955.0,0.002179479247945252
2021-05-26,35.88,36.17,35.63,36.05,17961304.0,355514406.0,16491037955.0,0.0010891554581956573
2021-05-27,36.08,36.37,35.94,36.32,29668196.0,590520240.0,16491037955.0,0.0017990496462962024
2021-05-28,36.35,36.61,35.86,36.23,24068949.0,479238894.0,16491037955.0,0.0014595169246276833
2021-05-31,36.25,36.41,36.05,36.32,15979529.0,318603300.0,16491037955.0,0.0009689826100457847
2021-06-01,36.37,36.48,35.59,36.48,25043886.0,497693612.0,16491037955.0,0.0015186361263820158
2021-06-02,36.46,36.7,35.99,36.65,31393292.0,628256152.0,16491037955.0,0.001903657737351924
2021-06-03,36.75,37.63,36.75,37.17,50595699.0,1036831628.0,16491037955.0,0.0030680724365599824
2021-06-04,36.72,37.26,36.32,36.86,28469312.0,574892267.0,16491037955.0,0.001726350523095379
2021-06-07,36.92,37.17,36.54,36.9,21710137.0,439705014.0,16491037955.0,0.001316480930990617
2021-06-08,36.83,37.01,36.5,36.74,19508895.0,394633940.0,16491037955.0,0.0011829998241005201
2021-06-09,36.86,37.68,36.7,37.34,33980693.0,698123848.0,16491037955.0,0.002060555138659251
2021-06-10,37.34,37.55,37.01,37.14,27240794.0,557940916.0,16491037955.0,0.0016518544238593987
2021-06-11,37.28,37.54,37.15,37.41,23989399.0,493311950.0,16491037955.0,0.0014546930924215437
2021-06-15,37.61,37.7,36.57,36.9,27472118.0,559295553.0,16491037955.0,0.0016658816791862753
2021-06-16,37.1,37.64,36.79,37.21,26239502.0,538463197.0,16491037955.0,0.0015911370813408573
2021-06-17,37.21,37.43,36.52,36.94,22963839.0,466838357.0,16491037955.0,0.0013925041627253958
2021-06-18,36.75,36.9,35.59,36.06,40067126.0,796371261.0,16491037955.0,0.0024296303306883026
2021-06-21,35.77,35.77,35.23,35.37,28826933.0,562086739.0,16491037955.0,0.0017480363018180926
2021-06-22,35.41,35.72,35.12,35.3,28671158.0,558502742.0,16491037955.0,0.0017385902620706206
2021-06-23,35.52,36.14,35.34,36.12,32519398.0,640079611.0,16491037955.0,0.0019719436756338482
2021-06-24,36.08,36.81,35.81,36.3,33389574.0,668381160.0,16491037955.0,0.0020247102754303256
2021-06-25,36.5,37.06,36.46,36.94,30506026.0,617805099.0,16491037955.0,0.0018498548170978362
2021-06-28,36.3,36.32,35.66,35.72,33506572.0,660762031.0,16491037955.0,0.0020318049167936682
2021-06-29,35.61,35.72,35.26,35.35,26308241.0,512262519.0,16491037955.0,0.001595305345351138
2021-06-30,35.5,35.81,35.37,35.48,13107400.0,256586157.0,16491037955.0,0.0007948195884192906
2021-07-01,35.52,35.7,35.26,35.3,18021335.0,351479943.0,16491037955.0,0.0010927956778206324
2021-07-02,35.26,35.48,34.97,35.05,21268745.0,410833199.0,16491037955.0,0.0012897153628557033
2021-07-05,35.34,36.28,35.32,36.28,32287748.0,636281207.0,16491037955.0,0.0019578966519939707
2021-07-06,36.35,36.48,35.97,36.21,19290258.0,384208664.0,16491037955.0,0.0011697418957277513
2021-07-07,36.03,36.26,35.9,36.17,17051681.0,338443008.0,16491037955.0,0.001033996831887105
2021-07-08,36.19,36.21,35.28,35.86,27574070.0,542447761.0,16491037955.0,0.0016720639462017416
2021-07-09,35.81,36.35,35.72,36.32,39528212.0,784522724.0,16491037955.0,0.0023969511262943426
2021-07-12,36.24,36.28,33.98,35.22,52101358.0,921907177.0,16491037955.0,0.0031593740880453878
2021-07-13,35.18,35.56,35.1,35.54,22762420.0,403258664.0,16491037955.0,0.0013802903166018454
2021-07-14,35.7,36.32,35.38,35.8,25273917.0,453439312.0,16491037955.0,0.0015325849754858562
2021-07-15,35.74,35.94,35.26,35.8,18177116.0,324372599.0,16491037955.0,0.001102242081402086
2021-07-16,35.94,36.6,35.84,36.14,25362861.0,459718494.0,16491037955.0,0.0015379784504291987
2021-07-19,36.36,36.68,35.8,36.38,27630505.0,501730402.0,16491037955.0,0.0016754861079937404
2021-07-20,36.06,36.08,35.52,35.78,18575985.0,332565033.0,16491037955.0,0.0011264290974703538
2021-07-21,35.88,35.94,35.04,35.24,22196494.0,392073701.0,16491037955.0,0.0013459731316226905
2021-07-22,35.18,35.68,35.18,35.46,14622124.0,259645619.0,16491037955.0,0.0008866709324119071
2021-07-23,35.6,36.26,35.38,35.52,22382249.0,400388156.0,16491037955.0,0.001357237128498259
2021-07-26,35.56,35.56,34.3,34.52,29535763.0,512785167.0,16491037955.0,0.0017910190420151757
2021-07-27,34.6,35.18,33.98,34.04,29515905.0,511423405.0,16491037955.0,0.0017898148728140502
2021-07-28,34.08,34.42,33.38,33.74,24498882.0,413935512.0,16491037955.0,0.0014855876304967245
2021-07-29,34.14,34.18,33.48,33.74,24978738.0,420708271.0,16491037955.0,0.001514685617009727
2021-07-30,33.88,34.34,33.58,33.98,26460500.0,449683429.0,16491037955.0,0.0016045381783853885
2021-08-02,33.7,34.58,33.38,34.46,35496774.0,603137859.0,16491037955.0,0.002152488769770708
2021-08-03,34.36,34.7,33.98,34.5,31087214.0,532864254.0,16491037955.0,0.0018850974744482056
2021-08-04,34.38,34.8,34.2,34.68,23355002.0,403886986.0,16491037955.0,0.0014162238946832865
2021-08-05,34.54,35.04,34.5,34.84,30020829.0,522473825.0,16491037955.0,0.0018204329577022067
2021-08-06,34.78,35.04,34.6,35.02,29651065.0,517256779.0,16491037955.0,0.0017980108396397174
2021-08-09,35.02,35.26,34.56,35.14,27385789.0,479746329.0,16491037955.0,0.0016606467752199167
2021-08-10,35.06,35.56,35.04,35.36,39012643.0,688188141.0,16491037955.0,0.002365687539283818
2021-08-11,35.48,35.94,35.34,35.8,35294579.0,629746296.0,16491037955.0,0.0021402278677855363
2021-08-12,35.78,36.06,35.58,35.76,40458114.0,725140829.0,16491037955.0,0.0024533394508217295
2021-08-13,35.72,36.08,35.62,35.9,24634041.0,441962615.0,16491037955.0,0.0014937835366833948
2021-08-16,36.06,36.52,35.8,35.84,26723076.0,481711401.0,16491037955.0,0.0016204605236444622
2021-08-17,35.6,36.42,35.38,35.54,35840929.0,643692218.0,16491037955.0,0.0021733579837607013
2021-08-18,35.54,35.68,34.76,35.1,38507256.0,675385465.0,16491037955.0,0.002335041378540081
2021-08-19,35.04,35.04,34.48,34.76,25267790.0,438779392.0,16491037955.0,0.0015322134403516386
2021-08-20,34.64,34.96,33.96,34.5,30814658.0,531621884.0,16491037955.0,0.0018685699519997254
2021-08-23,34.9,35.5,34.82,35.34,31790323.0,559844396.0,16491037955.0,0.0019277332989438263
2021-08-24,35.6,35.86,35.4,35.58,29720572.0,529941528.0,16491037955.0,0.001802225674399644
2021-08-25,35.58,36.14,35.44,36.02,32153075.0,576857556.0,16491037955.0,0.0019497302163598107
2021-08-26,36.14,36.98,36.04,36.46,54113986.0,987781270.0,16491037955.0,0.0032814178311676803
2021-08-27,35.92,36.6,35.8,36.3,40028450.0,725790607.0,16491037955.0,0.0024272850568428637
2021-08-30,36.58,38.14,36.18,37.84,81075323.0,1509865612.0,16491037955.0,0.0049163262628607535
2021-08-31,37.56,40.2,37.4,39.98,123233405.0,2411237892.0,16491037955.0,0.007472750068023235
2021-09-01,40.28,40.94,38.5,39.04,99444962.0,1960041412.0,16491037955.0,0.006030242745869661
2021-09-02,39.04,40.88,39.02,40.2,82319007.0,1648484219.0,16491037955.0,0.004991742013124243
2021-09-03,39.76,40.26,39.32,39.92,58237252.0,1159561573.0,16491037955.0,0.0035314485455018164
2021-09-06,40.5,42.07,40.5,41.51,73785009.0,1529647474.0,16491037955.0,0.004474248934563198
2021-09-07,41.97,42.97,41.22,42.53,74591938.0,1574463946.0,16491037955.0,0.004523180299720558
2021-09-08,42.03,44.03,41.95,43.59,86935445.0,1879591674.0,16491037955.0,0.0052716781828545615
2021-09-09,43.97,47.95,42.81,47.95,178792256.0,4183350407.0,16491037955.0,0.010841783063496684
2021-09-10,46.99,47.11,44.39,44.77,136033535.0,3094784284.0,16491037955.0,0.008248937111854461
2021-09-13,45.17,48.33,45.13,47.87,106855565.0,2514248576.0,16491037955.0,0.006479614278469472
2021-09-14,46.53,47.59,45.39,46.29,77901367.0,1808140376.0,16491037955.0,0.00472386075470651
2021-09-15,46.53,46.75,45.07,45.71,56724363.0,1300654338.0,16491037955.0,0.003439708474068575
2021-09-16,46.75,48.87,45.61,46.29,84838974.0,1997873905.0,16491037955.0,0.005144550284312289
2021-09-17,45.13,46.37,42.01,43.21,102426331.0,2243422424.0,16491037955.0,0.00621102997152128
2021-09-22,42.87,47.53,42.77,47.53,102174819.0,2337896002.0,16491037955.0,0.00619577853612429
2021-09-23,48.37,48.57,44.99,46.83,106974731.0,2490806319.0,16491037955.0,0.006486840385178169
2021-09-24,45.81,45.83,43.61,43.77,77520884.0,1724516422.0,16491037955.0,0.0047007886472358795
2021-09-27,44.69,44.97,43.27,43.83,56386595.0,1242930978.0,16491037955.0,0.003419226561352002
2021-09-28,44.47,46.05,43.37,45.59,79780407.0,1799767898.0,16491037955.0,0.004837803855506317
2021-09-29,45.97,46.67,43.69,44.31,63154613.0,1419544793.0,16491037955.0,0.0038296323841066557
2021-09-30,44.41,46.07,43.99,45.29,65156865.0,1468886602.0,16491037955.0,0.003951046936996756
2021-10-08,46.19,46.23,42.77,42.77,99774338.0,2185918787.0,16491037955.0,0.00605021577612396
2021-10-11,43.55,45.17,43.45,44.81,71770093.0,1596779552.0,16491037955.0,0.0043520664494159185
2021-10-12,45.31,46.99,43.21,44.45,66975164.0,1497801286.0,16491037955.0,0.004061306764483764
2021-10-13,44.53,44.53,41.73,43.01,58948735.0,1263453176.0,16491037955.0,0.0035745921609577668
2021-10-14,42.27,42.93,41.63,42.35,37505755.0,794838988.0,16491037955.0,0.0022743113624711805
2021-10-15,42.53,44.09,42.03,43.89,61117766.0,1325449193.0,16491037955.0,0.003706120025117606
2021-10-18,43.83,47.65,43.63,47.15,105067949.0,2438366302.0,16491037955.0,0.006371215037325405
2021-10-19,47.03,48.11,46.35,46.89,65825875.0,1560134647.0,16491037955.0,0.003991615032335907
2021-10-20,42.97,44.33,42.97,43.91,86179592.0,1879335888.0,16491037955.0,0.005225844015104627
2021-10-21,43.95,46.87,43.91,46.09,71721749.0,1645654579.0,16491037955.0,0.004349134917748117
2021-10-22,45.51,46.13,43.13,43.23,99557241.0,2199121672.0,16491037955.0,0.00603705123180647
2021-10-25,43.33,45.61,42.99,44.67,65731766.0,1467316516.0,16491037955.0,0.003985908356973399
2021-10-26,45.17,45.29,43.41,43.69,48346882.0,1063512724.0,16491037955.0,0.0029317064293907266
2021-10-27,42.97,43.43,41.55,41.93,64326665.0,1363540403.0,16491037955.0,0.0039007044417417327
2021-10-28,40.76,40.98,38.5,40.28,112368216.0,2219418360.0,16491037955.0,0.006813895905559451
2021-10-29,39.9,40.42,39.0,39.76,47283703.0,938483135.0,16491037955.0,0.0028672363212689
2021-11-01,39.48,40.46,39.3,40.16,38826417.0,776856486.0,16491037955.0,0.0023543949814406936
2021-11-02,40.18,40.88,38.5,39.18,53498098.0,1051707473.0,16491037955.0,0.003244071000623684
2021-11-03,39.42,40.42,39.02,40.18,50835613.0,1014600131.0,16491037955.0,0.0030826205808705265
2021-11-04,39.64,40.36,39.42,40.26,35929957.0,718501497.0,16491037955.0,0.002178756552379786
2021-11-05,40.04,40.04,38.98,38.98,32836818.0,645610276.0,16491037955.0,0.0019911917060407977
2021-11-08,39.48,39.88,38.94,39.56,28792477.0,569066161.0,16491037955.0,0.0017459469245397173
2021-11-09,39.38,39.68,38.8,38.88,28602940.0,559371699.0,16491037955.0,0.0017344535909777426
2021-11-10,38.82,38.82,37.12,38.14,53741439.0,1013282435.0,16491037955.0,0.0032588269547767224
2021-11-11,38.02,38.54,37.8,38.44,28700137.0,548720885.0,16491037955.0,0.0017403475195627855
2021-11-12,38.26,38.58,38.02,38.22,23639764.0,452885878.0,16491037955.0,0.0014334915767283492
2021-11-15,38.18,38.56,37.78,38.24,22445834.0,428679245.0,16491037955.0,0.0013610928591183391
2021-11-16,38.24,38.46,37.7,37.88,16417994.0,312872026.0,16491037955.0,0.0009955706878366712
2021-11-17,37.92,38.4,37.64,38.04,22801272.0,434127924.0,16491037955.0,0.0013826462629107448
2021-11-18,38.32,38.54,37.92,38.18,24369809.0,466417693.0,16491037955.0,0.0014777607732453977
2021-11-19,38.16,38.84,37.88,38.66,23533166.0,453247591.0,16491037955.0,0.0014270275809331252
2021-11-22,38.94,39.18,38.34,38.72,23022746.0,445842113.0,16491037955.0,0.0013960762241178165
2021-11-23,38.7,39.64,37.94,39.14,33013123.0,645023277.0,16491037955.0,0.002001882664395335
2021-11-24,39.26,40.38,39.18,40.3,35671366.0,714224129.0,16491037955.0,0.0021630758535234962
2021-11-25,40.52,40.86,39.92,40.6,28994841.0,587481454.0,16491037955.0,0.0017582180745153708
2021-11-26,40.1,40.12,39.3,39.42,19773223.0,391410150.0,16491037955.0,0.001199028408882223
2021-11-29,38.82,39.18,38.56,39.12,20842080.0,404967232.0,16491037955.0,0.001263842825228644
2021-11-30,39.18,39.58,38.78,39.06,20400779.0,399356818.0,16491037955.0,0.0012370827752424514
2021-12-01,38.98,40.28,38.84,40.18,26670374.0,531024234.0,16491037955.0,0.00161726472722802
2021-12-02,40.02,41.41,40.0,41.33,49085191.0,1004561144.0,16491037955.0,0.002976476746578442
2021-12-03,40.88,45.29,40.5,45.17,97376698.0,2136248883.0,16491037955.0,0.0059048252915139205
2021-12-06,44.63,46.49,44.05,44.35,61627567.0,1390740734.0,16491037955.0,0.0037370338463938125
2021-12-07,44.77,44.85,43.39,44.13,35076181.0,773593726.0,16491037955.0,0.002126984432133035
2021-12-08,44.15,44.45,42.65,43.47,51554222.0,1115546878.0,16491037955.0,0.003126196309818632
2021-12-09,43.43,44.33,43.21,43.57,36198510.0,793866820.0,16491037955.0,0.0021950413369235377
2021-12-10,43.57,44.25,43.17,43.37,30483836.0,665477503.0,16491037955.0,0.0018485092377558596
2021-12-13,43.77,44.77,43.39,43.57,38994746.0,855032405.0,16491037955.0,0.0023646022831556816
2021-12-14,43.21,43.45,42.17,42.45,40316322.0,857195922.0,16491037955.0,0.002444741326168393
2021-12-15,42.51,43.01,42.13,42.71,22852813.0,487708017.0,16491037955.0,0.0013857716574517459
2021-12-16,43.27,46.69,43.07,45.67,81957235.0,1852157642.0,16491037955.0,0.004969804521925254
2021-12-17,45.49,45.49,43.77,44.03,51095037.0,1134731041.0,16491037955.0,0.0030983517920112626
2021-12-20,43.81,44.47,43.17,43.49,31281400.0,683384404.0,16491037955.0,0.0018968727187069288
2021-12-21,43.57,45.07,43.19,44.37,26233762.0,581605896.0,16491037955.0,0.0015907890134984532
2021-12-22,44.27,44.51,43.67,44.19,28139682.0,620795592.0,16491037955.0,0.001706362090535859
2021-12-23,43.97,45.53,43.91,45.31,28340712.0,637354045.0,16491037955.0,0.0017185523480896022
2021-12-24,45.17,45.41,44.61,44.89,24052277.0,542258847.0,16491037955.0,0.0014585059512707912
2021-12-27,45.11,46.51,44.81,45.57,28412166.0,651963413.0,16491037955.0,0.00172288524697656
2021-12-28,46.13,46.17,43.91,44.53,34084210.0,757059773.0,16491037955.0,0.00206683230570492
2021-12-29,44.63,45.27,44.33,44.53,19824506.0,444051299.0,16491037955.0,0.0012021381585620152
2021-12-30,44.19,44.81,43.79,43.85,22086075.0,486560404.0,16491037955.0,0.0013392774342201798
2021-12-31,43.97,45.81,43.97,45.01,39656330.0,895653046.0,16491037955.0,0.002404720073303597
2022-01-04,45.97,46.87,44.57,45.43,50985807.0,1161711704.0,16491037955.0,0.003091728194376107
2022-01-05,45.09,45.67,44.69,44.77,34774505.0,783514479.0,16491037955.0,0.002108691102093822
2022-01-06,44.77,44.99,44.33,44.41,23767199.0,530733862.0,16491037955.0,0.0014412191073026974
2022-01-07,44.47,45.37,44.35,44.99,30229815.0,679554036.0,16491037955.0,0.0018331056591155605
2022-01-10,44.97,45.65,44.79,45.53,31602365.0,715831501.0,16491037955.0,0.001916335714358011
2022-01-11,45.17,45.57,44.59,45.37,22117080.0,499923090.0,16491037955.0,0.001341157546320134
2022-01-12,45.47,45.73,44.57,45.63,26981827.0,610934453.0,16491037955.0,0.0016361509247402614
2022-01-13,45.77,46.99,45.59,46.35,39433087.0,917740183.0,16491037955.0,0.002391182841710948
2022-01-14,46.17,46.17,44.83,45.01,27501596.0,621310129.0,16491037955.0,0.0016676691955379106
2022-01-17,45.19,45.41,44.69,44.75,16686901.0,375583138.0,16491037955.0,0.0010118769385853372
2022-01-18,44.75,46.83,44.57,46.65,37962180.0,872344559.0,16491037955.0,0.0023019885166470104
2022-01-19,46.67,47.75,46.51,46.99,34429847.0,810791622.0,16491037955.0,0.0020877913866883704
2022-01-20,46.71,47.95,46.61,47.73,31388289.0,748429410.0,16491037955.0,0.0019033543604502607
2022-01-21,47.97,48.53,46.83,47.99,34515808.0,824951529.0,16491037955.0,0.0020930039755038573
2022-01-24,47.99,49.11,47.17,48.21,29384647.0,707766637.0,16491037955.0,0.0017818555193544214
2022-01-25,47.85,48.17,46.73,46.77,28943810.0,684720548.0,16491037955.0,0.0017551236058628062
2022-01-26,46.77,47.15,45.65,46.31,31248056.0,724579705.0,16491037955.0,0.0018948507719931448
2022-01-27,46.35,47.89,46.01,46.93,36012641.0,850012419.0,16491037955.0,0.0021837704272023185
2022-01-28,46.49,47.35,44.97,45.05,38316958.0,876366235.0,16491037955.0,0.002323501898701439
2022-02-07,46.15,47.71,45.43,46.99,40361893.0,942552425.0,16491037955.0,0.002447504705897695
2022-02-08,47.97,50.19,47.09,49.89,79674621.0,1950529864.0,16491037955.0,0.004831389098576603
2022-02-09,49.93,49.99,48.37,48.85,49371483.0,1215549197.0,16491037955.0,0.002993837206288814
2022-02-10,48.11,51.43,47.33,51.17,63233985.0,1572204002.0,16491037955.0,0.0038344454225713413
2022-02-11,50.69,53.55,50.09,52.19,72475420.0,1890513855.0,16491037955.0,0.00439483677120674
2022-02-14,52.09,52.67,51.09,51.51,32563232.0,843883327.0,16491037955.0,0.001974601725425475
2022-02-15,51.03,51.05,49.57,50.17,32878087.0,823307536.0,16491037955.0,0.001993694216805288
2022-02-16,50.17,51.35,49.93,50.35,23362048.0,590504857.0,16491037955.0,0.001416651157055687
2022-02-17,49.97,51.29,49.81,50.59,26035444.0,659762952.0,16491037955.0,0.0015787632089043968
2022-02-18,50.53,52.17,50.33,51.55,40977989.0,1053350158.0,16491037955.0,0.002484864149353054
2022-02-21,51.93,53.07,51.13,52.79,40331357.0,1052582414.0,16491037955.0,0.002445653033487303
2022-02-22,52.33,53.73,52.09,53.17,38294060.0,1010654079.0,16491037955.0,0.002322113386949633
2022-02-23,52.93,52.95,50.57,50.99,45522430.0,1168213678.0,16491037955.0,0.002760434493221079
2022-02-24,51.07,51.79,49.97,50.97,41286990.0,1052016543.0,16491037955.0,0.002503601660044812
2022-02-25,50.49,51.29,47.77,49.11,64606599.0,1597612382.0,16491037955.0,0.003917679358709595
2022-02-28,48.97,50.73,48.91,50.45,47376739.0,1189630548.0,16491037955.0,0.002872877930987698
2022-03-01,50.69,52.53,50.09,52.07,40844419.0,1048989336.0,16491037955.0,0.0024767645985325124
2022-03-02,52.57,52.85,51.57,52.57,32076958.0,840310293.0,16491037955.0,0.0019451145578301473
2022-03-03,52.69,54.29,52.63,53.91,45965982.0,1237108001.0,16491037955.0,0.002787331041589371
2022-03-04,53.57,55.53,52.77,54.41,43860064.0,1191403247.0,16491037955.0,0.0026596302864430586
2022-03-07,55.57,55.75,53.67,54.07,42014994.0,1146330394.0,16491037955.0,0.002547747092369117
2022-03-08,53.37,54.45,51.37,51.69,65464410.0,1719367936.0,16491037955.0,0.0039696961573089775
2022-03-09,52.25,55.19,51.39,53.81,61837061.0,1656967421.0,16491037955.0,0.003749737352417609
2022-03-10,52.77,54.97,51.47,53.11,59659041.0,1589979821.0,16491037955.0,0.003617664404314325
2022-03-11,53.31,54.73,51.39,53.77,49539498.0,1327325068.0,16491037955.0,0.0030040254673587645
2022-03-14,52.57,55.09,52.17,52.37,47578426.0,1273140253.0,16491037955.0,0.002885108028362427
2022-03-15,51.97,52.01,48.17,48.23,84469645.0,2079574039.0,16491037955.0,0.005122154544213466
2022-03-16,49.07,50.21,46.63,49.57,52763785.0,1279233136.0,16491037955.0,0.003199542996867719
2022-03-17,49.97,50.13,46.97,48.71,72663713.0,1760950440.0,16491037955.0,0.004406254669856528
2022-03-18,48.27,50.81,48.21,50.03,56182171.0,1404722889.0,16491037955.0,0.003406830495042663
2022-03-21,50.33,53.25,50.33,52.17,47672902.0,1240331574.0,16491037955.0,0.002890836958236811
2022-03-22,51.91,54.01,51.81,53.73,46614370.0,1243834936.0,16491037955.0,0.0028266486395337386
2022-03-23,53.95,53.95,51.99,53.07,31242349.0,826638775.0,16491037955.0,0.0018945047052376395
2022-03-24,53.75,55.03,53.47,54.37,34779498.0,944498148.0,16491037955.0,0.002108993872605516
2022-03-25,53.81,55.57,53.45,54.33,36868694.0,1002503815.0,16491037955.0,0.0022356806224450897
2022-03-28,55.99,58.88,55.99,58.4,76013301.0,2193528708.0,16491037955.0,0.004609370326320372
2022-03-29,57.96,60.44,57.51,60.12,66209302.0,1961835230.0,16491037955.0,0.004014865661013512
2022-03-30,59.36,60.0,57.21,58.02,59382891.0,1729837449.0,16491037955.0,0.0036009189453108624
2022-03-31,58.26,59.54,57.37,59.5,45486734.0,1334963105.0,16491037955.0,0.002758269923586505
2022-04-01,58.56,59.88,58.0,59.02,35828815.0,1054770029.0,16491037955.0,0.0021726234029518367
2022-04-06,58.3,58.6,56.75,58.36,36369355.0,1052349102.0,16491037955.0,0.0022054012063548126
2022-04-07,58.16,60.22,57.75,59.52,37630689.0,1118962877.0,16491037955.0,0.0022818872349141955
2022-04-08,60.0,61.32,59.56,61.1,44137015.0,1338815285.0,16491037955.0,0.002676424317283066
2022-04-11,60.26,63.56,60.12,62.56,58510371.0,1825376314.0,16491037955.0,0.0035480102077055705
2022-04-12,63.16,64.2,61.16,61.86,46406297.0,1450593257.0,16491037955.0,0.0028140313015245864
2022-04-13,61.88,63.96,61.88,63.94,40371084.0,1277764937.0,16491037955.0,0.00244806203891852
2022-04-14,63.62,64.86,62.98,64.52,37298204.0,1196920747.0,16491037955.0,0.002261725678018428
2022-04-15,64.76,65.92,61.5,62.02,52501749.0,1663234212.0,16491037955.0,0.00318365339666699
2022-04-18,60.16,62.92,59.5,59.9,65277466.0,1981044692.0,16491037955.0,0.003958360060666054
2022-04-19,60.24,62.06,59.18,61.56,42782679.0,1308560773.0,16491037955.0,0.00259429874073078
2022-04-20,60.96,61.12,58.68,59.08,43878681.0,1311460180.0,16491037955.0,0.0026607592026489883
2022-04-21,59.56,60.16,58.1,58.4,35274576.0,1041494495.0,16491037955.0,0.0021390149059298553
2022-04-22,57.53,60.34,57.33,59.34,33404601.0,990100756.0,16491037955.0,0.00202562149763726
2022-04-25,58.02,59.18,56.15,57.37,49790890.0,1436600658.0,16491037955.0,0.003019269626076123
2022-04-26,57.57,57.94,55.41,56.91,36749040.0,1043327396.0,16491037955.0,0.002228424923905889
2022-04-27,56.61,58.36,56.03,57.9,41254995.0,1182707913.0,16491037955.0,0.0025016615153378927
2022-04-28,59.98,62.84,59.88,62.38,67198413.0,2064170122.0,16491037955.0,0.004074844359910395
2022-04-29,62.38,62.4,60.16,61.52,48623835.0,1486846257.0,16491037955.0,0.0029485005815087276
2022-05-05,62.16,62.56,60.8,61.22,36480989.0,1120504306.0,16491037955.0,0.0022121705801385985
2022-05-06,60.46,62.48,60.0,60.44,38208447.0,1171597024.0,16491037955.0,0.0023169219005050794
2022-05-09,59.76,59.78,57.76,59.18,32409438.0,954369048.0,16491037955.0,0.0019652758115309304
2022-05-10,57.84,57.84,55.99,57.33,44858916.0,1277285636.0,16491037955.0,0.0027201996698090797
2022-05-11,57.15,58.44,56.97,58.44,36439078.0,1053111910.0,16491037955.0,0.0022096291391380768
2022-05-12,58.52,58.92,56.83,57.25,27168628.0,784306124.0,16491037955.0,0.0016474783500066233
2022-05-13,57.49,61.56,57.41,61.56,56798100.0,1709283982.0,16491037955.0,0.003444179811785534
2022-05-16,61.56,62.24,60.6,61.96,38260536.0,1181700707.0,16491037955.0,0.0023200805252164007
2022-05-17,62.24,63.68,61.68,62.82,32182145.0,1007971962.0,16491037955.0,0.0019514929920006966
2022-05-18,62.4,63.06,61.78,62.28,32337381.0,1009724360.0,16491037955.0,0.001960906347328821
2022-05-19,61.56,62.32,60.16,61.9,32172142.0,989426398.0,16491037955.0,0.0019508864201143608
2022-05-20,62.36,65.12,62.04,64.66,41902772.0,1340844330.0,16491037955.0,0.0025409420628551335
2022-05-23,65.06,66.12,64.1,64.92,36165864.0,1178521706.0,16491037955.0,0.002193061716229614
2022-05-24,64.84,66.24,64.44,64.98,32679661.0,1070922689.0,16491037955.0,0.001981661863199562
2022-05-25,65.2,66.64,64.84,66.22,28694037.0,945319911.0,16491037955.0,0.001739977621681485
2022-05-26,66.56,67.12,65.72,66.62,28118224.0,933445851.0,16491037955.0,0.0017050608989396387
2022-05-27,66.68,68.94,66.06,68.94,43550258.0,1476582187.0,16491037955.0,0.002640843961358768
2022-05-30,69.14,69.34,66.82,67.88,34095981.0,1154029333.0,16491037955.0,0.002067546087337836
2022-05-31,67.68,68.06,66.34,67.88,40020265.0,1341272815.0,16491037955.0,0.002426788726652955
2022-06-01,66.98,67.7,66.16,67.54,37256638.0,1248521423.0,16491037955.0,0.0022592051574718483
2022-06-02,66.96,67.56,65.84,66.34,32951407.0,1094322313.0,16491037955.0,0.0019981402680605254
2022-06-06,66.92,68.18,66.06,68.02,32655113.0,1098876827.0,16491037955.0,0.001980173297102814
2022-06-07,67.48,68.74,66.26,67.36,33080706.0,1113629592.0,16491037955.0,0.0020059808297251598
2022-06-08,67.94,70.38,67.52,70.34,37737915.0,1303815902.0,16491037955.0,0.0022883893119994944
2022-06-09,69.8,71.02,68.96,69.62,32478707.0,1133260058.0,16491037955.0,0.0019694762142095862
2022-06-10,68.76,70.12,68.44,69.58,35500112.0,1229439627.0,16491037955.0,0.002152691182742475
2022-06-13,68.66,69.44,66.38,67.42,45545652.0,1538402379.0,16491037955.0,0.0027618426520078917
2022-06-14,66.76,69.02,66.66,68.98,31552707.0,1077867306.0,16491037955.0,0.0019133245030482377
2022-06-15,68.78,69.28,67.36,67.36,35607938.0,1213322043.0,16491037955.0,0.0021592296432259347
2022-06-16,67.38,67.76,64.44,64.76,53052104.0,1732165098.0,16491037955.0,0.0032170263718248777
2022-06-17,64.42,65.86,64.22,65.08,36093189.0,1174105898.0,16491037955.0,0.002188654777127399
2022-06-20,63.96,63.98,61.6,62.04,64220755.0,2001763701.0,16491037955.0,0.0038942821655763996
2022-06-21,61.96,63.06,61.88,62.32,38411711.0,1199250098.0,16491037955.0,0.002329247625577974
2022-06-22,62.72,63.06,61.16,61.42,41455534.0,1285741857.0,16491037955.0,0.0025138219991441405
2022-06-23,61.46,62.94,60.58,62.68,32379013.0,1004547071.0,16491037955.0,0.001963430870049198
2022-06-24,62.68,63.36,61.54,62.36,37964914.0,1182393259.0,16491037955.0,0.0023021543036646293
2022-06-27,62.52,65.26,62.44,64.8,43813695.0,1414532633.0,16491037955.0,0.0026568185167942025
2022-06-28,65.32,66.2,64.66,65.64,32117654.0,1049070270.0,16491037955.0,0.0019475823224493938
2022-06-29,65.54,67.1,65.36,65.9,31598376.0,1046989760.0,16491037955.0,0.0019160938253992394
2022-06-30,65.4,66.94,65.06,66.56,30479581.0,1012811156.0,16491037955.0,0.0018482512188239034
2022-07-01,65.98,66.56,64.16,66.2,29325242.0,958944778.0,16491037955.0,0.0017782532597415274
2022-07-04,66.48,67.34,65.48,66.76,36074196.0,1199667235.0,16491037955.0,0.0021875030606586217
2022-07-05,67.32,68.76,66.96,68.76,44298510.0,1505811588.0,16491037955.0,0.002686217212093003
2022-07-06,67.58,67.6,64.12,64.66,43583573.0,1424990482.0,16491037955.0,0.002642864149541641
2022-07-07,64.66,66.72,63.8,66.36,34521144.0,1132948485.0,16491037955.0,0.0020933275451915
2022-07-08,67.4,67.9,66.44,66.86,40363469.0,1353716198.0,16491037955.0,0.0024476002729568636
2022-07-11,64.89,65.0,62.47,62.73,52125000.0,1528664888.0,16491037955.0,0.0031608077152109133
2022-07-12,62.75,64.39,62.51,64.31,28164117.0,829794485.0,16491037955.0,0.0017078438044259537
2022-07-13,63.16,63.87,62.36,63.53,19786489.0,579093948.0,16491037955.0,0.0011998328458155561
2022-07-14,63.74,64.83,63.53,63.96,16073583.0,475647899.0,16491037955.0,0.0009746859502634624
2022-07-15,64.55,67.16,64.11,64.35,40286865.0,1223759438.0,16491037955.0,0.002442955083235693
2022-07-18,64.67,66.19,64.67,66.04,25986970.0,788326906.0,16491037955.0,0.0015758237941669937
2022-07-19,66.19,66.21,64.33,65.09,21226928.0,637570710.0,16491037955.0,0.0012871796219208933
2022-07-20,65.39,65.52,64.24,64.35,18485710.0,552748195.0,16491037955.0,0.0011209549120220917
2022-07-21,63.92,64.0,60.69,60.76,48850897.0,1394664219.0,16491037955.0,0.0029622693934306696
2022-07-22,60.57,61.91,60.46,61.3,21961092.0,621838449.0,16491037955.0,0.0013316985904663148
2022-07-25,61.21,62.14,61.02,61.86,16216324.0,462414811.0,16491037955.0,0.0009833416213248902
2022-07-26,62.06,63.46,61.65,62.84,19133633.0,555406577.0,16491037955.0,0.001160244312832885
2022-07-27,62.84,63.25,62.12,62.36,17467233.0,504469332.0,16491037955.0,0.001059195488341231
2022-07-28,62.9,63.03,61.71,62.17,21247902.0,611873654.0,16491037955.0,0.0012884514642425974
2022-07-29,62.32,62.86,60.74,60.78,28560474.0,811162010.0,16491037955.0,0.0017318784953339222
2022-08-01,60.8,61.82,60.05,61.52,24456765.0,689876441.0,16491037955.0,0.001483033697862834
2022-08-02,60.57,61.3,59.92,60.5,25050350.0,701155455.0,16491037955.0,0.0015190280968582005
2022-08-03,60.89,61.0,59.53,59.74,23628359.0,656159301.0,16491037955.0,0.0014327999889683111
2022-08-04,59.66,60.0,58.83,59.72,22517120.0,618292839.0,16491037955.0,0.0013654155706538122
2022-08-05,59.72,60.46,57.69,59.03,31416105.0,850562261.0,16491037955.0,0.0019050410947889908
2022-08-08,58.47,60.48,58.29,60.33,21959243.0,606752010.0,16491037955.0,0.001331586468960983
2022-08-09,60.35,62.4,60.35,61.62,25643126.0,731444567.0,16491037955.0,0.0015549734389050467
2022-08-10,61.62,62.3,60.41,61.32,20526573.0,581094791.0,16491037955.0,0.00124471079722283
2022-08-11,62.01,62.04,60.74,61.54,16706661.0,475593249.0,16491037955.0,0.001013075165164763
2022-08-12,61.75,62.73,61.65,62.6,21349382.0,615751680.0,16491037955.0,0.0012946051096515106
2022-08-15,62.64,64.31,62.08,63.2,25860470.0,759098492.0,16491037955.0,0.0015681529610547791
2022-08-16,62.92,63.57,62.34,63.14,15599097.0,455139738.0,16491037955.0,0.0009459135951639983
2022-08-17,63.16,63.42,62.47,62.86,15342714.0,446531553.0,16491037955.0,0.0009303667872129399
2022-08-18,62.97,63.55,61.86,62.68,17822903.0,516171988.0,16491037955.0,0.0010807629603809253
2022-08-19,62.4,64.65,62.4,64.24,26248089.0,774625878.0,16491037955.0,0.001591657788407534
2022-08-22,64.37,65.76,64.37,65.22,33346067.0,1004446702.0,16491037955.0,0.002022072054590696
2022-08-23,65.22,66.9,64.42,66.1,33069488.0,1005645963.0,16491037955.0,0.0020053005814575486
2022-08-24,66.19,67.47,65.52,66.71,37314606.0,1148435500.0,16491037955.0,0.0022627202788461473
2022-08-25,66.43,70.04,66.3,70.04,61355637.0,1958084166.0,16491037955.0,0.0037205442839574132
2022-08-26,69.22,69.22,67.25,67.62,51158356.0,1605980824.0,16491037955.0,0.0031021913926581584
2022-08-29,66.77,69.13,65.97,68.96,39670612.0,1241970327.0,16491037955.0,0.0024055861194578155
2022-08-30,68.78,68.85,65.69,66.02,38056495.0,1169380371.0,16491037955.0,0.002307707683642888
2022-08-31,65.76,66.56,64.89,65.63,29669415.0,901289488.0,16491037955.0,0.0017991235652334656
2022-09-01,65.37,68.33,64.91,67.29,33909814.0,1057407583.0,16491037955.0,0.002056257107195531
2022-09-02,67.23,67.59,65.99,66.32,23842884.0,734539586.0,16491037955.0,0.0014458085697856852
2022-09-05,67.49,70.84,66.84,70.43,49412806.0,1589086986.0,16491037955.0,0.0029963429915591385
2022-09-06,70.43,71.83,69.78,71.12,37147791.0,1219041678.0,16491037955.0,0.0022526047845725186
2022-09-07,70.52,71.32,70.3,70.54,21517067.0,702964295.0,16491037955.0,0.0013047733598524726
2022-09-08,69.71,70.73,68.91,69.87,23075246.0,745630424.0,16491037955.0,0.001399259771456878
2022-09-09,70.71,71.27,69.67,70.8,27954869.0,913802861.0,16491037955.0,0.0016951552155954031
2022-09-13,70.34,70.62,68.74,70.19,25807136.0,830971585.0,16491037955.0,0.0015649188407922743
2022-09-14,69.43,70.88,69.37,69.97,15958694.0,517511444.0,16491037955.0,0.0009677191965446544
2022-09-15,70.69,72.14,68.98,70.06,29603654.0,963076572.0,16491037955.0,0.0017951358841560559
2022-09-16,69.48,69.91,66.95,66.97,40103775.0,1261172804.0,16491037955.0,0.002431852689286955
2022-09-19,67.21,68.94,67.21,68.14,22325952.0,704618158.0,16491037955.0,0.0013538233348878372
2022-09-20,68.59,68.87,67.44,67.81,12936465.0,406756996.0,16491037955.0,0.0007844542614782916
2022-09-21,67.79,68.35,67.05,67.44,17067729.0,534633468.0,16491037955.0,0.0010349699665099098
2022-09-22,66.88,69.43,66.79,69.2,21555151.0,681126727.0,16491037955.0,0.0013070827354117263
2022-09-23,69.17,69.76,67.27,67.44,16300337.0,513935621.0,16491037955.0,0.0009884360853743483
2022-09-26,66.3,68.24,65.54,65.67,25859338.0,798426136.0,16491037955.0,0.0015680843177102494
2022-09-27,66.84,66.99,64.03,65.76,22421626.0,676131776.0,16491037955.0,0.0013596249102805489
2022-09-28,65.71,67.05,65.63,66.28,20564231.0,630473879.0,16491037955.0,0.0012469943405693895
2022-09-29,67.25,69.22,66.51,67.94,26750483.0,843504419.0,16491037955.0,0.001622122456633446
2022-09-30,68.35,69.04,67.27,68.44,21942608.0,692275305.0,16491037955.0,0.0013305777392469775
2022-10-10,69.2,70.13,68.96,69.17,26433682.0,850693679.0,16491037955.0,0.0016029119617655989
2022-10-11,69.22,69.87,67.85,68.37,15504642.0,490718721.0,16491037955.0,0.0009401859387085499
2022-10-12,68.14,69.22,67.49,69.07,16565241.0,523551980.0,16491037955.0,0.0010044995982182857
2022-10-13,68.96,69.41,66.66,67.21,19211955.0,598524773.0,16491037955.0,0.001164993680350789
2022-10-14,67.79,69.41,67.49,68.22,21600172.0,683002678.0,16491037955.0,0.0013098127636927144
2022-10-17,67.79,68.68,65.93,67.44,20769429.0,643478401.0,16491037955.0,0.0012594373414623555
2022-10-18,67.53,68.89,66.79,67.03,20398865.0,637749524.0,16491037955.0,0.0012369667122023188
2022-10-19,66.69,68.07,66.47,67.14,19586309.0,610128250.0,16491037955.0,0.0011876941314092075
2022-10-20,67.29,67.4,65.65,65.86,22747372.0,698891090.0,16491037955.0,0.0013793778209759751
2022-10-21,65.89,67.7,65.84,66.66,18185520.0,561807597.0,16491037955.0,0.0011027516915323235
2022-10-24,66.41,67.38,64.35,64.57,28843461.0,871060037.0,16491037955.0,0.001749038543159426
2022-10-25,65.37,65.39,64.05,64.52,20767384.0,620769775.0,16491037955.0,0.0012593133347136244
2022-10-26,64.26,64.98,62.3,62.75,34167643.0,999802451.0,16491037955.0,0.0020718915991361562
2022-10-27,62.84,64.16,62.84,63.44,25014444.0,735684891.0,16491037955.0,0.0015168507930342703
2022-10-28,63.38,65.0,63.05,63.51,30370106.0,897711109.0,16491037955.0,0.0018416127646344988
2022-10-31,63.83,66.23,60.46,60.63,61252911.0,1777878568.0,16491037955.0,0.0037143150823583195
2022-11-01,61.02,61.93,59.63,61.47,43554495.0,1223282951.0,16491037955.0,0.0026411008887887795
2022-11-02,61.24,63.49,60.59,63.05,26856711.0,773400649.0,16491037955.0,0.0016285640159998042
2022-11-03,63.05,63.72,62.17,62.36,17983436.0,521749366.0,16491037955.0,0.0010904975204758117
2022-11-04,62.3,65.22,62.23,64.33,23132214.0,686842309.0,16491037955.0,0.0014027142538342427
2022-11-07,64.46,66.38,64.07,65.26,30393043.0,918413242.0,16491037955.0,0.0018430036413071855
2022-11-08,65.5,66.19,64.39,64.7,18333859.0,551676842.0,16491037955.0,0.0011117468196985907
2022-11-09,64.57,65.06,63.38,63.61,15847247.0,468234070.0,16491037955.0,0.000960961162253295
2022-11-10,62.97,64.0,60.95,63.7,28802635.0,830689666.0,16491037955.0,0.001746562895470578
2022-11-11,64.57,64.87,63.51,64.57,30361707.0,903632610.0,16491037955.0,0.0018411034576992459
2022-11-14,64.78,65.39,61.45,61.86,52227067.0,1513353155.0,16491037955.0,0.003166996955711027
2022-11-15,61.65,62.25,60.78,61.84,27012936.0,770089819.0,16491037955.0,0.0016380373432958969
2022-11-16,62.19,63.03,61.65,62.38,30808667.0,888083190.0,16491037955.0,0.0018682066637690908
2022-11-17,62.01,62.08,60.85,61.08,29236804.0,828059172.0,16491037955.0,0.0017728904681306337
2022-11-18,61.28,61.71,60.72,61.17,20328941.0,575124426.0,16491037955.0,0.0012327265909806706
2022-11-21,60.57,61.3,60.2,60.54,27231597.0,761511298.0,16491037955.0,0.001651296727004592
2022-11-22,60.59,62.36,60.48,61.8,33248336.0,945306128.0,16491037955.0,0.00201614574478129
2022-11-23,61.84,64.42,61.82,63.46,43335080.0,1271206746.0,16491037955.0,0.002627795783276396
2022-11-24,63.05,64.24,63.01,63.61,20063403.0,590719189.0,16491037955.0,0.001216624633012677
2022-11-25,63.44,65.97,63.27,65.45,46171593.0,1391563852.0,16491037955.0,0.0027997990863880707
2022-11-28,64.63,66.06,64.35,65.69,33093267.0,996500873.0,16491037955.0,0.0020067425161656538
2022-11-29,65.76,66.15,64.67,65.43,28079087.0,849711276.0,16491037955.0,0.001702687670516613
2022-11-30,65.54,67.03,64.87,66.08,34574098.0,1062391518.0,16491037955.0,0.0020965386226351693
2022-12-01,66.77,66.99,64.5,64.59,35307699.0,1066118026.0,16491037955.0,0.002141023451425317
2022-12-02,64.44,65.0,63.29,63.57,23312240.0,688395954.0,16491037955.0,0.0014136308498963733
2022-12-05,64.46,64.78,63.61,64.52,28441195.0,844965608.0,16491037955.0,0.0017246455364185716
2022-12-06,64.05,65.0,63.42,64.78,23075716.0,685767583.0,16491037955.0,0.001399288271785437
2022-12-07,64.89,64.89,62.86,63.25,32302066.0,949230066.0,16491037955.0,0.0019587648811520792
2022-12-08,63.25,63.51,62.43,62.94,20138115.0,586763344.0,16491037955.0,0.0012211550937516473
2022-12-09,62.84,63.16,62.58,62.97,24162887.0,702091436.0,16491037955.0,0.0014652132307217166
2022-12-12,62.75,63.53,61.32,61.5,29719853.0,851559114.0,16491037955.0,0.0018021820749608481
2022-12-13,61.82,62.47,61.17,61.97,21378340.0,611373307.0,16491037955.0,0.00129636109372474
2022-12-14,62.14,62.51,61.58,62.34,16116031.0,463414689.0,16491037955.0,0.000977259954405338
2022-12-15,62.1,62.49,61.0,61.39,20856420.0,591517873.0,16491037955.0,0.0012647123884446847
2022-12-16,61.45,62.19,61.26,61.82,20662778.0,589853104.0,16491037955.0,0.001252970131800294
2022-12-19,61.71,61.86,60.52,60.87,23377140.0,659630992.0,16491037955.0,0.0014175663207974226
2022-12-20,60.87,61.13,60.02,60.37,21838141.0,610585403.0,16491037955.0,0.0013242429651542209
2022-12-21,60.37,60.52,59.87,59.98,17163713.0,477325145.0,16491037955.0,0.0010407903399916709
2022-12-22,60.41,60.76,59.31,59.53,20910266.0,579636596.0,16491037955.0,0.00126797755587362
2022-12-23,59.63,59.92,58.86,59.85,12478723.0,343283939.0,16491037955.0,0.0007566972457434988
2022-12-26,59.83,60.09,59.51,59.85,12394748.0,342719460.0,16491037955.0,0.000751605085975924
2022-12-27,60.11,61.17,59.98,60.72,19523023.0,547763317.0,16491037955.0,0.0011838565318492108
2022-12-28,60.46,61.11,60.37,60.91,18095716.0,508849745.0,16491037955.0,0.0010973060670516174
2022-12-29,60.72,60.76,59.29,59.63,21917900.0,606427632.0,16491037955.0,0.0013290794709107199
2022-12-30,59.7,60.41,59.61,59.74,14694663.0,406600057.0,16491037955.0,0.0008910696246105389
2023-01-03,59.74,60.67,59.48,60.59,24445913.0,679846235.0,16491037955.0,0.0014823756434681008
2023-01-04,60.46,60.67,59.27,59.98,26179337.0,725701494.0,16491037955.0,0.001587488736090293
2023-01-05,59.98,60.09,59.33,59.7,24695435.0,680735838.0,16491037955.0,0.0014975064072611918
2023-01-06,59.68,59.92,59.38,59.74,21111894.0,582250791.0,16491037955.0,0.0012802040755475297
2023-01-09,60.09,60.24,59.48,59.92,21466013.0,595056271.0,16491037955.0,0.0013016774965029787
2023-01-10,59.72,59.94,58.96,59.35,20259195.0,556224440.0,16491037955.0,0.001228497263500477
2023-01-11,59.79,62.49,59.33,62.34,58238662.0,1655413194.0,16491037955.0,0.003531534046487494
2023-01-12,62.08,62.62,61.34,62.3,30072843.0,861980187.0,16491037955.0,0.0018235870344887578
2023-01-13,62.3,63.61,62.27,62.68,26378992.0,764278213.0,16491037955.0,0.001599595615023251
2023-01-16,62.62,62.66,61.6,61.91,38342244.0,1099459839.0,16491037955.0,0.002325035216377925
2023-01-17,61.86,62.19,61.15,61.99,20951104.0,598476113.0,16491037955.0,0.0012704539312304313
2023-01-18,61.86,62.88,61.62,61.67,19040559.0,547437049.0,16491037955.0,0.0011546003988322031
2023-01-19,61.93,62.4,61.17,61.78,19333752.0,550813103.0,16491037955.0,0.0011723793282604207
2023-01-20,61.75,62.4,61.62,62.1,20270931.0,581583730.0,16491037955.0,0.0012292089227685001
2023-01-30,62.19,62.25,60.65,60.69,39011204.0,1101222611.0,16491037955.0,0.0023656002797672296
2023-01-31,61.17,61.75,61.0,61.41,26068112.0,740447824.0,16491037955.0,0.001580744163656253
2023-02-01,61.45,61.45,60.78,61.17,28240552.0,796747886.0,16491037955.0,0.0017124787461566425
2023-02-02,61.17,61.73,60.65,61.62,29619839.0,839113397.0,16491037955.0,0.0017961173263214409
2023-02-03,61.21,61.54,60.89,61.11,24814669.0,701790936.0,16491037955.0,0.0015047366374216801
2023-02-06,60.85,61.17,60.63,60.82,21979318.0,618322532.0,16491037955.0,0.001332803796824443
2023-02-07,60.82,61.26,60.72,60.89,17617857.0,496236471.0,16491037955.0,0.0010683291766154933
2023-02-08,60.95,61.04,60.35,60.37,18896837.0,530012122.0,16491037955.0,0.0011458852409147826
2023-02-09,60.24,60.95,60.2,60.63,16329251.0,457538551.0,16491037955.0,0.0009901894013317127
2023-02-10,60.57,60.63,59.76,59.92,20295148.0,563867951.0,16491037955.0,0.001230677417357263
2023-02-13,59.87,59.92,58.96,59.33,32783927.0,897990536.0,16491037955.0,0.0019879844488539353
2023-02-14,59.48,59.68,58.96,59.53,18337971.0,503701605.0,16491037955.0,0.0011119961672539853
2023-02-15,59.46,59.7,58.77,58.86,27663312.0,755238405.0,16491037955.0,0.0016774754915661705
2023-02-16,59.05,59.27,57.88,58.19,30153837.0,818063658.0,16491037955.0,0.001828498429406471
2023-02-17,58.08,58.88,58.01,58.47,26548324.0,718589879.0,16491037955.0,0.001609863737652164
2023-02-20,58.6,59.85,58.6,59.66,35975711.0,987603052.0,16491037955.0,0.0021815310290455273
2023-02-21,59.59,60.48,59.29,60.33,33204286.0,923662560.0,16491037955.0,0.0020134745969663252
2023-02-22,60.15,60.74,59.87,60.26,28042907.0,782960153.0,16491037955.0,0.0017004937516075227
2023-02-23,61.21,61.56,60.33,60.61,34836587.0,980907559.0,16491037955.0,0.00211245569230151
2023-02-24,60.41,60.57,60.0,60.24,22107696.0,615619342.0,16491037955.0,0.0013405885099729007
2023-02-27,60.24,61.0,60.24,60.48,25809133.0,723212531.0,16491037955.0,0.0015650399368691526
2023-02-28,60.52,60.65,60.13,60.57,18353068.0,512571737.0,16491037955.0,0.0011129116341907054
2023-03-01,60.57,60.95,60.35,60.69,22789283.0,640010104.0,16491037955.0,0.001381919261976497
2023-03-02,60.69,61.58,60.48,60.95,27093063.0,764121834.0,16491037955.0,0.0016428961642032678
2023-03-03,61.21,61.69,60.76,61.56,33567430.0,952450382.0,16491037955.0,0.0020354952848691083
2023-03-06,61.47,61.71,60.57,60.87,32672959.0,920570916.0,16491037955.0,0.0019812554606421073
2023-03-07,60.74,64.39,60.74,62.45,78387766.0,2284645507.0,16491037955.0,0.004753355502176455
2023-03-08,62.08,62.17,61.17,61.6,28454472.0,810190200.0,16491037955.0,0.001725450640380871
2023-03-09,61.69,62.81,61.39,61.75,25048490.0,716849464.0,16491037955.0,0.0015189153083239022
2023-03-10,61.56,61.56,60.72,60.82,25588309.0,721618917.0,16491037955.0,0.0015516493910100882
2023-03-13,60.74,62.9,60.74,62.77,37614860.0,1079845032.0,16491037955.0,0.0022809273802317192
2023-03-14,62.73,63.59,61.88,62.14,29209809.0,844089997.0,16491037955.0,0.001771253518408387
2023-03-15,62.51,62.86,61.93,62.38,24491055.0,706613400.0,16491037955.0,0.0014851130090677183
2023-03-16,61.43,61.86,60.57,60.65,38784225.0,1096094807.0,16491037955.0,0.0023518365008820333
2023-03-17,61.08,62.51,60.91,61.8,32714387.0,934465099.0,16491037955.0,0.00198376761300711
2023-03-20,61.99,63.42,61.41,62.36,43821463.0,1266005305.0,16491037955.0,0.00265728956052239
2023-03-21,62.58,62.68,61.37,61.71,27682247.0,790375005.0,16491037955.0,0.0016786236909731253
2023-03-22,61.86,62.73,61.69,62.45,23402482.0,673626094.0,16491037955.0,0.0014191030342577365
2023-03-23,62.51,63.7,62.34,63.55,41978031.0,1225943161.0,16491037955.0,0.002545505693125427
2023-03-24,63.79,63.81,61.99,62.68,39365989.0,1139537999.0,16491037955.0,0.002387114086294637
2023-03-27,60.35,60.74,59.05,59.87,87835227.0,2431589189.0,16491037955.0,0.005326240060794281
2023-03-28,59.87,60.02,59.05,59.22,46981270.0,1289541729.0,16491037955.0,0.0028488970875090074
2023-03-29,59.44,59.55,58.79,58.99,24936004.0,680795798.0,16491037955.0,0.001512094270114728
2023-03-30,59.01,60.89,58.83,60.85,44305490.0,1230610348.0,16491037955.0,0.002686640472291606
2023-03-31,60.69,61.15,60.46,60.93,19698581.0,554505211.0,16491037955.0,0.001194502192873038
2023-04-03,61.21,61.75,60.31,60.33,29088418.0,819131839.0,16491037955.0,0.0017638924899315107
2023-04-04,60.35,61.19,60.15,61.02,22397803.0,629852626.0,16491037955.0,0.001358180307456578
2023-04-06,61.02,61.02,60.31,60.39,15825436.0,442952382.0,16491037955.0,0.0009596385650911566
2023-04-07,60.35,60.57,59.79,60.0,20404288.0,566445280.0,16491037955.0,0.0012372955574826946
2023-04-10,59.7,59.85,59.35,59.72,19628455.0,540839123.0,16491037955.0,0.0011902498225740091
2023-04-11,59.81,60.0,59.12,59.66,18154784.0,500091251.0,16491037955.0,0.0011008878913225447
2023-04-12,59.81,60.8,59.55,60.24,22675186.0,632170318.0,16491037955.0,0.0013750005343432612
2023-04-13,60.24,61.19,60.09,60.93,26012096.0,731536514.0,16491037955.0,0.0015773474096039699
2023-04-14,60.95,61.73,60.61,61.43,34501891.0,980999098.0,16491037955.0,0.00209216006258352
2023-04-17,61.41,63.07,61.17,62.81,38810310.0,1117778270.0,16491037955.0,0.0023534182691170697
2023-04-18,62.99,63.7,62.64,63.53,31631048.0,926382514.0,16491037955.0,0.0019180750227070834
2023-04-19,63.53,64.05,63.31,63.36,27505808.0,809395521.0,16491037955.0,0.0016679246069929987
2023-04-20,63.07,63.7,62.62,63.27,26302218.0,766926980.0,16491037955.0,0.0015949401166726015
2023-04-21,63.05,63.79,62.79,62.79,24305325.0,710778121.0,16491037955.0,0.001473850528167073
2023-04-24,62.88,63.55,62.21,62.53,22569684.0,653847823.0,16491037955.0,0.0013686029988886773
2023-04-25,62.53,62.94,61.71,62.27,26424430.0,760084715.0,16491037955.0,0.0016023509297659608
2023-04-26,62.4,62.77,61.75,62.06,18068447.0,518930276.0,16491037955.0,0.0010956525022442105
2023-04-27,62.23,62.47,60.8,62.12,30568481.0,868740261.0,16491037955.0,0.0018536420256513805
2023-04-28,61.97,63.07,61.82,62.9,21444005.0,620299256.0,16491037955.0,0.001300342953458444
2023-05-04,62.4,64.26,61.47,63.96,36158924.0,1059445310.0,16491037955.0,0.0021926408815908884
2023-05-05,63.94,65.5,63.61,64.65,31801071.0,947989308.0,16491037955.0,0.0019283850468828783
2023-05-08,64.63,69.48,64.63,68.63,83992266.0,2628118429.0,16491037955.0,0.005093206760495871
2023-05-09,69.2,70.43,68.24,68.53,53570366.0,1713380038.0,16491037955.0,0.0032484532596541464
2023-05-10,68.35,68.78,66.88,67.83,43999672.0,1374344929.0,16491037955.0,0.0026680959755270906
2023-05-11,67.49,67.83,66.47,67.12,25526433.0,791198912.0,16491037955.0,0.0015478972924357689
2023-05-12,67.16,68.03,66.3,66.71,28966046.0,895161625.0,16491037955.0,0.001756471974598642
2023-05-15,66.32,66.99,65.86,66.73,31183760.0,958531066.0,16491037955.0,0.001890951927046244
2023-05-16,66.77,69.46,66.66,67.4,46032027.0,1443869648.0,16491037955.0,0.0027913359441419103
2023-05-17,67.05,67.31,66.15,66.56,27212398.0,837404006.0,16491037955.0,0.0016501325189024465
2023-05-18,66.75,67.49,66.54,66.88,24208030.0,749208127.0,16491037955.0,0.0014679506569603307
2023-05-19,66.75,67.47,66.1,66.9,17656180.0,546351828.0,16491037955.0,0.0010706530448950143
2023-05-22,66.54,67.44,66.51,66.69,23379019.0,723271533.0,16491037955.0,0.0014176802614726625
2023-05-23,66.86,67.53,66.38,66.54,25141900.0,777605491.0,16491037955.0,0.0015245795970275542
2023-05-24,66.41,66.56,64.89,65.3,43386479.0,1313266844.0,16491037955.0,0.0026309125670798323
2023-05-25,65.15,65.48,64.46,65.0,30667899.0,920351791.0,16491037955.0,0.0018596706334486149
2023-05-26,64.65,64.67,63.31,63.38,30056909.0,886922908.0,16491037955.0,0.0018226208127116036
2023-05-29,63.38,64.13,62.17,63.7,31603177.0,921734528.0,16491037955.0,0.001916384953223522
2023-05-30,63.68,63.98,62.73,63.1,18078696.0,529016906.0,16491037955.0,0.0010962739913237924
2023-05-31,62.68,62.68,60.52,61.06,46189600.0,1307457195.0,16491037955.0,0.0028008910128058703
2023-06-01,60.78,61.11,60.35,60.5,28754340.0,807058606.0,16491037955.0,0.0017436343351136263
2023-06-02,60.57,61.21,60.48,61.13,21183032.0,596642753.0,16491037955.0,0.0012845178125114563
2023-06-05,60.8,61.97,60.8,61.78,22054585.0,627467145.0,16491037955.0,0.0013373679122067122
2023-06-06,61.86,64.48,61.32,63.4,40131370.0,1177114969.0,16491037955.0,0.002433526022407363
2023-06-07,63.53,64.16,62.51,63.42,19506589.0,572055577.0,16491037955.0,0.0011828599905735892
2023-06-08,63.57,64.16,63.29,64.03,14315981.0,421970028.0,16491037955.0,0.0008681067279733878
2023-06-09,63.96,64.24,63.42,63.7,14818910.0,436709238.0,16491037955.0,0.0008986038380626601
2023-06-12,63.46,64.89,63.36,64.52,24916076.0,741438471.0,16491037955.0,0.0015108858561838172
2023-06-13,64.35,64.83,63.74,64.07,13682860.0,405571068.0,16491037955.0,0.0008297149055952191
2023-06-14,64.22,65.17,64.22,64.96,23772395.0,713295904.0,16491037955.0,0.001441534187530769
2023-06-15,64.93,65.22,64.0,64.89,20355981.0,609583794.0,16491037955.0,0.0012343662694577796
2023-06-16,65.0,65.71,64.67,64.8,20138508.0,605392548.0,16491037955.0,0.0012211789248774427
2023-06-19,64.8,65.58,64.37,64.5,14650148.0,440239562.0,16491037955.0,0.0008883702796619996
2023-06-20,64.87,64.96,64.16,64.46,15778081.0,470118241.0,16491037955.0,0.0009567670053913232
2023-06-21,64.13,65.11,64.13,64.48,19707351.0,590627939.0,16491037955.0,0.0011950339968761535
2023-06-26,64.2,64.46,63.7,64.22,21037144.0,623423307.0,16491037955.0,0.0012756713105266757
2023-06-27,64.2,65.35,63.85,64.85,23715065.0,710522457.0,16491037955.0,0.001438057753836514
2023-06-28,64.89,65.95,64.89,65.69,26803913.0,811525928.0,16491037955.0,0.0016253623982396565
2023-06-29,65.73,66.15,64.67,65.22,24687860.0,748406993.0,16491037955.0,0.0014970470668594128
2023-06-30,65.19,66.95,65.19,66.51,27039223.0,828519938.0,16491037955.0,0.0016396313606083142
2023-07-03,66.19,67.64,66.19,67.4,34712366.0,1077136569.0,16491037955.0,0.002104923055463309
2023-07-04,67.27,67.88,67.1,67.29,32387108.0,1009506058.0,16491037955.0,0.001963921742729383
2023-07-05,67.34,68.28,67.1,67.98,28096913.0,806090273.0,16491037955.0,0.0017037686212759676
2023-07-06,67.57,68.16,67.32,67.46,14829392.0,425548880.0,16491037955.0,0.0008992394560285275
2023-07-07,67.22,68.21,67.22,67.62,13937582.0,400326570.0,16491037955.0,0.0008451609921723693
2023-07-10,68.07,68.21,67.1,67.46,12527091.0,358918901.0,16491037955.0,0.0007596302327472267
2023-07-11,67.93,67.93,67.06,67.17,11153288.0,318494443.0,16491037955.0,0.0006763241968416172
2023-07-12,67.43,67.46,66.68,66.96,12936160.0,368037301.0,16491037955.0,0.0007844357665842265
2023-07-13,67.15,67.95,66.96,67.57,12767569.0,366427834.0,16491037955.0,0.0007742125774520418
2023-07-14,67.57,68.33,67.57,68.0,11338183.0,327489689.0,16491037955.0,0.0006875360441798219
2023-07-17,66.4,66.4,64.32,65.41,41915949.0,1159864060.0,16491037955.0,0.002541741102917739
2023-07-18,65.62,65.95,65.1,65.57,22103553.0,616255050.0,16491037955.0,0.001340337282608601
2023-07-19,65.05,66.37,65.05,65.88,12292167.0,343890309.0,16491037955.0,0.0007453846770313858
2023-07-20,66.14,66.75,65.38,65.41,11856681.0,331721000.0,16491037955.0,0.0007189772428123673
2023-07-21,65.5,65.83,65.03,65.2,9627480.0,266883790.0,16491037955.0,0.0005838007302069786
2023-07-24,64.32,65.36,64.32,64.98,9404350.0,259563088.0,16491037955.0,0.0005702703508209833
2023-07-25,65.74,66.66,65.45,66.51,19160519.0,539323288.0,16491037955.0,0.001161874652904466
2023-07-26,66.51,67.39,66.51,67.03,11611644.0,330595776.0,16491037955.0,0.0007041184449205277
2023-07-27,67.15,67.46,66.63,66.87,10184756.0,289476123.0,16491037955.0,0.0006175933878626501
2023-07-28,66.92,67.39,66.35,66.94,15063557.0,428117882.0,16491037955.0,0.0009134389867456951
2023-07-31,67.39,68.21,66.59,66.87,17566686.0,500818951.0,16491037955.0,0.001065226218503358
2023-08-01,66.8,67.34,66.68,67.01,9923564.0,282108580.0,16491037955.0,0.0006017549669753337
2023-08-02,67.1,67.1,65.69,65.76,12447362.0,349578443.0,16491037955.0,0.0007547955461606359
2023-08-03,66.09,66.09,65.48,65.71,11599487.0,323588646.0,16491037955.0,0.000703381256634795
2023-08-04,65.97,66.42,65.38,65.5,15493985.0,432716265.0,16491037955.0,0.0009395397089182189
2023-08-07,65.31,65.71,65.15,65.64,11061318.0,307345520.0,16491037955.0,0.000670747228293551
2023-08-08,65.38,66.14,65.2,65.78,9665646.0,269455331.0,16491037955.0,0.0005861150781639808
2023-08-09,65.64,65.95,65.29,65.57,9369500.0,260439638.0,16491037955.0,0.0005681570817778159
2023-08-10,65.5,66.84,65.45,66.26,23348994.0,655888728.0,16491037955.0,0.001415859575589704
2023-08-11,66.14,66.56,64.82,64.82,19820320.0,549017782.0,16491037955.0,0.0012018843237208473
2023-08-14,64.37,64.91,63.97,64.46,14538820.0,396775295.0,16491037955.0,0.0008816194614112753
2023-08-15,64.56,64.96,64.21,64.84,11685755.0,320514824.0,16491037955.0,0.0007086124616223406
2023-08-16,64.68,64.98,64.44,64.56,7724200.0,212093933.0,16491037955.0,0.0004683877401214798
2023-08-17,64.37,64.72,63.97,64.58,8358150.0,228333196.0,16491037955.0,0.0005068298322281073
2023-08-18,64.58,64.94,64.32,64.44,9108638.0,249935244.0,16491037955.0,0.0005523386717594878
2023-08-21,64.72,64.72,63.62,63.64,12570752.0,340339668.0,16491037955.0,0.000762277791992384
2023-08-22,63.66,65.1,63.62,64.84,14491577.0,396568961.0,16491037955.0,0.0008787546932790987
2023-08-23,64.87,66.8,64.87,66.07,30431226.0,854600329.0,16491037955.0,0.0018453190201271354
2023-08-24,66.26,66.77,65.36,65.52,17904917.0,501396429.0,16491037955.0,0.0010857362070755116
2023-08-25,65.57,66.09,65.41,65.71,12750323.0,355523196.0,16491037955.0,0.0007731667973109095
2023-08-28,68.05,68.35,66.77,67.15,38412805.0,1100027323.0,16491037955.0,0.0023293139646406204
2023-08-29,67.39,67.6,66.73,67.01,24199927.0,689740779.0,16491037955.0,0.0014674592991681704
2023-08-30,67.39,67.53,66.54,66.63,15596611.0,442797339.0,16491037955.0,0.0009457628466176191
2023-08-31,67.15,67.15,66.23,66.37,13585107.0,383820641.0,16491037955.0,0.0008237872617278808
2023-09-01,66.7,68.02,66.44,67.74,28142804.0,806173958.0,16491037955.0,0.0017065514054842887
2023-09-04,68.28,70.21,68.12,69.7,43862476.0,1294161458.0,16491037955.0,0.0026597765477036645
2023-09-05,69.27,70.38,68.82,70.12,27530275.0,817427794.0,16491037955.0,0.001669408261330995
2023-09-06,70.03,70.52,69.58,69.93,20223794.0,600269826.0,16491037955.0,0.0012263505823699985
2023-09-07,69.93,70.68,69.44,70.19,30782587.0,918260556.0,16491037955.0,0.001866625198729039
2023-09-08,69.7,70.07,69.06,69.37,14668306.0,431670347.0,16491037955.0,0.0008894713625683363
2023-09-11,69.51,71.39,69.39,70.19,24793600.0,742202361.0,16491037955.0,0.0015034590343952672
2023-09-12,69.98,70.8,69.72,70.24,15067929.0,448370706.0,16491037955.0,0.0009137041004402928
2023-09-13,70.64,71.6,70.26,71.3,23334535.0,704806123.0,16491037955.0,0.0014149827963330281
2023-09-14,71.32,73.94,71.3,73.39,44310290.0,1374254289.0,16491037955.0,0.0026869315394768916
2023-09-15,74.12,74.48,72.95,73.44,34688761.0,1084649679.0,16491037955.0,0.00210349167194067
2023-09-18,73.51,73.75,72.43,73.58,23070577.0,716849937.0,16491037955.0,0.0013989766479801907
2023-09-19,73.63,74.6,73.28,73.94,27777977.0,872238152.0,16491037955.0,0.0016844286621496651
2023-09-20,73.94,74.6,73.25,74.15,20414986.0,642218165.0,16491037955.0,0.0012379442734718998
2023-09-21,73.96,74.31,73.18,73.42,17947320.0,560298351.0,16491037955.0,0.0010883074824625252
2023-09-22,73.77,73.98,72.57,73.63,24111489.0,751841398.0,16491037955.0,0.001462096507557277
2023-09-25,74.12,74.81,73.54,73.87,16895597.0,531322418.0,16491037955.0,0.00102453205468958
2023-09-26,73.87,74.29,73.25,73.42,13074400.0,408130470.0,16491037955.0,0.000792818501520452
2023-09-27,73.7,73.7,72.33,72.71,18173616.0,561252260.0,16491037955.0,0.0011020298449128153
2023-09-28,73.39,73.82,72.38,73.51,21460401.0,669199691.0,16491037955.0,0.001301337190452182
2023-10-09,73.04,74.55,72.85,74.34,20813685.0,653276170.0,16491037955.0,0.0012621209809106889
2023-10-10,74.34,74.34,72.99,73.18,14553459.0,453852331.0,16491037955.0,0.0008825071556873995
2023-10-11,73.63,73.68,71.86,72.71,21111901.0,649138853.0,16491037955.0,0.0012802045000205084
2023-10-12,73.25,73.39,72.05,72.33,10079717.0,310359333.0,16491037955.0,0.000611223928263647
2023-10-13,71.86,72.66,71.65,72.5,9838193.0,301601436.0,16491037955.0,0.0005965781551680383
2023-10-16,72.97,74.17,72.57,74.05,22762030.0,711356591.0,16491037955.0,0.001380266667393041
2023-10-17,73.98,74.55,73.42,74.43,14159555.0,445183134.0,16491037955.0,0.0008586212122389115
2023-10-18,74.24,75.52,73.98,74.45,17889982.0,566673986.0,16491037955.0,0.0010848305636562948
2023-10-19,73.98,74.17,72.83,72.92,14843709.0,461572536.0,16491037955.0,0.0009001076245476387
2023-10-20,73.14,73.42,72.29,72.52,12062799.0,371668740.0,16491037955.0,0.000731476031582513
2023-10-23,72.57,73.04,72.0,72.88,15682217.0,482817173.0,16491037955.0,0.000950953908589194
2023-10-24,72.76,72.95,71.3,72.08,20749811.0,634629093.0,16491037955.0,0.0012582477256204946
2023-10-25,72.76,72.92,71.49,71.53,18599936.0,569314536.0,16491037955.0,0.001127881462085932
2023-10-26,71.79,72.69,71.23,71.98,15235108.0,464767494.0,16491037955.0,0.0009238416673088059
2023-10-27,71.86,72.5,71.46,71.51,13244711.0,405160061.0,16491037955.0,0.000803145989727364
2023-10-30,71.51,71.98,70.0,70.0,24387039.0,729982731.0,16491037955.0,0.0014788055831625791
2023-10-31,69.95,71.86,69.86,71.44,18757968.0,567805834.0,16491037955.0,0.0011374643640494854
2023-11-01,71.18,71.67,70.33,71.37,15332646.0,461401283.0,16491037955.0,0.0009297562737918033
2023-11-02,71.96,72.45,71.39,71.84,12623350.0,385103041.0,16491037955.0,0.000765467281953145
2023-11-03,72.17,72.88,71.34,71.56,13198963.0,402768066.0,16491037955.0,0.0008003718768956044
2023-11-06,71.44,71.79,69.04,69.46,35503709.0,1049911265.0,16491037955.0,0.0021529093012144485
2023-11-07,69.11,70.33,69.11,69.86,15461860.0,458104459.0,16491037955.0,0.000937591681141698
2023-11-08,69.46,70.33,69.39,70.12,16041846.0,476486075.0,16491037955.0,0.0009727614504177521
2023-11-09,70.38,72.57,70.28,72.38,25151414.0,767003696.0,16491037955.0,0.001525156516444389
2023-11-10,72.31,73.56,71.63,73.28,23888049.0,738245240.0,16491037955.0,0.0014485473300822318
2023-11-13,73.37,73.75,72.0,72.88,13875046.0,427541767.0,16491037955.0,0.0008413688718600733
2023-11-14,72.76,73.28,71.98,72.22,11357198.0,348475314.0,16491037955.0,0.0006886890947065315
2023-11-15,72.55,72.88,71.98,72.43,11300867.0,347195209.0,16491037955.0,0.000685273239370214
2023-11-16,72.36,72.73,71.75,72.5,12905634.0,396449012.0,16491037955.0,0.0007825847005638039
2023-11-17,72.33,72.83,71.84,72.57,16333750.0,501373437.0,16491037955.0,0.000990462216178921
2023-11-20,72.64,72.66,71.65,72.38,12786861.0,392275403.0,16491037955.0,0.0007753824249809023
2023-11-21,72.52,73.51,72.29,72.36,16415293.0,507131730.0,16491037955.0,0.000995406901905951
2023-11-22,72.15,72.69,71.82,72.22,11327386.0,347606531.0,16491037955.0,0.0006868813249299201
2023-11-23,72.15,73.11,71.98,72.92,12617696.0,388416922.0,16491037955.0,0.0007651244290644773
2023-11-24,72.73,73.8,72.71,73.16,18318834.0,570483456.0,16491037955.0,0.0011108357187696498
2023-11-27,73.63,74.01,72.9,73.63,17029848.0,531364524.0,16491037955.0,0.001032672900667034
2023-11-28,73.58,73.61,72.43,73.02,14130244.0,437970410.0,16491037955.0,0.0008568438225997643
2023-11-29,73.47,73.68,73.06,73.44,14524691.0,452755812.0,16491037955.0,0.0008807626930235878
2023-11-30,73.16,74.22,73.14,74.2,26636366.0,834688060.0,16491037955.0,0.0016152025162202714
2023-12-01,74.2,74.76,73.72,74.24,27771925.0,873953883.0,16491037955.0,0.0016840616749402176
2023-12-04,74.2,74.97,73.98,74.83,22312985.0,706298406.0,16491037955.0,0.0013530370290145877
2023-12-05,74.64,75.11,73.51,73.7,20470962.0,646469550.0,16491037955.0,0.0012413386019643055
2023-12-06,73.65,73.72,72.55,73.14,17270861.0,534605391.0,16491037955.0,0.0010472876872352089
2023-12-07,73.06,73.06,72.0,72.03,21192939.0,651455763.0,16491037955.0,0.0012851185630540865
2023-12-08,71.98,72.9,71.18,72.05,24118338.0,738170243.0,16491037955.0,0.0014625118240472815
2023-12-11,71.67,73.58,70.85,73.23,35061680.0,1080259144.0,16491037955.0,0.0021261051060384875
2023-12-12,73.02,73.63,72.29,73.63,21496782.0,665856616.0,16491037955.0,0.0013035432977996564
2023-12-13,73.56,73.56,72.38,72.52,16324302.0,503955898.0,16491037955.0,0.0009898892989358837
2023-12-14,72.76,72.92,71.77,72.31,19882184.0,611116974.0,16491037955.0,0.0012056356946272035
2023-12-15,72.33,73.14,71.63,71.65,24209373.0,741405717.0,16491037955.0,0.0014680320951332138
2023-12-18,71.67,72.83,71.11,72.45,24949439.0,764175067.0,16491037955.0,0.001512908955038543
2023-12-19,72.57,73.04,71.98,72.57,17796249.0,547368201.0,16491037955.0,0.0010791466885566332
2023-12-20,72.81,73.87,72.57,73.11,27297628.0,850000678.0,16491037955.0,0.0016553007806111742
2023-12-21,73.09,73.47,71.82,72.5,26707631.0,820883854.0,16491037955.0,0.0016195239543368087
2023-12-22,72.62,74.43,72.52,73.94,32897835.0,1030794699.0,16491037955.0,0.0019948917157167506
2023-12-25,73.89,74.97,73.42,74.83,27806336.0,876124666.0,16491037955.0,0.0016861483234637308
2023-12-26,75.04,76.62,73.65,73.77,38167503.0,1217885549.0,16491037955.0,0.0023144390974145935
2023-12-27,74.22,75.04,73.56,74.57,23625589.0,745730130.0,16491037955.0,0.0014326320189468025
2023-12-28,74.57,75.4,72.73,73.56,37538182.0,1172698912.0,16491037955.0,0.0022762777032247754
2023-12-29,73.23,74.22,73.06,73.87,25745245.0,805664370.0,16491037955.0,0.0015611658326330012
2024-01-02,73.96,76.93,73.91,76.29,42184092.0,1359959600.0,16491037955.0,0.0025580010254727475
2024-01-03,76.27,78.18,76.1,77.71,31978825.0,1050710215.0,16491037955.0,0.0019391638711439736
2024-01-04,77.78,79.17,77.78,78.77,39050803.0,1301177412.0,16491037955.0,0.002368001523406839
2024-01-05,78.53,79.64,77.94,78.81,31655586.0,1060931502.0,16491037955.0,0.0019195629824138622
2024-01-08,78.46,79.66,77.87,79.28,45969032.0,1541399297.0,16491037955.0,0.0027875159905300212
2024-01-09,78.93,80.46,78.27,80.23,29580995.0,999884014.0,16491037955.0,0.001793761865124517
2024-01-10,80.23,81.29,79.03,79.76,24398494.0,827465178.0,16491037955.0,0.0014795002028724637
2024-01-11,79.76,79.76,78.15,78.34,29463357.0,983251642.0,16491037955.0,0.001786628414803136
2024-01-12,78.11,79.38,77.89,79.21,21163491.0,707212658.0,16491037955.0,0.0012833328658723591
2024-01-15,78.93,80.53,78.77,80.2,23839567.0,808029743.0,16491037955.0,0.0014456074302328535
2024-01-16,79.85,81.22,79.69,80.77,21816280.0,746362168.0,16491037955.0,0.0013229173360422358
2024-01-17,80.53,81.66,80.2,80.44,31967604.0,1098217725.0,16491037955.0,0.0019384834409593716
2024-01-18,80.44,81.05,78.22,80.27,46466888.0,1567030067.0,16491037955.0,0.0028177054789878444
2024-01-19,80.13,80.13,77.31,78.34,60297481.0,2003791322.0,16491037955.0,0.0036563787655171883
2024-01-22,78.27,78.91,76.93,77.66,38100918.0,1262454097.0,16491037955.0,0.0023104014498037096
2024-01-23,77.33,79.64,76.93,79.21,29930816.0,993815363.0,16491037955.0,0.0018149746596711413
2024-01-24,79.61,81.76,79.14,81.55,32600623.0,1115547091.0,16491037955.0,0.001976869078159853
2024-01-25,81.95,83.38,81.17,82.75,33269597.0,1161608331.0,16491037955.0,0.0020174349904951146
2024-01-26,82.47,84.73,82.23,84.35,30660100.0,1086920593.0,16491037955.0,0.0018591977099115227
2024-01-29,84.4,84.89,83.64,84.0,25157315.0,899957524.0,16491037955.0,0.0015255143471652995
2024-01-30,84.12,84.82,83.05,84.26,27717552.0,990488153.0,16491037955.0,0.001680764550759898
2024-01-31,83.38,87.63,83.29,87.46,46737348.0,1711930598.0,16491037955.0,0.00283410590209875
2024-02-01,86.82,87.06,84.89,85.53,34954276.0,1273620131.0,16491037955.0,0.0021195922352117346
2024-02-02,85.53,87.88,84.59,87.23,42696282.0,1564773419.0,16491037955.0,0.00258905971331263
2024-02-05,86.73,89.84,86.47,89.84,41335662.0,1557724731.0,16491037955.0,0.002506553081303608
2024-02-06,89.42,90.95,88.14,88.92,43284055.0,1639413859.0,16491037955.0,0.002624701678457813
2024-02-07,88.92,91.09,86.71,90.92,51536462.0,1937181244.0,16491037955.0,0.003125119361233075
2024-02-08,90.22,90.41,88.43,89.7,36272091.0,1375426717.0,16491037955.0,0.002199503214956975
2024-02-19,89.09,94.13,88.38,93.8,40326529.0,1576991694.0,16491037955.0,0.0024453602684101033
2024-02-20,93.68,94.86,92.55,93.68,30985576.0,1232997856.0,16491037955.0,0.0018789342480777767
2024-02-21,93.68,94.32,92.67,93.26,34692133.0,1373552962.0,16491037955.0,0.0021036961466383334
2024-02-22,92.76,96.6,92.53,96.2,41316132.0,1665190976.0,16491037955.0,0.0025053688016934772
2024-02-23,96.37,96.37,93.07,93.89,37105415.0,1486927212.0,16491037955.0,0.0022500351464384218
2024-02-26,92.69,93.54,90.52,90.95,50102990.0,1949242972.0,16491037955.0,0.003038195057019381
2024-02-27,90.48,91.87,90.05,90.9,30242950.0,1163736851.0,16491037955.0,0.0018339021523402952
2024-02-28,90.64,92.41,89.18,91.89,48928559.0,1883380070.0,16491037955.0,0.0029669787392105967
2024-02-29,90.95,91.61,90.05,90.95,37572751.0,1446115660.0,16491037955.0,0.0022783739327098046
2024-03-01,90.36,91.75,89.72,90.43,32051478.0,1231988718.0,16491037955.0,0.0019435694761882562
2024-03-04,90.01,92.13,89.6,91.87,42137234.0,1630718657.0,16491037955.0,0.0025551596033543907
2024-03-05,91.8,93.73,91.42,93.19,38384327.0,1509659255.0,16491037955.0,0.0023275870872859197
2024-03-06,93.19,95.14,92.27,92.88,36900751.0,1466842883.0,16491037955.0,0.0022376245267698193
2024-03-07,92.55,94.6,92.36,94.46,31494276.0,1254567411.0,16491037955.0,0.0019097813058183578
2024-03-08,94.08,94.46,92.27,93.66,30809455.0,1220691587.0,16491037955.0,0.0018682544472986753
2024-03-11,93.07,93.45,90.24,91.18,40288021.0,1562064282.0,16491037955.0,0.0024430251819161494
2024-03-12,90.71,90.95,86.99,87.6,65997701.0,2475861303.0,16491037955.0,0.004002034388623175
2024-03-13,87.56,87.58,85.74,87.34,35628203.0,1313211446.0,16491037955.0,0.0021604584924988126
2024-03-14,87.15,88.43,86.0,88.17,33722920.0,1250571634.0,16491037955.0,0.002044924042502454
2024-03-15,87.77,88.12,85.34,87.91,44778666.0,1654217245.0,16491037955.0,0.002715333390305086
2024-03-18,86.82,87.04,85.72,86.61,38624101.0,1415122016.0,16491037955.0,0.002342126742136893
2024-03-19,86.26,89.77,86.07,87.96,37338641.0,1397185994.0,16491037955.0,0.0022641777371374683
2024-03-20,87.77,89.68,86.85,88.33,28673923.0,1076852462.0,16491037955.0,0.0017387579288971444
2024-03-21,88.12,89.6,86.94,88.76,30620434.0,1151292309.0,16491037955.0,0.0018567924034591187
2024-03-22,88.76,89.75,87.96,89.39,33265084.0,1256819229.0,16491037955.0,0.0020171613267019493
2024-03-25,87.65,92.24,87.23,90.74,51160466.0,1974872584.0,16491037955.0,0.0031023193409416903
2024-03-26,91.87,91.89,88.43,89.6,38554813.0,1462339696.0,16491037955.0,0.002337925187317295
2024-03-27,89.93,92.36,89.68,91.51,32594013.0,1267079522.0,16491037955.0,0.001976468254390116
2024-03-28,91.65,92.22,90.38,91.04,34991740.0,1355151828.0,16491037955.0,0.0021218640145928887
2024-03-29,90.85,92.93,90.5,92.1,23946673.0,935555815.0,16491037955.0,0.0014521022306385203
2024-04-01,92.13,92.15,89.53,90.43,38410759.0,1474998365.0,16491037955.0,0.0023291898972528924
2024-04-02,90.41,92.2,90.03,92.01,32697622.0,1270473623.0,16491037955.0,0.001982751000223503
2024-04-03,92.01,93.66,91.61,93.28,27795306.0,1094833892.0,16491037955.0,0.001685479475327543
2024-04-08,92.74,94.25,91.61,93.26,23025510.0,911287248.0,16491037955.0,0.0013962438303053435
2024-04-09,93.61,94.39,92.34,93.52,19673782.0,778862991.0,16491037955.0,0.0011929984063880593
2024-04-10,93.49,95.61,93.42,94.55,30002489.0,1207440234.0,16491037955.0,0.001819320838498428
2024-04-11,94.25,95.38,93.3,94.25,19469582.0,778950662.0,16491037955.0,0.001180615923214034
2024-04-12,94.01,94.44,93.04,93.61,21525318.0,856917938.0,16491037955.0,0.0013052736922161791
2024-04-15,93.54,97.17,93.47,96.72,33012766.0,1344997868.0,16491037955.0,0.0020018610162734294
2024-04-16,96.72,99.41,96.3,98.25,39246863.0,1633266946.0,16491037955.0,0.0023798904051458175
2024-04-17,98.02,98.94,96.34,98.72,25015767.0,1040330012.0,16491037955.0,0.0015169310184272146
2024-04-18,98.04,99.9,96.77,97.45,26529769.0,1101573769.0,16491037955.0,0.0016087385810640443
2024-04-19,96.79,99.43,96.72,98.7,26154651.0,1092067250.0,16491037955.0,0.0015859918018119679
2024-04-22,98.68,100.3,94.81,94.95,32248938.0,1326480560.0,16491037955.0,0.001955543252522943
2024-04-23,94.03,95.4,91.91,94.01,27856359.0,1105479144.0,16491037955.0,0.0016891816680073852
2024-04-24,94.95,95.31,92.79,93.78,22562994.0,897523875.0,16491037955.0,0.0013681973239991854
2024-04-25,93.59,94.95,92.95,94.15,20235973.0,805516019.0,16491037955.0,0.001227089104713664
2024-04-26,93.66,94.53,93.07,93.19,28337837.0,1124901992.0,16491037955.0,0.0017183780109734153
2024-04-29,93.02,93.02,90.97,91.89,41781253.0,1627219755.0,16491037955.0,0.0025335732725866498
2024-04-30,91.89,94.27,91.68,93.85,29738706.0,1181284333.0,16491037955.0,0.0018033253019700542
2024-05-06,93.52,93.61,91.42,93.19,33779856.0,1327794955.0,16491037955.0,0.0020483765844319167
2024-05-07,93.04,94.22,92.83,94.08,22047370.0,874634657.0,16491037955.0,0.0013369304018438298
2024-05-08,94.27,97.66,94.27,96.96,38193795.0,1563614148.0,16491037955.0,0.002316033417921995
2024-05-09,96.58,97.31,95.68,96.25,26529150.0,1085533596.0,16491037955.0,0.0016087010455249418
2024-05-10,96.23,97.07,95.8,96.53,22703051.0,930336198.0,16491037955.0,0.001376690239992841
2024-05-13,96.04,96.51,94.13,96.08,21847559.0,885569852.0,16491037955.0,0.0013248140632273501
2024-05-14,95.68,95.97,93.42,94.88,26466990.0,1059420515.0,16491037955.0,0.0016049317254754932
2024-05-15,94.25,95.02,93.89,94.65,14442600.0,580030805.0,16491037955.0,0.0008757847771262376
2024-05-16,94.65,94.76,93.19,93.3,21260529.0,845715367.0,16491037955.0,0.0012892171528568893
2024-05-17,93.14,94.06,92.83,93.99,20810624.0,826849055.0,16491037955.0,0.0012619353649410724
2024-05-20,94.01,96.89,93.92,96.44,27194546.0,1102205422.0,16491037955.0,0.0016490499915291718
2024-05-21,96.32,98.96,95.75,98.89,29403082.0,1223226685.0,16491037955.0,0.001782973399262909
2024-05-22,98.72,100.18,98.16,98.35,24271138.0,1021576682.0,16491037955.0,0.0014717774627788732
2024-05-23,98.28,99.27,97.59,98.96,16752780.0,701346230.0,16491037955.0,0.0010158717750643853
2024-05-24,99.15,99.43,97.31,97.33,16586026.0,692441765.0,16491037955.0,0.0010057599797695692
2024-05-27,97.99,101.36,97.83,98.96,25686009.0,1085400983.0,16491037955.0,0.001557573821010589
2024-05-28,98.98,102.28,98.82,101.08,23792715.0,1019209518.0,16491037955.0,0.0014427663719484782
2024-05-29,101.08,102.85,100.37,102.38,21603456.0,936354991.0,16491037955.0,0.0013100119021586473
2024-05-30,101.57,103.34,100.61,101.53,23332714.0,1008183737.0,16491037955.0,0.0014148723727196103
2024-05-31,101.93,102.26,99.74,99.74,20058323.0,861131055.0,16491037955.0,0.0012163165869082495
2024-06-03,100.61,102.68,100.42,102.12,26577489.0,1149105254.0,16491037955.0,0.0016116322739977587
2024-06-04,101.83,101.93,99.74,99.76,33072957.0,1410263846.0,16491037955.0,0.002005510938137914
2024-06-05,99.69,102.26,99.43,100.73,26564584.0,1140452161.0,16491037955.0,0.001610849727742319
2024-06-06,100.77,105.46,100.77,104.05,32650986.0,1436926364.0,16491037955.0,0.0019799230399624654
2024-06-07,104.17,104.59,103.32,104.02,22146552.0,976772116.0,16491037955.0,0.0013429446988377875
2024-06-11,104.05,104.9,101.57,102.35,24360172.0,1061274422.0,16491037955.0,0.0014771763952319398
2024-06-12,101.86,105.67,101.34,105.2,26472574.0,1165577282.0,16491037955.0,0.0016052703336343756
2024-06-13,104.85,105.98,104.07,105.04,18226751.0,811191866.0,16491037955.0,0.00110525189801493
2024-06-14,104.73,106.31,103.67,104.5,28165983.0,1254276607.0,16491037955.0,0.0017079569567942335
2024-06-17,104.19,104.78,102.02,102.59,27547526.0,1203300142.0,16491037955.0,0.0016704543446671122
2024-06-18,102.54,103.04,100.84,102.66,16946544.0,733578404.0,16491037955.0,0.0010276214296664021
2024-06-19,102.26,103.95,101.72,102.35,23464678.0,1020956160.0,16491037955.0,0.001422874537311075
2024-06-20,102.28,105.63,101.76,105.16,35704871.0,1581944072.0,16491037955.0,0.002165107563115787
2024-06-21,104.64,105.27,103.11,103.93,19866304.0,877530033.0,16491037955.0,0.0012046727473558835
2024-06-24,104.35,105.08,103.46,104.26,20110686.0,889964384.0,16491037955.0,0.001219491826704731
2024-06-25,104.47,104.52,102.89,103.51,18014773.0,791410462.0,16491037955.0,0.0010923977647227482
2024-06-26,103.25,104.02,101.43,103.08,18863833.0,820565527.0,16491037955.0,0.0011438839114599564
2024-06-27,102.66,103.65,101.72,102.49,25068964.0,1092496965.0,16491037955.0,0.0015201568311471393
2024-06-28,101.86,105.16,101.79,104.54,22105842.0,974522928.0,16491037955.0,0.001340476085272584
2024-07-01,104.64,108.29,104.61,106.69,20995421.0,949937575.0,16491037955.0,0.0012731412696575775
2024-07-02,106.73,108.1,105.46,107.91,22674028.0,1029197857.0,16491037955.0,0.001374930314384811
2024-07-03,107.44,108.43,105.84,106.62,20169551.0,914594069.0,16491037955.0,0.0012230613412592803
2024-07-04,106.59,107.87,106.59,106.97,16058960.0,730078877.0,16491037955.0,0.0009737992262112891
2024-07-05,106.97,107.63,103.88,106.26,27405677.0,1227117791.0,16491037955.0,0.0016618527635909501
2024-07-08,106.16,108.22,104.92,107.6,25661548.0,1105464938.0,16491037955.0,0.0015560905305065742
2024-07-09,107.4,108.02,105.94,107.65,23794751.0,1029772331.0,16491037955.0,0.0014428898329462369
2024-07-10,106.88,107.16,102.15,103.46,47960407.0,2005410933.0,16491037955.0,0.002908270973050465
2024-07-11,102.52,104.45,101.38,103.39,34006914.0,1411332495.0,16491037955.0,0.0020621451537978707
2024-07-12,103.01,104.25,101.48,102.22,24098086.0,997563762.0,16491037955.0,0.001461283763081364
2024-07-15,101.7,105.27,101.2,105.15,24825023.0,1044852717.0,16491037955.0,0.0015053644935959399
2024-07-16,104.8,105.67,103.91,105.2,20050250.0,846564006.0,16491037955.0,0.0012158270482859974
2024-07-17,105.12,105.59,102.79,103.48,21983510.0,918227284.0,16491037955.0,0.0013330579954995926
2024-07-18,103.93,104.5,102.91,104.3,17205894.0,721006956.0,16491037955.0,0.0010433481535213653
2024-07-19,104.25,104.6,102.89,104.11,22318200.0,933287514.0,16491037955.0,0.001353353261383601
2024-07-22,103.51,103.96,98.97,103.51,39510434.0,1617790893.0,16491037955.0,0.002395873086206841
2024-07-23,102.94,103.81,101.45,101.85,18091660.0,746132806.0,16491037955.0,0.0010970601152800513
2024-07-24,101.6,104.06,101.2,103.58,18227400.0,754743912.0,16491037955.0,0.0011052912527239405
2024-07-25,103.48,103.48,100.91,102.32,21256537.0,873625845.0,16491037955.0,0.001288975081981127
2024-07-26,102.32,102.69,100.36,101.2,18175082.0,742036178.0,16491037955.0,0.0011021187416823213
2024-07-29,100.66,101.97,100.33,101.3,13837592.0,563827676.0,16491037955.0,0.0008390976988688885
2024-07-30,100.91,101.1,98.03,98.72,22295682.0,890684437.0,16491037955.0,0.0013519877924506299
2024-07-31,98.75,99.84,97.76,98.6,25212841.0,1005030834.0,16491037955.0,0.0015288813881090845
2024-08-01,99.19,100.01,97.38,97.76,21150777.0,836924876.0,16491037955.0,0.001282561901665334
2024-08-02,97.23,97.46,95.52,97.01,16902448.0,658011025.0,16491037955.0,0.0010249474924575782
2024-08-05,96.37,96.39,94.83,95.42,22031849.0,848642293.0,16491037955.0,0.0013359892239724095
2024-08-06,95.52,95.99,93.98,94.63,19075806.0,728251590.0,16491037955.0,0.0011567377415571535
2024-08-07,94.63,97.71,94.28,96.44,21032000.0,820639226.0,16491037955.0,0.0012753593835264445
2024-08-08,96.74,97.93,96.39,96.47,14563020.0,569208407.0,16491037955.0,0.0008830869251370904
2024-08-09,96.24,97.48,95.5,96.86,11124510.0,432957504.0,16491037955.0,0.0006745791277878361
2024-08-12,96.29,98.35,95.82,97.48,13093996.0,515315215.0,16491037955.0,0.0007940067833043805
2024-08-13,97.48,98.52,96.29,96.94,12193738.0,477524777.0,16491037955.0,0.0007394160412021197
2024-08-14,96.74,97.73,95.57,97.06,8949140.0,350139529.0,16491037955.0,0.0005426668730264286
2024-08-15,96.74,100.16,96.61,99.69,23436598.0,936591933.0,16491037955.0,0.0014211717942771542
2024-08-16,99.69,100.81,99.39,100.53,13713993.0,554561586.0,16491037955.0,0.000831602779486781
2024-08-19,100.53,102.22,99.86,100.09,13625257.0,554332986.0,16491037955.0,0.000826221917454801
2024-08-20,100.11,100.33,97.83,98.45,14046750.0,558450464.0,16491037955.0,0.000851780830189715
2024-08-21,98.82,99.42,96.99,98.65,12976628.0,512884589.0,16491037955.0,0.0007868897055121719
2024-08-22,98.65,99.39,98.0,99.04,10675390.0,425313918.0,16491037955.0,0.0006473449414846126
2024-08-23,98.75,101.67,98.62,99.91,13291150.0,536768586.0,16491037955.0,0.0008059620041060054
2024-08-26,100.09,100.58,98.75,100.09,11988715.0,481326862.0,16491037955.0,0.0007269836521336173
2024-08-27,100.06,103.66,99.59,103.44,21791457.0,899510043.0,16491037955.0,0.0013214120942213307
2024-08-28,103.01,104.63,101.82,102.72,15814204.0,656182517.0,16491037955.0,0.0009589574678775882
2024-08-29,102.64,102.94,100.36,101.08,12686400.0,518517207.0,16491037955.0,0.0007692905707098653
2024-08-30,100.48,101.77,98.65,100.58,21526502.0,873048968.0,16491037955.0,0.0013053454887885496
2024-09-02,100.48,102.91,99.42,101.9,21124388.0,868256647.0,16491037955.0,0.0012809616991752294
2024-09-03,101.9,103.56,98.72,99.67,19006283.0,768474527.0,16491037955.0,0.001152521936573276
2024-09-04,99.22,99.71,98.1,98.38,13262800.0,527785454.0,16491037955.0,0.0008042428885429123
2024-09-05,98.3,99.37,95.77,96.04,25277785.0,983408032.0,16491037955.0,0.0015328195271259988
2024-09-06,95.99,96.81,94.33,94.36,16940537.0,650242653.0,16491037955.0,0.0010272571712118166
2024-09-09,94.26,94.36,90.83,92.32,26253998.0,974585238.0,16491037955.0,0.0015920161042404198
2024-09-10,92.27,94.83,92.2,92.99,18615520.0,701532451.0,16491037955.0,0.0011288264602141594
2024-09-11,92.27,92.47,89.17,91.13,24270652.0,884397733.0,16491037955.0,0.0014717479922263632
2024-09-12,91.6,93.84,90.76,93.29,24260306.0,903595754.0,16491037955.0,0.0014711206211640787
2024-09-13,93.02,94.73,93.02,93.89,14576499.0,552672160.0,16491037955.0,0.0008839042781767705
2024-09-18,93.32,96.24,93.32,94.85,13342930.0,512107626.0,16491037955.0,0.0008091018913672738
2024-09-19,95.35,95.35,91.9,94.26,23297289.0,876352275.0,16491037955.0,0.0014127242362532056
2024-09-20,94.13,95.94,93.84,95.5,21632796.0,828847491.0,16491037955.0,0.0013117910503287057
2024-09-23,95.08,97.95,94.78,96.99,16307843.0,636217425.0,16491037955.0,0.0009888912416853388
2024-09-24,98.47,102.17,97.36,102.15,34169835.0,1378344625.0,16491037955.0,0.002072024519817437
2024-09-25,104.18,106.41,102.67,103.63,29689657.0,1244481292.0,16491037955.0,0.0018003510198094138
2024-09-26,104.18,106.09,103.01,105.99,28172620.0,1191462496.0,16491037955.0,0.0017083594178168879
2024-09-27,107.92,107.92,102.94,103.71,24452686.0,1027113357.0,16491037955.0,0.0014827863513943384
2024-09-30,104.97,111.55,102.2,108.15,95933756.0,4072673206.0,16491037955.0,0.005817326735999257
2024-10-08,116.83,117.82,101.13,105.27,118468401.0,5132317102.0,16491037955.0,0.007183805005074345
2024-10-09,103.98,105.49,100.01,100.09,58165757.0,2402306538.0,16491037955.0,0.0035271131604159844
2024-10-10,100.46,108.55,100.46,106.54,75539975.0,3219836367.0,16491037955.0,0.004580668312457353
2024-10-11,107.03,109.26,104.18,105.67,51444614.0,2207725230.0,16491037955.0,0.0031195497906426352
2024-10-14,105.17,108.02,103.98,105.84,34966984.0,1493669609.0,16491037955.0,0.0021203628355847782
2024-10-15,105.77,106.61,103.71,103.71,26721364.0,1130038118.0,16491037955.0,0.0016203567096817102
2024-10-16,103.39,104.5,102.37,103.01,21012405.0,874122095.0,16491037955.0,0.0012741711623815131
2024-10-17,103.14,105.35,101.62,101.67,21766350.0,904721688.0,16491037955.0,0.001319889630925296
2024-10-18,101.82,105.17,101.35,104.13,36328052.0,1516227020.0,16491037955.0,0.002202896633864427
2024-10-21,103.98,105.3,101.95,102.49,34904069.0,1451494331.0,16491037955.0,0.0021165477330926438
2024-10-22,102.52,103.36,101.8,102.79,25286520.0,1046469322.0,16491037955.0,0.0015333492087642219
2024-10-23,102.64,103.29,101.4,101.82,29019434.0,1193892613.0,16491037955.0,0.0017597093693669812
2024-10-24,101.82,102.84,101.1,102.42,22810370.0,941357409.0,16491037955.0,0.0013831979565048548
2024-10-25,102.42,102.62,101.23,101.53,19106601.0,783650868.0,16491037955.0,0.0011586051194677515
2024-10-28,102.54,104.18,101.35,101.95,35549328.0,1468390464.0,16491037955.0,0.002155675591615604
2024-10-29,101.77,102.62,100.68,101.65,27675361.0,1134616960.0,16491037955.0,0.0016782061308402343
2024-10-30,101.4,102.24,99.49,100.31,24195808.0,980182026.0,16491037955.0,0.0014672095271397972
2024-10-31,99.99,100.53,97.98,99.32,26452128.0,1057272282.0,16491037955.0,0.0016040305087030528
2024-11-01,99.29,102.79,99.29,101.87,35744209.0,1461539082.0,16491037955.0,0.002167492979977196
2024-11-04,102.0,102.1,99.96,101.08,24267301.0,983277998.0,16491037955.0,0.0014715447909476357
2024-11-05,100.83,101.82,100.29,101.77,23237996.0,947137858.0,16491037955.0,0.001409128768207968
2024-11-06,101.82,102.89,99.81,100.04,33610454.0,1367244038.0,16491037955.0,0.002038104217073218
2024-11-07,100.04,101.28,99.52,101.23,29915784.0,1212736938.0,16491037955.0,0.001814063134269222
2024-11-08,101.23,102.64,98.9,99.69,40189144.0,1626336617.0,16491037955.0,0.002437029379816257
2024-11-11,98.45,98.72,96.81,97.68,33816602.0,1329739611.0,16491037955.0,0.002050604825013272
2024-11-12,97.28,98.38,96.44,96.51,35772296.0,1399425976.0,16491037955.0,0.0021691961474840957
2024-11-13,96.17,98.97,95.92,97.66,35778306.0,1411951434.0,16491037955.0,0.002169560587855672
2024-11-14,97.01,99.47,96.56,98.25,33176988.0,1320144091.0,16491037955.0,0.002011819273628007
2024-11-15,98.18,100.21,97.23,99.57,41347455.0,1652894760.0,16491037955.0,0.0025072681969944568
2024-11-18,99.19,102.94,99.04,102.77,57225124.0,2354747666.0,16491037955.0,0.003470074118812493
2024-11-19,102.77,103.29,100.86,101.97,34989650.0,1439136955.0,16491037955.0,0.0021217372790892954
2024-11-20,101.33,102.29,101.2,101.8,22181812.0,909162370.0,16491037955.0,0.0013450828298696982
2024-11-21,101.6,103.09,101.45,102.17,20264111.0,836026891.0,16491037955.0,0.0012287953648094068
2024-11-22,102.17,102.49,98.72,98.72,27344613.0,1102845127.0,16491037955.0,0.0016581499038821417
2024-11-25,99.67,100.14,97.98,99.49,23738154.0,947580670.0,16491037955.0,0.0014394578476367348
2024-11-26,98.3,99.52,97.11,98.72,18937511.0,754243135.0,16491037955.0,0.0011483516714760967
2024-11-27,98.75,100.88,98.35,100.71,25259747.0,1019940911.0,16491037955.0,0.0015317257208992943
2024-11-28,100.68,101.05,99.67,99.89,15727994.0,635920735.0,16491037955.0,0.0009537297799518648
2024-11-29,100.41,100.66,98.97,99.12,18674429.0,750723710.0,16491037955.0,0.0011323986428845739
2024-12-02,98.72,99.02,96.99,98.25,37189672.0,1464764181.0,16491037955.0,0.0022551444064031322
2024-12-03,97.98,99.81,97.76,99.79,26866838.0,1071787399.0,16491037955.0,0.00162917810712176
2024-12-04,99.17,104.92,98.97,104.43,58311699.0,2421933718.0,16491037955.0,0.0035359629369065993
2024-12-05,104.15,104.8,103.36,103.98,23911350.0,1003548599.0,16491037955.0,0.0014499602793498028
2024-12-06,104.11,105.87,103.93,105.02,26569423.0,1124814716.0,16491037955.0,0.0016111431598484851
2024-12-09,103.93,106.61,102.96,105.42,24503449.0,1039387367.0,16491037955.0,0.0014858645687957244
2024-12-10,107.68,108.3,104.45,105.52,34904684.0,1489367528.0,16491037955.0,0.0021165850260757586
2024-12-11,105.52,107.65,105.25,107.6,29090148.0,1252026891.0,16491037955.0,0.0017639973953962075
2024-12-12,107.33,107.65,105.47,106.93,25901216.0,1114364682.0,16491037955.0,0.0015706237576238724
2024-12-13,106.56,106.98,105.02,105.67,43169576.0,1838751268.0,16491037955.0,0.002617759786727748
2024-12-16,105.05,108.12,105.05,107.78,36796839.0,1592470312.0,16491037955.0,0.002231323407320361
2024-12-17,107.48,109.64,105.97,106.16,29378460.0,1271383300.0,16491037955.0,0.0017814803458803877
2024-12-18,107.11,108.77,106.49,106.81,28246607.0,1223356556.0,16491037955.0,0.0017128459152830808
2024-12-19,105.97,107.53,105.42,105.69,17271439.0,739556626.0,16491037955.0,0.0010473227365754372
2024-12-20,105.67,105.97,101.82,102.54,40108006.0,1664064919.0,16491037955.0,0.002432109252882985
2024-12-23,102.2,104.6,101.65,103.63,33490704.0,1397011568.0,16491037955.0,0.0020308426971903117
2024-12-24,103.44,104.13,102.1,103.53,19596957.0,815761895.0,16491037955.0,0.0011883398154485662
2024-12-25,103.73,107.3,103.53,106.41,28346879.0,1210170702.0,16491037955.0,0.0017189263087836971
2024-12-26,105.87,106.88,104.43,104.5,22177671.0,938499373.0,16491037955.0,0.0013448317237833925
2024-12-27,104.63,105.49,103.39,104.65,18649827.0,785971308.0,16491037955.0,0.0011309068022819914
2024-12-30,105.17,107.38,105.17,106.11,21762071.0,932948660.0,16491037955.0,0.0013196301566574134
2024-12-31,106.41,109.07,105.92,107.85,35871662.0,1563375731.0,16491037955.0,0.0021752216020534893
2025-01-02,107.5,109.12,104.92,105.64,30361375.0,1306206673.0,16491037955.0,0.0018410833255522636
2025-01-03,106.46,106.68,104.11,104.35,24085702.0,1020680626.0,16491037955.0,0.0014605328097433271
2025-01-06,104.68,105.0,102.74,103.71,21589723.0,902132666.0,16491037955.0,0.0013091791468137458
2025-01-07,103.76,103.98,101.15,101.95,21845858.0,898530525.0,16491037955.0,0.0013247109162935645
2025-01-08,101.57,103.06,100.46,101.4,28457714.0,1163425590.0,16491037955.0,0.0017256472320089328
2025-01-09,100.46,100.86,97.98,98.15,40424668.0,1608901506.0,16491037955.0,0.0024513113189302584
2025-01-10,97.98,99.04,96.49,97.18,28488322.0,1119437483.0,16491037955.0,0.001727503270427104
2025-01-13,97.31,98.0,96.14,96.47,24330736.0,950014027.0,16491037955.0,0.0014753914257181757
2025-01-14,97.23,97.53,95.97,97.53,30813871.0,1202030435.0,16491037955.0,0.001868522229109138
2025-01-15,97.18,99.04,96.64,97.26,29639657.0,1165666418.0,16491037955.0,0.0017973190699626888
2025-01-16,97.61,99.02,96.86,98.47,31088895.0,1229326895.0,16491037955.0,0.0018851994086020525
2025-01-17,98.42,99.37,97.9,98.25,25120232.0,998189721.0,16491037955.0,0.0015232656712419774
2025-01-20,98.47,98.47,95.99,96.09,35852623.0,1401060793.0,16491037955.0,0.0021740670961908535
2025-01-21,96.19,96.44,94.51,94.78,25468980.0,976524409.0,16491037955.0,0.001544413400144891
2025-01-22,95.47,95.5,94.03,94.48,23779006.0,905388715.0,16491037955.0,0.001441935071939503
2025-01-23,95.13,96.69,94.68,95.27,25459581.0,983066790.0,16491037955.0,0.0015438434542127035
2025-01-24,95.8,97.73,94.75,96.94,36208147.0,1413648472.0,16491037955.0,0.002195625714936995
2025-01-27,96.99,99.47,96.96,99.22,29457006.0,1172778344.0,16491037955.0,0.001786243296533605
2025-02-05,99.22,99.22,95.27,96.29,34045080.0,1320107665.0,16491037955.0,0.002064459501754873
2025-02-06,96.29,96.61,95.27,96.61,21866873.0,845553760.0,16491037955.0,0.0013259852448141431
2025-02-07,96.24,96.66,95.52,96.47,26659225.0,1033984427.0,16491037955.0,0.0016165886630511972
2025-02-10,95.99,96.37,95.4,95.72,23816230.0,920195362.0,16491037955.0,0.001444192297961393
2025-02-11,95.6,96.66,95.2,95.62,24355584.0,940113918.0,16491037955.0,0.0014768981835140043
2025-02-12,95.65,95.65,94.33,94.8,30660311.0,1172004628.0,16491037955.0,0.0018592105047398758
2025-02-13,94.85,95.37,94.31,94.53,29750047.0,1135577363.0,16491037955.0,0.0018040130088342885
2025-02-14,94.68,94.78,94.06,94.58,28187397.0,1072369567.0,16491037955.0,0.001709255480274589
2025-02-17,94.51,94.51,92.07,92.47,60759882.0,2269830442.0,16491037955.0,0.003684418298338699
2025-02-18,91.78,92.5,90.54,90.81,56134671.0,2069582589.0,16491037955.0,0.0034039501426882746
2025-02-19,90.83,90.86,89.35,89.54,45129839.0,1630796519.0,16491037955.0,0.0027366281687755656
2025-02-20,89.3,90.04,88.63,89.82,34844239.0,1258578036.0,16491037955.0,0.002112919701906053
2025-02-21,89.72,89.89,87.51,87.76,62451008.0,2226711817.0,16491037955.0,0.0037869664826685554
2025-02-24,87.01,89.54,86.27,88.7,64893459.0,2295273685.0,16491037955.0,0.003935074261370227
2025-02-25,88.13,90.76,87.91,88.38,63888678.0,2302146500.0,16491037955.0,0.003874145349391381
2025-02-26,88.38,89.5,87.63,88.16,33014321.0,1173949524.0,16491037955.0,0.0020019553099136626
2025-02-27,87.81,89.0,86.44,88.65,46893208.0,1654587215.0,16491037955.0,0.0028435570961609616
2025-02-28,88.5,89.0,87.91,87.93,35589052.0,1269862723.0,16491037955.0,0.00215808441512983
2025-03-03,88.25,89.1,87.81,88.16,27862063.0,991969536.0,16491037955.0,0.0016895275528458996
2025-03-04,87.81,88.16,87.14,87.68,21458015.0,757174925.0,16491037955.0,0.0013011925058054965
2025-03-05,87.46,88.63,86.84,88.63,32633112.0,1157753346.0,16491037955.0,0.0019788391785312584
2025-03-06,88.53,88.53,87.39,88.03,29250385.0,1037358454.0,16491037955.0,0.0017737140063480014
2025-03-07,88.03,89.74,87.81,89.02,42731841.0,1536048909.0,16491037955.0,0.002591215975404624
2025-03-10,88.8,90.59,88.75,89.54,32106046.0,1160254399.0,16491037955.0,0.001946878424972978
2025-03-11,89.5,90.41,88.8,90.36,31166826.0,1129340405.0,16491037955.0,0.001889925066272155
2025-03-12,90.16,90.16,88.8,89.12,25021551.0,900264076.0,16491037955.0,0.0015172817543854837
2025-03-13,89.15,93.19,89.12,92.32,84155323.0,3114970393.0,16491037955.0,0.0051030943734190195
2025-03-14,92.03,93.02,91.85,92.2,43887907.0,1634471986.0,16491037955.0,0.002661318658034706
2025-03-17,92.17,92.92,91.78,91.85,28785645.0,1068129158.0,16491037955.0,0.0017455326389126608
2025-03-18,91.73,91.73,90.76,90.98,24126961.0,886235514.0,16491037955.0,0.0014630347141178477
2025-03-19,90.98,91.55,90.59,90.98,20882110.0,767221822.0,16491037955.0,0.0012662702042759322
2025-03-20,91.23,92.15,91.03,91.16,22858993.0,842745919.0,16491037955.0,0.001386146406452801
2025-03-21,90.83,92.15,90.83,90.83,29294231.0,1079586881.0,16491037955.0,0.0017763727838075916
2025-03-24,91.53,92.97,90.96,92.07,41665708.0,1544405604.0,16491037955.0,0.0025265667396858526
2025-03-25,92.07,94.51,91.7,93.64,58279682.0,2200409006.0,16491037955.0,0.0035340214581417472
2025-03-26,93.66,94.58,92.89,94.33,36848469.0,1394470415.0,16491037955.0,0.0022344541987320892
2025-03-27,94.11,94.93,93.74,94.21,23202680.0,881573785.0,16491037955.0,0.0014069872413922293
2025-03-28,93.98,94.23,93.27,93.84,18915606.0,714429528.0,16491037955.0,0.0011470233742482464
2025-03-31,93.56,95.18,93.36,95.13,35510316.0,1357153702.0,16491037955.0,0.002153309943067195
2025-04-01,94.98,96.14,94.88,95.87,23504026.0,905765298.0,16491037955.0,0.0014252605605624537
2025-04-02,96.09,96.09,95.03,95.87,19421142.0,748315610.0,16491037955.0,0.0011776785702025266
2025-04-03,94.8,96.81,94.78,96.64,24685855.0,957488778.0,16491037955.0,0.0014969254856705592
2025-04-07,94.31,95.45,91.28,92.62,71366078.0,2684873022.0,16491037955.0,0.004327567385069426
2025-04-08,93.64,97.18,92.72,97.18,64116748.0,2457862920.0,16491037955.0,0.003887975285422233
2025-04-09,96.42,98.4,95.25,97.88,63588646.0,2469482498.0,16491037955.0,0.0038559517098631286
2025-04-10,97.31,97.31,94.36,96.71,47185190.0,1823708647.0,16491037955.0,0.002861262591763891
2025-04-11,96.44,96.47,93.79,94.31,38592757.0,1470833236.0,16491037955.0,0.002340226073416978
2025-04-14,94.21,96.02,93.41,95.75,32344371.0,1238152682.0,16491037955.0,0.001961330213917393
2025-04-15,95.1,96.39,95.08,95.75,24579300.0,947572629.0,16491037955.0,0.0014904640973522033
2025-04-16,95.72,97.88,95.0,97.88,41901417.0,1630151246.0,16491037955.0,0.002540859897014287
2025-04-17,97.51,97.51,96.44,97.43,19005768.0,742397105.0,16491037955.0,0.0011524907074898548
2025-04-18,96.84,98.0,96.32,97.23,22023137.0,863447709.0,16491037955.0,0.001335460937031116
2025-04-21,97.09,97.8,96.14,96.54,20496036.0,797965740.0,16491037955.0,0.0012428590641734413
2025-04-22,96.22,97.01,95.85,95.85,17289168.0,670997226.0,16491037955.0,0.0010483978053520888
2025-04-23,95.77,96.14,95.25,95.6,18606625.0,717240301.0,16491037955.0,0.001128287076336427
2025-04-24,95.5,96.79,95.37,96.59,23694561.0,921343274.0,16491037955.0,0.001436814411843369
2025-04-25,96.27,96.37,95.25,95.94,24743468.0,954072787.0,16491037955.0,0.0015004190802009466
2025-04-28,94.16,95.08,92.0,94.26,46487659.0,1756521483.0,16491037955.0,0.002818965011593171
2025-04-29,93.89,94.95,93.61,94.93,21136799.0,804322898.0,16491037955.0,0.0012817142897661835
2025-04-30,94.75,95.7,93.64,95.0,22259772.0,850773300.0,16491037955.0,0.0013498102460707119
2025-05-06,95.5,95.5,94.03,95.13,21263342.0,812258210.0,16491037955.0,0.0012893877303552662
2025-05-07,97.61,97.61,94.75,96.19,22750087.0,875910398.0,16491037955.0,0.0013795424558526522
2025-05-08,95.45,96.47,95.27,95.62,16193843.0,626316152.0,16491037955.0,0.0009819783960348055
2025-05-09,95.47,96.99,95.45,96.34,22571597.0,875977056.0,16491037955.0,0.0013687190012898129
2025-05-12,96.37,96.47,95.3,95.65,27826756.0,1073554699.0,16491037955.0,0.0016873865717811332
2025-05-13,95.8,97.38,95.2,96.86,28884456.0,1126782795.0,16491037955.0,0.0017515244388387559
2025-05-14,96.99,97.85,96.64,97.43,20527086.0,805186419.0,16491037955.0,0.0012447419050282576
2025-05-15,97.61,99.39,97.58,99.37,34084006.0,1359819546.0,16491037955.0,0.0020668199353495453
2025-05-16,99.09,99.69,97.51,97.88,25146731.0,994118999.0,16491037955.0,0.0015248725440217448
2025-05-19,97.88,98.92,97.16,97.18,17507387.0,689936232.0,16491037955.0,0.001061630386624139
2025-05-20,97.28,97.85,96.81,97.11,14698330.0,575887365.0,16491037955.0,0.0008912919878122978
2025-05-21,97.31,100.21,97.28,99.47,33194093.0,1328730366.0,16491037955.0,0.002012856503670572
2025-05-22,99.12,100.58,98.97,100.21,19492682.0,786068729.0,16491037955.0,0.001182016684043221
2025-05-23,99.91,100.53,98.05,98.47,22959490.0,916144206.0,16491037955.0,0.0013922404437277278
2025-05-26,98.47,99.32,97.83,98.3,18496005.0,733127770.0,16491037955.0,0.0011215791904955325
2025-05-27,98.5,99.34,98.03,98.03,16651560.0,661419061.0,16491037955.0,0.001009733895794675
2025-05-28,98.05,99.54,97.48,98.75,14828206.0,590798344.0,16491037955.0,0.0008991675381781631
2025-05-29,98.77,99.14,98.3,98.7,15821304.0,630106328.0,16491037955.0,0.0009593880047558232
2025-05-30,98.67,99.79,98.13,98.13,16610343.0,660174182.0,16491037955.0,0.0010072345382580257
2025-06-03,97.33,97.98,96.51,97.16,27980401.0,1095507472.0,16491037955.0,0.0016967034504651347
2025-06-04,97.33,97.53,96.51,97.46,21502090.0,841968316.0,16491037955.0,0.0013038651695953846
2025-06-05,97.56,99.14,97.33,97.48,18565420.0,732774822.0,16491037955.0,0.0011257884464677408
2025-06-06,97.51,98.4,97.04,98.08,21129491.0,833829964.0,16491037955.0,0.0012812711399765862
2025-06-09,97.98,98.5,97.36,97.98,18201492.0,719786040.0,16491037955.0,0.0011037202175913615
2025-06-10,98.23,98.57,97.73,98.35,22756495.0,901657095.0,16491037955.0,0.0013799310305450086
2025-06-11,98.2,99.04,98.1,98.47,20801594.0,827764298.0,16491037955.0,0.0012613877947987538
2025-06-12,98.6,99.04,96.69,96.79,32784031.0,1286820127.0,16491037955.0,0.0019879907553096163
2025-06-13,97.28,97.66,96.66,97.38,27729170.0,1086130600.0,16491037955.0,0.001681469054626283
2025-06-16,97.36,97.36,96.02,96.84,23671019.0,922102922.0,16491037955.0,0.0014353868485775369
2025-06-17,96.84,98.15,96.14,97.98,25043632.0,984055150.0,16491037955.0,0.0015186207240767944
2025-06-18,98.05,98.6,97.11,97.28,18377231.0,723996634.0,16491037955.0,0.0011143768542736339
2025-06-19,96.96,97.88,96.07,97.71,29121190.0,1139920920.0,16491037955.0,0.0017658797511390482
2025-06-20,97.68,98.4,97.36,97.83,20968021.0,827752037.0,16491037955.0,0.0012714797611415721
2025-06-23,97.95,99.17,97.23,98.85,21287073.0,844252964.0,16491037955.0,0.0012908267543915188
2025-06-24,98.72,99.24,98.42,98.85,24485398.0,976116520.0,16491037955.0,0.0014847699742620596
2025-06-25,98.87,99.71,98.3,99.59,21616931.0,863286347.0,16491037955.0,0.0013108290126423398
2025-06-26,99.59,99.96,98.82,99.32,24562919.0,984808365.0,16491037955.0,0.0014894707699434193
2025-06-27,99.17,99.67,98.7,99.04,24365811.0,974042899.0,16491037955.0,0.0014775183385356534
2025-06-30,99.04,100.98,98.95,100.56,29214530.0,1181464586.0,16491037955.0,0.0017715397951129147
2025-07-01,100.58,101.82,99.96,101.55,20036948.0,817942204.0,16491037955.0,0.0012150204283487747
2025-07-02,101.55,103.06,101.23,103.04,22333524.0,921491575.0,16491037955.0,0.0013542824933726254
2025-07-03,103.41,103.44,100.04,100.21,28602253.0,1164946847.0,16491037955.0,0.0017344119319868487
2025-07-04,100.21,102.15,100.21,101.82,30294093.0,1239186160.0,16491037955.0,0.0018370034125605164
2025-07-07,101.82,101.82,98.62,98.96,46156722.0,1747099980.0,16491037955.0,0.002798897323864658
2025-07-08,99.09,99.36,98.44,99.01,20188668.0,760340830.0,16491037955.0,0.0012242205769636772
2025-07-09,99.01,99.57,98.44,98.44,20920104.0,789780606.0,16491037955.0,0.0012685741223254616
2025-07-10,98.8,99.04,98.2,98.33,23544664.0,883459955.0,16491037955.0,0.0014277248081198779
2025-07-11,98.33,99.15,96.6,96.6,43379798.0,1623150189.0,16491037955.0,0.002630507437941313
2025-07-14,97.28,99.7,97.28,98.23,51491446.0,1935504599.0,16491037955.0,0.003122389636147072
2025-07-15,98.36,99.59,97.78,98.36,26227333.0,985634734.0,16491037955.0,0.0015903991653871614
2025-07-16,98.38,98.57,97.65,97.86,15148200.0,565107199.0,16491037955.0,0.0009185716533632221
2025-07-17,97.83,98.02,97.05,97.47,17218477.0,638485726.0,16491037955.0,0.001044111174019792
2025-07-18,97.75,98.65,97.73,98.17,20778801.0,777848796.0,16491037955.0,0.0012600056501416257
2025-07-21,98.46,99.33,98.1,99.15,25712961.0,968061429.0,16491037955.0,0.0015592081632559676
2025-07-22,99.15,104.97,98.65,103.63,74518614.0,2906302112.0,16491037955.0,0.004518734005909333
2025-07-23,104.16,105.47,101.61,101.9,50939959.0,1995344450.0,16491037955.0,0.003088948017644654
2025-07-24,101.93,102.85,100.64,101.9,39150400.0,1517493069.0,16491037955.0,0.0023740409855845246
2025-07-25,101.9,102.14,100.69,100.88,23430400.0,904600324.0,16491037955.0,0.0014207959537741541
2025-07-28,100.35,100.38,99.07,99.22,29503406.0,1118787530.0,16491037955.0,0.001789056945991366
2025-07-29,98.96,99.67,98.91,99.28,17872893.0,676319147.0,16491037955.0,0.001083794303837681
2025-07-30,99.78,102.11,99.43,101.06,32979667.0,1268638025.0,16491037955.0,0.0019998539261138946
2025-07-31,100.48,100.54,98.7,100.17,35149739.0,1332065432.0,16491037955.0,0.002131444915469543
2025-08-01,100.2,100.85,98.54,98.59,24439794.0,923649291.0,16491037955.0,0.0014820045934458587
2025-08-18,108.46,108.46,102.4,102.98,126535324.0,5028382365.0,16491037955.0,0.007672975124142209
2025-08-19,102.77,102.98,100.43,100.46,69450935.0,2674812524.0,16491037955.0,0.004211435034563293
2025-08-20,100.22,101.43,99.8,101.4,42103498.0,1612549400.0,16491037955.0,0.0025531138861538084
2025-08-21,101.32,101.32,100.38,100.9,31827749.0,1222728964.0,16491037955.0,0.0019300027740430969
2025-08-22,100.9,101.06,100.14,101.06,34603245.0,1326898953.0,16491037955.0,0.0020983060674788193
2025-08-25,101.25,102.87,101.25,102.64,41922544.0,1630045374.0,16491037955.0,0.0025421410171025225
2025-08-26,102.72,102.87,101.88,101.93,27536173.0,1071753634.0,16491037955.0,0.0016697659101349148
2025-08-27,101.77,101.77,100.3,100.35,31391733.0,1207236969.0,16491037955.0,0.001903563201155703
2025-08-28,100.04,100.17,98.78,99.49,30321880.0,1149969932.0,16491037955.0,0.0018386883883683353
2025-08-29,99.49,100.54,98.33,98.36,51055468.0,1930260088.0,16491037955.0,0.0030959523675415613
2025-09-01,98.7,100.75,98.36,99.49,46962473.0,1785289938.0,16491037955.0,0.0028477572562836295
2025-09-02,99.49,100.67,98.86,100.17,42572666.0,1617629553.0,16491037955.0,0.0025815637630675747
2025-09-03,100.2,100.41,98.73,99.17,28124216.0,1062806332.0,16491037955.0,0.0017054242478092702
2025-09-04,98.91,100.75,97.75,100.2,47747580.0,1803494868.0,16491037955.0,0.002895365357249886
2025-09-05,99.75,100.38,99.2,100.17,25457068.0,968508527.0,16491037955.0,0.0015436910684134071
2025-09-08,100.17,100.54,99.43,99.88,31208503.0,1189085247.0,16491037955.0,0.0018924523177473943
2025-09-09,100.14,100.46,99.57,100.12,22152992.0,844183914.0,16491037955.0,0.0013433352139780458
2025-09-10,100.01,101.19,99.59,100.2,29549166.0,1130331406.0,16491037955.0,0.0017918317864910886
2025-09-11,100.27,100.59,99.83,100.48,28099182.0,1071827036.0,16491037955.0,0.0017039062111600118
2025-09-12,100.59,100.85,98.83,99.12,44731893.0,1699838451.0,16491037955.0,0.0027124971225014685
2025-09-15,99.09,100.38,98.91,100.25,33699567.0,1282257747.0,16491037955.0,0.0020435079400070427
2025-09-16,100.54,101.8,100.54,100.83,42723298.0,1647981051.0,16491037955.0,0.0025906979364538124
2025-09-17,100.62,102.72,100.54,102.32,45927949.0,1784030068.0,16491037955.0,0.002785024758618961
2025-09-18,102.24,102.3,100.06,100.48,34589290.0,1329974267.0,16491037955.0,0.002097459850276598
2025-09-19,100.46,101.98,100.04,101.32,35024415.0,1351081931.0,16491037955.0,0.0021238453938177233
2025-09-22,101.67,102.32,100.54,101.09,27109297.0,1046656896.0,16491037955.0,0.0016438805776795024
2025-09-23,100.69,102.27,100.2,102.01,33017401.0,1278886215.0,16491037955.0,0.002002142078024221
2025-09-24,101.67,102.79,101.46,102.24,28500609.0,1107910688.0,16491037955.0,0.0017282483417824382
2025-09-25,102.19,102.19,100.93,101.64,19818486.0,765400736.0,16491037955.0,0.0012017731118004694
2025-09-26,101.85,102.14,101.11,101.74,21539186.0,834648041.0,16491037955.0,0.001306114633825667
2025-09-29,101.27,101.72,99.75,100.67,32027805.0,1226530388.0,16491037955.0,0.0019421339692138257
2025-09-30,100.62,101.32,99.83,101.06,23886334.0,915672364.0,16491037955.0,0.0014484433342024892
2025-10-09,100.48,103.58,100.46,103.53,43382921.0,1688660954.0,16491037955.0,0.0026306968135287397
2025-10-10,103.5,105.1,102.37,104.4,39260957.0,1560433513.0,16491037955.0,0.002380745051168612
2025-10-13,103.58,105.52,102.69,104.87,44111732.0,1750804534.0,16491037955.0,0.002674891181523571
2025-10-14,104.74,107.31,104.16,106.71,47524637.0,1923644186.0,16491037955.0,0.002881846317356317
2025-10-15,106.68,107.94,105.89,107.26,37953731.0,1544796029.0,16491037955.0,0.002301476177761911
2025-10-16,106.97,110.54,106.57,110.28,48524335.0,2024896057.0,16491037955.0,0.002942467001313745
2025-10-17,110.17,111.98,109.33,109.99,45477045.0,1916397491.0,16491037955.0,0.0027576823923452063
2025-10-20,109.7,111.43,109.15,110.85,37973394.0,1597037338.0,16491037955.0,0.002302668522358634
2025-10-21,110.85,110.85,107.76,109.72,45736306.0,1898394137.0,16491037955.0,0.002773403719329442
2025-10-22,109.72,110.75,109.28,110.62,27413031.0,1149319234.0,16491037955.0,0.0016622987027744064
2025-10-23,110.2,111.82,110.2,110.83,25763279.0,1089610665.0,16491037955.0,0.001562259396303718
2025-10-24,111.01,112.09,110.28,111.56,27432283.0,1163307461.0,16491037955.0,0.0016634661247433894
2025-10-27,110.25,112.66,107.97,112.06,34529883.0,1461782123.0,16491037955.0,0.00209385746938571
2025-10-28,112.06,113.06,111.3,111.8,21464184.0,917128079.0,16491037955.0,0.0013015665877775854
2025-10-29,111.51,111.56,110.12,110.62,21904041.0,922805591.0,16491037955.0,0.0013282390750522046
2025-10-30,111.06,115.0,110.77,112.98,38578085.0,1661979795.0,16491037955.0,0.002339336378053955
2025-10-31,113.53,114.08,110.93,111.59,22777308.0,968315697.0,16491037955.0,0.0013811931099882062
2025-11-03,112.35,115.37,111.98,113.98,27729157.0,1203000005.0,16491037955.0,0.0016814682663193227
2025-11-04,114.19,115.37,113.74,114.24,22824364.0,995835142.0,16491037955.0,0.0013840465386279561
2025-11-05,113.92,115.68,113.87,114.4,24574559.0,1074978949.0,16491037955.0,0.0014901766078677368
2025-11-06,114.4,116.52,113.87,115.47,28412845.0,1248884303.0,16491037955.0,0.0017229264208554786
2025-11-07,115.39,115.81,114.08,114.79,23188978.0,1014468128.0,16491037955.0,0.0014061563658562327
2025-11-10,115.19,116.78,114.15,115.86,22156337.0,955100795.0,16491037955.0,0.0013435380514227916
2025-11-11,115.81,116.03,113.74,114.92,20993749.0,897101265.0,16491037955.0,0.001273039881254703
2025-11-12,114.82,116.13,114.39,114.39,19841174.0,850914145.0,16491037955.0,0.0012031488893629195
2025-11-13,114.63,115.06,112.83,114.44,21778201.0,923181799.0,16491037955.0,0.0013206082636779669
2025-11-14,114.82,115.62,112.91,113.02,16836712.0,714090566.0,16491037955.0,0.001020961327355092
2025-11-17,112.94,114.76,111.49,113.85,23133692.0,977566052.0,16491037955.0,0.0014028038782717119
2025-11-18,113.42,114.33,112.37,112.53,17641789.0,741974355.0,16491037955.0,0.00106978038909013
2025-11-19,112.37,114.82,111.86,114.17,17667643.0,747910896.0,16491037955.0,0.0010713481497168745
2025-11-20,113.61,114.95,112.53,112.78,14072990.0,596299022.0,16491037955.0,0.0008533719974692764
2025-11-21,114.12,114.25,111.68,112.96,27943464.0,1172720173.0,16491037955.0,0.001694463627835365
2025-11-24,113.53,113.69,110.41,110.63,29288946.0,1214264561.0,16491037955.0,0.0017760523067087927
2025-11-25,111.43,111.57,109.96,110.63,21454000.0,883206236.0,16491037955.0,0.0013009490402328045
2025-11-26,110.66,111.41,110.06,110.09,16604862.0,683326469.0,16491037955.0,0.0010069021759158275
2025-11-27,110.12,111.3,109.53,111.3,14056150.0,579667183.0,16491037955.0,0.0008523508367608994
2025-11-28,110.84,111.14,110.36,110.47,14193374.0,584888907.0,16491037955.0,0.0008606719624762395
2025-12-01,110.47,111.08,109.82,111.0,17565207.0,722749161.0,16491037955.0,0.0010651365334268918
2025-12-02,111.17,112.11,110.2,111.7,19433672.0,806183848.0,16491037955.0,0.001178438376834116
2025-12-03,111.38,112.56,110.9,111.81,16748056.0,697925221.0,16491037955.0,0.0010155853164428668
2025-12-04,111.7,113.37,111.46,112.11,16704309.0,698801376.0,16491037955.0,0.001012932542243973
2025-12-05,111.7,112.11,110.92,111.51,13909697.0,577648201.0,16491037955.0,0.0008434700737428507
2025-12-08,111.41,111.41,108.96,109.82,23739750.0,970491432.0,16491037955.0,0.0014395546274758421
2025-12-09,110.09,110.44,108.48,108.7,16238526.0,660775764.0,16491037955.0,0.00098468792833483
2025-12-10,108.67,108.67,107.46,107.89,16846060.0,677856777.0,16491037955.0,0.0010215281806984357
2025-12-11,108.67,109.21,107.51,108.24,17334377.0,698017620.0,16491037955.0,0.0010511392337645008
2025-12-12,107.86,108.18,106.95,107.41,26275821.0,1050510159.0,16491037955.0,0.0015933394290705216
2025-12-15,107.41,108.1,107.11,107.16,17097856.0,685317800.0,16491037955.0,0.0010367968375705554
2025-12-16,107.14,107.97,106.12,107.86,23011273.0,918514585.0,16491037955.0,0.001395380512905987
2025-12-17,107.84,108.08,107.25,107.41,20312905.0,814797178.0,16491037955.0,0.001231754184025829
2025-12-18,107.94,109.9,107.41,109.63,20351584.0,823223056.0,16491037955.0,0.0012340996397882586
2025-12-19,109.23,109.72,108.56,108.99,16198407.0,658830999.0,16491037955.0,0.0009822551524168146
2025-12-22,110.57,110.76,107.49,109.77,40200622.0,1633824893.0,16491037955.0,0.002437725394223071
2025-12-23,109.74,111.33,109.66,110.49,22868985.0,941327811.0,16491037955.0,0.0013867523113101706
2025-12-24,110.36,110.44,107.73,108.08,25981761.0,1048567867.0,16491037955.0,0.0015755079256319618
2025-12-25,108.08,108.35,107.43,107.76,13208802.0,530881888.0,16491037955.0,0.000800968503986443
2025-12-26,107.54,108.08,107.43,107.59,16596912.0,665622386.0,16491037955.0,0.0010064200958901984
2025-12-29,107.59,109.15,107.43,107.94,24073766.0,970416650.0,16491037955.0,0.0014598090226759168
2025-12-30,107.97,108.72,107.41,108.61,23746836.0,954601159.0,16491037955.0,0.00143998431540812
2025-12-31,108.35,108.88,107.84,108.75,19453115.0,786126821.0,16491037955.0,0.0011796173808515135
2026-01-05,108.78,109.42,108.0,108.1,28383600.0,1146805091.0,16491037955.0,0.001721153033390129
2026-01-06,108.21,110.15,107.59,109.5,36700809.0,1489725093.0,16491037955.0,0.002225500244444741
2026-01-07,110.09,110.95,108.05,110.79,41432171.0,1692823040.0,16491037955.0,0.00251240529025876
2026-01-08,110.79,111.86,110.52,111.3,34492552.0,1427477420.0,16491037955.0,0.0020915937549911483
2026-01-09,111.17,114.25,110.68,113.98,36814026.0,1551084763.0,16491037955.0,0.0022323656097606743
2026-01-12,113.98,114.25,111.92,112.4,26094999.0,1092988458.0,16491037955.0,0.001582374564366831
2026-01-13,112.62,113.66,111.97,112.51,22288873.0,934755539.0,16491037955.0,0.001351574901520503
2026-01-14,112.78,112.78,111.11,112.08,27342320.0,1138991018.0,16491037955.0,0.0016580108586621708
2026-01-15,111.7,113.05,111.38,111.6,23255920.0,971142926.0,16491037955.0,0.001410215661589022
2026-01-16,111.65,112.78,109.18,110.09,30387097.0,1253506703.0,16491037955.0,0.0018426430818314129
2026-01-19,109.18,110.9,108.78,109.29,22774227.0,929317176.0,16491037955.0,0.001381006281238651
2026-01-20,109.37,110.06,108.78,109.69,19819930.0,807982884.0,16491037955.0,0.001201860674512043
2026-01-21,110.04,110.04,107.41,107.62,32067722.0,1291860035.0,16491037955.0,0.0019445544960544601
2026-01-22,107.67,109.69,107.41,109.15,31714973.0,1284549553.0,16491037955.0,0.0019231641505248116
2026-01-23,109.53,109.55,107.03,107.41,33743193.0,1355934686.0,16491037955.0,0.002046153376887307
2026-01-26,107.41,113.31,106.87,111.84,68574610.0,2827767154.0,16491037955.0,0.0041582955655746654
2026-01-27,111.86,113.23,108.78,109.15,37479207.0,1546852544.0,16491037955.0,0.0022727015183805635
2026-01-28,109.55,112.35,108.37,110.57,65193036.0,2685518770.0,16491037955.0,0.003953240310154874
2026-01-29,110.9,111.81,108.8,111.11,44464359.0,1824120724.0,16491037955.0,0.0026962741290955934
2026-01-30,111.08,114.01,110.57,112.59,44267066.0,1855716327.0,16491037955.0,0.0026843104794733947
2026-02-02,111.84,111.84,107.46,107.97,43835204.0,1778786373.0,16491037955.0,0.0026581228009792666
2026-02-03,108.08,108.7,106.12,106.33,38860258.0,1547002879.0,16491037955.0,0.0023564470657359542
2026-02-04,106.47,114.39,106.47,113.9,88248310.0,3670432663.0,16491037955.0,0.005351288999564976
2026-02-05,112.51,113.72,110.57,112.4,36101377.0,1504631974.0,16491037955.0,0.0021891512892342987
2026-02-06,111.25,113.29,110.23,111.89,25180416.0,1049011762.0,16491037955.0,0.0015269151686334835
2026-02-09,112.43,113.96,111.65,113.34,24141492.0,1015416640.0,16491037955.0,0.0014639158593823028
2026-02-10,113.34,114.39,112.83,114.07,21325203.0,903818687.0,16491037955.0,0.0012931389193446313
2026-02-11,114.58,115.41,113.13,115.09,19087988.0,814420690.0,16491037955.0,0.0011574764458178097
2026-02-12,115.06,115.65,113.85,114.28,22467106.0,958721212.0,16491037955.0,0.00136238277186113
2026-02-13,114.28,114.33,110.39,111.3,31472002.0,1308791174.0,16491037955.0,0.0019084306328006387
2026-02-24,112.05,114.63,112.05,114.17,25499964.0,1078831282.0,16491037955.0,0.0015462922388259097
2026-02-25,114.2,114.92,112.91,113.26,22881117.0,969751969.0,16491037955.0,0.00138748798362098
2026-02-26,113.26,114.84,112.08,112.32,17143447.0,719853245.0,16491037955.0,0.0010395614300797963
2026-02-27,112.51,113.98,111.92,113.47,20799222.0,875782924.0,16491037955.0,0.0012612439590980252
2026-03-02,115.7,120.51,114.01,120.11,80140749.0,3526126427.0,16491037955.0,0.004859654632939689
2026-03-03,120.03,125.16,118.01,123.01,85249667.0,3875729982.0,16491037955.0,0.00516945429588031
2026-03-04,120.83,124.35,117.23,123.81,70864863.0,3200538655.0,16491037955.0,0.0042971742102209
2026-03-05,122.58,124.32,119.76,123.19,51223726.0,2329526050.0,16491037955.0,0.003106155363887767
2026-03-06,122.44,124.05,120.83,123.06,31082645.0,1414597326.0,16491037955.0,0.0018848204148712118
2026-03-09,127.54,133.16,127.54,128.75,88347277.0,4277040392.0,16491037955.0,0.005357290259174593
2026-03-10,123.49,126.71,123.25,124.0,47132080.0,2188340169.0,16491037955.0,0.0028580420546367
2026-03-11,122.98,129.05,122.2,128.43,43429537.0,2035915601.0,16491037955.0,0.002633523561009838
2026-03-12,129.56,133.72,128.08,132.27,56922537.0,2793239803.0,16491037955.0,0.0034517255466470728
2026-03-13,132.67,133.4,130.04,131.36,39552105.0,1936566598.0,16491037955.0,0.0023983999738480984
2026-03-16,131.87,132.46,128.62,130.2,31934402.0,1550701219.0,16491037955.0,0.0019364701049831524
2026-03-17,128.91,130.63,126.77,128.19,37514190.0,1796396429.0,16491037955.0,0.002274822852410323
2026-03-18,128.19,129.69,125.45,127.49,32113851.0,1521533086.0,16491037955.0,0.0019473517123440517
2026-03-19,128.89,133.99,127.95,132.83,55845221.0,2738215723.0,16491037955.0,0.003386398185025583
2026-03-20,130.53,133.67,129.72,133.05,43742251.0,2158837828.0,16491037955.0,0.002652486224297214
2026-03-23,134.88,135.28,131.04,132.92,73594838.0,3636387635.0,16491037955.0,0.004462717155877166
2026-03-24,130.58,132.35,128.62,130.18,46562759.0,2258622794.0,16491037955.0,0.002823519000262952
2026-03-25,127.49,127.54,125.13,126.87,57911108.0,2720978910.0,16491037955.0,0.0035116715004856105
2026-03-26,126.55,128.83,126.34,128.06,35922579.0,1707565397.0,16491037955.0,0.0021783091578604034
2026-03-27,127.71,128.97,126.69,127.54,22546507.0,1070946748.0,16491037955.0,0.0013671975688567264
2026-03-30,128.59,130.04,127.87,128.4,28126523.0,1349754444.0,16491037955.0,0.001705564141975198
2026-03-31,128.16,129.4,125.13,125.53,39112101.0,1841926250.0,16491037955.0,0.00237171857264093
2026-04-01,124.4,127.49,123.17,125.18,33588680.0,1573648802.0,16491037955.0,0.0020367838635539665
2026-04-02,125.34,128.62,125.34,128.06,32237381.0,1531233784.0,16491037955.0,0.0019548424476353706
2026-04-03,128.08,128.57,126.28,127.76,21324148.0,1011746763.0,16491037955.0,0.0012930749452028656
2026-04-07,127.76,130.47,126.79,130.02,26435959.0,1270791768.0,16491037955.0,0.0016030500367616187
2026-04-08,127.41,127.52,123.87,125.56,50272881.0,2344271022.0,16491037955.0,0.0030484970768475802
2026-04-09,125.67,127.01,125.07,125.64,22241764.0,1041816417.0,16491037955.0,0.0013487182590139154
2026-04-10,124.86,125.21,123.79,124.54,25677391.0,1189465739.0,16491037955.0,0.0015570512341350074
2026-04-13,125.4,125.4,123.73,124.38,23287020.0,1078984871.0,16491037955.0,0.0014121015343936851
2026-04-14,123.81,124.11,121.96,122.6,30157733.0,1377030649.0,16491037955.0,0.0018287346789385278
2026-04-15,121.4,123.54,120.83,123.06,28206227.0,1285404418.0,16491037955.0,0.0017103973125868657
2026-04-16,123.03,123.71,121.77,122.26,27514442.0,1255710141.0,16491037955.0,0.0016684481640925311
2026-04-17,122.31,122.68,121.72,122.31,21478305.0,977826943.0,16491037955.0,0.0013024228710532975
2026-04-20,122.44,122.82,121.26,121.45,22446511.0,1017550185.0,16491037955.0,0.001361133911719264
2026-04-21,121.45,123.95,121.42,123.46,28987052.0,1328319917.0,16491037955.0,0.001757745757368248
2026-04-22,123.46,125.67,122.98,123.17,35667641.0,1648892634.0,16491037955.0,0.0021628499732599155
2026-04-23,123.19,126.87,122.04,126.15,41995162.0,1949774231.0,16491037955.0,0.002546544499781912
2026-04-24,126.18,127.68,125.29,126.71,34547544.0,1628417118.0,16491037955.0,0.0020949284147105704
2026-04-27,124.86,126.66,124.38,125.61,26600507.0,1243023158.0,16491037955.0,0.001613028062429197
2026-04-28,125.56,129.69,125.05,129.29,40883952.0,1951324557.0,16491037955.0,0.002479161839998324
2026-04-29,129.32,130.77,128.27,128.83,33864569.0,1629280280.0,16491037955.0,0.002053513495779229
2026-04-30,129.16,129.37,127.6,128.89,30525140.0,1461037435.0,16491037955.0,0.0018510138708852423
2026-05-06,127.81,128.86,125.32,128.16,30823063.0,1459057428.0,16491037955.0,0.00186907962276896
2026-05-07,127.54,127.54,122.17,122.42,49708037.0,2290349366.0,16491037955.0,0.0030142455032631087
2026-05-08,122.26,123.22,121.18,121.32,28519685.0,1295063112.0,16491037955.0,0.0017294050912879607
2026-05-11,121.32,121.85,120.16,121.29,30877003.0,1391774361.0,16491037955.0,0.001872350490263607
2026-05-12,121.29,121.85,120.67,121.37,24251826.0,1094629072.0,16491037955.0,0.0014706064024700741
2026-05-13,121.5,121.85,119.89,120.3,24597489.0,1105754476.0,16491037955.0,0.001491567060067445
2026-05-14,120.32,121.91,119.57,121.29,34391684.0,1546630900.0,16491037955.0,0.002085477220648359
2026-05-15,121.26,123.25,120.21,122.71,40667262.0,1852794589.0,16491037955.0,0.002466021975752587
2026-05-18,123.38,124.0,121.53,123.11,36830715.0,1685733903.0,16491037955.0,0.0022333776139805144
2026-05-19,123.11,125.13,122.36,123.71,35907934.0,1659080856.0,16491037955.0,0.0021774210997502976
2026-05-20,123.92,126.12,123.52,123.52,30495747.0,1415152633.0,16491037955.0,0.0018492315088483465
2026-05-21,122.95,122.95,120.83,121.53,25264429.0,1146025381.0,16491037955.0,0.0015320096326829416
2026-05-22,121.53,122.15,120.03,120.78,27467336.0,1241232482.0,16491037955.0,0.0016655917035029346
2026-05-25,122.12,126.15,120.08,120.24,54312396.0,2479043573.0,16491037955.0,0.003293449214549455
2026-05-26,120.16,121.1,119.09,120.3,36456250.0,1633322966.0,16491037955.0,0.002210670431993436
2026-05-27,120.43,124.13,118.79,123.79,39744558.0,1793789067.0,16491037955.0,0.002410070130725134
2026-05-28,122.98,125.85,122.44,123.92,32510879.0,1504252820.0,16491037955.0,0.001971427092018963
2026-05-29,123.54,128.59,123.25,125.99,58449540.0,2756695552.0,16491037955.0,0.003544321476883048
2026-06-01,126.2,131.6,126.2,131.57,57675114.0,2792070611.0,16491037955.0,0.0034973610610430496
2026-06-02,130.77,134.69,128.08,129.53,56686338.0,2761140882.0,16491037955.0,0.0034374026762101404
2026-06-03,128.3,132.06,127.97,131.17,41275198.0,2000074202.0,16491037955.0,0.0025028866049929604
2026-06-04,130.39,133.72,130.26,131.63,37968679.0,1869936940.0,16491037955.0,0.002302382609488088
2026-06-05,130.9,133.72,130.28,130.28,35822715.0,1756851081.0,16491037955.0,0.0021722535050705365
2026-06-08,130.42,137.43,129.77,136.3,55263622.0,2768353530.0,16491037955.0,0.0033511306050474734
2026-06-09,132.92,135.06,130.39,131.52,38314575.0,1877224421.0,16491037955.0,0.0023233573959717444
2026-06-10,130.9,131.04,127.3,127.57,34091874.0,1634715383.0,16491037955.0,0.002067297042977426
2026-06-11,128.62,129.77,126.31,126.98,28118338.0,1334071961.0,16491037955.0,0.0017050678117852892
2026-06-12,126.18,126.2,122.98,123.89,94683678.0,4365216882.0,16491037955.0,0.005741523259989368
2026-06-15,122.44,122.44,115.76,116.51,89819276.0,3939195456.0,16491037955.0,0.005446550802023183
2026-06-16,115.84,116.0,113.1,114.17,65687103.0,2793995516.0,16491037955.0,0.003983200037453312
2026-06-17,114.52,114.68,111.68,112.4,50354468.0,2110744320.0,16491037955.0,0.0030534444306904757
2026-06-18,112.45,114.25,110.79,110.79,54411558.0,2268592516.0,16491037955.0,0.003299462298763474
2026-06-22,110.63,112.19,109.55,111.46,71558853.0,2949085393.0,16491037955.0,0.004339257067703474
2026-06-23,111.43,112.45,109.15,109.18,54123267.0,2229180878.0,16491037955.0,0.0032819806216982297
2026-06-24,109.29,109.72,107.14,107.54,38744297.0,1557886203.0,16491037955.0,0.0023494153070124325
2026-06-25,106.87,108.4,105.26,105.8,47901811.0,1898938854.0,16491037955.0,0.002904717770386091
2026-06-26,105.88,106.73,104.35,106.25,43510069.0,1711902857.0,16491037955.0,0.0026384069407109677
2026-06-29,106.31,108.21,104.32,107.35,41868426.0,1663295959.0,16491037955.0,0.002538859355866421
2026-06-30,107.33,107.59,104.0,104.83,40693593.0,1589851329.0,16491037955.0,0.002467618661180869
2026-07-01,104.64,107.41,104.0,106.01,39839895.0,1566613516.0,16491037955.0,0.002415851270775879
2026-07-02,106.87,110.25,106.71,109.47,62708460.0,2542417846.0,16491037955.0,0.003802578113707337
2026-07-03,109.47,111.43,108.59,109.29,35957741.0,1467678943.0,16491037955.0,0.0021804413462706146
2026-07-06,108.72,112.86,107.94,112.53,50218274.0,2081839003.0,16491037955.0,0.003045185763141978
2026-07-07,112.24,113.58,110.36,112.13,36861300.0,1531953203.0,16491037955.0,0.002235232257701756
2026-07-08,112.13,114.66,111.6,113.56,36989553.0,1562082206.0,16491037955.0,0.0022430093909755968
2026-07-09,112.78,114.36,111.62,113.13,32588110.0,1373640031.0,16491037955.0,0.0019761103023912116
2026-07-10,112.48,113.21,111.3,112.88,30245890.0,1265554003.0,16491037955.0,0.0018340804309912827
2026-07-13,113.41,117.76,112.09,117.4,47572926.0,2001428305.0,16491037955.0,0.0028847745138792873
2026-07-14,117.43,122.11,116.9,119.52,50931426.0,2215626873.0,16491037955.0,0.0030884305850838118
2026-07-15,118.31,120.56,118.03,120.26,29444869.0,1278319064.0,16491037955.0,0.0017855073210278109
2026-07-16,120.51,121.77,117.4,119.1,30455912.0,1313300330.0,16491037955.0,0.0018468159544054606
2026-07-17,118.86,122.33,118.42,120.98,47985076.0,2105597749.0,16491037955.0,0.002909766876465842
2026-07-20,120.84,127.0,120.37,127.0,57333385.0,2589603751.0,16491037955.0,0.003476638957259619
2026-07-21,127.03,128.82,121.94,124.14,62161100.0,2812898499.0,16491037955.0,0.003769386752345268
2026-07-22,122.99,125.08,121.25,125.08,47093898.0,2106736489.0,16491037955.0,0.0028557267364557465
2026-07-23,124.97,125.79,122.96,124.75,31408468.0,1421404555.0,16491037955.0,0.001904577994769402
2026-07-24,126.62,126.62,124.11,125.79,33796367.0,1538929951.0,16491037955.0,0.0020493777949103023
2026-07-27,125.79,125.79,122.49,123.4,31397163.0,1406826201.0,16491037955.0,0.0019038924709090575
2026-07-28,122.57,125.08,121.0,125.08,36729283.0,1636956060.0,16491037955.0,0.0022272268792434538
2026-07-29,126.59,126.59,123.59,123.95,30120400.0,1362405659.0,16491037955.0,0.001826470843265972
2026-07-30,123.87,126.04,123.51,125.79,36659445.0,1666255214.0,16491037955.0,0.0022229919729755423
2026-07-31,122.49,125.77,120.78,125.77,48600409.0,2160255324.0,16491037955.0,0.0029470800523665403
2026-08-03,123.65,123.81,120.12,120.37,41208985.0,1821142116.0,16491037955.0,0.002498871515088936
2026-08-04,119.74,119.74,117.62,118.77,38528423.0,1656421347.0,16491037955.0,0.0023363249241881937
2026-08-05,117.84,119.05,116.66,118.36,27399003.0,1173547460.0,16491037955.0,0.0016614480589254093
2026-08-06,118.09,121.86,118.09,121.03,39505666.0,1722450883.0,16491037955.0,0.002395583959469457
2026-08-07,120.81,122.13,119.41,120.95,26835226.0,1177927398.0,16491037955.0,0.0016272611871506666
2026-08-10,120.54,123.76,120.32,122.99,29863087.0,1330909987.0,16491037955.0,0.0018108676410477644
2026-08-11,123.7,124.22,121.94,123.04,25312479.0,1133033508.0,16491037955.0,0.0015349233364856446
2026-08-12,122.49,123.7,121.25,121.31,23363855.0,1035114465.0,16491037955.0,0.0014167607317231475
2026-08-13,120.76,122.35,120.01,122.05,26947694.0,1189306493.0,16491037955.0,0.001634081133857896
2026-08-14,121.72,123.67,120.62,123.1,22025791.0,981899938.0,16491037955.0,0.0013356218729289801
2026-08-17,123.1,124.33,122.77,123.29,21212257.0,951968536.0,16491037955.0,0.0012862899871968671
2026-08-18,123.32,126.54,123.29,125.79,33658022.0,1533115240.0,16491037955.0,0.0020409886928793985
2026-08-19,126.62,128.05,126.07,128.05,40002953.0,1849501314.0,16491037955.0,0.0024257389443380246
2026-08-20,126.62,129.67,126.07,128.13,27294396.0,1271312602.0,16491037955.0,0.0016551047953730818
2026-08-21,127.56,129.1,127.42,127.75,18121401.0,844225228.0,16491037955.0,0.0010988635796878802
2026-08-24,127.67,129.37,127.42,129.07,23941219.0,1120901735.0,16491037955.0,0.0014517715055492393
2026-08-25,129.07,130.75,128.63,129.84,25796575.0,1217687475.0,16491037955.0,0.0015642784323456492
2026-08-26,128.99,131.19,128.49,130.09,19573472.0,925062041.0,16491037955.0,0.0011869157086055594
2026-08-27,129.51,132.12,129.48,131.57,21724366.0,1033637331.0,16491037955.0,0.001317343763277998
2026-08-28,131.57,132.62,129.59,131.11,22726453.0,1079822770.0,16491037955.0,0.0013781093137991021
2026-08-31,132.12,134.79,130.89,134.27,39607184.0,1921965925.0,16491037955.0,0.002401739909160254
2026-09-01,134.27,136.2,132.79,132.95,32302323.0,1581115591.0,16491037955.0,0.0019587804653742914
2026-09-02,134.74,135.01,130.47,132.26,34721465.0,1666467353.0,16491037955.0,0.0021054748096964162
2026-09-03,132.12,133.72,131.22,131.52,21839727.0,1050924465.0,16491037955.0,0.0013243391386033592
2026-09-04,131.49,132.37,129.98,131.05,19862745.0,945654657.0,16491037955.0,0.0012044569331657936
2026-09-07,130.75,131.46,124.47,126.87,47517719.0,2189300176.0,16491037955.0,0.0028814268167755243
2026-09-08,126.62,127.53,125.52,127.5,25928795.0,1194397824.0,16491037955.0,0.0015722961205203291
2026-09-09,127.06,130.45,126.48,130.28,29753880.0,1394385888.0,16491037955.0,0.0018042454381095383
2026-09-10,130.36,130.78,128.71,130.14,20059700.0,946372943.0,16491037955.0,0.0012164000868070284
2026-09-11,130.31,132.4,129.51,130.78,30479399.0,1450951284.0,16491037955.0,0.0018482401825264613
2026-09-14,130.47,132.57,129.29,129.92,19855669.0,940416333.0,16491037955.0,0.001204027851623485
2026-09-15,130.42,130.61,129.12,129.32,15774334.0,742764422.0,16491037955.0,0.0009565397910698095
2026-09-16,129.18,129.87,127.31,129.65,19917107.0,930992742.0,16491037955.0,0.0012077533903171469
