date,open,high,low,close,volume,amount,outstanding_share,turnover
2020-12-01,79.59,81.43,79.0,80.4,18099519.0,1456982792.0,4490313073.0,0.004030792219997173
2020-12-02,80.6,80.99,79.2,79.98,11562123.0,922854342.0,4490313073.0,0.002574903533903325
2020-12-03,80.1,81.03,78.8,80.89,14068258.0,1123864005.0,4490313073.0,0.0031330238607618797
2020-12-04,80.65,83.39,80.4,83.06,21296381.0,1759299022.0,4490313073.0,0.004742738569400415
2020-12-07,83.0,83.4,81.55,81.75,13582191.0,1114140095.0,4490313073.0,0.0030247759519640067
2020-12-08,81.75,82.12,80.14,80.21,11046805.0,892548352.0,4490313073.0,0.0024601413799905884
2020-12-09,80.23,81.0,77.36,77.85,21518094.0,1688124418.0,4490313073.0,0.004792114413889555
2020-12-10,77.8,79.28,77.06,78.94,13656286.0,1067558763.0,4490313073.0,0.003041277028569451
2020-12-11,79.24,79.58,77.9,78.27,15785281.0,1241155832.0,4490313073.0,0.0035154076660970494
2020-12-14,78.9,79.58,77.88,78.5,9499216.0,747271120.0,4490313073.0,0.0021154908011020994
2020-12-15,77.75,77.75,75.5,77.1,26900275.0,2052233507.0,4490313073.0,0.0059907348469196596
2020-12-16,77.46,80.45,77.0,79.4,25454431.0,2019812929.0,4490313073.0,0.005668743044456312
2020-12-17,79.9,81.06,78.68,79.35,17651114.0,1404082112.0,4490313073.0,0.003930931699648106
2020-12-18,79.4,81.0,79.4,80.0,15013297.0,1202475194.0,4490313073.0,0.003343485577937563
2020-12-21,80.46,81.89,80.05,81.83,23801196.0,1935412083.0,4490313073.0,0.005300564930119295
2020-12-22,81.87,87.99,81.42,86.5,44180723.0,3781039147.0,4490313073.0,0.009839118627530941
2020-12-23,86.48,87.05,84.9,86.8,25381816.0,2180474335.0,4490313073.0,0.005652571566249897
2020-12-24,86.11,88.77,85.11,86.19,18851409.0,1640528791.0,4490313073.0,0.004198239341784977
2020-12-25,86.19,87.48,83.74,85.95,17837010.0,1522132297.0,4490313073.0,0.003972331040179122
2020-12-28,85.47,86.37,83.9,85.41,20487370.0,1741244182.0,4490313073.0,0.004562570508321436
2020-12-29,85.86,86.18,84.0,85.15,15677510.0,1335035169.0,4490313073.0,0.0034914068897039688
2020-12-30,84.85,88.55,84.8,87.16,23056412.0,2011754861.0,4490313073.0,0.005134700326050072
2020-12-31,87.95,88.9,86.28,88.23,24896635.0,2186639983.0,4490313073.0,0.0055445209710882
2021-01-04,88.99,90.8,87.58,90.48,32090184.0,2867756312.0,4490313073.0,0.007146535993883471
2021-01-05,90.18,94.51,89.74,93.5,37725037.0,3483322399.0,4490313073.0,0.00840142689088619
2021-01-06,94.1,95.24,92.3,92.57,26438363.0,2470088196.0,4490313073.0,0.00588786629577621
2021-01-07,93.4,93.81,90.58,92.27,33378933.0,3064879880.0,4490313073.0,0.007433542485201232
2021-01-08,94.03,96.87,89.33,91.59,37315252.0,3468626248.0,4490313073.0,0.008310167107138812
2021-01-11,91.62,94.0,90.77,91.95,25893698.0,2398607655.0,4490313073.0,0.005766568517392996
2021-01-12,91.7,92.89,89.3,92.55,24096621.0,2200600022.0,4490313073.0,0.005366356556493049
2021-01-13,93.82,94.98,89.8,90.3,29437218.0,2701112888.0,4490313073.0,0.006555716165316921
2021-01-14,90.0,90.76,88.0,88.19,22093794.0,1966385301.0,4490313073.0,0.004920323737079435
2021-01-15,88.0,89.0,86.66,87.9,18387690.0,1614769482.0,4490313073.0,0.004094968368812443
2021-01-18,87.59,91.0,86.6,90.22,18793724.0,1684079417.0,4490313073.0,0.0041853927987795785
2021-01-19,92.8,92.83,89.6,91.5,21752060.0,1983208999.0,4490313073.0,0.0048442190213403855
2021-01-20,91.46,95.78,90.0,93.99,22867719.0,2144082628.0,4490313073.0,0.005092678089085215
2021-01-21,93.9,101.83,93.79,101.2,36926183.0,3668012763.0,4490313073.0,0.008223520810171359
2021-01-22,100.71,101.01,98.63,100.39,28525919.0,2850456509.0,4490313073.0,0.006352768400832616
2021-01-25,100.15,102.98,98.81,102.19,26148132.0,2643592588.0,4490313073.0,0.005823231381621751
2021-01-26,101.0,102.05,98.0,99.9,19467945.0,1948836961.0,4490313073.0,0.004335542908368607
2021-01-27,99.96,100.88,96.0,99.89,17772743.0,1752603845.0,4490313073.0,0.003958018675104528
2021-01-28,99.0,99.5,96.81,97.18,14964216.0,1464026269.0,4490313073.0,0.003332555159678952
2021-01-29,98.19,101.23,97.07,98.99,20985130.0,2083775827.0,4490313073.0,0.004673422467173259
2021-02-01,101.0,105.13,99.61,104.13,25532185.0,2637360466.0,4490313073.0,0.005686058986292869
2021-02-02,104.5,107.48,101.96,107.0,21454594.0,2265444623.0,4490313073.0,0.004777972860958241
2021-02-03,107.6,108.98,104.9,105.3,20562284.0,2198855123.0,4490313073.0,0.004579253977554451
2021-02-04,105.16,110.11,105.0,106.45,26972725.0,2906422952.0,4490313073.0,0.006006869579358615
2021-02-10,117.1,117.1,113.11,117.1,25704462.0,2987151521.0,4490313073.0,0.005724425353447956
2021-02-18,123.0,124.7,113.5,116.47,46606795.0,5546753275.0,4490313073.0,0.010379408794510128
2021-02-19,116.44,118.5,112.0,115.9,25753159.0,2954960908.0,4490313073.0,0.005735270254284116
2021-02-22,115.82,115.82,107.77,107.8,34994770.0,3875764557.0,4490313073.0,0.0077933920043173795
2021-02-23,106.9,111.34,105.02,109.39,26640524.0,2900259127.0,4490313073.0,0.005932887878172231
2021-02-24,109.28,109.38,101.1,103.81,34793203.0,3633958331.0,4490313073.0,0.007748502706684212
2021-02-25,105.0,106.85,103.07,105.75,21584961.0,2277830102.0,4490313073.0,0.0048070058031786595
2021-02-26,101.7,105.0,100.21,104.96,21951091.0,2253131981.0,4490313073.0,0.0048885435476627844
2021-03-01,104.5,105.58,101.01,104.8,21115942.0,2189574813.0,4490313073.0,0.004702554511615008
2021-03-02,106.29,106.8,101.07,101.89,21786109.0,2246043672.0,4490313073.0,0.004851801788832643
2021-03-03,100.0,102.55,98.2,101.96,17503502.0,1762052044.0,4490313073.0,0.003898058267974136
2021-03-04,100.96,100.97,95.5,98.14,24559864.0,2401296976.0,4490313073.0,0.005469521523494003
2021-03-05,96.03,98.5,95.3,97.1,14953205.0,1452077736.0,4490313073.0,0.0033301029921305
2021-03-08,97.6,98.4,91.0,91.06,32245298.0,3015131970.0,4490313073.0,0.007181080133117925
2021-03-09,91.0,92.23,87.44,90.0,33408109.0,3016611141.0,4490313073.0,0.007440040027694523
2021-03-10,92.23,93.5,90.38,91.91,24792692.0,2279330527.0,4490313073.0,0.005521372696500175
2021-03-11,91.85,94.68,90.76,92.47,23042200.0,2142882859.0,4490313073.0,0.005131535290612909
2021-03-12,93.58,93.7,90.15,91.82,17375172.0,1594064658.0,4490313073.0,0.003869478968955624
2021-03-15,92.1,92.48,88.0,89.46,19415372.0,1737346410.0,4490313073.0,0.004323834816049585
2021-03-16,90.49,92.21,89.91,92.0,16288902.0,1488997047.0,4490313073.0,0.003627564879149352
2021-03-17,91.99,93.93,89.88,93.93,18604987.0,1716420776.0,4490313073.0,0.004143360762943399
2021-03-18,93.06,93.3,89.3,91.7,31557443.0,2885709037.0,4490313073.0,0.007027893709628651
2021-03-19,89.88,89.88,83.0,85.72,60453619.0,5197856371.0,4490313073.0,0.013463118944535118
2021-03-22,84.63,85.3,83.39,85.0,35748517.0,3008712689.0,4490313073.0,0.007961252683015316
2021-03-23,85.16,85.38,82.31,84.5,27229388.0,2280278722.0,4490313073.0,0.006064028845500502
2021-03-24,84.01,84.53,80.3,82.15,28511526.0,2333437356.0,4490313073.0,0.006349563056402058
2021-03-25,81.02,82.91,80.61,82.84,17192134.0,1411787813.0,4490313073.0,0.0038287161096573277
2021-03-26,83.01,83.79,80.9,82.35,30305237.0,2498787856.0,4490313073.0,0.006749025403645836
2021-03-29,82.98,83.0,80.9,82.08,22801326.0,1870372532.0,4490313073.0,0.0050778922603644475
2021-03-30,82.0,84.58,81.38,83.25,25350214.0,2100163334.0,4490313073.0,0.0056455337496241435
2021-03-31,83.5,83.6,79.8,81.02,29849461.0,2411945368.0,4490313073.0,0.006647523349648632
2021-04-01,81.11,81.85,80.69,81.65,19773237.0,1605892964.0,4490313073.0,0.004403531931636429
2021-04-02,82.12,86.24,81.7,83.09,37448011.0,3128607340.0,4490313073.0,0.00833973275163658
2021-04-06,83.5,84.04,80.9,82.29,23429671.0,1924729614.0,4490313073.0,0.005217825710390061
2021-04-07,82.3,82.65,80.39,80.95,22766312.0,1845714049.0,4490313073.0,0.005070094585807959
2021-04-08,81.0,81.68,80.2,80.8,17683880.0,1429983405.0,4490313073.0,0.003938228740960664
2021-04-09,72.72,72.72,72.72,72.72,22059700.0,1604181384.0,4490313073.0,0.0049127309480142345
2021-04-12,68.88,70.88,65.45,65.9,165625498.0,11114679797.0,4490313073.0,0.03688506687783014
2021-04-13,66.0,66.35,64.04,64.8,61047470.0,3974653422.0,4490313073.0,0.013595370524847144
2021-04-14,65.19,65.3,63.8,64.42,35958521.0,2318018783.0,4490313073.0,0.00800802091422457
2021-04-15,64.71,65.29,63.74,64.59,31901286.0,2057213166.0,4490313073.0,0.0071044681030863165
2021-04-16,64.66,64.79,62.86,63.71,39615171.0,2514001402.0,4490313073.0,0.00882236279652833
2021-04-19,63.66,65.16,62.66,64.73,37043193.0,2385593045.0,4490313073.0,0.00824957912684054
2021-04-20,64.97,64.97,63.5,64.11,32241832.0,2067238222.0,4490313073.0,0.007180308249299659
2021-04-21,64.0,64.06,63.17,63.67,19475567.0,1238730234.0,4490313073.0,0.004337240340123607
2021-04-22,63.8,63.99,63.01,63.18,18466437.0,1167339293.0,4490313073.0,0.0041125054533586195
2021-04-23,64.0,65.55,63.71,65.53,50617639.0,3276152354.0,4490313073.0,0.011272630254750168
2021-04-26,65.54,67.33,63.69,66.09,53050045.0,3495361027.0,4490313073.0,0.011814331013796552
2021-04-27,65.2,66.3,64.01,64.87,25801801.0,1676404389.0,4490313073.0,0.005746102906531123
2021-04-28,64.5,65.7,64.23,65.48,17420870.0,1134126387.0,4490313073.0,0.0038796559876305087
2021-04-29,65.75,65.94,64.0,64.08,22443444.0,1449936026.0,4490313073.0,0.004998191358850047
2021-04-30,64.45,64.7,63.4,64.35,19277250.0,1232841035.0,4490313073.0,0.0042930748227585774
2021-05-06,64.19,64.2,62.82,63.17,20431662.0,1295225672.0,4490313073.0,0.004550164246420686
2021-05-07,63.34,63.7,61.01,61.4,24467239.0,1521810342.0,4490313073.0,0.005448893785852067
2021-05-10,61.35,62.62,60.61,62.26,16803747.0,1041350095.0,4490313073.0,0.0037422216951953718
2021-05-11,62.14,62.96,61.01,62.6,16678713.0,1031428045.0,4490313073.0,0.0037143764207195626
2021-05-12,62.07,62.57,61.61,62.16,9842081.0,611120901.0,4490313073.0,0.0021918473923744604
2021-05-13,61.71,63.58,61.35,63.13,17109175.0,1074662682.0,4490313073.0,0.003810241005883645
2021-05-14,62.98,63.5,62.18,62.87,15635122.0,982429506.0,4490313073.0,0.0034819670133944803
2021-05-17,62.85,65.95,62.72,65.2,30003936.0,1946928697.0,4490313073.0,0.006681925182547288
2021-05-18,65.22,69.7,64.73,68.9,41069363.0,2796819270.0,4490313073.0,0.009146213712123498
2021-05-19,68.96,71.89,67.3,69.5,43168967.0,3004275214.0,4490313073.0,0.009613798926309296
2021-05-20,69.4,70.6,67.6,68.67,30140871.0,2073724112.0,4490313073.0,0.006712420829014209
2021-05-21,68.67,68.85,66.88,67.32,23213274.0,1567809772.0,4490313073.0,0.005169633747717973
2021-05-24,67.0,68.81,65.83,68.73,24451957.0,1645382354.0,4490313073.0,0.0054454904596804715
2021-05-25,68.65,69.5,67.93,69.01,28836053.0,1989393236.0,4490313073.0,0.006421835745349153
2021-05-26,69.1,70.92,68.01,70.0,29676326.0,2063447101.0,4490313073.0,0.006608965904502757
2021-05-27,69.3,70.28,69.01,69.6,17507902.0,1219299222.0,4490313073.0,0.0038990381551063844
2021-05-28,69.62,71.53,69.61,69.85,28559828.0,2011565365.0,4490313073.0,0.006360319990097937
2021-05-31,70.57,71.15,68.05,69.49,25306640.0,1749848418.0,4490313073.0,0.005635829749192189
2021-06-01,69.0,70.45,68.4,70.06,28145708.0,1956170321.0,4490313073.0,0.006268094794823675
2021-06-02,70.11,72.9,69.8,72.59,41811681.0,2992113206.0,4490313073.0,0.00931152913399542
2021-06-03,72.6,75.75,71.14,74.6,36971960.0,2725424202.0,4490313073.0,0.0082337154222743
2021-06-04,73.8,76.65,73.57,75.73,30198680.0,2288932947.0,4490313073.0,0.006725294987020607
2021-06-07,75.75,76.21,72.95,73.33,29844732.0,2203256300.0,4490313073.0,0.006646470193683085
2021-06-08,73.4,73.95,71.13,71.88,29398043.0,2121752079.0,4490313073.0,0.006546991829315595
2021-06-09,71.34,72.79,70.88,71.88,16038062.0,1155491846.0,4490313073.0,0.0035717024045463478
2021-06-10,71.8,72.5,70.8,71.1,20757077.0,1487079393.0,4490313073.0,0.004622634694407198
2021-06-11,71.5,71.5,70.09,71.03,22554960.0,1596143639.0,4490313073.0,0.0050230261528136436
2021-06-15,71.04,71.93,68.88,69.51,18081660.0,1260261775.0,4490313073.0,0.004026814991748349
2021-06-16,69.43,69.74,67.43,68.02,17378198.0,1188287211.0,4490313073.0,0.003870152864060666
2021-06-17,67.9,68.31,65.75,67.0,24332776.0,1623858621.0,4490313073.0,0.005418948657792174
2021-06-18,66.49,67.78,66.03,67.77,18328707.0,1228545627.0,4490313073.0,0.004081832759103031
2021-06-21,68.07,73.69,67.06,71.26,36099565.0,2553362860.0,4490313073.0,0.008039431641652038
2021-06-22,71.29,72.26,69.5,70.15,22182752.0,1555449459.0,4490313073.0,0.00494013482787729
2021-06-23,70.26,70.47,68.03,68.97,23414170.0,1612206104.0,4490313073.0,0.005214373612563473
2021-06-24,69.3,70.5,68.45,70.02,20632849.0,1437839209.0,4490313073.0,0.004594968917437887
2021-06-25,70.05,70.39,69.24,70.04,16672141.0,1166960507.0,4490313073.0,0.003712912825666577
2021-06-28,69.85,69.85,68.63,69.05,15204543.0,1047381966.0,4490313073.0,0.003386076372140745
2021-06-29,68.6,68.75,67.44,67.44,17630259.0,1197622053.0,4490313073.0,0.003926287257342869
2021-06-30,67.44,68.72,67.1,67.7,12753816.0,868226197.0,4503517459.0,0.0028319677043801153
2021-07-01,67.7,68.9,66.79,67.99,13624390.0,921883383.0,4503517459.0,0.003025277491213563
2021-07-02,67.4,67.68,66.0,66.6,15944725.0,1061465034.0,4503517459.0,0.0035405047599261458
2021-07-05,66.59,66.8,64.89,65.48,15699761.0,1028435839.0,4503517459.0,0.003486110832905733
2021-07-06,65.48,66.36,64.5,65.05,14394400.0,936426448.0,4503517459.0,0.0031962571769836674
2021-07-07,65.0,67.31,64.82,66.81,16758953.0,1108715688.0,4503517459.0,0.0037213029931766495
2021-07-08,66.84,67.46,65.05,65.69,18617621.0,1232202420.0,4503517459.0,0.004134017724921626
2021-07-09,65.2,65.6,64.44,65.5,16320426.0,1059334314.0,4503517459.0,0.0036239286621137976
2021-07-12,65.55,65.89,64.01,64.18,18474344.0,1195179841.0,4503517459.0,0.0041022032596054825
2021-07-13,64.15,64.9,63.61,64.65,16972471.0,1090473172.0,4503517459.0,0.0037687143781538076
2021-07-14,65.0,70.38,64.7,67.3,44236774.0,3006072019.0,4503517459.0,0.009822716221871319
2021-07-15,66.0,66.0,63.3,65.3,34308902.0,2209189343.0,4503517459.0,0.007618245585222678
2021-07-16,64.1,65.69,63.88,65.3,15600875.0,1017293716.0,4503517459.0,0.0034641533294875143
2021-07-19,65.25,65.25,63.09,63.25,19797725.0,1260532534.0,4503517459.0,0.004396058232312495
2021-07-20,63.26,63.6,62.02,62.4,14006269.0,875469954.0,4503517459.0,0.0031100732099992954
2021-07-21,62.4,63.27,61.69,61.88,17475760.0,1086489362.0,4503517459.0,0.0038804690242902865
2021-07-22,61.91,62.49,61.08,62.03,18377439.0,1132454231.0,4503517459.0,0.00408068563457522
2021-07-23,62.04,62.05,60.7,61.65,20654205.0,1265740911.0,4503517459.0,0.004586238465385285
2021-07-26,61.15,61.75,58.57,59.7,27622654.0,1650855445.0,4503517459.0,0.0061335732017198785
2021-07-27,59.69,59.69,56.15,56.86,36141956.0,2079862202.0,4503517459.0,0.008025272762687429
2021-07-28,56.47,56.89,54.39,55.86,28614979.0,1579659040.0,4503517459.0,0.006353917634495841
2021-07-29,56.24,59.33,56.03,58.98,29644029.0,1717007611.0,4503517459.0,0.006582416804171203
2021-07-30,58.3,60.05,57.0,59.11,20515807.0,1196026083.0,4503517459.0,0.004555507375462803
2021-08-02,59.11,62.2,58.3,60.78,25067125.0,1527055968.0,4503517459.0,0.005566121421358078
2021-08-03,60.79,61.1,59.88,60.94,15026942.0,907189318.0,4503517459.0,0.003336712278081567
2021-08-04,60.98,62.08,60.25,61.1,16505519.0,1011083489.0,4503517459.0,0.0036650283140381183
2021-08-05,60.96,61.39,59.75,60.0,18415732.0,1112997420.0,4503517459.0,0.004089188543767562
2021-08-06,60.0,60.3,58.48,59.99,16797130.0,998719734.0,4503517459.0,0.0037297801447248704
2021-08-09,59.85,62.33,59.28,61.45,16469594.0,1012539906.0,4503517459.0,0.003657051216063688
2021-08-10,61.45,61.6,60.0,60.92,13107893.0,794521285.0,4503517459.0,0.0029105900264258305
2021-08-11,61.18,61.73,59.08,59.35,18995982.0,1138717314.0,4503517459.0,0.004218032276534803
2021-08-12,59.2,60.17,58.68,59.49,10145507.0,601644093.0,4503517459.0,0.002252796195943425
2021-08-13,59.21,60.6,58.91,60.11,11366459.0,678089369.0,4503517459.0,0.0025239069468432586
2021-08-16,60.11,60.42,59.56,59.67,9236193.0,553451220.0,4503517459.0,0.0020508842441683095
2021-08-17,59.69,60.49,58.19,58.49,12043149.0,713512928.0,4503517459.0,0.0026741650520156228
2021-08-18,58.4,58.83,57.3,57.75,11813561.0,682737372.0,4503517459.0,0.002623185345133132
2021-08-19,57.72,58.22,57.52,57.74,8807031.0,509323010.0,4503517459.0,0.0019555893987708863
2021-08-20,58.0,58.99,56.88,58.06,14037498.0,810464994.0,4503517459.0,0.0031170075674841523
2021-08-23,57.2,58.2,56.31,56.71,19143656.0,1092781174.0,4503517459.0,0.0042508230897923115
2021-08-24,57.0,60.44,56.3,60.11,25877048.0,1528750876.0,4503517459.0,0.005745963735143588
2021-08-25,60.0,61.16,59.6,59.99,12783311.0,768975163.0,4503517459.0,0.0028385170294951
2021-08-26,59.82,60.23,58.7,59.15,8143628.0,481611107.0,4503517459.0,0.0018082816540936164
2021-08-27,59.0,59.0,57.06,57.22,12286412.0,708823802.0,4503517459.0,0.002728181274271818
2021-08-30,57.1,58.8,56.0,57.36,13078946.0,748057003.0,4503517459.0,0.0029041623839744504
2021-08-31,57.18,57.62,56.3,57.62,12997556.0,740146760.0,4503517459.0,0.002886089843845324
2021-09-01,57.62,59.5,56.32,58.6,18424350.0,1074640774.0,4503517459.0,0.0040911021590868
2021-09-02,58.86,59.83,56.5,56.86,23652290.0,1363529772.0,4503517459.0,0.005251959210845817
2021-09-03,56.88,56.94,55.66,56.19,22468051.0,1259326332.0,4503517459.0,0.0049890005322615096
2021-09-06,56.0,60.94,55.81,60.34,40366420.0,2378967321.0,4503517459.0,0.008963309317105058
2021-09-07,60.0,60.5,57.73,58.88,28750480.0,1686392958.0,4503517459.0,0.006384005449461276
2021-09-08,58.5,61.36,58.3,61.18,32794098.0,1976366953.0,4503517459.0,0.00728188539259752
2021-09-09,61.41,63.84,60.4,63.62,33753157.0,2114067043.0,4503517459.0,0.007494843154775921
2021-09-10,63.63,63.9,62.24,62.71,19521825.0,1228859849.0,4503517459.0,0.004334795008063496
2021-09-13,62.21,62.21,60.68,61.85,17271662.0,1059122301.0,4503517459.0,0.0038351493376546494
2021-09-14,61.85,64.79,60.81,63.81,26728071.0,1690031274.0,4503517459.0,0.005934932248699427
2021-09-15,62.98,65.21,62.94,64.45,26937518.0,1739402019.0,4503517459.0,0.005981439673597144
2021-09-16,64.19,65.2,63.18,64.0,20626133.0,1320490731.0,4503517459.0,0.004580005115508091
2021-09-17,63.8,64.5,62.0,63.6,14458328.0,915455968.0,4503517459.0,0.0032104523034780135
2021-09-22,62.28,67.85,62.17,67.12,28240068.0,1851386584.0,4503517459.0,0.006270669150746596
2021-09-23,67.35,68.49,65.65,65.86,21013000.0,1404447252.0,4503517459.0,0.004665908412991011
2021-09-24,65.4,69.0,65.23,67.96,28906466.0,1970146203.0,4503517459.0,0.006418641931149223
2021-09-27,67.96,70.18,67.3,69.03,26718775.0,1844768617.0,4503517459.0,0.005932868084391277
2021-09-28,68.62,68.98,66.02,66.67,18922012.0,1269186478.0,4503517459.0,0.004201607337434772
2021-09-29,66.4,68.25,65.7,66.28,18938679.0,1271750263.0,4503517459.0,0.004205308222387864
2021-09-30,66.6,66.66,64.78,65.35,13971751.0,913590650.0,4503517459.0,0.003102408534484156
2021-10-08,66.21,70.0,65.71,69.53,32824879.0,2262539914.0,4503517459.0,0.007288720272284393
2021-10-11,69.52,71.0,68.31,68.58,19012883.0,1317586497.0,4503517459.0,0.004221785120873448
2021-10-12,68.75,70.39,67.62,69.01,20985628.0,1454735280.0,4503517459.0,0.004659830497173166
2021-10-13,67.88,70.61,66.2,68.2,18291090.0,1253090894.0,4503517459.0,0.004061511955159937
2021-10-14,68.9,69.58,65.8,66.22,17003110.0,1138629718.0,4503517459.0,0.003775517726931499
2021-10-15,67.0,67.38,64.87,65.4,19539748.0,1281190941.0,4503517459.0,0.004338774786128791
2021-10-18,65.4,65.4,63.1,64.53,16347722.0,1044551296.0,4503517459.0,0.0036299897022337713
2021-10-19,64.53,66.1,63.83,65.1,15906960.0,1032153026.0,4503517459.0,0.0035321190924242846
2021-10-20,65.19,65.51,62.86,63.4,22495639.0,1428402280.0,4503517459.0,0.0049951264105890965
2021-10-21,63.25,64.25,62.3,63.52,26061225.0,1648758856.0,4503517459.0,0.005786859990498818
2021-10-22,63.97,64.2,62.35,62.5,27507284.0,1726641009.0,4503517459.0,0.006107955448252655
2021-10-25,62.09,63.2,61.18,62.89,26344474.0,1647251042.0,4503517459.0,0.005849755050322322
2021-10-26,62.86,63.33,62.49,62.73,13908694.0,874907193.0,4503517459.0,0.003088406812369371
2021-10-27,62.43,64.31,62.1,62.9,27117833.0,1717361239.0,4503517459.0,0.006021478377042082
2021-10-28,62.5,63.56,61.59,63.11,19706532.0,1240264324.0,4503517459.0,0.004375808949206518
2021-10-29,63.12,65.45,62.71,64.63,32779318.0,2103919862.0,4503517459.0,0.007278603513458701
2021-11-01,64.6,65.65,63.65,64.8,23009386.0,1493299224.0,4503517459.0,0.005109203241572245
2021-11-02,64.56,66.12,64.28,65.35,22671703.0,1478432179.0,4503517459.0,0.0050342211851964755
2021-11-03,65.5,66.18,64.6,65.16,14050621.0,914012799.0,4503517459.0,0.0031199215119996275
2021-11-04,65.19,65.86,64.59,64.78,15188622.0,987619309.0,4503517459.0,0.0033726131048179868
2021-11-05,64.61,64.72,62.78,62.88,20833137.0,1318523747.0,4503517459.0,0.004625970075538681
2021-11-08,62.81,62.81,60.45,60.69,33170656.0,2035070157.0,4503517459.0,0.007365499590483546
2021-11-09,60.67,60.97,59.71,60.28,15329526.0,922378852.0,4503517459.0,0.0034039006486729375
2021-11-10,60.35,60.49,58.76,60.41,14244556.0,850116879.0,4503517459.0,0.003162984518142178
2021-11-11,60.3,61.58,60.05,61.48,14333820.0,877248540.0,4503517459.0,0.003182805469390321
2021-11-12,61.8,62.5,61.16,62.3,13446866.0,833317135.0,4503517459.0,0.0029858585255681143
2021-11-15,62.29,63.38,61.69,63.0,11781712.0,741103907.0,4503517459.0,0.0026161133174814233
2021-11-16,62.5,64.46,62.5,63.41,15553240.0,992633096.0,4503517459.0,0.003453576041748837
2021-11-17,64.5,65.95,62.85,63.27,18395275.0,1179987282.0,4503517459.0,0.0040846460944074245
2021-11-18,63.27,66.0,62.78,65.34,26891181.0,1746830189.0,4503517459.0,0.00597115060501423
2021-11-19,66.0,69.85,65.51,67.42,34626008.0,2356642552.0,4503517459.0,0.007688658546399565
2021-11-22,68.11,68.46,66.64,66.64,20821737.0,1401308482.0,4503517459.0,0.00462343872085786
2021-11-23,66.6,66.6,64.07,65.6,24143032.0,1570476233.0,4503517459.0,0.005360927812492799
2021-11-24,65.44,66.65,64.79,65.93,13594528.0,896296155.0,4503517459.0,0.0030186466742417486
2021-11-25,65.6,65.6,63.78,63.94,15496824.0,996682450.0,4503517459.0,0.0034410489447599586
2021-11-26,64.04,64.66,63.17,63.51,14116311.0,901506354.0,4503517459.0,0.0031345078882262195
2021-11-29,62.73,63.5,61.18,61.88,18469867.0,1145310295.0,4503517459.0,0.004101209147771619
2021-11-30,61.98,62.33,61.02,61.23,15118873.0,928553339.0,4503517459.0,0.0033571254330958286
2021-12-01,61.59,62.0,61.03,61.38,15595259.0,957953410.0,4503517459.0,0.0034629063042342255
2021-12-02,61.37,61.37,60.0,60.27,19693256.0,1188973797.0,4503517459.0,0.004372861031246643
2021-12-03,60.27,60.66,59.73,60.5,14512272.0,873944790.0,4503517459.0,0.0032224304961887347
2021-12-06,60.55,62.19,59.9,62.19,23636810.0,1448553107.0,4503517459.0,0.00524852189764765
2021-12-07,62.65,63.12,61.8,62.9,18361542.0,1150631084.0,4503517459.0,0.004077155727087412
2021-12-08,62.95,63.81,62.75,63.06,16989119.0,1074314893.0,4503517459.0,0.0037724110441824314
2021-12-09,63.16,66.0,63.03,65.74,31017628.0,2022042645.0,4503517459.0,0.00688742261629589
2021-12-10,65.0,66.1,64.81,65.51,14801929.0,967929461.0,4503517459.0,0.003286748443801248
2021-12-13,65.99,66.67,65.25,65.98,17990061.0,1187878192.0,4503517459.0,0.003994668870228976
2021-12-14,65.8,65.85,63.44,63.93,18995848.0,1219854118.0,4503517459.0,0.00421800252201487
2021-12-15,63.5,63.8,62.11,62.28,16775640.0,1049967085.0,4503517459.0,0.003725008319102866
2021-12-16,62.1,63.43,62.01,63.37,11969868.0,750852591.0,4503517459.0,0.002657893104439722
2021-12-17,63.25,63.33,62.0,62.99,11683170.0,732065219.0,4503517459.0,0.0025942321988009416
2021-12-20,64.0,66.0,63.32,63.74,21409802.0,1382596991.0,4503517459.0,0.0047540177638734004
2021-12-21,63.22,65.32,62.73,64.95,16376402.0,1054545430.0,4503517459.0,0.0036363580576939426
2021-12-22,64.6,67.58,64.59,66.75,28693940.0,1914956392.0,4503517459.0,0.006371450818439027
2021-12-23,66.5,67.39,66.01,66.75,15135124.0,1012481782.0,4503517459.0,0.003360733945807936
2021-12-24,66.75,69.6,65.78,68.85,27249793.0,1859546686.0,4503517459.0,0.0060507799177158695
2021-12-27,68.84,69.6,67.8,68.75,13516956.0,926400278.0,4503517459.0,0.0030014219158820406
2021-12-28,68.49,69.3,67.66,68.16,13971419.0,954873015.0,4503517459.0,0.0031023348143302933
2021-12-29,68.68,70.35,68.36,68.68,27334876.0,1896867315.0,4503517459.0,0.0060696724835323885
2021-12-30,68.3,69.67,68.08,69.02,13297534.0,915909685.0,4503517459.0,0.002952699555638605
2021-12-31,68.88,69.29,67.5,68.92,13653695.0,937766715.0,4503517459.0,0.003031784627083867
2022-01-04,69.22,71.72,68.74,71.42,23473866.0,1653355607.0,4503517459.0,0.005212340401409777
2022-01-05,70.66,72.67,70.66,71.3,22479239.0,1613401776.0,4503517459.0,0.004991484812627214
2022-01-06,71.3,71.8,68.0,68.39,21113367.0,1458615813.0,4503517459.0,0.00468819477046908
2022-01-07,68.4,69.78,67.21,68.6,14644326.0,1007933149.0,4503517459.0,0.003251752909436206
2022-01-10,68.98,69.2,67.3,68.74,12061099.0,825352013.0,4503517459.0,0.0026781508253946353
2022-01-11,69.98,71.5,67.63,67.68,17398256.0,1200843996.0,4503517459.0,0.0038632593652392013
2022-01-12,68.11,68.98,67.36,67.74,11819759.0,801622880.0,4503517459.0,0.002624561602704336
2022-01-13,67.77,67.97,65.69,65.84,13119045.0,870639763.0,4503517459.0,0.0029130663130399114
2022-01-14,65.0,66.8,64.64,65.99,13577194.0,893940364.0,4503517459.0,0.003014797682834963
2022-01-17,66.4,67.35,65.17,66.82,10141889.0,675412960.0,4503517459.0,0.0022519928239052487
2022-01-18,66.6,67.3,65.75,66.54,11729186.0,778189534.0,4503517459.0,0.002604449989765211
2022-01-19,66.21,67.07,65.35,65.7,11663056.0,768442363.0,4503517459.0,0.0025897659121298855
2022-01-20,66.01,68.3,65.5,67.48,16799726.0,1127268491.0,4503517459.0,0.0037303565830363976
2022-01-21,67.47,67.8,66.16,67.4,11035061.0,738693272.0,4503517459.0,0.002450320466271784
2022-01-24,67.18,67.18,65.01,65.33,13015975.0,853785426.0,4503517459.0,0.0028901797580441
2022-01-25,65.0,65.5,63.0,63.11,13442809.0,859782535.0,4503517459.0,0.0029849576741698605
2022-01-26,63.1,65.07,63.1,64.94,10180435.0,656205035.0,4503517459.0,0.0022605519114076117
2022-01-27,64.5,64.98,63.1,63.13,9466432.0,603700291.0,4503517459.0,0.0021020085047259943
2022-01-28,63.77,65.0,63.29,63.35,14854822.0,951380856.0,4503517459.0,0.00329849326337429
2022-02-07,64.5,66.68,64.01,64.56,14686632.0,956579365.0,4503517459.0,0.0032611468998859274
2022-02-08,64.6,65.67,64.03,65.55,14030257.0,912151617.0,4503517459.0,0.0031153997131645184
2022-02-09,65.58,66.38,63.63,64.18,15401633.0,990926696.0,4503517459.0,0.0034199119111264446
2022-02-10,64.08,64.18,62.16,62.63,18981425.0,1189341122.0,4503517459.0,0.004214799914246319
2022-02-11,62.65,63.24,61.53,62.59,11731183.0,733500575.0,4503517459.0,0.002604893420931667
2022-02-14,61.99,61.99,60.2,60.88,15550263.0,945055118.0,4503517459.0,0.0034529150028992928
2022-02-15,60.99,61.6,59.28,61.59,15066864.0,911569810.0,4503517459.0,0.0033455769045348783
2022-02-16,61.31,62.0,61.01,61.7,9934402.0,611813942.0,4503517459.0,0.002205920614373708
2022-02-17,61.82,62.04,60.74,61.65,11642992.0,715618358.0,4503517459.0,0.00258531072789164
2022-02-18,61.25,61.5,60.47,61.4,8987380.0,548711761.0,4503517459.0,0.001995635651870135
2022-02-21,61.9,62.75,61.45,62.15,12059721.0,748139439.0,4503517459.0,0.0026778448423463745
2022-02-22,61.3,61.34,59.5,60.21,14671617.0,883263976.0,4503517459.0,0.0032578128393128984
2022-02-23,60.21,60.55,59.9,60.41,12882107.0,775919072.0,4503517459.0,0.0028604545485342594
2022-02-24,60.1,60.2,57.83,58.39,25090540.0,1475296781.0,4503517459.0,0.005571320690643291
2022-02-25,58.95,60.18,58.8,59.9,15207046.0,909399061.0,4503517459.0,0.003376704129260044
2022-02-28,59.85,60.4,58.6,60.4,13686721.0,809619558.0,4503517459.0,0.0030391180060039377
2022-03-01,59.93,59.95,57.1,57.54,39584741.0,2292181649.0,4503517459.0,0.008789738545565612
2022-03-02,57.1,58.28,56.28,58.08,17419973.0,1002868374.0,4503517459.0,0.0038680815959061658
2022-03-03,59.17,59.65,58.26,58.52,20213772.0,1191284319.0,4514017459.0,0.004478000402877927
2022-03-04,58.13,59.48,57.45,58.74,14419549.0,851029588.0,4514017459.0,0.0031943937149047697
2022-03-07,58.03,58.3,55.88,56.1,18257235.0,1033849593.0,4514017459.0,0.0040445645516055595
2022-03-08,55.68,56.26,53.28,54.59,22855881.0,1248912410.0,4514017459.0,0.005063312494379079
2022-03-09,54.08,54.53,51.08,53.24,26072269.0,1385516259.0,4514017459.0,0.0057758458483622805
2022-03-10,54.63,54.88,53.24,53.69,15974058.0,860892200.0,4514017459.0,0.003538767438338346
2022-03-11,51.9,53.73,51.69,53.71,14800374.0,782697445.0,4514017459.0,0.003278758696533433
2022-03-14,52.7,52.88,51.2,51.2,24673359.0,1279060606.0,4514017459.0,0.005465942306183712
2022-03-15,51.19,51.19,47.51,47.78,37311731.0,1822783368.0,4514017459.0,0.00826574804791866
2022-03-16,49.0,49.71,46.7,49.61,25040101.0,1210652430.0,4514017459.0,0.005547187450521555
2022-03-17,50.8,51.57,49.8,50.11,23488104.0,1186202365.0,4514017459.0,0.005203370215852769
2022-03-18,50.11,50.54,49.35,49.5,33311861.0,1652895115.0,4514017459.0,0.007379648240744653
2022-03-21,49.55,49.57,47.12,47.83,37222974.0,1787534582.0,4514017459.0,0.008246085518740126
2022-03-22,48.37,48.38,46.5,47.08,33748138.0,1588781218.0,4514017459.0,0.007476297623243198
2022-03-23,46.99,47.32,46.39,47.2,24325326.0,1140760488.0,4514017459.0,0.005388841806869936
2022-03-24,46.99,46.99,45.87,46.02,22427841.0,1036648067.0,4514017459.0,0.004968487872213168
2022-03-25,46.57,46.59,44.7,44.94,24785085.0,1122853510.0,4514017459.0,0.00549069320735208
2022-03-28,43.99,44.73,43.51,43.91,18028378.0,792807354.0,4514017459.0,0.003993865367989486
2022-03-29,43.91,44.06,42.75,42.82,21909307.0,947625393.0,4514017459.0,0.004853615919521413
2022-03-30,43.19,44.42,42.51,44.37,26528779.0,1154769811.0,4514017459.0,0.005876977490883914
2022-03-31,44.0,46.47,43.81,45.7,39272979.0,1794381121.0,4514017459.0,0.008700227537157162
2022-04-01,45.7,49.5,45.28,49.0,43146544.0,2082999222.0,4514017459.0,0.009558346725924793
2022-04-06,49.01,50.27,47.86,49.06,30767136.0,1515695632.0,4514017459.0,0.00681590983629379
2022-04-07,48.97,49.31,47.6,47.63,18325053.0,883091104.0,4503006730.0,0.004069514903878458
2022-04-08,48.11,49.36,47.26,48.26,16915453.0,813970834.0,4503006730.0,0.003756479617786403
2022-04-11,49.24,50.25,47.95,49.5,38508695.0,1889659741.0,4503006730.0,0.008551773805587894
2022-04-12,49.58,53.85,48.73,52.3,56475039.0,2894391313.0,4503006730.0,0.012541628824081281
2022-04-13,52.33,54.0,52.0,52.5,49446312.0,2629975929.0,4503006730.0,0.010980732422756117
2022-04-14,52.02,53.33,51.0,51.85,27613326.0,1436209787.0,4503006730.0,0.006132197364048799
2022-04-15,51.4,51.4,49.95,50.11,20554946.0,1034108293.0,4503006730.0,0.004564715807120279
2022-04-18,49.95,52.26,49.19,52.25,23338070.0,1195263198.0,4503006730.0,0.0051827748434211205
2022-04-19,51.93,52.51,51.21,51.57,14772311.0,764080092.0,4503006730.0,0.0032805438423139997
2022-04-20,51.2,52.1,50.39,50.92,12141815.0,621015816.0,4503006730.0,0.00269637949219765
2022-04-21,51.05,51.16,48.54,49.1,25253987.0,1248107703.0,4503006730.0,0.005608249890401563
2022-04-22,48.65,49.35,47.38,48.58,14687115.0,711261669.0,4503006730.0,0.0032616240393671366
2022-04-25,47.85,48.1,45.11,45.16,23231167.0,1078836142.0,4503006730.0,0.005159034483610465
2022-04-26,45.47,46.88,45.12,45.42,16913546.0,776543810.0,4503006730.0,0.0037560561229718617
2022-04-27,45.0,46.45,44.6,46.3,19258936.0,879937365.0,4503006730.0,0.004276905888612785
2022-04-28,47.5,48.55,46.3,47.5,23267809.0,1101492249.0,4503006730.0,0.005167171713287668
2022-04-29,47.72,51.65,47.53,51.3,33604500.0,1668787637.0,4503006730.0,0.007462680385556519
2022-05-05,50.05,51.53,49.76,50.55,23798394.0,1206456659.0,4503006730.0,0.005285000762146318
2022-05-06,49.3,50.28,48.65,49.17,12936918.0,637144720.0,4503006730.0,0.00287295106929587
2022-05-09,49.18,50.43,48.87,49.86,9330703.0,465084173.0,4503006730.0,0.002072105053238506
2022-05-10,49.19,50.3,47.8,49.66,14703070.0,723102938.0,4503006730.0,0.0032651672274982366
2022-05-11,49.92,51.47,49.2,50.36,21848516.0,1099447551.0,4503006730.0,0.004851983865456049
2022-05-12,49.7,50.99,49.25,49.5,14338535.0,714856895.0,4503006730.0,0.0031842135399162506
2022-05-13,49.9,50.37,49.26,49.8,10987149.0,546266009.0,4503006730.0,0.0024399583786542554
2022-05-16,49.78,50.29,48.49,48.68,11420293.0,560244143.0,4503006730.0,0.002536148330384574
2022-05-17,48.64,50.25,48.2,49.3,15519849.0,765796070.0,4503006730.0,0.0034465524771711813
2022-05-18,49.32,49.56,47.01,48.6,27377666.0,1316597131.0,4503006730.0,0.0060798634427090895
2022-05-19,47.75,48.3,46.6,47.2,49623888.0,2343761730.0,4852779377.0,0.010225869371930443
2022-05-20,47.58,50.75,46.95,50.54,54346840.0,2680389417.0,4852779377.0,0.011199116171977583
2022-05-23,50.54,50.92,49.5,50.17,31990434.0,1602278822.0,4852779377.0,0.006592188005006023
2022-05-24,50.16,50.4,48.2,48.31,29784700.0,1462935593.0,4852779377.0,0.006137657965900147
2022-05-25,48.68,48.91,47.75,48.5,21171481.0,1025916253.0,4852779377.0,0.004362753662435868
2022-05-26,48.54,50.8,48.32,50.49,33062782.0,1650191210.0,4852779377.0,0.006813164051245102
2022-05-27,50.8,51.8,49.86,50.08,23639868.0,1197632300.0,4852779377.0,0.00487140794243447
2022-05-30,51.13,51.91,50.25,51.57,28241530.0,1449904754.0,4852779377.0,0.005819660818262664
2022-05-31,51.45,52.16,50.83,51.9,27230291.0,1404780780.0,4852779377.0,0.005611277349442132
2022-06-01,51.32,53.27,51.31,52.3,30704544.0,1612973539.0,4852779377.0,0.006327207897710286
2022-06-02,52.0,52.6,51.59,51.87,17218908.0,893941530.0,4852779377.0,0.0035482569188308682
2022-06-06,51.71,52.22,50.16,51.35,26911846.0,1375351194.0,4852779377.0,0.005545656191903158
2022-06-07,51.1,53.19,50.92,52.93,30552377.0,1601231929.0,4852779377.0,0.006295851228020911
2022-06-08,52.98,53.72,52.45,53.4,25217328.0,1337905684.0,4852779377.0,0.005196471143839515
2022-06-09,53.38,53.39,51.63,51.81,16757726.0,875510406.0,4852779377.0,0.003453222307905468
2022-06-10,51.51,52.8,51.21,52.6,16056270.0,837984498.0,4852779377.0,0.003308675040142877
2022-06-13,51.56,52.18,50.57,51.6,21707761.0,1113817360.0,4852779377.0,0.0044732635287079115
2022-06-14,51.0,51.37,50.09,50.88,21389221.0,1082537601.0,4852779377.0,0.004407622794758675
2022-06-15,51.0,52.16,50.67,51.55,21839396.0,1124353169.0,4852779377.0,0.00450038922097076
2022-06-16,51.54,52.38,51.35,52.04,15560036.0,809518030.0,4852779377.0,0.0032064173520328573
2022-06-17,51.65,52.28,50.65,51.9,24149020.0,1238992566.0,4852779377.0,0.0049763276102053056
2022-06-20,52.78,53.11,52.17,52.3,19193698.0,1009028199.0,4852779377.0,0.0039551969106548564
2022-06-21,52.33,52.7,51.68,52.15,14016337.0,732015962.0,4852779377.0,0.0028883111947003316
2022-06-22,52.0,52.3,49.95,50.11,21415235.0,1088791199.0,4852779377.0,0.004412983434091114
2022-06-23,50.15,50.6,49.07,49.7,24877109.0,1231598523.0,4852779377.0,0.005126363073068261
2022-06-24,49.7,52.99,49.62,52.62,43327395.0,2247852214.0,4852779377.0,0.008928366948918477
2022-06-27,52.62,54.5,52.52,54.16,36814364.0,1985139290.0,4852779377.0,0.007586243086690401
2022-06-28,54.0,55.89,53.66,55.4,29840424.0,1642507501.0,4852779377.0,0.006149140869957995
2022-06-29,55.39,55.9,54.48,54.66,21550892.0,1187004756.0,4852779377.0,0.004440937929744256
2022-06-30,54.66,56.89,54.54,55.81,24027806.0,1345616488.0,4843779377.0,0.004960549217846839
2022-07-01,56.05,57.1,55.45,55.98,14635826.0,822025558.0,4843779377.0,0.0030215715582539012
2022-07-04,55.9,56.49,54.8,55.98,12946571.0,722199867.0,4843779377.0,0.0026728242540267127
2022-07-05,56.49,57.29,55.5,56.44,22393582.0,1259658276.0,4843779377.0,0.00462316308342464
2022-07-06,56.12,56.12,53.8,54.53,21384730.0,1169871112.0,4843779377.0,0.00441488522403443
2022-07-07,54.51,54.54,53.15,53.3,17985681.0,963751185.0,4843779377.0,0.003713150331619656
2022-07-08,53.9,54.85,53.38,54.38,16165427.0,876011289.0,4843779377.0,0.003337358236578495
2022-07-11,54.0,54.08,52.08,52.5,13716453.0,722840510.0,4843779377.0,0.002831766670697397
2022-07-12,53.01,53.3,51.5,51.73,15105504.0,784428603.0,4843779377.0,0.003118536750812051
2022-07-13,51.6,52.2,51.23,51.76,16658516.0,861482683.0,4843779377.0,0.00343915663853325
2022-07-14,51.73,52.32,51.13,51.8,14321813.0,739322230.0,4843779377.0,0.0029567434611091287
2022-07-15,52.5,53.06,50.73,50.88,36160468.0,1872892508.0,4843779377.0,0.007465341665168083
2022-07-18,51.03,52.32,50.88,51.91,19161579.0,988023478.0,4843779377.0,0.0039559148979794664
2022-07-19,52.1,54.5,51.51,54.5,32856778.0,1763572856.0,4843779377.0,0.006783293672708496
2022-07-20,54.7,54.79,53.8,53.9,15824511.0,856352778.0,4843779377.0,0.003266976005377216
2022-07-21,53.22,54.64,52.9,53.0,17317627.0,925436365.0,4843779377.0,0.003575230342288152
2022-07-22,52.91,53.4,52.26,53.0,14061081.0,742952246.0,4843779377.0,0.0029029152456379517
2022-07-25,53.2,53.74,52.52,52.63,11709747.0,620454840.0,4843779377.0,0.002417481492985018
2022-07-26,52.57,52.97,51.8,52.11,14035778.0,731283547.0,4843779377.0,0.0028976914321587194
2022-07-27,52.0,52.08,50.7,50.94,17185824.0,877847241.0,4843779377.0,0.003548019565384099
2022-07-28,51.0,51.3,50.69,50.72,15016138.0,765415752.0,4843779377.0,0.0031000871078691165
2022-07-29,50.85,50.95,49.37,49.84,23155192.0,1152548113.0,4843779377.0,0.004780397742710815
2022-08-01,49.84,49.84,48.67,48.89,19734912.0,965629881.0,4843779377.0,0.004074279702685971
2022-08-02,48.45,49.26,47.47,48.23,19471357.0,941368047.0,4843779377.0,0.004019868677846266
2022-08-03,48.1,48.84,47.86,48.18,16937890.0,818429664.0,4843779377.0,0.0034968335016303943
2022-08-04,48.43,49.09,48.05,48.25,15923712.0,770826732.0,4843779377.0,0.0032874560876185836
2022-08-05,48.2,48.9,47.95,48.82,12965318.0,627944905.0,4843779377.0,0.0026766945789405633
2022-08-08,48.79,49.33,48.41,48.64,13791411.0,671062861.0,4843779377.0,0.002847241776841976
2022-08-09,48.58,49.15,48.25,48.97,12622754.0,617213186.0,4843779377.0,0.002605972117544692
2022-08-10,48.92,49.04,47.76,48.03,18021957.0,868029719.0,4844289538.0,0.0037202476975479247
2022-08-11,48.04,49.66,48.03,49.49,17477440.0,859165845.0,4844289538.0,0.0036078438051445802
2022-08-12,49.49,50.0,49.19,49.79,10727735.0,533867225.0,4844289538.0,0.002214511522453099
2022-08-15,49.79,50.5,49.4,49.91,11485727.0,574014307.0,4844289538.0,0.00237098276432543
2022-08-16,49.8,50.38,49.52,49.65,9302575.0,464032680.0,4844289538.0,0.0019203177116123896
2022-08-17,49.67,50.71,49.26,50.59,16615565.0,834333259.0,4844289538.0,0.0034299281390310654
2022-08-18,50.41,50.58,49.5,49.72,10377287.0,516850984.0,4844289538.0,0.002142169025735885
2022-08-19,49.99,50.65,49.75,49.88,9419699.0,472312153.0,4844289538.0,0.0019444954571994867
2022-08-22,49.62,50.99,49.5,50.68,12956660.0,655469857.0,4844289538.0,0.0026746254323496217
2022-08-23,50.51,50.59,49.62,49.73,9772534.0,487328637.0,4844289538.0,0.0020173306990305664
2022-08-24,49.74,50.09,48.94,49.1,8855215.0,437784683.0,4844289538.0,0.0018279698045579537
2022-08-25,49.1,49.6,48.57,49.58,10053343.0,493200105.0,4844289538.0,0.0020752977131401184
2022-08-26,49.89,50.38,49.22,49.37,7560092.0,375537845.0,4844289538.0,0.0015606193520631797
2022-08-29,48.89,49.07,48.0,48.18,13311724.0,643338509.0,4844289538.0,0.002747920803572745
2022-08-30,48.21,49.12,48.09,49.12,12532472.0,609707954.0,4844289538.0,0.002587060889257689
2022-08-31,49.51,49.8,48.78,49.43,17959413.0,885571331.0,4844289538.0,0.0037073368259929965
2022-09-01,49.3,50.2,48.73,48.86,15908175.0,788598929.0,4844289538.0,0.0032839025981440005
2022-09-02,49.06,49.51,48.1,48.45,11667166.0,567145451.0,4844289538.0,0.002408436966551936
2022-09-05,48.18,48.6,47.5,47.74,11430695.0,545762390.0,4844289538.0,0.0023596225845574138
2022-09-06,47.78,48.18,46.58,47.39,16702437.0,787915973.0,4844289538.0,0.003447861006032212
2022-09-07,47.34,48.6,46.91,47.0,22953433.0,1088010648.0,4844289538.0,0.0047382454785055
2022-09-08,47.21,48.68,47.02,48.04,20515252.0,983729144.0,4844289538.0,0.004234935141484105
2022-09-09,48.5,50.51,48.13,50.38,33174571.0,1655967000.0,4844289538.0,0.006848180881792702
2022-09-13,50.51,52.16,50.51,51.39,29408117.0,1520859903.0,4844289538.0,0.00607067698355234
2022-09-14,50.85,51.53,50.28,51.0,17430841.0,888641048.0,4844289538.0,0.0035982244379216956
2022-09-15,51.36,51.42,50.1,50.49,19689248.0,997078326.0,4844289538.0,0.004064424276367438
2022-09-16,50.45,50.46,48.51,48.7,16500861.0,811958028.0,4844289538.0,0.0034062499507022653
2022-09-19,48.77,49.58,48.15,48.66,14620437.0,713626859.0,4844289538.0,0.0030180766210015086
2022-09-20,48.93,49.68,48.4,49.03,13406457.0,655500641.0,4844289538.0,0.00276747640594888
2022-09-21,48.9,48.9,47.6,47.88,13148614.0,631822198.0,4844289538.0,0.0027142502315062903
2022-09-22,47.42,47.83,44.73,45.32,44123140.0,2020110682.0,4844289538.0,0.009108278861922971
2022-09-23,45.99,47.33,45.88,46.7,35472145.0,1649807920.0,4844289538.0,0.007322465909963947
2022-09-26,46.02,47.0,45.54,45.78,23218914.0,1070587456.0,4844289538.0,0.004793048354741013
2022-09-27,45.58,48.4,45.45,48.12,27522990.0,1302367933.0,4844289538.0,0.005681532820055811
2022-09-28,48.0,49.56,47.62,47.8,19538591.0,946392943.0,4844289538.0,0.004033324359895021
2022-09-29,47.86,48.1,47.03,47.28,14724360.0,699076233.0,4844289538.0,0.0030395293023874575
2022-09-30,47.66,47.8,46.83,47.22,16123663.0,763235679.0,4844289538.0,0.0033283854884232976
2022-10-10,47.4,47.5,45.4,45.49,12142769.0,559791389.0,4844289538.0,0.0025066150370964884
2022-10-11,45.8,45.86,44.61,45.02,15974383.0,718876876.0,4844289538.0,0.0032975698241594245
2022-10-12,44.93,45.75,44.03,45.7,13670971.0,612895101.0,4844289538.0,0.002822079665709692
2022-10-13,45.35,46.2,45.21,45.7,11500925.0,527004904.0,4844289538.0,0.0023741200664789824
2022-10-14,47.5,49.75,47.34,49.45,39387470.0,1935312897.0,4844289538.0,0.008130701043162956
2022-10-17,49.1,51.55,49.03,51.26,34593737.0,1756873624.0,4844289538.0,0.00714113735949034
2022-10-18,51.26,51.78,50.61,50.88,17399957.0,888145722.0,4844289538.0,0.003591849096448454
2022-10-19,50.88,51.92,50.06,51.22,19489408.0,999265323.0,4844289538.0,0.004023171581120303
2022-10-20,51.01,51.67,50.45,50.67,17295138.0,881314707.0,4844289538.0,0.003570211455019764
2022-10-21,50.72,51.67,50.56,51.21,16169081.0,830667603.0,4844289538.0,0.0033377610634469884
2022-10-24,50.81,51.68,49.12,49.34,22024058.0,1098810887.0,4844289538.0,0.0045463958806006444
2022-10-25,49.79,50.29,48.57,49.08,16226478.0,799362816.0,4844289538.0,0.0033496094468992493
2022-10-26,48.88,50.86,48.88,50.17,14184254.0,712192837.0,4844289538.0,0.0029280359666231
2022-10-27,50.18,51.39,50.17,50.87,16735453.0,853751955.0,4844289538.0,0.0034546764533214406
2022-10-28,50.61,51.31,49.4,49.88,13304784.0,668343022.0,4844289538.0,0.0027464881889559755
2022-10-31,49.5,49.6,47.85,48.26,23039380.0,1116164762.0,4844289538.0,0.0047559873990339506
2022-11-01,48.79,49.58,47.28,49.46,18546899.0,899724509.0,4844289538.0,0.0038286107497317802
2022-11-02,48.86,50.77,48.71,50.5,19356159.0,964799035.0,4844289538.0,0.003995665174049718
2022-11-03,49.96,50.21,47.78,48.31,24289905.0,1183141922.0,4844289538.0,0.005014131547972722
2022-11-04,48.28,50.44,48.07,50.02,24173916.0,1198335928.0,4844289538.0,0.004990188098868338
2022-11-07,49.41,51.1,49.31,50.18,15320312.0,769049098.0,4844289538.0,0.0031625508508158046
2022-11-08,50.18,50.82,49.9,50.17,13209694.0,663612239.0,4844289538.0,0.0027268588915628105
2022-11-09,50.0,50.39,49.71,50.0,10066022.0,504211234.0,4844289538.0,0.00207791502160208
2022-11-10,49.68,49.9,49.0,49.31,9293071.0,458658696.0,4844289538.0,0.0019183558140161688
2022-11-11,50.55,52.75,50.31,52.53,37638695.0,1946352608.0,4844289538.0,0.007769703834742175
2022-11-14,52.57,53.59,51.68,51.82,19180256.0,1004504336.0,4844289538.0,0.003959353760658721
2022-11-15,52.0,53.53,51.57,53.42,19497828.0,1031335441.0,4844289538.0,0.004024909710093385
2022-11-16,53.3,55.15,53.11,53.99,24681444.0,1341219539.0,4844289538.0,0.005094956403078647
2022-11-17,53.54,53.99,52.9,53.76,11761535.0,627876645.0,4844289538.0,0.0024279174289107077
2022-11-18,53.98,54.28,52.45,52.49,18475707.0,977241407.0,4844289538.0,0.0038139146834786078
2022-11-21,51.7,52.03,50.81,51.7,13508279.0,694452075.0,4844289538.0,0.002788495380806035
2022-11-22,52.1,52.35,51.17,51.7,8676949.0,448261443.0,4844289538.0,0.0017911706003399502
2022-11-23,51.56,51.56,50.66,50.87,8770258.0,447233909.0,4844289538.0,0.0018104322483624429
2022-11-24,51.26,51.74,50.42,50.56,9317237.0,472543277.0,4844289538.0,0.0019233443680260881
2022-11-25,50.58,51.38,50.19,50.95,8961488.0,456011557.0,4844289538.0,0.0018499075931988605
2022-11-28,49.95,50.81,49.03,50.7,11472168.0,573802722.0,4844289538.0,0.002368183798678633
2022-11-29,51.04,53.45,50.74,53.0,20563088.0,1078743596.0,4844289538.0,0.004244809860908855
2022-11-30,52.5,53.0,51.87,53.0,15370891.0,807688041.0,4844289538.0,0.0031729918039428303
2022-12-01,54.88,55.7,54.39,54.47,30779065.0,1690359481.0,4844289538.0,0.006353679886092721
2022-12-02,54.43,54.73,53.45,53.58,11099504.0,598293235.0,4844289538.0,0.002291255283758805
2022-12-05,54.57,55.72,54.25,55.12,23165342.0,1279295374.0,4844289538.0,0.004781989560756927
2022-12-06,55.0,57.14,54.44,57.05,32133909.0,1813062409.0,4844289538.0,0.006633358462150616
2022-12-07,57.05,58.85,56.87,57.65,32397617.0,1868892123.0,4844289538.0,0.0066877953404444095
2022-12-08,57.46,57.99,56.63,57.3,25008741.0,1432018500.0,4844289538.0,0.0051625198708343594
2022-12-09,57.32,58.3,57.02,58.03,27825592.0,1609784346.0,4844289538.0,0.005743998533062084
2022-12-12,57.81,58.37,56.7,56.93,20178940.0,1157066700.0,4844289538.0,0.004165510719726926
2022-12-13,56.93,57.8,56.3,57.5,13662405.0,781676578.0,4844289538.0,0.0028203113981582163
2022-12-14,57.88,60.0,57.02,59.45,33932432.0,2003405334.0,4844289538.0,0.007004625081515926
2022-12-15,59.66,60.36,58.07,58.54,14849426.0,873107614.0,4844289538.0,0.003065346504067693
2022-12-16,58.36,58.97,57.55,58.31,15854010.0,919264878.0,4844289538.0,0.003272721391988771
2022-12-19,58.59,59.0,57.63,58.3,14598959.0,850353953.0,4844289538.0,0.0030136429471198135
2022-12-20,57.51,58.1,56.55,57.05,12728021.0,728198500.0,4844289538.0,0.0026274277993001333
2022-12-21,58.07,58.7,56.88,57.4,11985238.0,692173337.0,4844289538.0,0.0024740961302961656
2022-12-22,58.09,59.0,57.64,58.19,16768402.0,978207728.0,4844289538.0,0.003461478069893187
2022-12-23,57.82,58.65,57.55,58.18,10566688.0,614123855.0,4844289538.0,0.002181266812627912
2022-12-26,57.6,58.44,57.26,57.4,11995037.0,692714534.0,4844289538.0,0.00247611892433503
2022-12-27,57.69,60.91,57.52,59.94,26008605.0,1547538779.0,4844289538.0,0.005368920415673139
2022-12-28,59.6,59.83,57.71,58.04,20787524.0,1213590083.0,4844289538.0,0.004291139874472136
2022-12-29,57.8,57.88,56.71,56.91,15172668.0,866828117.0,4844289538.0,0.0031320729037728296
2022-12-30,57.02,58.3,57.02,57.76,15353304.0,886424361.0,4844289538.0,0.003169361343818174
2023-01-03,57.5,58.22,56.91,57.78,18089044.0,1042703594.0,4841252038.0,0.0037364392223365587
2023-01-04,58.2,58.23,57.05,57.63,15509466.0,892768524.0,4841252038.0,0.0032036063973251046
2023-01-05,58.35,60.36,57.93,60.22,31560648.0,1887877855.0,4841252038.0,0.006519108642201205
2023-01-06,60.35,60.46,59.11,59.61,13326701.0,795533614.0,4841252038.0,0.0027527385261903194
2023-01-09,60.0,60.36,58.9,59.3,17393332.0,1032360901.0,4841252038.0,0.003592734247974718
2023-01-10,59.3,59.68,58.9,59.1,9874464.0,585319065.0,4841252038.0,0.0020396508842120318
2023-01-11,58.99,59.69,58.35,58.66,11902563.0,701599983.0,4841252038.0,0.00245857123458442
2023-01-12,58.8,59.12,57.68,58.11,11702429.0,680733396.0,4841252038.0,0.0024172319284650307
2023-01-13,60.5,60.51,58.9,60.38,22251786.0,1333601594.0,4841252038.0,0.004596287453192083
2023-01-16,60.95,61.67,60.1,61.09,24383779.0,1490089422.0,4841252038.0,0.005036667954613108
2023-01-17,61.01,61.25,60.0,60.59,9326078.0,563660206.0,4841252038.0,0.00192637729388961
2023-01-18,60.36,61.37,59.58,60.91,14512324.0,878947514.0,4841252038.0,0.002997638603834242
2023-01-19,60.98,61.1,60.02,61.03,8911538.0,541364753.0,4841252038.0,0.0018407506839246282
2023-01-20,61.0,61.58,60.2,60.37,13445754.0,816133543.0,4841252038.0,0.0027773298920323636
2023-01-30,61.0,61.26,58.5,58.87,27694826.0,1650045231.0,4841252038.0,0.005720591653278433
2023-01-31,59.15,60.24,57.71,58.64,25980519.0,1524910642.0,4841252038.0,0.005366487593720276
2023-02-01,58.8,59.2,57.0,57.85,33312656.0,1927236499.0,4841252038.0,0.006881000150069031
2023-02-02,58.04,58.6,57.5,58.45,22733333.0,1324434221.0,4841252038.0,0.004695754904219263
2023-02-03,57.97,58.59,57.45,57.71,16721630.0,965581001.0,4841252038.0,0.003453988734473733
2023-02-06,57.09,57.39,56.5,57.0,18545536.0,1054263916.0,4841252038.0,0.0038307313592500884
2023-02-07,57.0,58.05,56.81,57.45,13267476.0,763237754.0,4841252038.0,0.002740505120547496
2023-02-08,57.5,58.31,57.34,57.77,12538730.0,726363841.0,4841252038.0,0.002589976704699711
2023-02-09,57.75,58.33,57.22,57.95,12106003.0,702196289.0,4841252038.0,0.002500593421903559
2023-02-10,57.95,57.95,57.18,57.4,11277255.0,648330849.0,4841252038.0,0.0023294087792749617
2023-02-13,56.98,58.28,56.8,58.06,19007068.0,1101478716.0,4841252038.0,0.003926064549172311
2023-02-14,58.12,58.66,56.91,57.3,17393280.0,997977060.0,4841252038.0,0.003592723506951612
2023-02-15,57.15,57.2,55.2,55.9,33370198.0,1862447593.0,4841252038.0,0.00689288591836788
2023-02-16,56.01,56.94,54.75,55.3,21526742.0,1205208393.0,4841252038.0,0.004446523715566159
2023-02-17,55.31,55.33,53.85,53.9,19772334.0,1076742599.0,4841252038.0,0.004084136468170386
2023-02-20,53.91,55.25,53.91,55.0,16375582.0,897122161.0,4841252038.0,0.0033825097044038674
2023-02-21,54.98,55.13,54.03,54.44,16602332.0,903719459.0,4841252038.0,0.0034293467618882107
2023-02-22,54.06,54.42,53.7,53.88,12863368.0,694299319.0,4841252038.0,0.0026570333250639988
2023-02-23,53.9,54.66,53.8,54.04,12310886.0,666710348.0,4841252038.0,0.0025429136726138777
2023-02-24,53.81,54.19,53.41,53.71,16481695.0,884905533.0,4841252038.0,0.00340442820795772
2023-02-27,53.21,53.78,53.1,53.43,14962773.0,798796509.0,4841252038.0,0.003090682509928024
2023-02-28,53.6,54.42,53.49,53.93,16687685.0,900148218.0,4841252038.0,0.003446977118525305
2023-03-01,53.94,54.24,53.23,54.11,13421140.0,723315347.0,4841252038.0,0.002772245670056974
2023-03-02,53.98,54.73,53.66,54.4,14270975.0,774903850.0,4841252038.0,0.002947786004113013
2023-03-03,54.6,54.92,53.91,54.33,13055428.0,707307288.0,4841252038.0,0.0026967048807881133
2023-03-06,54.11,54.15,53.48,53.7,12447207.0,668833397.0,4841252038.0,0.0025710718843595147
2023-03-07,53.77,53.95,52.47,52.49,15650455.0,830736135.0,4841252038.0,0.003232728822452602
2023-03-08,52.18,53.47,52.03,53.16,13079942.0,693547931.0,4841252038.0,0.0027017684469498385
2023-03-09,53.31,53.5,52.35,52.5,10725106.0,566835128.0,4841252038.0,0.0022153579106843433
2023-03-10,52.05,52.69,52.05,52.08,8351727.0,436422143.0,4841252038.0,0.001725117166891033
2023-03-13,52.0,54.0,51.85,53.95,16987588.0,909478518.0,4841252038.0,0.0035089245233796687
2023-03-14,53.79,54.12,53.06,53.3,10081196.0,539320915.0,4841252038.0,0.0020823530609170074
2023-03-15,53.96,53.96,52.76,53.03,9356672.0,498047151.0,4841252038.0,0.0019326967335221393
2023-03-16,52.51,53.15,51.88,52.4,10537674.0,553434083.0,4841252038.0,0.002176642306016624
2023-03-17,52.69,53.05,51.92,52.5,14629706.0,767978785.0,4841252038.0,0.003021884811029952
2023-03-20,53.33,54.25,51.17,51.73,24863205.0,1297267323.0,4841252038.0,0.0051356972958324625
2023-03-21,51.74,53.15,51.3,53.09,17449104.0,918862513.0,4841252038.0,0.003604254408371705
2023-03-22,53.08,54.18,53.01,53.23,11940879.0,640141763.0,4841252038.0,0.002466485716148125
2023-03-23,53.22,54.43,52.86,54.0,17303642.0,935384469.0,4841252038.0,0.0035742080486989925
2023-03-24,53.96,54.3,53.28,53.73,8219469.0,441026115.0,4841252038.0,0.0016977982008545864
2023-03-27,53.96,54.2,52.58,54.14,12573163.0,672967434.0,4841252038.0,0.002597089121018822
2023-03-28,53.7,54.35,53.1,53.5,11597210.0,622417288.0,4841252038.0,0.002395498087885339
2023-03-29,53.81,55.38,53.71,54.55,24431732.0,1339181197.0,4841252038.0,0.005046573036939664
2023-03-30,54.69,55.98,54.56,55.2,21826736.0,1208321180.0,4841252038.0,0.004508489917210957
2023-03-31,55.3,55.75,54.89,55.38,12187780.0,672966505.0,4841252038.0,0.00251748512664401
2023-04-03,55.0,55.35,53.82,54.13,24295761.0,1320568222.0,4841252038.0,0.005018487120541854
2023-04-04,54.15,55.0,53.2,53.54,25868479.0,1389925926.0,4841252038.0,0.005343344820090526
2023-04-06,53.54,54.79,52.84,54.68,15711249.0,850195016.0,4841252038.0,0.003245286317811822
2023-04-07,54.67,58.02,54.5,58.0,40657562.0,2326540296.0,4841252038.0,0.00839815024726461
2023-04-10,57.73,57.88,56.83,57.45,18305085.0,1049988428.0,4841252038.0,0.0037810642487355666
2023-04-11,57.45,57.48,56.4,56.52,15618136.0,887673159.0,4841252038.0,0.0032260530700343594
2023-04-12,56.71,56.98,55.68,56.9,21671857.0,1220978498.0,4841252038.0,0.004476498399565455
2023-04-13,56.38,57.08,55.86,56.55,15128064.0,853754365.0,4841252038.0,0.0031248247108922778
2023-04-14,56.76,57.68,56.39,56.88,17129227.0,978144626.0,4841252038.0,0.003538181211295986
2023-04-17,56.5,57.28,56.31,56.88,14569016.0,828011634.0,4841252038.0,0.003009348797716943
2023-04-18,57.0,57.94,56.32,56.87,14215466.0,808601604.0,4841252038.0,0.0029363201685059636
2023-04-19,56.99,57.1,55.6,56.0,13417606.0,750720832.0,4841252038.0,0.002771515693602069
2023-04-20,56.2,56.4,55.0,55.5,15183719.0,843525850.0,4841252038.0,0.003136320703987277
2023-04-21,55.52,55.53,54.0,54.66,16282265.0,889406699.0,4841252038.0,0.003363234318766529
2023-04-24,54.29,55.26,53.7,54.59,16895471.0,920153844.0,4841252038.0,0.003489897007506305
2023-04-25,54.66,55.01,53.86,54.8,14687186.0,798901979.0,4841252038.0,0.003033757772724329
2023-04-26,54.6,55.57,54.03,55.06,19668939.0,1078011092.0,4841252038.0,0.004062779389631935
2023-04-27,56.3,58.59,56.25,57.3,37028642.0,2131864847.0,4841252038.0,0.007648567294029404
2023-04-28,57.0,57.49,56.21,56.45,15315853.0,868671353.0,4841252038.0,0.00316361405681478
2023-05-04,56.44,56.66,55.27,55.42,15161080.0,846747474.0,4841252038.0,0.003131644434331762
2023-05-05,55.43,55.43,54.4,54.47,12826253.0,701604575.0,4841252038.0,0.0026493669198224047
2023-05-08,54.43,54.43,50.62,51.08,50916510.0,2628931989.0,4841252038.0,0.01051721943008661
2023-05-09,50.57,51.96,50.55,51.23,19704734.0,1011960999.0,4841252038.0,0.004070173138133157
2023-05-10,51.6,51.85,50.44,50.8,13287984.0,674843939.0,4841252038.0,0.0027447412148138197
2023-05-11,50.78,50.94,50.2,50.47,10642580.0,537800657.0,4841252038.0,0.0021983114938995455
2023-05-12,50.45,50.52,49.49,50.22,13929653.0,695742256.0,4841252038.0,0.0028772831677969335
2023-05-15,50.22,50.33,49.3,50.31,10684909.0,533387056.0,4841252038.0,0.0022070548932656086
2023-05-16,50.34,50.37,48.97,49.09,23371501.0,1151496339.0,4841252038.0,0.004827573697165981
2023-05-17,49.07,49.19,48.6,49.19,11204960.0,547305921.0,4841252038.0,0.0023144756587861826
2023-05-18,49.17,49.4,48.8,48.92,11579181.0,567738027.0,4841252038.0,0.002391774051239759
2023-05-19,48.93,50.3,48.5,50.09,15171022.0,754337855.0,4841252038.0,0.0031336980353262904
2023-05-22,50.29,50.75,49.95,50.42,11071104.0,557326646.0,4841252038.0,0.0022868266128473766
2023-05-23,50.25,50.3,49.6,49.61,6948250.0,346923332.0,4841252038.0,0.0014352175729463643
2023-05-24,49.65,49.65,48.67,48.8,9228654.0,452906528.0,4841252038.0,0.0019062535739850692
2023-05-25,48.8,49.2,48.43,48.92,8021192.0,391921288.0,4841252038.0,0.0016568424731949476
2023-05-26,48.92,49.09,47.91,48.88,9249446.0,449146796.0,4841252038.0,0.0019105483307622002
2023-05-29,48.89,49.05,47.73,48.02,10254165.0,493245675.0,4841252038.0,0.0021180812152544245
2023-05-30,48.02,48.07,46.7,47.5,16994283.0,801917105.0,4841252038.0,0.0035103074301045096
2023-05-31,47.5,47.63,46.45,47.33,17868683.0,840153674.0,4841252038.0,0.003690921864787243
2023-06-01,47.3,47.59,46.8,47.25,9307106.0,439342562.0,4841252038.0,0.0019224584729211737
2023-06-02,47.55,48.89,47.5,48.64,12603658.0,609825139.0,4841252038.0,0.002603388111395823
2023-06-05,48.76,48.77,48.01,48.37,5392701.0,260681943.0,4841252038.0,0.001113906270045757
2023-06-06,48.45,48.8,47.74,48.16,7816572.0,377695327.0,4841252038.0,0.0016145765472745668
2023-06-07,48.39,48.55,47.33,47.45,9679333.0,461992299.0,4841252038.0,0.001999344988450279
2023-06-08,47.75,48.17,47.07,48.05,8325551.0,396399207.0,4841252038.0,0.0017197103011062033
2023-06-09,48.06,48.38,47.85,48.08,5941960.0,285561316.0,4841252038.0,0.00122736018562147
2023-06-12,48.07,49.11,47.41,48.78,11418984.0,553879011.0,4841252038.0,0.002358684057423577
2023-06-13,48.68,48.93,48.06,48.76,7126810.0,345892051.0,4841252038.0,0.001472100593825766
2023-06-14,48.86,49.88,48.78,49.14,13013755.0,641694420.0,4841252038.0,0.0026880969835596895
2023-06-15,49.56,49.84,49.17,49.65,13689414.0,677516085.0,4841252038.0,0.0028276598476073803
2023-06-16,49.72,50.25,49.32,49.77,9582582.0,477011735.0,4841252038.0,0.0019793602821717004
2023-06-19,49.76,49.76,48.75,48.9,10149840.0,498150944.0,4841252038.0,0.002096532037648894
2023-06-20,49.0,49.3,48.5,48.52,7842264.0,382746658.0,4841252038.0,0.0016198834389212604
2023-06-21,48.31,48.71,47.71,47.77,8368145.0,402482122.0,4841252038.0,0.001728508438378477
2023-06-26,47.52,47.56,46.62,47.08,9340916.0,438561522.0,4841252038.0,0.0019294422035211545
2023-06-27,47.12,47.9,46.6,47.51,8680357.0,411003978.0,4841252038.0,0.0017929983673368093
2023-06-28,47.51,47.55,46.96,47.37,7752087.0,366559269.0,4841252038.0,0.0016012566458329886
2023-06-29,47.37,47.37,43.39,44.76,48990285.0,2194983475.0,4841252038.0,0.010119341983326835
2023-06-30,44.33,45.43,44.28,45.09,19539041.0,878726632.0,4861622038.0,0.004019037442087554
2023-07-03,45.15,46.46,45.09,46.35,19470547.0,897451588.0,4861622038.0,0.004004948728595507
2023-07-04,46.3,46.31,45.65,46.12,14667766.0,674197095.0,4861622038.0,0.003017051898595166
2023-07-05,46.2,46.3,45.15,45.48,13984364.0,636994015.0,4861622038.0,0.0028764811189956187
2023-07-06,45.36,45.74,44.84,44.88,12432504.0,561210667.0,4861622038.0,0.002557274897724166
2023-07-07,44.91,45.13,44.61,45.09,9823354.0,440987571.0,4861622038.0,0.002020591877200142
2023-07-10,46.47,46.78,45.5,46.43,21635741.0,1002543075.0,4861622038.0,0.004450313255717556
2023-07-11,46.43,47.78,46.1,47.33,16309506.0,768494168.0,4861622038.0,0.0033547457767221845
2023-07-12,47.33,47.95,46.7,46.95,16257747.0,767087261.0,4861622038.0,0.0033440993300022557
2023-07-13,47.16,47.35,46.84,47.27,16294092.0,766862454.0,4861622038.0,0.003351575229962375
2023-07-14,47.28,47.57,47.0,47.4,9217318.0,435764722.0,4861622038.0,0.0018959347164288958
2023-07-17,47.19,47.23,46.51,47.01,8333998.0,390952369.0,4861622038.0,0.0017142422703490304
2023-07-18,47.01,47.07,46.12,46.88,9583675.0,447404597.0,4861622038.0,0.0019712916646113
2023-07-19,46.86,47.47,46.52,47.1,6734579.0,317095132.0,4861622038.0,0.0013852535115565065
2023-07-20,47.18,47.85,47.1,47.32,10771467.0,511812690.0,4861622038.0,0.0022156117682137263
2023-07-21,47.2,47.6,46.63,46.82,10333048.0,485440133.0,4861622038.0,0.0021254321951055793
2023-07-24,46.51,46.78,46.15,46.36,7815916.0,362783462.0,4861622038.0,0.0016076766023578734
2023-07-25,47.0,48.39,46.99,48.15,18672736.0,894832285.0,4861622038.0,0.003840844856726396
2023-07-26,48.15,48.52,47.97,48.3,7951539.0,383596741.0,4861622038.0,0.001635573258852337
2023-07-27,48.59,49.1,48.15,48.79,11232702.0,547924025.0,4861622038.0,0.0023104844251983373
2023-07-28,48.59,49.98,48.44,49.75,18398918.0,910892461.0,4861622038.0,0.0037845225021995014
2023-07-31,50.16,50.87,49.67,49.75,18452245.0,925576267.0,4861622038.0,0.0037954914750203375
2023-08-01,49.75,50.5,49.29,49.79,13065307.0,651258455.0,4861622038.0,0.002687437834096802
2023-08-02,49.54,49.65,48.42,48.73,16407127.0,800878594.0,4861622038.0,0.0033748257005083125
2023-08-03,49.0,49.6,48.2,49.42,17027564.0,832927355.0,4861622038.0,0.0035024450413683106
2023-08-04,49.95,50.18,49.0,49.09,14364343.0,709281052.0,4861622038.0,0.002954640012679653
2023-08-07,49.12,49.23,48.41,48.73,8391952.0,408896901.0,4861622038.0,0.0017261629831372752
2023-08-08,48.47,48.99,48.3,48.56,7315834.0,355784368.0,4861622038.0,0.001504813402361823
2023-08-09,48.55,48.98,48.53,48.68,4699397.0,229314946.0,4861622038.0,0.0009666314993777803
2023-08-10,48.51,49.0,48.34,48.89,5706642.0,278036467.0,4861622038.0,0.0011738144091406227
2023-08-11,48.76,48.88,47.65,47.66,10517312.0,504150662.0,4861622038.0,0.002163333948586153
2023-08-14,46.78,47.28,46.71,47.11,7206691.0,338805461.0,4861622038.0,0.001482363487673494
2023-08-15,47.07,47.23,46.41,46.96,8578308.0,400816347.0,4861622038.0,0.0017644950456759468
2023-08-16,46.7,46.96,46.3,46.36,7686316.0,357524701.0,4861622038.0,0.0015810188327931058
2023-08-17,46.08,46.76,46.08,46.54,5580225.0,259320838.0,4861622038.0,0.0011478113593329897
2023-08-18,46.42,46.66,45.85,46.07,8114910.0,373940246.0,4861622038.0,0.0016691774754539238
2023-08-21,45.87,45.87,44.65,44.65,13865863.0,625834952.0,4861622038.0,0.002852106332335167
2023-08-22,44.97,45.09,43.76,44.3,16920023.0,748905262.0,4861622038.0,0.003480324646331546
2023-08-23,44.49,44.94,43.9,44.0,9926547.0,440282055.0,4861622038.0,0.002041817920523422
2023-08-24,44.02,44.38,43.65,43.97,8650160.0,380385414.0,4861622038.0,0.0017792744751417469
2023-08-25,43.8,43.88,43.15,43.48,10503834.0,456328566.0,4861622038.0,0.0021605616228284837
2023-08-28,45.0,45.63,43.85,44.0,24523137.0,1095988644.0,4861622038.0,0.00504422943789527
2023-08-29,44.15,45.1,44.03,44.55,16016943.0,713815237.0,4861622038.0,0.003294567713163719
2023-08-30,44.8,44.88,43.8,43.85,15617437.0,689549275.0,4861622038.0,0.0032123922587829934
2023-08-31,43.89,44.05,43.4,43.48,10988440.0,479296103.0,4861622038.0,0.002260241523119408
2023-09-01,43.5,44.08,43.48,43.68,10938450.0,477894343.0,4861622038.0,0.0022499589467263313
2023-09-04,44.1,45.14,43.7,44.87,24410946.0,1089206116.0,4861622038.0,0.00502115257195977
2023-09-05,44.66,45.2,44.48,44.8,15176302.0,679961427.0,4861118788.0,0.00312197719534518
2023-09-06,44.55,44.7,43.95,44.31,15137003.0,669555245.0,4861118788.0,0.003113892842398074
2023-09-07,44.33,44.35,43.31,43.36,14182463.0,619387193.0,4861118788.0,0.002917530638216529
2023-09-08,43.29,43.35,42.42,42.79,15885968.0,678005342.0,4861118788.0,0.003267965399079649
2023-09-11,42.8,43.77,42.68,43.5,16431138.0,711318214.0,4861118788.0,0.003380114479111552
2023-09-12,43.37,43.63,43.05,43.22,10235847.0,442960660.0,4861118788.0,0.0021056566289365075
2023-09-13,43.4,43.48,42.48,42.51,12809371.0,547254134.0,4861118788.0,0.0026350664442968967
2023-09-14,42.5,42.67,41.85,42.08,15730553.0,661916563.0,4861118788.0,0.003235994363855484
2023-09-15,42.2,42.35,41.54,41.78,16484289.0,690567870.0,4861118788.0,0.003391048381844233
2023-09-18,41.64,42.49,41.63,42.05,12346130.0,519399530.0,4861118788.0,0.002539771303362768
2023-09-19,42.06,42.07,41.26,41.46,16062069.0,665997529.0,4861118788.0,0.0033041918332977795
2023-09-20,41.34,41.35,40.85,41.05,15368325.0,630539189.0,4861118788.0,0.003161479007247827
2023-09-21,40.82,40.83,40.09,40.15,18883648.0,762473290.0,4861118788.0,0.003884630025214681
2023-09-22,40.16,41.1,40.1,41.06,24676216.0,1003504147.0,4861118788.0,0.005076242131937797
2023-09-25,40.89,40.89,40.23,40.4,18921624.0,765691355.0,4861118788.0,0.003892442218591594
2023-09-26,40.5,40.7,40.31,40.4,9999502.0,404242823.0,4861118788.0,0.0020570371628614477
2023-09-27,40.44,41.18,40.38,40.7,11395170.0,464536445.0,4861118788.0,0.0023441455551610354
2023-09-28,40.78,40.9,40.42,40.8,12611105.0,512794677.0,4861118788.0,0.002594280360136717
2023-10-09,41.0,41.07,40.36,40.92,13122118.0,535408881.0,4861118788.0,0.0026994028684081605
2023-10-10,41.28,41.44,40.76,40.8,11715243.0,480724011.0,4861118788.0,0.0024099890397494233
2023-10-11,41.25,41.29,40.83,40.91,10408430.0,427048747.0,4861118788.0,0.0021411593614403977
2023-10-12,41.41,41.55,41.08,41.39,12733867.0,526313031.0,4861118788.0,0.002619534217397528
2023-10-13,41.12,41.4,40.85,41.3,13448207.0,553382674.0,4861118788.0,0.00276648392818497
2023-10-16,41.4,41.53,40.65,40.8,11571150.0,475217155.0,4861118788.0,0.002380347097989904
2023-10-17,40.8,40.93,40.4,40.65,9572319.0,388202957.0,4861118788.0,0.0019691596559273383
2023-10-18,40.63,40.63,39.7,39.8,12568249.0,502716780.0,4861118788.0,0.002585464282630898
2023-10-19,39.5,39.59,38.92,39.0,14808746.0,580882417.0,4861118788.0,0.00304636579475416
2023-10-20,39.0,39.01,38.5,38.78,11215627.0,434348449.0,4861118788.0,0.002307211053489689
2023-10-23,38.7,39.52,38.46,39.12,14620122.0,571312377.0,4861118788.0,0.003007563204604413
2023-10-24,39.21,39.4,38.66,39.24,14805188.0,578490007.0,4861118788.0,0.0030456338644814867
2023-10-25,39.81,40.05,39.3,39.5,12047156.0,477785936.0,4861118788.0,0.002478268177634173
2023-10-26,39.54,39.66,38.7,39.18,12644892.0,493507862.0,4861118788.0,0.002601230817731665
2023-10-27,39.08,40.37,38.83,40.19,17380158.0,693810816.0,4861118788.0,0.003575341142229253
2023-10-30,40.05,41.25,40.01,41.0,16376072.0,667949443.0,4861118788.0,0.00336878663414386
2023-10-31,41.25,41.29,39.03,39.3,34665503.0,1375496595.0,4861118788.0,0.00713117792668925
2023-11-01,39.42,39.83,38.75,39.01,21422743.0,840540396.0,4861118788.0,0.004406957314617262
2023-11-02,39.2,39.28,38.02,38.43,25168142.0,969351464.0,4861118788.0,0.005177438177838661
2023-11-03,38.36,39.1,38.35,39.02,19045441.0,739511703.0,4861118788.0,0.003917913104081093
2023-11-06,39.21,40.14,39.14,40.13,22116649.0,880061740.0,4861118788.0,0.004549703466328871
2023-11-07,40.0,40.04,39.53,39.9,11809077.0,470063043.0,4861118788.0,0.0024292920035510145
2023-11-08,39.92,40.2,39.7,39.94,11010404.0,440133823.0,4861118788.0,0.0022649938173039353
2023-11-09,39.86,40.33,39.8,40.02,9580753.0,384218112.0,4861118788.0,0.0019708946474730747
2023-11-10,39.98,40.21,39.37,40.15,11771113.0,468558549.0,4861118788.0,0.0024214822787416317
2023-11-13,40.02,40.5,39.93,40.35,13537523.0,544631644.0,4861118788.0,0.00278485747631148
2023-11-14,40.44,40.91,40.25,40.77,13916446.0,566460366.0,4861118788.0,0.002862807227495384
2023-11-15,41.22,41.22,40.64,40.99,13148238.0,537552400.0,4861118788.0,0.0027047761170653378
2023-11-16,40.95,41.28,40.7,41.05,12125607.0,497663336.0,4861118788.0,0.0024944066435761414
2023-11-17,40.82,41.15,40.61,40.95,10833440.0,442463246.0,4861118788.0,0.002228589851937599
2023-11-20,41.01,41.75,40.71,41.49,17369199.0,718295853.0,4861118788.0,0.003573086722932392
2023-11-21,41.69,42.2,41.41,41.75,16029762.0,671586432.0,4861118788.0,0.0032975458323648765
2023-11-22,41.53,41.65,40.98,40.98,9798289.0,403838624.0,4861118788.0,0.002015644839658668
2023-11-23,40.82,41.09,40.5,41.0,9310413.0,379550656.0,4861118788.0,0.001915281935299212
2023-11-24,40.91,41.23,40.51,41.11,9129791.0,373603652.0,4861118788.0,0.0018781254682641176
2023-11-27,41.07,41.08,40.57,40.85,11495352.0,468050322.0,4861118788.0,0.002364754391186048
2023-11-28,40.83,41.86,40.56,41.8,16203397.0,671396857.0,4861118788.0,0.0033332649759555723
2023-11-29,41.88,42.19,41.52,41.64,12914834.0,540859741.0,4861118788.0,0.0026567616557491127
2023-11-30,41.52,42.36,41.43,42.26,19002155.0,801268089.0,4861118788.0,0.003909008569572112
2023-12-01,42.18,42.18,41.17,41.68,15498226.0,644636600.0,4861118788.0,0.003188201456475085
2023-12-04,41.7,41.94,41.14,41.35,10029008.0,416786197.0,4861118788.0,0.002063106958990034
2023-12-05,41.43,41.58,40.43,40.48,11366111.0,465735874.0,4861118788.0,0.0023381677131729455
2023-12-06,40.48,40.95,40.25,40.35,9489902.0,385277422.0,4861118788.0,0.001952205328416673
2023-12-07,40.32,40.68,39.8,40.42,10095419.0,406209516.0,4861118788.0,0.0020767686288434718
2023-12-08,40.41,41.55,40.35,41.19,16099122.0,662772090.0,4861118788.0,0.0033118141526888357
2023-12-11,40.8,41.85,40.21,41.6,13701647.0,564355298.0,4861118788.0,0.002818620074420613
2023-12-12,41.5,41.94,41.26,41.43,9727975.0,403874133.0,4861118788.0,0.0020011802682160665
2023-12-13,41.29,41.39,40.35,40.35,8752797.0,356640152.0,4861118788.0,0.001800572539310677
2023-12-14,40.75,40.94,40.18,40.24,6608545.0,267687274.0,4861118788.0,0.0013594699673485948
2023-12-15,40.47,40.7,40.01,40.11,9424243.0,379490463.0,4861118788.0,0.001938698355461788
2023-12-18,40.07,40.56,39.86,40.27,8372013.0,337173353.0,4861118788.0,0.0017222399544456473
2023-12-19,40.28,40.36,39.51,39.81,8647528.0,343587588.0,4861118788.0,0.001778917236366864
2023-12-20,39.81,40.25,39.48,39.48,7178136.0,284877614.0,4861118788.0,0.0014766427880182054
2023-12-21,39.49,40.19,39.34,39.94,9969383.0,397524768.0,4861118788.0,0.002050841264074866
2023-12-22,39.95,40.22,39.44,39.67,8430276.0,335729310.0,4861118788.0,0.0017342254669461493
2023-12-25,39.69,39.89,39.37,39.68,6053415.0,239869566.0,4861118788.0,0.0012452719762667112
2023-12-26,39.56,39.71,39.05,39.33,5058279.0,198869811.0,4861118788.0,0.001040558608130849
2023-12-27,39.37,39.45,38.67,39.04,8830829.0,343819684.0,4861118788.0,0.0018166248111030525
2023-12-28,39.15,40.34,38.82,39.98,13255355.0,527570370.0,4861118788.0,0.0027268115794087853
2023-12-29,39.99,40.45,39.8,40.4,12090216.0,485304937.0,4861118788.0,0.0024871262207880034
2024-01-02,40.4,40.4,39.15,39.2,18035438.0,709767527.0,4861118788.0,0.003710141386489402
2024-01-03,39.2,39.2,38.09,38.79,19950044.0,769877469.0,4861118788.0,0.004104002570200101
2024-01-04,38.71,38.75,37.91,38.25,15703121.0,599298208.0,4861118788.0,0.0032303512184816826
2024-01-05,38.16,38.74,37.95,38.24,14937160.0,573661212.0,4861118788.0,0.003072782347321647
2024-01-08,38.35,38.65,37.96,38.3,13738721.0,525393820.0,4861118788.0,0.002826246713804847
2024-01-09,38.35,39.05,38.0,38.96,15883764.0,615900620.0,4861118788.0,0.0032675120055099547
2024-01-10,38.77,39.51,38.55,39.04,11209869.0,438497331.0,4861118788.0,0.0023060265525031644
2024-01-11,39.04,39.7,38.82,39.45,10691435.0,421604318.0,4861118788.0,0.0021993774409283166
2024-01-12,39.26,39.45,38.78,38.85,7534882.0,294855279.0,4861118788.0,0.0015500304206925296
2024-01-15,38.66,39.33,38.57,38.84,8734045.0,340792082.0,4861118788.0,0.001796714991116979
2024-01-16,38.62,39.38,38.42,39.3,12601978.0,491921067.0,4861118788.0,0.0025924028088161175
2024-01-17,39.2,39.36,38.7,38.7,11461866.0,446810416.0,4861118788.0,0.002357865853493313
2024-01-18,38.56,39.0,37.49,38.86,18417149.0,701807140.0,4861118788.0,0.0037886646681961314
2024-01-19,38.61,38.78,38.04,38.35,13583396.0,521150768.0,4861118788.0,0.0027942941928371574
2024-01-22,38.2,38.5,37.4,37.66,16582898.0,630993439.0,4861118788.0,0.003411333629808842
2024-01-23,37.65,37.65,36.67,37.28,20616879.0,763600875.0,4861118788.0,0.004241179839277773
2024-01-24,37.59,37.79,36.45,37.73,15999150.0,595851003.0,4861118788.0,0.0032912485165955997
2024-01-25,38.05,38.45,37.67,38.42,15954601.0,608491610.0,4861118788.0,0.0032820841653540766
2024-01-26,38.25,38.36,37.41,37.86,15547475.0,588334522.0,4861118788.0,0.003198332663332563
2024-01-29,37.75,37.93,36.85,36.85,11864341.0,442386362.0,4861118788.0,0.0024406605798829536
2024-01-30,36.75,37.03,34.1,34.41,39312822.0,1375723621.0,4861118788.0,0.00808719632547272
2024-01-31,34.41,35.44,34.41,35.22,26303513.0,923395543.0,4867816288.0,0.005403554991350569
2024-02-01,35.22,35.37,34.6,34.71,17869006.0,624519452.0,4867816288.0,0.0036708464212279654
2024-02-02,35.0,35.14,33.38,34.08,18842779.0,644293115.0,4867816288.0,0.0038708895088030897
2024-02-05,34.48,34.79,32.93,34.38,25697515.0,872676075.0,4867816288.0,0.0052790642620077445
2024-02-06,34.09,36.39,34.0,36.25,20745504.0,739285693.0,4867816288.0,0.0042617680644894546
2024-02-07,36.37,37.15,35.93,36.84,22644206.0,831530921.0,4867816288.0,0.004651820171566836
2024-02-08,36.98,37.82,36.78,37.55,19464765.0,729706954.0,4867816288.0,0.003998664667765704
2024-02-19,38.17,38.2,37.61,37.84,14451728.0,548133335.0,4867816288.0,0.002968831842653138
2024-02-20,38.3,38.35,37.76,38.27,13050437.0,497707207.0,4867816288.0,0.0026809633371274837
2024-02-21,38.13,39.88,37.9,39.35,21237930.0,834068250.0,4867816288.0,0.004362927592882897
2024-02-22,39.58,39.59,39.0,39.32,9573273.0,375928160.0,4867816288.0,0.001966646322212232
2024-02-23,39.32,39.77,39.08,39.35,11407294.0,449367374.0,4867816288.0,0.0023434109516665474
2024-02-26,39.69,39.97,39.18,39.18,9773526.0,385694471.0,4867816288.0,0.0020077844811221437
2024-02-27,39.18,39.37,38.46,38.81,16726386.0,647217303.0,4867816288.0,0.0034361169383555832
2024-02-28,38.82,38.85,38.0,38.0,19057857.0,730868102.0,4867816288.0,0.003915073181167679
2024-02-29,37.98,38.35,37.83,38.35,17215143.0,656450439.0,4867816288.0,0.0035365227406872917
2024-03-01,38.38,38.45,37.9,38.05,16337869.0,622031218.0,4867816288.0,0.0033563035318887532
2024-03-04,38.22,38.37,37.85,37.89,14547980.0,552690377.0,4867816288.0,0.0029886049799913894
2024-03-05,37.71,38.08,37.48,38.0,16572821.0,624918820.0,4867816288.0,0.003404569938445467
2024-03-06,37.8,37.95,37.48,37.6,11804920.0,445017259.0,4867816288.0,0.0024250956284240116
2024-03-07,37.7,38.24,37.01,37.21,14077905.0,528486471.0,4867816288.0,0.002892037038189885
2024-03-08,37.22,37.55,36.85,37.34,12237588.0,454971063.0,4867816288.0,0.0025139790156353575
2024-03-11,37.34,38.15,37.2,38.07,16606649.0,628275221.0,4867816288.0,0.00341151925575709
2024-03-12,38.14,39.27,37.92,39.21,23218818.0,898648650.0,4867816288.0,0.0047698632459154955
2024-03-13,39.17,39.44,38.54,38.95,13800270.0,537788813.0,4867816288.0,0.002835002223485719
2024-03-14,38.8,39.6,38.53,38.69,11671611.0,455254301.0,4867816288.0,0.0023977098373191524
2024-03-15,38.68,38.97,38.33,38.97,9428369.0,364707197.0,4867816288.0,0.001936878559538605
2024-03-18,39.08,39.17,38.6,38.94,12388016.0,481359865.0,4867816288.0,0.0025448815787355366
2024-03-19,38.71,38.85,38.5,38.51,8915359.0,344252364.0,4867816288.0,0.001831490440996692
2024-03-20,38.51,39.44,38.42,39.23,14908653.0,581732212.0,4867816288.0,0.0030626983677983863
2024-03-21,39.16,39.3,38.65,38.77,9021257.0,350791727.0,4867816288.0,0.0018532451650319964
2024-03-22,38.69,38.7,37.81,38.04,11903656.0,454042157.0,4867816288.0,0.002445379056178547
2024-03-25,38.4,38.46,37.73,37.77,9748954.0,370117952.0,4867816288.0,0.002002736632447046
2024-03-26,38.11,38.23,37.68,37.94,9955463.0,376929253.0,4867816288.0,0.0020451599672201928
2024-03-27,38.2,38.21,35.3,36.38,52748693.0,1905469807.0,4867816288.0,0.010836212765472385
2024-03-28,36.11,36.68,35.78,36.34,25112256.0,913416314.0,4867816288.0,0.005158833964606677
2024-03-29,36.38,36.43,35.38,36.4,21025081.0,754949076.0,4867816288.0,0.004319201826048864
2024-04-01,36.4,37.24,36.14,36.52,24949570.0,914665003.0,4867816288.0,0.005125413229234833
2024-04-02,36.52,36.55,35.7,35.76,26123949.0,937020302.0,4867816288.0,0.0053666669928361934
2024-04-03,35.7,35.7,35.21,35.34,18115661.0,641013664.0,4867816288.0,0.003721516985893285
2024-04-08,35.36,35.38,34.68,34.84,18973366.0,661359320.0,4867816288.0,0.0038977161169316504
2024-04-09,34.81,35.03,34.48,34.86,14140601.0,490612909.0,4867816288.0,0.0029049167354279577
2024-04-10,34.87,34.9,34.15,34.43,17542237.0,602845660.0,4867816288.0,0.003603717963482849
2024-04-11,34.06,34.45,33.93,34.13,15610889.0,533528103.0,4867816288.0,0.00320695935844652
2024-04-12,34.14,34.5,33.83,34.29,16902959.0,577431992.0,4867816288.0,0.0034723904929749886
2024-04-15,34.02,34.98,34.01,34.84,20938760.0,725649166.0,4867816288.0,0.004301468823221128
2024-04-16,34.5,34.71,34.16,34.17,16841680.0,579054110.0,4867816288.0,0.0034598018913568336
2024-04-17,34.18,34.87,34.18,34.85,20848483.0,721374262.0,4867816288.0,0.004282923135656347
2024-04-18,34.72,35.2,34.42,34.9,20722418.0,722772877.0,4867816288.0,0.00425702548616806
2024-04-19,34.75,34.92,34.36,34.4,20122478.0,694980735.0,4867816288.0,0.004133779257365433
2024-04-22,34.49,35.98,34.43,35.61,30451835.0,1080068812.0,4867816288.0,0.0062557486146445134
2024-04-23,35.65,35.68,35.15,35.39,13810608.0,488429971.0,4867816288.0,0.002837125968382478
2024-04-24,35.46,35.56,34.9,35.09,15563082.0,545488625.0,4867816288.0,0.0031971383222422875
2024-04-25,35.11,36.24,34.95,36.09,26005217.0,931895175.0,4867816288.0,0.005342275768316752
2024-04-26,35.92,36.38,35.85,36.34,27447495.0,992898475.0,4867816288.0,0.005638564271142025
2024-04-29,36.33,37.15,36.06,36.42,27489842.0,1006907076.0,4867816288.0,0.00564726365449887
2024-04-30,36.86,36.97,36.01,36.25,24172816.0,878481414.0,4867816288.0,0.004965843936960014
2024-05-06,37.1,37.48,36.82,37.14,31034459.0,1152396118.0,4867816288.0,0.006375437601559708
2024-05-07,37.2,37.44,36.82,37.31,22543114.0,839124335.0,4867816288.0,0.004631052748554343
2024-05-08,37.26,37.3,36.7,36.87,15523385.0,574045701.0,4867816288.0,0.0031889833308351837
2024-05-09,36.96,37.78,36.78,37.65,22416842.0,839267138.0,4867816288.0,0.004605112574864699
2024-05-10,37.66,37.86,37.47,37.74,12512748.0,471597487.0,4867816288.0,0.0025705053888015585
2024-05-13,37.74,37.74,37.06,37.3,18866095.0,704345240.0,4867816288.0,0.003875679336237103
2024-05-14,37.0,37.57,36.52,37.25,23201957.0,861606359.0,4867816288.0,0.004766399475098679
2024-05-15,37.25,37.34,36.56,36.66,13491225.0,497550426.0,4867816288.0,0.0027715148234452023
2024-05-16,36.79,36.85,36.35,36.38,16383496.0,598965750.0,4867816288.0,0.0033656767286777277
2024-05-17,36.44,38.0,36.38,37.96,35565671.0,1337505130.0,4867816288.0,0.007306288671508714
2024-05-20,38.1,38.88,37.79,38.29,24689850.0,943793353.0,4867816288.0,0.005072058709541834
2024-05-21,38.01,39.23,37.96,39.06,29837500.0,1162009120.0,4867816288.0,0.006129545207684715
2024-05-22,39.05,39.07,38.5,38.52,15568181.0,602812063.0,4867816288.0,0.0031981858145259568
2024-05-23,38.55,38.73,38.09,38.52,15592690.0,599129516.0,4867816288.0,0.0032032207210528157
2024-05-24,38.33,38.42,37.9,37.98,15699966.0,598498598.0,4867816288.0,0.0032252585289019847
2024-05-27,38.14,38.5,37.8,38.0,15714555.0,599651697.0,4867816288.0,0.0032282555606584964
2024-05-28,37.75,37.98,37.48,37.64,11073529.0,417813305.0,4867816288.0,0.002274845299174117
2024-05-29,37.6,37.99,37.41,37.55,9627278.0,362592032.0,4867816288.0,0.0019777406192860825
2024-05-30,37.69,37.69,36.76,36.95,16010714.0,591695828.0,4867816288.0,0.003289095777806806
2024-05-31,37.08,37.29,36.77,36.85,13886600.0,513381490.0,4867816288.0,0.0028527370751917744
2024-06-03,36.95,37.32,36.52,37.25,15020813.0,555896030.0,4867816288.0,0.0030857395002824722
2024-06-04,37.27,37.75,37.0,37.62,12207386.0,457049233.0,4867816288.0,0.002507774590855718
2024-06-05,37.6,37.94,37.48,37.71,9726578.0,367066272.0,4867816288.0,0.001998139910081997
2024-06-06,37.71,38.07,37.19,37.33,15107264.0,567035430.0,4867816288.0,0.0031034992091303836
2024-06-07,37.75,38.2,37.21,37.86,18285315.0,692494409.0,4867816288.0,0.0037563691639465584
2024-06-11,37.86,37.88,36.75,37.09,13281359.0,493436326.0,4867816288.0,0.0027284018570587435
2024-06-12,37.0,37.58,37.0,37.3,8037400.0,299870114.0,4867816288.0,0.0016511305120149185
2024-06-13,37.3,37.47,36.26,36.5,12729765.0,466246095.0,4867816288.0,0.0026150873917286173
2024-06-14,36.35,36.83,36.22,36.69,15452600.0,564288516.0,4867816288.0,0.003174441902849395
2024-06-17,36.4,36.69,36.19,36.54,11688537.0,425737768.0,4867816288.0,0.0024011869611460573
2024-06-18,36.5,36.82,36.08,36.13,12149467.0,441197866.0,4867816288.0,0.0024958762371436478
2024-06-19,36.2,36.45,36.0,36.38,8686014.0,314867430.0,4867816288.0,0.0017843758856332583
2024-06-20,36.33,36.95,36.05,36.09,10228878.0,372590007.0,4788525135.0,0.0021361228586304582
2024-06-21,35.92,36.35,35.38,35.9,13920671.0,497643492.0,4788525135.0,0.0029070894706705974
2024-06-24,36.13,36.13,35.28,35.3,11616131.0,412640655.0,4788525135.0,0.0024258264648327884
2024-06-25,35.61,35.98,35.35,35.52,14834777.0,529006521.0,4788525135.0,0.003097984573907849
2024-06-26,35.46,35.83,35.12,35.75,8849049.0,314772366.0,4788525135.0,0.0018479696254116039
2024-06-27,35.8,36.04,35.22,35.22,8784267.0,311099067.0,4788525135.0,0.0018344410340032599
2024-06-28,35.22,35.98,35.09,35.69,9687845.0,345941394.0,4788525135.0,0.0020231375479665306
2024-07-01,35.38,35.69,34.52,35.3,11406125.0,398649572.0,4788494635.0,0.0023819855443985476
2024-07-02,35.14,35.31,34.8,34.9,7844100.0,274621839.0,4788494635.0,0.0016381139790083528
2024-07-03,34.91,35.05,34.41,34.42,10085891.0,348154829.0,4788494635.0,0.0021062759319558054
2024-07-04,34.56,34.89,34.32,34.42,8909626.0,307445636.0,4788494635.0,0.0018606319269688395
2024-07-05,34.42,34.67,33.93,34.42,12658402.0,433657363.0,4788494635.0,0.002643503431637446
2024-07-08,34.28,34.53,34.1,34.42,8620900.0,296217190.0,4788494635.0,0.0018003361509456928
2024-07-09,34.47,34.72,33.96,34.65,11355047.0,390274549.0,4788494635.0,0.0023713187265584144
2024-07-10,34.56,35.19,34.49,34.85,12803805.0,447054978.0,4788494635.0,0.0026738685069029005
2024-07-11,35.3,35.49,34.88,35.1,9285423.0,327032305.0,4788494635.0,0.001939111079321487
2024-07-12,35.26,35.29,34.55,35.04,10023775.0,350566369.0,4788494635.0,0.0020933040055499614
2024-07-15,35.03,35.34,34.66,34.7,8663171.0,302862088.0,4788494635.0,0.0018091637686464693
2024-07-16,34.53,34.87,34.31,34.72,8654450.0,300360506.0,4788494635.0,0.0018073425282223376
2024-07-17,34.71,35.75,34.55,35.61,18135647.0,640735943.0,4788494635.0,0.0037873378550835526
2024-07-18,35.61,36.09,35.37,35.97,12976550.0,464762543.0,4788494635.0,0.0027099435186064484
2024-07-19,35.92,36.36,35.72,36.28,11311257.0,408398562.0,4788494635.0,0.0023621738901666326
2024-07-22,36.32,36.5,36.03,36.31,10447558.0,378894521.0,4788494635.0,0.0021818042613302416
2024-07-23,36.45,36.63,35.6,35.65,9578503.0,346114741.0,4788494635.0,0.002000316118136363
2024-07-24,35.65,35.83,35.1,35.27,8481105.0,300365868.0,4788494635.0,0.0017711422161800125
2024-07-25,35.05,35.46,35.01,35.27,7586348.0,267126551.0,4788494635.0,0.0015842866241406993
2024-07-26,35.27,35.45,34.88,34.96,9098770.0,318894398.0,4788494635.0,0.0019001316057650757
2024-07-29,35.0,35.09,34.2,34.25,9918286.0,341938026.0,4788494635.0,0.0020712743264877857
2024-07-30,34.2,34.2,33.46,33.77,12226841.0,412433143.0,4788494635.0,0.0025533788657988127
2024-07-31,33.78,35.33,33.73,35.05,16477798.0,573355370.0,4788494635.0,0.003441122786180171
2024-08-01,35.0,35.03,34.58,34.66,8477583.0,294724989.0,4788494635.0,0.0017704067031913883
2024-08-02,34.53,34.85,34.37,34.41,5733282.0,198330150.0,4788494635.0,0.0011973036281787543
2024-08-05,34.48,35.08,34.27,34.42,10288978.0,355523594.0,4788494635.0,0.002148687381791334
2024-08-06,34.74,34.86,34.35,34.5,7871250.0,271833104.0,4788494635.0,0.001643783819338037
2024-08-07,34.5,34.9,34.36,34.65,6712012.0,232490492.0,4788494635.0,0.00140169562913168
2024-08-08,34.66,35.55,34.55,35.24,10127313.0,355858894.0,4788494635.0,0.002114926249677212
2024-08-09,35.25,35.48,34.91,34.91,4667514.0,163923174.0,4788494635.0,0.0009747351424149607
2024-08-12,34.8,34.95,34.51,34.52,4519205.0,156728460.0,4788494635.0,0.0009437631958420269
2024-08-13,34.57,34.6,33.87,34.1,7790147.0,265640902.0,4788494635.0,0.0016268467637115772
2024-08-14,34.08,34.09,33.56,33.75,6268100.0,211651526.0,4788494635.0,0.0013089917558193108
2024-08-15,33.76,34.4,33.65,34.37,7807322.0,266845512.0,4788494635.0,0.0016304334859090846
2024-08-16,34.3,34.68,34.23,34.63,6438903.0,222346589.0,4788494635.0,0.001344661212093015
2024-08-19,34.54,35.25,34.29,34.34,5921517.0,205720591.0,4788494635.0,0.0012366134769617426
2024-08-20,34.35,34.5,34.02,34.2,5366805.0,183472274.0,4788494635.0,0.0011207708077551183
2024-08-21,34.1,34.55,34.06,34.28,4356807.0,149682031.0,4788494635.0,0.0009098489884806982
2024-08-22,34.3,34.46,33.91,34.07,6100450.0,208082073.0,4788494635.0,0.0012739807528258827
2024-08-23,34.07,34.6,33.99,34.57,6800386.0,233989384.0,4788494635.0,0.0014201511160302261
2024-08-26,34.5,34.73,34.24,34.5,5520237.0,190075279.0,4788494635.0,0.0011528126103873143
2024-08-27,34.5,34.53,33.7,33.99,7862698.0,267391873.0,4788494635.0,0.001641997871842661
2024-08-28,33.88,34.0,32.96,33.23,12545891.0,417008455.0,4788494635.0,0.0026200073209437773
2024-08-29,33.99,35.69,33.72,35.64,31677233.0,1111614568.0,4788494635.0,0.0066152800440591915
2024-08-30,35.62,36.94,35.45,36.35,25414652.0,921822725.0,4788494635.0,0.005307440842522736
2024-09-02,36.09,36.6,36.08,36.25,14503990.0,527966231.0,4788494635.0,0.0030289247677104266
2024-09-03,36.18,37.28,36.12,37.21,17036458.0,630496133.0,4788494635.0,0.0035577899316159515
2024-09-04,37.23,37.63,36.75,37.0,18931996.0,701281300.0,4788494635.0,0.003953642520892163
2024-09-05,37.01,37.09,36.4,36.68,13305980.0,487134988.0,4788494635.0,0.002778739669612264
2024-09-06,36.68,37.09,36.29,36.33,8815288.0,321820666.0,4788494635.0,0.0018409309547028447
2024-09-09,36.39,36.71,36.0,36.15,9776108.0,355123989.0,4788494635.0,0.0020415827405432605
2024-09-10,36.17,36.33,35.9,36.23,7243402.0,261500747.0,4788494635.0,0.001512667874170021
2024-09-11,36.18,36.7,36.0,36.47,7156619.0,261321729.0,4788494635.0,0.0014945446420031334
2024-09-12,36.47,36.75,36.11,36.29,8432501.0,306862088.0,4788494635.0,0.0017609920534034389
2024-09-13,36.28,36.42,36.02,36.12,8478950.0,307118004.0,4788494635.0,0.0017706921791299031
2024-09-18,36.11,36.59,35.8,36.59,8732472.0,316336310.0,4788494635.0,0.0018236361666091748
2024-09-19,36.73,37.41,36.36,36.92,15181863.0,561693109.0,4788494635.0,0.003170487628624022
2024-09-20,36.91,37.99,36.71,37.56,22236378.0,834230104.0,4788494635.0,0.004643709494309583
2024-09-23,37.53,38.2,37.36,37.56,12632650.0,476509537.0,4788494635.0,0.0026381255410971136
2024-09-24,38.1,38.25,37.5,38.25,20985959.0,796421062.0,4788494635.0,0.004382579620453099
2024-09-25,38.89,39.25,38.47,38.55,19982705.0,776839000.0,4788494635.0,0.004173066176986539
2024-09-26,38.41,40.57,38.41,40.56,30128449.0,1195698357.0,4788494635.0,0.006291841444237099
2024-09-27,41.37,43.46,41.19,42.68,54516981.0,2310567356.0,4788494635.0,0.011384993647382461
2024-09-30,43.84,45.56,43.5,44.98,86042613.0,3827315591.0,4788494635.0,0.017968614263676626
2024-10-08,49.38,49.38,43.66,44.65,141784648.0,6481488668.0,4788494635.0,0.02960944071309375
2024-10-09,43.89,43.89,41.0,41.05,71399304.0,3012111849.0,4788494635.0,0.01491059496613595
2024-10-10,41.51,42.56,41.1,41.65,48460769.0,2031458615.0,4788494635.0,0.010120251288534648
2024-10-11,42.5,42.88,41.28,41.73,42052565.0,1773806666.0,4788494635.0,0.008782001068275187
2024-10-14,42.07,43.98,42.07,43.48,51296033.0,2213467395.0,4788494635.0,0.010712350521407654
2024-10-15,43.48,43.48,42.46,42.48,35727463.0,1528045582.0,4788494635.0,0.007461105362604212
2024-10-16,42.0,42.75,41.7,42.36,22687549.0,957978327.0,4788494635.0,0.004737929292887262
2024-10-17,42.4,43.05,41.95,41.96,20098005.0,852559718.0,4788494635.0,0.004197144725421625
2024-10-18,42.08,43.1,41.7,42.52,31790129.0,1347492152.0,4788494635.0,0.006638856555803575
2024-10-21,42.53,42.73,41.88,42.3,37098605.0,1565917967.0,4788494635.0,0.007747446291124434
2024-10-22,42.28,43.44,42.0,43.39,31194808.0,1335205575.0,4788494635.0,0.006514533350834588
2024-10-23,43.39,44.1,43.14,43.3,31415643.0,1367311776.0,4788494635.0,0.006560651184691157
2024-10-24,43.05,43.58,42.93,43.15,15838792.0,684656833.0,4788494635.0,0.003307676672378688
2024-10-25,43.16,44.05,43.15,43.4,23504663.0,1024503284.0,4788494635.0,0.004908570394587066
2024-10-28,43.49,43.49,42.6,43.18,24251061.0,1041164694.0,4788494635.0,0.005064443598358548
2024-10-29,43.18,43.37,42.8,43.05,21032438.0,905688429.0,4788770398.0,0.004392033079887076
2024-10-30,44.3,44.99,43.69,44.21,49328970.0,2187617854.0,4788770398.0,0.010300967868620708
2024-10-31,44.3,44.95,43.4,44.66,32359653.0,1431206901.0,4788770398.0,0.006757403322889485
2024-11-01,44.5,45.6,44.47,45.33,36841410.0,1664542119.0,4788770398.0,0.007693292210331609
2024-11-04,45.36,46.3,45.0,45.97,29752917.0,1363756879.0,4788770398.0,0.006213059831063548
2024-11-05,45.9,46.28,45.6,46.09,32249166.0,1484587495.0,4788770398.0,0.006734331220696791
2024-11-06,46.18,46.18,45.3,45.65,29926244.0,1366493917.0,4788770398.0,0.006249254299704681
2024-11-07,44.0,44.76,43.74,44.74,33257547.0,1479502824.0,4788770398.0,0.0069449032289979505
2024-11-08,44.92,45.49,44.6,44.92,32313493.0,1452655741.0,4788770398.0,0.006747764105269179
2024-11-11,44.48,44.56,43.43,44.39,29913759.0,1315860365.0,4788770398.0,0.006246647158630385
2024-11-12,44.56,46.09,44.4,44.65,33867566.0,1531461720.0,4788770398.0,0.007072288538649624
2024-11-13,44.48,45.16,44.04,45.04,22607160.0,1008329943.0,4788770398.0,0.00472086947610638
2024-11-14,44.72,44.8,43.9,44.0,21445354.0,952491131.0,4788770398.0,0.004478258972064419
2024-11-15,43.75,44.0,42.87,42.92,25919148.0,1124923795.0,4788770398.0,0.005412485010938292
2024-11-18,42.92,43.28,42.25,42.32,19671771.0,842170007.0,4788770398.0,0.004107896049519474
2024-11-19,42.3,42.97,41.81,42.32,23848629.0,1009590326.0,4788770398.0,0.004980115356952639
2024-11-20,42.5,42.6,41.7,42.03,21063741.0,885781809.0,4788770398.0,0.00439856983095225
2024-11-21,42.21,42.26,41.6,42.11,18573730.0,778720138.0,4788770398.0,0.00387860107215773
2024-11-22,42.12,42.4,41.11,41.16,20737960.0,865315910.0,4788770398.0,0.004330539632608212
2024-11-25,41.7,42.3,41.39,42.0,27324717.0,1146437477.0,4788729748.0,0.0057060469974134775
2024-11-26,42.01,42.67,41.5,42.07,20385084.0,855747630.0,4788729748.0,0.0042568875406915115
2024-11-27,41.65,42.06,41.03,41.86,23664862.0,985598239.0,4788729748.0,0.00494178273682777
2024-11-28,42.17,42.18,40.7,41.05,27467670.0,1130500919.0,4788729748.0,0.0057358989639103766
2024-11-29,41.0,41.28,40.51,41.22,23481961.0,962111268.0,4788729748.0,0.0049035886833678965
2024-12-02,40.98,41.57,40.61,41.19,27349540.0,1124609027.0,4788729748.0,0.005711230626748662
2024-12-03,41.16,41.26,40.72,41.09,17417177.0,714178412.0,4788729748.0,0.0036371183834866096
2024-12-04,41.0,41.0,40.38,40.51,21526178.0,874751200.0,4788729748.0,0.004495174948845328
2024-12-05,40.31,40.46,40.09,40.22,12955398.0,521371770.0,4788729748.0,0.0027053934303581835
2024-12-06,40.3,40.86,40.15,40.58,19799646.0,803275586.0,4788729748.0,0.004134634243719698
2024-12-09,40.58,41.21,40.25,40.83,19787895.0,808077051.0,4788729748.0,0.004132180357069505
2024-12-10,42.18,42.68,41.25,41.34,32923748.0,1383890194.0,4788729748.0,0.006875257058252351
2024-12-11,41.34,41.64,40.94,41.04,16128042.0,664353695.0,4788729748.0,0.0033679165141310874
2024-12-12,41.09,42.23,40.86,42.18,28341490.0,1180615226.0,4788729748.0,0.005918373241220545
2024-12-13,41.7,42.15,41.38,41.54,27591083.0,1149082759.0,4788729748.0,0.0057616705163876375
2024-12-16,41.48,41.51,40.0,40.2,24968714.0,1010244168.0,4788729748.0,0.005214057863764001
2024-12-17,40.0,40.45,39.85,40.39,13840045.0,556895798.0,4788729748.0,0.002890128641270737
2024-12-18,40.44,40.55,40.02,40.1,13254455.0,532739104.0,4788729748.0,0.0027678436031049127
2024-12-19,39.88,41.22,39.51,41.22,16759569.0,675906582.0,4788729748.0,0.0034997942840686693
2024-12-20,40.74,40.97,40.25,40.25,19051703.0,772512443.0,4788729748.0,0.003978446060347609
2024-12-23,40.2,41.28,40.2,40.65,23717521.0,969113456.0,4788729748.0,0.004952779181139959
2024-12-24,40.6,41.45,40.51,41.2,19417661.0,798268053.0,4788729748.0,0.004054866743755947
2024-12-25,41.18,41.21,40.49,40.7,16700717.0,681401934.0,4788729748.0,0.003487504594924157
2024-12-26,40.7,40.75,40.33,40.35,15108070.0,611291523.0,4788729748.0,0.0031549222434842654
2024-12-27,40.35,40.77,40.19,40.65,14282421.0,579662312.0,4788729748.0,0.0029825072099683666
2024-12-30,40.61,41.76,40.51,40.87,24570671.0,1011480937.0,4788729748.0,0.005130937073711849
2024-12-31,40.77,40.87,40.21,40.3,19460595.0,787667586.0,4788760248.0,0.004063806495246366
2025-01-02,40.3,40.33,38.89,39.08,18964093.0,750209154.0,4788760248.0,0.00396012579830453
2025-01-03,39.08,39.94,38.86,39.45,20772247.0,822907271.0,4788760248.0,0.004337708702095791
2025-01-06,39.88,40.05,39.27,39.71,14633069.0,579651117.0,4788760248.0,0.0030557113411788413
2025-01-07,39.63,40.28,39.35,40.24,16064032.0,641154346.0,4788760248.0,0.0033545283472291303
2025-01-08,40.09,40.13,39.32,39.88,13700094.0,544836282.0,4788760248.0,0.002860885342030178
2025-01-09,39.61,40.04,39.25,39.8,9315937.0,370857813.0,4788760248.0,0.0019453755288523268
2025-01-10,39.8,39.94,39.19,39.19,12682700.0,500169960.0,4788760248.0,0.0026484307718885824
2025-01-13,38.8,39.4,38.75,39.39,12393725.0,485091612.0,4788760248.0,0.0025880863434698306
2025-01-14,39.45,40.56,39.25,40.5,18189131.0,731458331.0,4788760248.0,0.0037982964395840433
2025-01-15,40.53,40.88,40.2,40.6,13497365.0,547864689.0,4788760248.0,0.0028185510029734946
2025-01-16,40.72,40.82,39.39,39.41,19831696.0,791293997.0,4788760248.0,0.004141300665090219
2025-01-17,39.37,39.9,39.05,39.71,10891669.0,431102618.0,4788760248.0,0.0022744235325936075
2025-01-20,39.98,40.24,39.5,39.52,14293743.0,569402679.0,4788760248.0,0.0029848525003876953
2025-01-21,39.6,39.8,38.99,39.06,16027804.0,629711217.0,4788760248.0,0.0033469631324086284
2025-01-22,39.01,39.06,38.53,38.96,15278415.0,592993812.0,4788760248.0,0.0031904739867444705
2025-01-23,39.21,39.52,38.63,38.65,19039495.0,742183635.0,4788760248.0,0.003975871418484929
2025-01-24,38.75,38.9,38.43,38.53,20118761.0,777007854.0,4788760248.0,0.004201246242887706
2025-01-27,38.65,39.65,38.59,39.31,24497414.0,965159753.0,4788760248.0,0.005115606698044909
2025-02-05,39.35,39.38,38.95,39.31,15778661.0,618199500.0,4788760248.0,0.0032949365144329104
2025-02-06,39.1,40.19,39.1,40.15,18939343.0,756636269.0,4788760248.0,0.0039549574460132795
2025-02-07,40.13,40.75,39.89,40.5,20058101.0,811214990.0,4788760248.0,0.00418857908127206
2025-02-10,40.4,40.68,40.12,40.47,16317614.0,660175892.0,4788760248.0,0.0034074819274602366
2025-02-11,40.47,40.68,40.18,40.42,14914831.0,603293724.0,4788760248.0,0.003114549534240955
2025-02-12,40.48,40.57,39.87,40.12,15721046.0,630409463.0,4788760248.0,0.0032829052167658236
2025-02-13,40.32,40.56,40.09,40.31,15684927.0,632260296.0,4788760248.0,0.0032753627635776347
2025-02-14,40.35,40.68,40.2,40.58,16769888.0,679032729.0,4788760248.0,0.003501926831063187
2025-02-17,40.77,40.9,40.13,40.33,15855900.0,639153630.0,4788760248.0,0.003311065741205593
2025-02-18,40.34,40.45,39.75,40.4,24207881.0,971905107.0,4788760248.0,0.0050551457467745
2025-02-19,40.16,41.64,40.1,41.25,45372472.0,1867186935.0,4788760248.0,0.009474784631147398
2025-02-20,41.3,42.99,41.28,42.07,36552017.0,1543918348.0,4788760248.0,0.007632876800475813
2025-02-21,42.11,42.83,42.01,42.2,32597116.0,1382842538.0,4788760248.0,0.006807005218858892
2025-02-24,42.15,42.54,41.45,41.54,24849731.0,1042985486.0,4788760248.0,0.005189178349527596
2025-02-25,41.3,41.35,40.83,40.89,18203685.0,747003784.0,4788760248.0,0.0038013356395536135
2025-02-26,41.0,41.16,40.52,40.74,20022993.0,816476343.0,4788760248.0,0.004181247747444132
2025-02-27,40.8,41.87,40.53,41.65,35059082.0,1453172874.0,4788760248.0,0.007321118657932862
2025-02-28,41.68,42.29,41.54,41.72,33791261.0,1416497798.0,4789571917.0,0.007055173528152286
2025-03-03,41.72,42.67,41.71,42.12,26451164.0,1117759771.0,4789571917.0,0.0055226572350056645
2025-03-04,42.0,42.28,41.6,41.82,15223442.0,637514865.0,4789571917.0,0.003178455666563071
2025-03-05,41.88,42.5,41.65,42.2,21820338.0,921390105.0,4789571917.0,0.0045558013071171095
2025-03-06,42.41,42.72,42.02,42.37,23900633.0,1011249154.0,4789571917.0,0.0049901397064667985
2025-03-07,42.25,42.58,41.96,42.14,15033058.0,635941974.0,4789571917.0,0.0031387059763403904
2025-03-10,42.14,42.45,41.62,42.15,19113722.0,805012382.0,4789571917.0,0.00399069527114901
2025-03-11,41.99,42.44,41.81,42.33,21633410.0,912808630.0,4789571917.0,0.004516773184512556
2025-03-12,42.33,43.19,41.86,43.04,33051902.0,1411127852.0,4789571917.0,0.0069008050349314756
2025-03-13,42.8,43.65,42.71,43.65,34441669.0,1494199013.0,4789571917.0,0.007190970215470303
2025-03-14,43.8,44.2,43.34,44.1,35679647.0,1570318400.0,4789571917.0,0.007449443837216319
2025-03-17,44.4,44.45,43.5,43.66,21064999.0,924506529.0,4789571917.0,0.004398096398810165
2025-03-18,43.66,43.77,43.44,43.5,14009897.0,610114623.0,4789571917.0,0.0029250833357932437
2025-03-19,43.44,43.66,43.25,43.5,12744324.0,554499445.0,4789571917.0,0.002660848238809314
2025-03-20,43.4,43.44,42.92,43.04,13782547.0,595163243.0,4789571917.0,0.002877615628044029
2025-03-21,43.0,43.48,42.51,42.73,15627797.0,670942226.0,4789571917.0,0.0032628797042447664
2025-03-24,42.65,43.21,42.33,42.52,14565650.0,621123818.0,4789571917.0,0.0030411172965794722
2025-03-25,42.63,42.75,42.13,42.3,10793857.0,456473022.0,4789571917.0,0.0022536162285586576
2025-03-26,42.24,42.46,41.92,42.18,12099490.0,510615046.0,4789571917.0,0.0025262153298198403
2025-03-27,42.08,42.46,42.02,42.33,9038072.0,382292205.0,4789571917.0,0.0018870312747409571
2025-03-28,42.22,42.33,41.8,42.04,10455661.0,439402381.0,4789571917.0,0.0021830053251500224
2025-03-31,42.23,43.93,42.15,43.12,33797276.0,1464472210.0,4790189423.0,0.007055519733253772
2025-04-01,43.12,44.05,42.9,43.76,20944019.0,913065541.0,4790189423.0,0.004372273651525701
2025-04-02,43.67,44.05,43.19,43.32,15371526.0,669678863.0,4790189423.0,0.0032089599476367095
2025-04-03,42.6,43.53,42.58,43.42,17763115.0,767560069.0,4790189423.0,0.003708228095262946
2025-04-07,41.46,41.95,39.28,40.07,46120600.0,1880020212.0,4790189423.0,0.009628136995700597
2025-04-08,40.5,41.45,40.37,41.2,31453948.0,1283528664.0,4790189423.0,0.006566326552552283
2025-04-09,40.84,41.3,40.46,40.86,26111023.0,1066300501.0,4790189423.0,0.0054509374670296835
2025-04-10,41.39,42.65,41.05,42.3,29563371.0,1247046797.0,4790189423.0,0.0061716496759088605
2025-04-11,42.1,42.15,41.64,41.88,15589516.0,653260673.0,4790189423.0,0.003254467542587616
2025-04-14,41.98,42.79,41.82,42.64,17832356.0,757944432.0,4790189423.0,0.0037226828472332
2025-04-15,42.55,42.72,42.06,42.23,13823593.0,585579106.0,4790189423.0,0.002885813436442887
2025-04-16,42.0,42.4,41.66,42.27,16661597.0,699559526.0,4790189423.0,0.003478275184693046
2025-04-17,42.0,42.51,41.71,42.36,11605900.0,489222351.0,4790189423.0,0.0024228478198115716
2025-04-18,42.36,43.35,42.25,43.07,17911841.0,772064757.0,4790189423.0,0.003739276136763329
2025-04-21,43.07,43.08,42.68,42.84,9728857.0,416853910.0,4790189423.0,0.002030996301166523
2025-04-22,42.84,43.67,42.82,43.4,17622110.0,764748809.0,4790189423.0,0.0036787918898129137
2025-04-23,43.41,43.59,43.13,43.21,11016093.0,477198913.0,4790189423.0,0.0022997197035896843
2025-04-24,43.12,43.65,43.01,43.4,11073171.0,480835099.0,4790189423.0,0.0023116353075376076
2025-04-25,43.38,43.66,43.25,43.36,9292240.0,404022308.0,4790189423.0,0.0019398481311372559
2025-04-28,43.3,43.65,43.15,43.22,9310132.0,403863494.0,4790189423.0,0.001943583265266627
2025-04-29,43.11,43.55,42.05,43.36,15617888.0,671093913.0,4790680216.0,0.0032600564629296476
2025-04-30,43.33,44.26,43.02,43.52,16685432.0,728581165.0,4790680216.0,0.0034828941293709595
2025-05-06,43.7,43.99,43.1,43.8,21685451.0,947308093.0,4790680216.0,0.004526591219254114
2025-05-07,44.12,44.25,43.71,43.93,13684122.0,602127379.0,4790680216.0,0.002856404807462941
2025-05-08,43.8,44.1,43.52,43.53,12311623.0,538654492.0,4790680216.0,0.0025699112537049375
2025-05-09,43.53,43.75,43.45,43.67,11203402.0,488585296.0,4790680216.0,0.002338582726223862
2025-05-12,44.0,44.06,43.07,43.15,15428050.0,667396336.0,4790680216.0,0.0032204299398805873
2025-05-13,43.45,43.56,43.16,43.37,10440499.0,452710169.0,4790680216.0,0.002179335403171064
2025-05-14,43.4,44.14,43.02,43.99,16721090.0,730820489.0,4790680216.0,0.003490337331253003
2025-05-15,43.9,44.18,43.76,43.78,13827325.0,608014701.0,4790680216.0,0.0028862968047458585
2025-05-16,43.68,43.97,43.12,43.15,8918053.0,386150365.0,4790680216.0,0.0018615421188446948
2025-05-19,43.17,43.33,42.78,43.0,9960608.0,428310669.0,4790680216.0,0.0020791636157916327
2025-05-20,42.95,46.09,42.91,45.85,50039866.0,2259018421.0,4790680216.0,0.01044525281250791
2025-05-21,46.16,46.7,45.6,46.5,27442616.0,1267338556.0,4790680216.0,0.005728333923927266
2025-05-22,46.37,46.68,45.85,46.25,16170325.0,748338357.0,4790680216.0,0.003375371402581633
2025-05-23,46.2,46.56,45.5,45.63,14567009.0,669084388.0,4790680216.0,0.003040697425670125
2025-05-26,45.62,46.04,44.95,45.62,20307117.0,922733845.0,4790680216.0,0.004238879675620578
2025-05-27,45.4,46.09,45.2,45.37,13742175.0,625489485.0,4790680216.0,0.0028685227108467054
2025-05-28,45.36,47.2,45.36,46.68,21205425.0,987987129.0,4790680216.0,0.004426391252160339
2025-05-29,46.6,46.88,46.25,46.52,15116543.0,703962235.0,4790680216.0,0.0031554063970944037
2025-05-30,46.35,47.2,46.15,46.15,22482056.0,1050416983.0,4795280282.0,0.0046883716233211
2025-06-03,45.9,48.07,45.85,47.92,40038176.0,1904450523.0,4795280282.0,0.008349496514372879
2025-06-04,47.8,48.18,47.15,47.25,19837664.0,940524232.0,4795280282.0,0.0041369143894392285
2025-06-05,47.27,48.2,47.27,47.38,17605696.0,838792686.0,4795280282.0,0.003671463389968328
2025-06-06,47.5,47.65,46.81,46.9,13160700.0,619179963.0,4795280282.0,0.0027445111080161883
2025-06-09,46.97,47.23,46.47,46.78,14808415.0,692915054.0,4795280282.0,0.003088122931121714
2025-06-10,46.76,47.16,46.24,46.44,13156122.0,614093925.0,4795280282.0,0.002743556419295034
2025-06-11,46.6,47.58,46.45,46.9,18356724.0,865063015.0,4795280282.0,0.00382808155529625
2025-06-12,46.77,48.99,46.67,48.78,32524392.0,1566253939.0,4795280282.0,0.006782584142596735
2025-06-13,48.4,49.29,48.2,48.99,23076528.0,1125501274.0,4795280282.0,0.00481234185343079
2025-06-16,48.95,50.17,48.56,49.8,27052679.0,1342865400.0,4795280282.0,0.005641521956818123
2025-06-17,50.1,50.2,49.6,49.68,19556942.0,974445345.0,4795280282.0,0.004078373077254883
2025-06-18,49.89,50.5,49.5,50.15,18519905.0,926243525.0,4795280282.0,0.0038621110573073274
2025-06-19,50.0,50.1,48.97,49.16,20056380.0,990766970.0,4795280282.0,0.004182525070596072
2025-06-20,49.44,51.13,49.44,50.65,30604857.0,1551994904.0,4795280282.0,0.00638228741599968
2025-06-23,50.25,50.58,49.46,49.9,20412936.0,1017571938.0,4795280282.0,0.004256880682579463
2025-06-24,50.2,50.95,49.97,50.7,18955109.0,959291983.0,4795280282.0,0.003952867796101851
2025-06-25,50.7,50.7,49.7,50.29,19992815.0,1000278877.0,4795280282.0,0.004169269328228185
2025-06-26,48.8,49.65,47.5,49.15,38455479.0,1876546170.0,4795280282.0,0.00801944343990694
2025-06-27,48.97,49.22,48.59,48.69,17798529.0,869603236.0,4795280282.0,0.003711676472136608
2025-06-30,48.7,49.21,48.6,48.76,14793169.0,722692803.0,4795280282.0,0.003084943554921906
2025-07-01,48.77,49.66,48.74,49.2,13050680.0,642803154.0,4795280282.0,0.002721567715027674
2025-07-02,49.45,49.46,48.2,48.27,16169397.0,784315694.0,4795280282.0,0.0033719399178177172
2025-07-03,48.24,48.26,47.19,47.45,26167729.0,1242159787.0,4795280282.0,0.005456975914051482
2025-07-04,47.5,48.26,47.34,47.91,17362313.0,832016399.0,4795280282.0,0.0036207086924976537
2025-07-07,47.99,48.19,47.63,47.76,8754954.0,419316724.0,4795280282.0,0.0018257439576292113
2025-07-08,47.77,47.88,47.18,47.73,17626529.0,838351937.0,4795280282.0,0.003675807870118571
2025-07-09,47.7,48.15,47.51,47.67,12288403.0,587219734.0,4795280282.0,0.0025626037014200957
2025-07-10,47.74,48.98,47.71,48.15,27464645.0,1326652852.0,4795280282.0,0.005727432680649302
2025-07-11,48.26,48.6,47.25,47.35,24148957.0,1151896758.0,4795280282.0,0.005035984463858707
2025-07-14,47.12,47.77,47.12,47.48,14430102.0,684631600.0,4795280282.0,0.0030092301495214246
2025-07-15,47.58,47.63,46.79,46.96,17725544.0,833904365.0,4795280282.0,0.0036964562981930825
2025-07-16,46.97,47.18,46.61,47.04,13591583.0,637313991.0,4795280282.0,0.0028343667524542
2025-07-17,46.64,46.91,46.29,46.36,19147669.0,891745094.0,4795280282.0,0.003993023947291346
2025-07-18,46.37,47.86,46.35,47.71,24570655.0,1163141147.0,4795280282.0,0.005123924683241279
2025-07-21,47.75,48.28,47.43,47.6,14363522.0,685249622.0,4795280282.0,0.002995345663926303
2025-07-22,47.55,47.8,46.94,47.76,17647988.0,835916909.0,4795280282.0,0.0036802828952970886
2025-07-23,47.85,47.97,47.0,47.63,19890032.0,945381609.0,4795280282.0,0.004147835127523418
2025-07-24,47.6,48.08,47.43,47.82,15578941.0,744132005.0,4795280282.0,0.0032488071778574716
2025-07-25,47.82,48.87,47.3,47.95,22314130.0,1074204058.0,4795280282.0,0.004653352606678768
2025-07-28,48.0,48.22,47.36,47.58,14110999.0,673272350.0,4795280282.0,0.002942684925627461
2025-07-29,47.42,47.64,46.95,47.49,16038986.0,757940193.0,4795280282.0,0.003344744218644611
2025-07-30,47.66,48.54,47.5,47.68,22037502.0,1058804120.0,4795280282.0,0.004595665050637805
2025-07-31,47.36,47.66,45.9,46.0,25678684.0,1193297310.0,4795280282.0,0.005354991260133395
2025-08-01,46.13,46.98,45.8,46.17,21879886.0,1017536744.0,4795280282.0,0.004562796064732718
2025-08-04,46.17,46.49,46.01,46.44,12199230.0,564759955.0,4795280282.0,0.002544007708119198
2025-08-05,46.44,46.68,46.25,46.6,11353667.0,528075669.0,4795280282.0,0.002367675366676304
2025-08-06,46.62,46.68,46.22,46.42,12087000.0,560592831.0,4795280282.0,0.0025206034453024283
2025-08-07,46.54,47.32,46.43,47.12,20166567.0,948719325.0,4772009924.0,0.0042260111192509746
2025-08-08,47.07,47.83,46.87,47.58,18370893.0,872466115.0,4772009924.0,0.0038497181046516196
2025-08-11,47.5,47.58,46.81,47.1,16216942.0,763088018.0,4772009924.0,0.0033983462436739057
2025-08-12,47.08,47.2,46.69,46.88,12775951.0,599718795.0,4772009924.0,0.0026772683216238842
2025-08-13,46.95,47.1,46.41,46.8,19535425.0,912217989.0,4772009924.0,0.004093751964292855
2025-08-14,46.8,47.19,46.65,46.7,14933023.0,700495943.0,4772009924.0,0.0031292942047117167
2025-08-15,46.6,46.69,46.26,46.51,19712759.0,915748419.0,4772009924.0,0.004130913244932304
2025-08-18,46.55,47.09,45.9,46.78,27165187.0,1267463837.0,4772009924.0,0.005692609075135696
2025-08-19,46.74,47.26,46.38,46.63,25068301.0,1172131808.0,4772009924.0,0.005253195487696559
2025-08-20,46.6,48.12,46.26,48.0,33586566.0,1598311694.0,4772009924.0,0.007038243116612597
2025-08-21,48.0,48.55,47.61,48.19,21461724.0,1034058896.0,4772009924.0,0.0044974181407423245
2025-08-22,48.19,48.4,47.68,47.92,21185264.0,1015469379.0,4772009924.0,0.004439484480837387
2025-08-25,48.21,48.6,47.79,48.34,21809703.0,1049969992.0,4772009924.0,0.004570338986579191
2025-08-26,48.3,49.6,48.18,48.96,30453595.0,1490104365.0,4772009924.0,0.006381712419925805
2025-08-27,48.93,49.02,47.82,47.91,24023404.0,1163719725.0,4772009924.0,0.005034231777092172
2025-08-28,47.78,48.42,47.51,48.4,19502584.0,936492850.0,4772009924.0,0.004086869958487538
2025-08-29,47.92,47.92,43.88,44.57,166895272.0,7564085359.0,4772009924.0,0.03497378979884955
2025-09-01,44.57,44.58,42.67,42.8,141435987.0,6114611719.0,4772009924.0,0.02963866153938032
2025-09-02,42.8,42.92,41.68,41.82,79509012.0,3348933079.0,4772009924.0,0.016661535341769337
2025-09-03,42.03,42.32,41.7,42.03,60981436.0,2563628215.0,4772009924.0,0.012778983483103083
2025-09-04,42.17,42.24,41.59,41.72,54830802.0,2296338255.0,4772009924.0,0.01149008549295716
2025-09-05,41.78,42.07,41.47,42.02,45423026.0,1897784707.0,4772009924.0,0.009518636114219447
2025-09-08,42.02,42.73,41.86,42.58,57425338.0,2434930922.0,4772009924.0,0.012033784278441916
2025-09-09,42.59,42.6,42.0,42.08,39297960.0,1657599611.0,4772009924.0,0.008235096034138089
2025-09-10,42.09,42.18,41.88,42.08,26725036.0,1122813021.0,4772009924.0,0.005600373097631471
2025-09-11,41.84,41.96,41.58,41.94,47685665.0,1990782340.0,4772009924.0,0.009992784122298905
2025-09-12,41.94,41.98,41.6,41.72,37666755.0,1572376655.0,4772009924.0,0.007893268371166112
2025-09-15,41.72,41.89,41.54,41.66,33068624.0,1378280855.0,4772009924.0,0.006929705622297025
2025-09-16,41.3,41.46,41.11,41.19,31415759.0,1296419133.0,4772009924.0,0.006583338991396448
2025-09-17,41.19,41.3,40.86,41.07,38780466.0,1591603909.0,4772009924.0,0.008126652420599617
2025-09-18,40.9,41.07,40.42,40.53,38143920.0,1555094760.0,4772009924.0,0.007993260828767714
2025-09-19,40.54,41.29,40.53,41.08,39848132.0,1634592707.0,4772009924.0,0.008350387495966992
2025-09-22,40.88,40.98,40.17,40.32,39299727.0,1588499683.0,4772009924.0,0.008235466318363843
2025-09-23,40.18,40.37,39.71,40.06,38801915.0,1550985624.0,4772009924.0,0.008131147172358646
2025-09-24,40.06,40.58,39.9,40.39,32224801.0,1295046345.0,4772011324.0,0.0067528760541558175
2025-09-25,40.34,40.38,39.99,40.08,29613103.0,1187939209.0,4772011324.0,0.006205581041072986
2025-09-26,40.0,40.12,39.58,40.07,38139089.0,1519179760.0,4772014299.0,0.007992241139761932
2025-09-29,39.99,40.17,39.64,39.99,30711747.0,1223433806.0,4772018674.0,0.006435797740551759
2025-09-30,40.0,40.51,39.9,40.33,33559919.0,1352183696.0,4772018674.0,0.007032646201249966
2025-10-09,40.04,40.61,39.7,40.45,45898050.0,1842498847.0,4772018674.0,0.00961816227796262
2025-10-10,40.45,41.4,40.35,41.17,57081133.0,2346176110.0,4772018674.0,0.011961632361374116
2025-10-13,40.37,41.19,40.2,41.0,37914872.0,1548282794.0,4772018674.0,0.007945248036554518
2025-10-14,41.01,41.25,40.6,40.73,37828034.0,1548524226.0,4772018674.0,0.00792705070625631
2025-10-15,40.8,41.05,40.62,41.01,22807234.0,931248895.0,4772018674.0,0.0047793681370660954
2025-10-16,41.0,41.14,40.66,40.85,25951671.0,1061228769.0,4772018674.0,0.005438300386667766
2025-10-17,40.7,40.91,40.06,40.09,30564365.0,1234556433.0,4772018674.0,0.006404913117068829
2025-10-20,40.33,40.55,40.22,40.33,18666692.0,753687664.0,4772018674.0,0.003911697182096987
2025-10-21,40.36,40.45,40.2,40.33,22220198.0,895942123.0,4772018674.0,0.004656351853999471
2025-10-22,40.2,40.4,40.12,40.18,16117112.0,648303578.0,4772018674.0,0.003377420144605243
2025-10-23,40.13,40.24,39.73,39.96,28438777.0,1135538392.0,4772018674.0,0.0059594856899757385
2025-10-24,39.97,40.17,39.77,39.88,30008253.0,1197370148.0,4772018674.0,0.006288377110403571
2025-10-27,40.0,40.68,39.98,40.58,36842333.0,1489486314.0,4772018674.0,0.007720492210295152
2025-10-28,40.58,40.66,40.35,40.46,21458283.0,868743559.0,4772018674.0,0.004496688815765519
2025-10-29,40.47,40.78,40.2,40.75,25365279.0,1028114583.0,4772018674.0,0.005315419056970774
2025-10-30,40.8,41.37,40.6,40.93,40821724.0,1674370554.0,4772018674.0,0.008554393180063234
2025-10-31,40.12,40.41,39.84,40.33,56476451.0,2261921782.0,4772018674.0,0.011834918272157624
2025-11-03,40.22,40.36,39.81,40.01,33118777.0,1322885023.0,4772018674.0,0.006940202723942652
2025-11-04,39.89,40.03,39.7,39.85,31695677.0,1262674310.0,4772018674.0,0.006641985114746431
2025-11-05,39.7,39.75,39.46,39.63,26766588.0,1059841965.0,4772018674.0,0.005609070254866316
2025-11-06,39.59,40.08,39.51,40.03,35474712.0,1415616409.0,4772018674.0,0.007433900498604797
2025-11-07,39.91,40.28,39.83,39.98,29677959.0,1188691488.0,4772018674.0,0.006219162377066591
2025-11-10,40.0,40.87,39.84,40.8,36248092.0,1469544359.0,4772018674.0,0.007595966084017047
2025-11-11,40.8,40.94,40.41,40.51,23064740.0,935661013.0,4772018674.0,0.004833329786755985
2025-11-12,40.51,40.58,40.32,40.4,17701677.0,715887429.0,4772018674.0,0.0037094735392479315
2025-11-13,40.39,40.62,40.2,40.58,23193790.0,936683475.0,4772018674.0,0.004860372849412702
2025-11-14,40.4,40.76,40.2,40.29,20277711.0,821485763.0,4772018674.0,0.00424929414264065
2025-11-17,40.29,40.29,39.71,39.76,26566037.0,1058969944.0,4772018674.0,0.005567043805746851
2025-11-18,39.71,39.87,39.52,39.64,17491748.0,693049057.0,4772018674.0,0.0036654818840719397
2025-11-19,39.66,39.83,39.58,39.68,16847839.0,668507586.0,4772018674.0,0.003530547583938478
2025-11-20,39.67,39.86,39.6,39.63,16704416.0,663464196.0,4772018674.0,0.0035004925883909063
2025-11-21,39.24,39.63,38.8,39.11,36992609.0,1448518736.0,4772018674.0,0.007751983285721736
2025-11-24,39.11,39.41,38.75,39.41,21141004.0,824036768.0,4772018674.0,0.004430201439735606
2025-11-25,39.27,39.5,39.13,39.25,17137277.0,673953867.0,4772018674.0,0.003591200741390896
2025-11-26,39.22,39.38,39.06,39.25,21343949.0,836523745.0,4772018674.0,0.004472729563337832
2025-11-27,39.17,39.23,38.79,38.79,25672245.0,999368400.0,4772018674.0,0.005379745293092287
2025-11-28,38.68,38.74,38.33,38.37,28768564.0,1105705321.0,4772018674.0,0.006028594178967373
2025-12-01,38.3,38.41,38.1,38.41,26106105.0,999446011.0,4772018674.0,0.005470662791459143
2025-12-02,38.42,38.44,37.91,37.91,31963201.0,1217011962.0,4772018674.0,0.006698046085642791
2025-12-03,37.81,38.09,37.8,38.0,17930753.0,680358815.0,4772018674.0,0.003757477542511394
2025-12-04,37.98,38.0,37.67,37.86,14712261.0,556559700.0,4772018674.0,0.0030830267031767278
2025-12-05,37.84,38.22,37.83,38.22,18283774.0,696044330.0,4772018674.0,0.003831454830555845
2025-12-08,38.3,38.34,38.02,38.08,19098200.0,728229284.0,4772018674.0,0.004002121807287797
2025-12-09,38.08,38.1,37.5,37.51,26899617.0,1013814321.0,4772018674.0,0.0056369471365568255
2025-12-10,37.41,37.84,37.03,37.81,22401800.0,838137236.0,4772018674.0,0.00469440744690598
2025-12-11,37.7,37.8,37.04,37.08,27537227.0,1024812608.0,4772018674.0,0.005770561450237946
2025-12-12,37.18,37.48,37.08,37.43,24163971.0,901612910.0,4772018674.0,0.005063679052987713
2025-12-15,37.2,37.79,37.18,37.41,18823420.0,706689246.0,4772018674.0,0.003944540305878945
2025-12-16,37.41,37.69,37.2,37.63,18469303.0,691848837.0,4772018674.0,0.0038703333456402145
2025-12-17,37.51,38.08,37.46,37.93,27945640.0,1057142884.0,4772018674.0,0.005856146404510067
2025-12-18,37.81,38.29,37.76,38.19,22410524.0,854532952.0,4772018674.0,0.004696235604043657
2025-12-19,38.2,38.37,37.85,37.85,28798538.0,1097644462.0,4772018674.0,0.0060348753781930406
2025-12-22,37.97,38.35,37.92,38.31,22434382.0,857544333.0,4772018674.0,0.00470123516536767
2025-12-23,38.32,38.49,38.2,38.27,16697871.0,639947831.0,4772018674.0,0.003499121051427805
2025-12-24,38.23,38.36,38.08,38.19,11805699.0,450693013.0,4772018674.0,0.002473942330595331
2025-12-25,38.26,38.49,38.21,38.28,13579190.0,520410502.0,4772018674.0,0.0028455860983917012
2025-12-26,38.28,38.62,38.23,38.49,18400221.0,708345021.0,4772018674.0,0.0038558568725332695
2025-12-29,38.42,38.73,38.32,38.63,22505845.0,868624943.0,4772018674.0,0.004716210588743392
2025-12-30,38.63,38.66,38.29,38.38,14313895.0,549688145.0,4772018674.0,0.002999547147203808
2025-12-31,38.4,38.49,38.18,38.32,11857204.0,454324636.0,4770011979.0,0.002485780759503623
2026-01-05,38.32,38.35,38.08,38.25,22581155.0,862651238.0,4770011979.0,0.004733982870360419
2026-01-06,38.33,39.14,38.32,39.09,33016423.0,1284228442.0,4770011979.0,0.006921664588129958
2026-01-07,39.15,39.15,38.74,38.9,25182376.0,979766430.0,4770011979.0,0.005279310850971764
2026-01-08,38.8,38.9,38.65,38.9,19391108.0,752147432.0,4770011979.0,0.0040652115938847625
2026-01-09,38.79,39.03,38.77,38.97,22611254.0,880115361.0,4770011979.0,0.004740292917406948
2026-01-12,39.01,39.17,38.81,39.01,27938016.0,1088650344.0,4770011979.0,0.005857011706259281
2026-01-13,39.05,39.37,38.75,38.93,29626896.0,1156766695.0,4770011979.0,0.006211073710177783
2026-01-14,38.82,39.2,38.42,38.55,31141348.0,1209057740.0,4770011979.0,0.00652856809104462
2026-01-15,38.9,39.93,38.88,39.19,47406310.0,1870599119.0,4770011979.0,0.009938404810869763
2026-01-16,39.22,39.4,38.6,38.81,30988616.0,1204558432.0,4770011979.0,0.006496548884243379
2026-01-19,38.81,38.96,38.38,38.88,30762085.0,1188455270.0,4770011979.0,0.006449058227826308
2026-01-20,38.88,40.08,38.71,39.8,61508306.0,2441237443.0,4770011979.0,0.01289479067784119
2026-01-21,39.85,40.0,39.41,39.5,31392878.0,1244459098.0,4770011979.0,0.006581299614803336
2026-01-22,39.52,40.08,39.51,39.67,30415375.0,1210936064.0,4770011979.0,0.006376372875771346
2026-01-23,39.72,39.8,39.02,39.15,40629477.0,1595533506.0,4770011979.0,0.008517688672244736
2026-01-26,39.15,39.16,38.56,38.75,35880303.0,1393024109.0,4770011979.0,0.007522057210330541
2026-01-27,38.84,38.86,37.85,37.86,39895151.0,1521596889.0,4770011979.0,0.008363742308329326
2026-01-28,37.87,37.99,37.56,37.68,38981817.0,1470523508.0,4770011979.0,0.00817226815605865
2026-01-29,37.65,38.26,37.31,38.12,36729370.0,1388389744.0,4770011979.0,0.007700058230818124
2026-01-30,38.16,38.26,37.39,37.5,29405451.0,1108482719.0,4770011979.0,0.006164649298462485
2026-02-02,37.5,37.72,37.25,37.36,23440831.0,877878655.0,4770011979.0,0.004914207994277241
2026-02-03,37.42,37.7,37.27,37.67,21598108.0,809190045.0,4770011979.0,0.004527893870096295
2026-02-04,37.6,38.58,37.5,38.47,37031286.0,1414447754.0,4770011979.0,0.007763352830774935
2026-02-05,38.45,39.56,38.35,39.22,54393558.0,2137757102.0,4770011979.0,0.011403232998044428
2026-02-06,39.01,39.42,38.77,38.86,28976339.0,1130215566.0,4770011979.0,0.00607468893737971
2026-02-09,39.03,39.1,38.79,38.97,22846629.0,889312387.0,4770011979.0,0.004789637657218135
2026-02-10,38.98,39.05,38.75,38.82,16899415.0,657186134.0,4770011979.0,0.0035428454004727355
2026-02-11,38.81,38.85,38.44,38.56,20255385.0,781443147.0,4770011979.0,0.004246401285609853
2026-02-12,38.55,38.57,38.1,38.18,21926068.0,838835848.0,4770011979.0,0.004596648414412713
2026-02-13,38.13,38.13,37.79,37.84,19094678.0,724598518.0,4770011979.0,0.00400306709586148
2026-02-24,37.96,38.04,37.61,37.65,25384266.0,957130534.0,4770011979.0,0.0053216356922696105
2026-02-25,37.67,37.92,37.56,37.6,32246444.0,1216186057.0,4770011979.0,0.006760243819505091
2026-02-26,37.65,37.83,37.31,37.5,35190081.0,1319077719.0,4770011979.0,0.0073773569447885025
2026-02-27,37.5,38.14,37.45,37.87,34355776.0,1301985638.0,4770011979.0,0.007202450675438859
2026-03-02,37.3,37.3,36.86,37.03,45411171.0,1682048622.0,4770011979.0,0.009520137727100664
2026-03-03,37.09,37.47,37.0,37.03,29128448.0,1083265944.0,4770011979.0,0.006106577536542493
2026-03-04,36.83,36.84,36.03,36.29,37278955.0,1353478323.0,4770011979.0,0.00781527492260413
2026-03-05,36.6,36.79,36.39,36.72,20995137.0,768867175.0,4770011979.0,0.004401485172874028
2026-03-06,36.63,37.35,36.47,37.25,23422920.0,866732560.0,4770011979.0,0.004910453077082304
2026-03-09,36.58,37.1,36.3,36.91,24057421.0,885114753.0,4770011979.0,0.005043471820597707
2026-03-10,37.06,37.38,37.01,37.32,17173462.0,638643274.0,4770011979.0,0.003600297457450054
2026-03-11,37.31,37.48,37.2,37.32,16154606.0,603032603.0,4770011979.0,0.00338670134815609
2026-03-12,37.21,37.43,37.04,37.34,16283864.0,606695404.0,4770011979.0,0.003413799393311754
2026-03-13,37.21,38.18,37.16,38.06,42150051.0,1599400019.0,4770011979.0,0.008836466488043593
2026-03-16,38.0,38.1,37.62,37.7,19089548.0,721844440.0,4770011979.0,0.004001991626864214
2026-03-17,37.71,38.07,37.4,37.49,17718146.0,669464880.0,4770011979.0,0.0037144866885039747
2026-03-18,37.49,37.58,36.9,37.12,19024868.0,706353149.0,4770011979.0,0.003988431912489333
2026-03-19,36.85,37.04,36.5,36.57,15914516.0,584724640.0,4770011979.0,0.0033363681412255843
2026-03-20,36.76,37.3,36.76,36.79,23979425.0,887565500.0,4770011979.0,0.005027120498977682
2026-03-23,36.5,36.5,35.11,35.28,38813368.0,1381223790.0,4770011979.0,0.008136953988978651
2026-03-24,35.61,35.75,35.35,35.71,15303579.0,544381815.0,4770011979.0,0.003208289427232904
2026-03-25,35.83,36.49,35.74,36.43,18240998.0,659254630.0,4770011979.0,0.0038240989918486745
2026-03-26,36.4,37.07,36.27,36.68,22455896.0,826380431.0,4770011979.0,0.004707723187879231
2026-03-27,36.4,37.13,36.31,37.07,17250026.0,637269819.0,4770011979.0,0.0036163485701803935
2026-03-30,36.72,37.07,36.65,36.76,12632667.0,465104429.0,4770011979.0,0.0026483512107758587
2026-03-31,37.53,38.46,37.53,38.04,54754770.0,2089701579.0,4770011979.0,0.011478958594036689
2026-04-01,38.42,38.66,37.92,38.09,25909214.0,987338093.0,4770011979.0,0.00543168740750871
2026-04-02,38.11,38.35,37.75,38.14,25925125.0,987990120.0,4770011979.0,0.0054350230385448684
2026-04-03,38.04,38.26,37.55,37.61,15255832.0,577200621.0,4770011979.0,0.003198279599121317
2026-04-07,37.55,37.84,37.34,37.79,19643704.0,739583438.0,4770011979.0,0.004118166597166108
2026-04-08,38.16,38.25,37.73,37.95,27036911.0,1025471318.0,4770011979.0,0.005668101279206452
2026-04-09,37.8,37.94,37.47,37.53,14008238.0,526675718.0,4770011979.0,0.002936730151134071
2026-04-10,37.63,37.67,37.32,37.35,15815412.0,592776156.0,4770011979.0,0.0033155916734858163
2026-04-13,37.19,37.23,36.66,36.97,19549657.0,720821173.0,4770011979.0,0.004098450294478809
2026-04-14,37.12,37.27,36.81,37.18,17356924.0,641995787.0,4770011979.0,0.0036387589960809193
2026-04-15,37.5,38.23,37.5,37.66,27306202.0,1032000565.0,4770011979.0,0.0057245562736981965
2026-04-16,37.8,37.94,37.4,37.56,15821041.0,594999660.0,4770011979.0,0.0033167717543796968
2026-04-17,37.36,37.36,36.65,36.7,28987793.0,1066571770.0,4770011979.0,0.0060770901892110325
2026-04-20,36.55,36.8,36.5,36.66,16344256.0,598737136.0,4770011979.0,0.0034264601581622148
2026-04-21,36.64,37.14,36.6,36.87,15054055.0,555077657.0,4770011979.0,0.0031559784474914417
2026-04-22,36.86,37.12,36.68,36.8,15127743.0,557948785.0,4770011979.0,0.0031714266267254586
2026-04-23,36.88,37.08,36.66,36.7,15555154.0,573295176.0,4770011979.0,0.0032610303849301926
2026-04-24,36.6,36.68,36.36,36.5,12489591.0,455802268.0,4770011979.0,0.0026183563175491975
2026-04-27,36.55,37.28,36.41,36.88,21399731.0,791202887.0,4770011979.0,0.004486305504936343
2026-04-28,36.89,37.15,36.73,37.02,19360275.0,714337199.0,4770011979.0,0.004058747668817962
2026-04-29,37.4,37.57,36.67,36.84,37020194.0,1369028167.0,4770011979.0,0.007761027469738353
2026-04-30,36.77,37.28,36.66,37.1,30498359.0,1127988250.0,4770011979.0,0.006393769897071363
2026-05-06,37.0,37.4,36.6,37.28,32166873.0,1190924959.0,4770011979.0,0.006743562310035029
2026-05-07,37.31,37.81,37.21,37.57,27685599.0,1037853417.0,4770011979.0,0.005804094229089147
2026-05-08,37.41,37.78,37.3,37.7,24368481.0,916644880.0,4770011979.0,0.005108683396872451
2026-05-11,37.8,37.8,37.11,37.42,29702209.0,1109499644.0,4770011979.0,0.006226862559415808
2026-05-12,37.36,37.48,36.96,36.96,19487383.0,723985296.0,4770011979.0,0.004085394981352939
2026-05-13,36.96,36.99,36.34,36.66,28103067.0,1027254742.0,4770011979.0,0.0058916135061555155
2026-05-14,36.6,36.72,36.22,36.23,18830474.0,685457757.0,4770011979.0,0.003947678555714587
2026-05-15,36.18,36.21,35.75,35.85,21591174.0,775454933.0,4770011979.0,0.0045264402049838125
2026-05-18,35.99,35.99,35.52,35.73,16895893.0,602317796.0,4770011979.0,0.0035421070375471274
2026-05-19,35.51,35.58,35.12,35.29,17339557.0,611928398.0,4770011979.0,0.0036351181247211706
2026-05-20,35.35,35.96,35.0,35.72,23411221.0,826741251.0,4770011979.0,0.004908000462696532
2026-05-21,35.72,35.85,35.31,35.48,20559904.0,732404804.0,4770011979.0,0.004310241586502313
2026-05-22,35.4,35.45,35.0,35.15,21743912.0,764275814.0,4770011979.0,0.00455846066964353
2026-05-25,35.14,35.64,35.0,35.62,18278882.0,645927221.0,4770011979.0,0.0038320411102682472
2026-05-26,35.49,35.95,35.14,35.93,21389821.0,760720211.0,4770011979.0,0.004484227942019598
2026-05-27,35.75,36.0,35.36,35.73,22052928.0,786883451.0,4770011979.0,0.004623243735464003
2026-05-28,35.5,35.6,35.06,35.24,18073540.0,637438717.0,4770011979.0,0.0037889925810603506
2026-05-29,35.18,35.52,34.74,34.95,19671935.0,690357516.0,4770011979.0,0.004124085030940338
2026-06-01,34.9,35.13,34.53,35.13,12568387.0,438859141.0,4770011979.0,0.0026348753536327334
2026-06-02,35.13,35.21,34.87,34.9,13136298.0,459463279.0,4770011979.0,0.0027539339644916225
2026-06-03,35.05,35.05,34.36,34.57,18746580.0,648690846.0,4770011979.0,0.0039300907592123265
2026-06-04,34.41,34.69,34.01,34.25,17210955.0,590582303.0,4770011979.0,0.003608157605425586
2026-06-05,34.25,34.88,34.25,34.86,17043479.0,592074782.0,4770011979.0,0.0035730474210618327
2026-06-08,34.59,34.77,34.34,34.58,15897308.0,548811781.0,4770011979.0,0.0033327606031154583
2026-06-09,34.51,34.65,33.81,34.04,21635583.0,737509135.0,4770011979.0,0.004535750244496399
2026-06-10,33.96,34.9,33.66,34.83,25723197.0,889664125.0,4770011979.0,0.005392690230810005
2026-06-11,34.51,34.88,34.21,34.33,15872744.0,547433870.0,4770011979.0,0.0033276109305133464
2026-06-12,34.38,34.7,34.15,34.36,24177507.0,832008769.0,4770011979.0,0.005068647019429215
2026-06-15,34.8,34.84,33.45,33.59,45708576.0,1547405801.0,4770011979.0,0.00958248662712635
2026-06-16,33.5,33.5,32.3,32.46,44411547.0,1448876841.0,4770011979.0,0.00931057347350951
2026-06-17,32.36,32.56,32.11,32.2,17666975.0,569878451.0,4770011979.0,0.0037037590424885596
2026-06-18,32.14,32.14,31.36,31.55,26112541.0,824019273.0,4770011979.0,0.005474313505911638
2026-06-22,31.55,31.98,30.9,31.86,26690576.0,840427997.0,4770011979.0,0.005595494543306261
2026-06-23,31.8,32.19,31.27,31.36,22357431.0,709451191.0,4770011979.0,0.004687080682067192
2026-06-24,31.22,31.68,30.95,30.98,19677307.0,612687205.0,4770011979.0,0.004125211233562816
2026-06-25,30.98,31.74,30.84,31.28,24388303.0,763690817.0,4770011979.0,0.0051128389419920995
2026-06-26,31.27,31.41,30.78,30.82,20790671.0,645071017.0,4770011979.0,0.004358620291003676
2026-06-29,30.73,31.67,30.13,31.33,31328725.0,972410238.0,4770011979.0,0.0065678503823312934
2026-06-30,31.21,31.44,30.85,31.26,20088869.0,624461281.0,4799115259.0,0.004185952600810415
2026-07-01,32.3,32.85,31.48,32.2,41409152.0,1335466736.0,4799115259.0,0.008628497080236514
2026-07-02,32.12,32.58,32.0,32.42,34996175.0,1131270013.0,4799115259.0,0.007292213900128795
2026-07-03,32.43,32.87,32.22,32.47,22429888.0,729889934.0,4799115259.0,0.004673754804687428
2026-07-06,32.48,33.17,32.41,32.93,22938070.0,755598894.0,4799115259.0,0.0047796455725840695
2026-07-07,32.93,33.06,32.57,32.79,18972678.0,621278685.0,4799115259.0,0.003953369939265299
2026-07-08,32.54,32.89,32.3,32.59,15358375.0,501066488.0,4799115259.0,0.0032002513319924412
2026-07-09,32.43,32.45,31.65,31.91,20418804.0,653573417.0,4799115259.0,0.0042547017310550495
2026-07-10,31.84,32.29,31.48,32.03,18864931.0,602999032.0,4799115259.0,0.003930918509327679
2026-07-13,31.91,32.09,31.75,31.96,13928584.0,444621755.0,4799115259.0,0.002902323292585876
2026-07-14,31.89,32.8,31.76,32.67,26763399.0,868961533.0,4799115259.0,0.005576736034795034
2026-07-15,32.57,33.64,32.38,33.48,29189887.0,969465629.0,4799115259.0,0.006082347562971919
2026-07-16,33.39,33.59,33.1,33.4,19008638.0,634210350.0,4799115259.0,0.00396086298705834
2026-07-17,33.42,33.83,32.91,33.08,23488776.0,782277942.0,4799115259.0,0.004894397140379245
2026-07-20,33.06,33.99,33.06,33.98,31319830.0,1053976229.0,4799115259.0,0.0065261674933237935
2026-07-21,33.83,34.66,33.67,33.87,32504419.0,1108855890.0,4799115259.0,0.006773002365184495
2026-07-22,34.0,34.17,33.63,34.17,21367373.0,725392269.0,4799115259.0,0.004452356704692347
2026-07-23,33.97,34.0,33.71,33.9,15811656.0,535207694.0,4799115259.0,0.003294702282956776
2026-07-24,33.81,33.98,33.48,33.5,15551044.0,523338952.0,4799115259.0,0.0032403981068878096
2026-07-27,33.47,33.89,33.46,33.76,15325789.0,516648484.0,4799115259.0,0.0031934613304522843
2026-07-28,33.74,34.68,33.6,34.58,27596537.0,946326895.0,4799115259.0,0.005750338450039714
2026-07-29,34.5,35.06,34.47,34.74,23767627.0,828415277.0,4799115259.0,0.004952501808625555
2026-07-30,34.73,35.25,34.65,35.12,27322641.0,956498144.0,4799115259.0,0.005693266263768223
2026-07-31,34.6,35.0,34.5,34.99,22312226.0,775213329.0,4799115259.0,0.0046492373689414656
2026-08-03,34.97,35.47,34.83,35.05,21613354.0,760747101.0,4799115259.0,0.004503612193824161
2026-08-04,35.02,35.15,34.27,34.45,22576515.0,777816812.0,4799115259.0,0.004704307727900727
2026-08-05,34.44,34.44,33.72,34.01,26910502.0,912660185.0,4799115259.0,0.0056073881429568725
2026-08-06,34.02,34.14,33.67,33.72,17303945.0,585462784.0,4799115259.0,0.003605653139409211
2026-08-07,33.68,33.68,33.18,33.3,21985934.0,732688379.0,4799115259.0,0.004581247336947945
2026-08-10,33.22,34.08,33.21,33.8,23237783.0,785634870.0,4799115259.0,0.004842097292083395
2026-08-11,33.8,33.99,33.51,33.59,16141000.0,544180595.0,4799115259.0,0.0033633282655026976
2026-08-12,33.55,33.6,33.07,33.23,18781854.0,625022585.0,4799115259.0,0.003913607610231393
2026-08-13,33.25,33.27,32.94,32.96,14959613.0,494425561.0,4799115259.0,0.0031171605999554927
2026-08-14,32.9,32.98,32.66,32.74,13659182.0,447571492.0,4799115259.0,0.0028461875289167754
2026-08-17,32.72,32.79,32.4,32.52,18546915.0,602654468.0,4799115259.0,0.0038646529618596103
2026-08-18,32.5,32.79,32.26,32.7,23023920.0,749263651.0,4799115259.0,0.0047975342865171225
2026-08-19,32.7,32.97,32.51,32.78,21252305.0,696128302.0,4799115259.0,0.004428379785241578
2026-08-20,32.77,33.2,32.68,32.84,16738260.0,551097247.0,4799115259.0,0.003487780371311145
2026-08-21,32.75,32.78,32.48,32.5,11796780.0,383969319.0,4799115259.0,0.0024581155824246895
2026-08-24,32.46,33.15,32.46,32.94,19985311.0,657539385.0,4799115259.0,0.0041643740400942935
2026-08-25,33.04,33.2,32.79,32.92,14668515.0,483534299.0,4799115259.0,0.0030565040030016916
2026-08-26,32.87,33.64,32.84,33.58,25087749.0,837186151.0,4799115259.0,0.00522757792760901
2026-08-27,33.51,33.66,33.1,33.41,14091423.0,469548465.0,4799115259.0,0.002936254338458263
2026-08-28,33.38,33.69,32.96,33.67,19975738.0,665367336.0,4799115259.0,0.0041623792974212455
2026-08-31,32.97,33.11,31.6,31.8,60160553.0,1924909130.0,4799115259.0,0.012535759145850513
2026-09-01,31.8,32.29,31.54,32.13,26813823.0,859546905.0,4799115259.0,0.005587242971444541
2026-09-02,32.01,32.12,31.74,31.96,14427540.0,460286576.0,4799115259.0,0.003006291622803469
2026-09-03,31.95,32.23,31.91,32.05,14631910.0,469225235.0,4799115259.0,0.0030488765554359445
2026-09-04,32.1,32.5,32.0,32.22,14778798.0,477286483.0,4799115259.0,0.003079483863673548
2026-09-07,32.15,32.3,31.61,31.75,22929690.0,728463281.0,4799115259.0,0.004777899417397593
2026-09-08,31.76,32.03,31.64,31.84,12205127.0,388290391.0,4799115259.0,0.002543203557595573
2026-09-09,31.8,31.8,31.5,31.62,13237300.0,418147897.0,4799115259.0,0.00275827924223647
2026-09-10,31.6,31.61,31.37,31.41,11176001.0,351241499.0,4799115259.0,0.0023287627816483748
2026-09-11,31.2,31.33,30.98,31.12,16347912.0,508200202.0,4799115259.0,0.0034064428790998537
2026-09-14,31.13,31.32,30.93,30.98,14321861.0,445081629.0,4799115259.0,0.002984271105625471
2026-09-15,30.98,31.11,30.89,31.08,8499484.0,263630233.0,4799115259.0,0.0017710522755336059
2026-09-16,30.98,30.99,30.45,30.75,22078839.0,675967633.0,4799115259.0,0.004600606113511141
