date,open,high,low,close,volume,amount,outstanding_share,turnover
2020-12-01,19.7,20.1,19.45,19.74,58797090.0,1163530537.0,16491037955.0,0.003565396560267634
2020-12-02,19.7,20.04,19.54,19.99,41213404.0,817357351.0,16491037955.0,0.00249913947881639
2020-12-03,19.88,19.89,19.0,19.07,61364893.0,1183398499.0,16491037955.0,0.003721105558513039
2020-12-04,19.02,19.05,18.67,18.89,42287832.0,796893366.0,16491037955.0,0.0025642917150147325
2020-12-07,18.98,19.0,18.32,18.48,50308691.0,934938814.0,16491037955.0,0.003050668559327805
2020-12-08,18.55,18.66,18.32,18.4,28294296.0,521745200.0,16491037955.0,0.0017157377284078902
2020-12-09,18.58,18.96,18.51,18.6,47104276.0,882463587.0,16491037955.0,0.002856356047965933
2020-12-10,18.69,18.85,18.5,18.54,30665190.0,572738257.0,16491037955.0,0.0018595063624059192
2020-12-11,18.95,19.08,18.45,18.63,38402336.0,717913261.0,16491037955.0,0.002328679134981713
2020-12-14,18.0,18.05,17.45,17.45,83711322.0,1476887178.0,16491037955.0,0.005076170598141104
2020-12-15,17.5,17.66,17.25,17.66,47927085.0,838411859.0,16491037955.0,0.0029062503603946134
2020-12-16,17.66,17.96,17.56,17.74,31266463.0,554228310.0,16491037955.0,0.001895966954009718
2020-12-17,17.71,18.2,17.56,18.13,41890575.0,750424988.0,16491037955.0,0.0025402024490095232
2020-12-18,18.45,19.12,18.39,19.07,66101143.0,1244394906.0,16491037955.0,0.004008307007744074
2020-12-21,19.14,19.14,18.58,18.8,50552291.0,951779999.0,16491037955.0,0.0030654402189810494
2020-12-22,18.54,18.7,17.6,17.8,64659697.0,1168589976.0,16491037955.0,0.003920899168168824
2020-12-23,17.78,18.05,17.66,17.95,35256467.0,629651175.0,16491037955.0,0.0021379167943343684
2020-12-24,17.95,18.23,17.71,18.02,26746866.0,479626576.0,16491037955.0,0.001621903125381534
2020-12-25,18.05,18.64,17.82,18.47,35843633.0,655845179.0,16491037955.0,0.002173521951608412
2020-12-28,18.62,18.77,18.24,18.55,33758989.0,623755100.0,16491037955.0,0.0020471112304828844
2020-12-29,18.5,18.6,17.98,18.05,37770971.0,685010720.0,16491037955.0,0.002290393794682161
2020-12-30,17.96,18.25,17.91,18.03,28286602.0,511283421.0,16491037955.0,0.0017152711719654761
2020-12-31,18.04,18.11,17.79,18.01,50589055.0,906345114.0,16491037955.0,0.0030676695510643494
2021-01-04,17.92,18.07,17.83,17.99,35783696.0,642147049.0,16491037955.0,0.002169887432049149
2021-01-05,18.02,18.02,17.36,17.65,49793708.0,874827211.0,16491037955.0,0.0030194405067694844
2021-01-06,17.62,17.95,17.59,17.95,42808236.0,761451149.0,16491037955.0,0.0025958484915754353
2021-01-07,18.08,18.46,18.01,18.26,57742906.0,1052416187.0,16491037955.0,0.003501471899923233
2021-01-08,18.37,18.63,18.15,18.63,57364121.0,1057530896.0,16491037955.0,0.003478502757469398
2021-01-11,18.62,18.63,17.9,18.06,62956382.0,1143421636.0,16491037955.0,0.0038176118551053327
2021-01-12,17.96,18.22,17.8,18.22,37533005.0,675929277.0,16491037955.0,0.0022759637751376457
2021-01-13,18.27,19.0,18.17,18.81,72549472.0,1349643378.0,16491037955.0,0.004399327210207734
2021-01-14,18.7,19.12,18.49,18.62,50160501.0,939145086.0,16491037955.0,0.003041682466372081
2021-01-15,18.65,19.1,18.64,18.73,51260137.0,964641869.0,16491037955.0,0.003108363290405149
2021-01-18,18.74,19.14,18.58,18.92,49697855.0,940741260.0,16491037955.0,0.0030136280769963216
2021-01-19,18.94,19.48,18.63,18.74,67163721.0,1276441132.0,16491037955.0,0.004072740671828743
2021-01-20,18.61,18.91,18.45,18.81,42612096.0,794399628.0,16491037955.0,0.002583954758716702
2021-01-21,18.75,19.08,18.74,18.9,48788444.0,922631685.0,16491037955.0,0.002958482306155119
2021-01-22,18.91,18.91,18.33,18.66,44272028.0,820904541.0,16491037955.0,0.0026846113701761835
2021-01-25,18.5,18.5,18.13,18.25,35544115.0,649223707.0,16491037955.0,0.002155359480524584
2021-01-26,18.25,18.47,18.0,18.04,29870907.0,542755721.0,16491037955.0,0.0018113418380037924
2021-01-27,18.01,18.32,17.94,18.1,24496155.0,443931033.0,16491037955.0,0.0014854222679520843
2021-01-28,17.98,17.98,17.7,17.76,26944859.0,479768358.0,16491037955.0,0.0016339092223015869
2021-01-29,17.77,17.98,17.31,17.4,29106763.0,512285859.0,16491037955.0,0.0017650049123302742
2021-02-01,17.03,17.12,16.83,16.98,35979858.0,611073501.0,16491037955.0,0.0021817824989658146
2021-02-02,17.09,17.09,16.85,16.86,26160135.0,442854314.0,16491037955.0,0.0015863243460711566
2021-02-03,16.94,17.08,16.75,16.77,25595977.0,431602062.0,16491037955.0,0.001552114370838582
2021-02-04,16.73,16.77,16.34,16.68,35878931.0,594150363.0,16491037955.0,0.002175662386922206
2021-02-05,16.71,16.73,16.35,16.35,28978995.0,477271395.0,16491037955.0,0.0017572571889699468
2021-02-08,16.39,16.54,16.22,16.42,30502153.0,499856366.0,16491037955.0,0.0018496199622627088
2021-02-09,16.43,16.66,16.3,16.62,25941016.0,427899709.0,16491037955.0,0.0015730371897018655
2021-02-10,16.63,16.8,16.5,16.73,29990217.0,500135562.0,16491037955.0,0.0018185766767280476
2021-02-18,17.1,17.48,17.1,17.42,51077200.0,884921246.0,16491037955.0,0.003097270174222942
2021-02-19,17.4,18.27,17.2,18.11,60639120.0,1080808976.0,16491037955.0,0.003677095411790895
2021-02-22,18.18,19.47,18.18,18.89,90274902.0,1704116615.0,16491037955.0,0.005474179505640463
2021-02-23,18.77,18.77,18.31,18.36,54433518.0,1010211248.0,16491037955.0,0.003300793931136156
2021-02-24,18.46,18.7,18.05,18.13,34922611.0,640019946.0,16491037955.0,0.0021176721013738036
2021-02-25,18.43,18.69,18.29,18.52,35554104.0,657526103.0,16491037955.0,0.002155965203464963
2021-02-26,18.11,18.4,17.6,17.75,50044032.0,897791856.0,16491037955.0,0.0030346199030381166
2021-03-01,17.83,18.0,17.61,17.82,36976546.0,658611373.0,16491037955.0,0.0022422206595424697
2021-03-02,17.8,18.67,17.7,17.98,69453421.0,1259065301.0,16491037955.0,0.004211585783109672
2021-03-03,17.94,18.45,17.84,18.36,45498729.0,830235459.0,16491037955.0,0.002758997288354734
2021-03-04,18.28,18.35,17.93,18.1,40237261.0,728862272.0,16491037955.0,0.002439947146431754
2021-03-05,17.91,18.31,17.9,18.18,42356866.0,766490864.0,16491037955.0,0.002568477867529109
2021-03-08,18.22,18.47,17.97,18.01,29839756.0,542010079.0,16491037955.0,0.0018094528726102857
2021-03-09,17.97,18.66,17.7,18.12,53739531.0,976813271.0,16491037955.0,0.0032587112555705717
2021-03-10,18.15,18.35,17.9,17.97,35084025.0,634561489.0,16491037955.0,0.002127460084424989
2021-03-11,17.95,18.33,17.93,18.28,30671702.0,556344244.0,16491037955.0,0.0018599012435539567
2021-03-12,18.29,19.0,18.07,18.57,55529476.0,1028095548.0,16491037955.0,0.0033672517249384985
2021-03-15,18.45,19.26,18.38,19.2,75052849.0,1427886478.0,16491037955.0,0.004551129480436637
2021-03-16,19.22,19.29,18.8,19.04,37025586.0,704548862.0,16491037955.0,0.0022451943959521377
2021-03-17,18.96,19.02,18.43,18.97,38686969.0,724392491.0,16491037955.0,0.002345938994596171
2021-03-18,18.88,19.2,18.75,18.92,25677968.0,487765261.0,16491037955.0,0.0015570862228362387
2021-03-19,18.7,19.15,18.6,18.7,35584472.0,668647149.0,16491037955.0,0.00215780668852387
2021-03-22,18.66,18.87,18.58,18.71,34232433.0,639912345.0,16491037955.0,0.0020758203997475427
2021-03-23,18.72,18.79,18.04,18.13,39683577.0,724300814.0,16491037955.0,0.0024063723040530713
2021-03-24,18.05,18.07,17.71,17.78,24048494.0,429022635.0,16491037955.0,0.0014582765539453881
2021-03-25,17.77,18.16,17.71,18.1,21143828.0,380152591.0,16491037955.0,0.0012821405212756361
2021-03-26,18.05,18.32,17.94,18.13,20974301.0,380100435.0,16491037955.0,0.0012718605740423207
2021-03-29,19.43,19.94,19.16,19.94,131885339.0,2610904738.0,16491037955.0,0.007997394667326747
2021-03-30,20.0,20.65,19.83,20.39,115828585.0,2344346558.0,16491037955.0,0.007023729210742696
2021-03-31,20.12,20.25,19.81,20.1,51300522.0,1026137287.0,16491037955.0,0.003110812196296349
2021-04-01,20.11,20.16,19.72,19.88,35175082.0,698139729.0,16491037955.0,0.002132981689568854
2021-04-02,19.94,19.99,19.7,19.78,23790025.0,470728578.0,16491037955.0,0.0014426032530467244
2021-04-06,19.8,19.86,19.33,19.5,27857978.0,542686910.0,16491037955.0,0.0016892798425434223
2021-04-07,19.5,19.59,19.32,19.52,29290242.0,570501150.0,16491037955.0,0.0017761308948488197
2021-04-08,19.6,19.76,19.36,19.52,28961327.0,566432110.0,16491037955.0,0.001756185819172108
2021-04-09,19.46,19.73,19.36,19.51,29821749.0,583016922.0,16491037955.0,0.001808360946192486
2021-04-12,19.58,19.68,19.33,19.6,32265765.0,629856319.0,16491037955.0,0.00195656362492436
2021-04-13,19.56,19.63,19.06,19.32,31502594.0,607856999.0,16491037955.0,0.001910285700994859
2021-04-14,19.4,19.57,19.23,19.53,22006921.0,427388777.0,16491037955.0,0.0013344776150568261
2021-04-15,19.55,19.93,19.5,19.77,32720678.0,644375712.0,16491037955.0,0.0019841490929368246
2021-04-16,19.76,20.13,19.66,19.82,32647464.0,649164725.0,16491037955.0,0.0019797094694152624
2021-04-19,19.83,20.05,19.75,19.85,31178664.0,619415297.0,16491037955.0,0.0018906429107178658
2021-04-20,19.75,20.04,19.55,19.89,24596370.0,487070985.0,16491037955.0,0.0014914992050298753
2021-04-21,19.8,19.81,19.57,19.69,17409035.0,342650967.0,16491037955.0,0.0010556664199976367
2021-04-22,19.82,20.02,19.8,19.93,22773439.0,453576978.0,16491037955.0,0.0013809584977090667
2021-04-23,19.85,19.85,19.48,19.55,28762639.0,563330647.0,16491037955.0,0.0017441375781491856
2021-04-26,19.38,19.63,19.2,19.24,45564501.0,883531261.0,16491037955.0,0.0027629856364611103
2021-04-27,19.22,19.28,18.75,19.1,35943390.0,684818660.0,16491037955.0,0.0021795711160256075
2021-04-28,19.12,19.5,19.1,19.5,25362003.0,491265145.0,16491037955.0,0.0015379264221698288
2021-04-29,19.48,19.75,19.18,19.63,29271601.0,568948191.0,16491037955.0,0.0017750005233069636
2021-04-30,19.6,19.6,19.14,19.21,30489810.0,588251041.0,16491037955.0,0.0018488714951235463
2021-05-06,19.35,19.88,19.35,19.79,46977128.0,927098282.0,16491037955.0,0.002848645920783705
2021-05-07,19.86,20.35,19.76,20.02,58591041.0,1177431247.0,16491037955.0,0.003552901955588277
2021-05-10,20.3,20.98,20.15,20.97,76395288.0,1572084556.0,16491037955.0,0.0046325336348423925
2021-05-11,20.57,20.78,19.86,20.53,63113541.0,1281352873.0,16491037955.0,0.003827141819224562
2021-05-12,20.57,21.1,20.57,20.89,47112553.0,984240079.0,16491037955.0,0.00285685795694356
2021-05-13,20.5,20.65,20.06,20.19,37350682.0,757278564.0,16491037955.0,0.0022649078912995563
2021-05-14,20.18,20.38,19.86,19.96,38572771.0,773054007.0,16491037955.0,0.002339014142424245
2021-05-17,20.02,20.35,19.81,20.2,31807778.0,640690777.0,16491037955.0,0.001928791752635318
2021-05-18,20.22,20.54,20.16,20.47,25276300.0,516577483.0,16491037955.0,0.0015327294782155512
2021-05-19,20.48,20.48,20.06,20.3,18116921.0,365942813.0,16491037955.0,0.0010985919169816136
2021-05-20,19.82,19.89,19.31,19.61,47132486.0,923894892.0,16491037955.0,0.002858066674069455
2021-05-21,19.47,19.84,19.47,19.65,18528170.0,364743605.0,16491037955.0,0.0011235296438319308
2021-05-24,19.63,19.79,19.52,19.58,18518008.0,363777362.0,16491037955.0,0.0011229134303450822
2021-05-25,19.6,19.8,19.22,19.76,35941875.0,702224065.0,16491037955.0,0.002179479247945252
2021-05-26,19.74,19.9,19.6,19.83,17961304.0,355514406.0,16491037955.0,0.0010891554581956573
2021-05-27,19.85,20.01,19.77,19.98,29668196.0,590520240.0,16491037955.0,0.0017990496462962024
2021-05-28,20.0,20.14,19.73,19.93,24068949.0,479238894.0,16491037955.0,0.0014595169246276833
2021-05-31,19.94,20.03,19.83,19.98,15979529.0,318603300.0,16491037955.0,0.0009689826100457847
2021-06-01,20.01,20.07,19.58,20.07,25043886.0,497693612.0,16491037955.0,0.0015186361263820158
2021-06-02,20.06,20.19,19.8,20.16,31393292.0,628256152.0,16491037955.0,0.001903657737351924
2021-06-03,20.22,20.7,20.22,20.45,50595699.0,1036831628.0,16491037955.0,0.0030680724365599824
2021-06-04,20.2,20.5,19.98,20.28,28469312.0,574892267.0,16491037955.0,0.001726350523095379
2021-06-07,20.31,20.45,20.1,20.3,21710137.0,439705014.0,16491037955.0,0.001316480930990617
2021-06-08,20.26,20.36,20.08,20.21,19508895.0,394633940.0,16491037955.0,0.0011829998241005201
2021-06-09,20.28,20.73,20.19,20.54,33980693.0,698123848.0,16491037955.0,0.002060555138659251
2021-06-10,20.54,20.66,20.36,20.43,27240794.0,557940916.0,16491037955.0,0.0016518544238593987
2021-06-11,20.51,20.65,20.44,20.58,23989399.0,493311950.0,16491037955.0,0.0014546930924215437
2021-06-15,20.69,20.74,20.12,20.3,27472118.0,559295553.0,16491037955.0,0.0016658816791862753
2021-06-16,20.41,20.71,20.24,20.47,26239502.0,538463197.0,16491037955.0,0.0015911370813408573
2021-06-17,20.47,20.59,20.09,20.32,22963839.0,466838357.0,16491037955.0,0.0013925041627253958
2021-06-18,20.22,20.3,19.58,19.84,40067126.0,796371261.0,16491037955.0,0.0024296303306883026
2021-06-21,19.68,19.68,19.38,19.46,28826933.0,562086739.0,16491037955.0,0.0017480363018180926
2021-06-22,19.48,19.65,19.32,19.42,28671158.0,558502742.0,16491037955.0,0.0017385902620706206
2021-06-23,19.54,19.88,19.44,19.87,32519398.0,640079611.0,16491037955.0,0.0019719436756338482
2021-06-24,19.85,20.25,19.7,19.97,33389574.0,668381160.0,16491037955.0,0.0020247102754303256
2021-06-25,20.08,20.39,20.06,20.32,30506026.0,617805099.0,16491037955.0,0.0018498548170978362
2021-06-28,19.97,19.98,19.62,19.65,33506572.0,660762031.0,16491037955.0,0.0020318049167936682
2021-06-29,19.59,19.65,19.4,19.45,26308241.0,512262519.0,16491037955.0,0.001595305345351138
2021-06-30,19.53,19.7,19.46,19.52,13107400.0,256586157.0,16491037955.0,0.0007948195884192906
2021-07-01,19.54,19.64,19.4,19.42,18021335.0,351479943.0,16491037955.0,0.0010927956778206324
2021-07-02,19.4,19.52,19.24,19.28,21268745.0,410833199.0,16491037955.0,0.0012897153628557033
2021-07-05,19.44,19.96,19.43,19.96,32287748.0,636281207.0,16491037955.0,0.0019578966519939707
2021-07-06,20.0,20.07,19.79,19.92,19290258.0,384208664.0,16491037955.0,0.0011697418957277513
2021-07-07,19.82,19.95,19.75,19.9,17051681.0,338443008.0,16491037955.0,0.001033996831887105
2021-07-08,19.91,19.92,19.41,19.73,27574070.0,542447761.0,16491037955.0,0.0016720639462017416
2021-07-09,19.7,20.0,19.65,19.98,39528212.0,784522724.0,16491037955.0,0.0023969511262943426
2021-07-12,18.13,18.15,17.0,17.62,52101358.0,921907177.0,16491037955.0,0.0031593740880453878
2021-07-13,17.6,17.79,17.56,17.78,22762420.0,403258664.0,16491037955.0,0.0013802903166018454
2021-07-14,17.86,18.17,17.7,17.91,25273917.0,453439312.0,16491037955.0,0.0015325849754858562
2021-07-15,17.88,17.98,17.64,17.91,18177116.0,324372599.0,16491037955.0,0.001102242081402086
2021-07-16,17.98,18.31,17.93,18.08,25362861.0,459718494.0,16491037955.0,0.0015379784504291987
2021-07-19,18.19,18.35,17.91,18.2,27630505.0,501730402.0,16491037955.0,0.0016754861079937404
2021-07-20,18.04,18.05,17.77,17.9,18575985.0,332565033.0,16491037955.0,0.0011264290974703538
2021-07-21,17.95,17.98,17.53,17.63,22196494.0,392073701.0,16491037955.0,0.0013459731316226905
2021-07-22,17.6,17.85,17.6,17.74,14622124.0,259645619.0,16491037955.0,0.0008866709324119071
2021-07-23,17.81,18.14,17.7,17.77,22382249.0,400388156.0,16491037955.0,0.001357237128498259
2021-07-26,17.79,17.79,17.16,17.27,29535763.0,512785167.0,16491037955.0,0.0017910190420151757
2021-07-27,17.31,17.6,17.0,17.03,29515905.0,511423405.0,16491037955.0,0.0017898148728140502
2021-07-28,17.05,17.22,16.7,16.88,24498882.0,413935512.0,16491037955.0,0.0014855876304967245
2021-07-29,17.08,17.1,16.75,16.88,24978738.0,420708271.0,16491037955.0,0.001514685617009727
2021-07-30,16.95,17.18,16.8,17.0,26460500.0,449683429.0,16491037955.0,0.0016045381783853885
2021-08-02,16.86,17.3,16.7,17.24,35496774.0,603137859.0,16491037955.0,0.002152488769770708
2021-08-03,17.19,17.36,17.0,17.26,31087214.0,532864254.0,16491037955.0,0.0018850974744482056
2021-08-04,17.2,17.41,17.11,17.35,23355002.0,403886986.0,16491037955.0,0.0014162238946832865
2021-08-05,17.28,17.53,17.26,17.43,30020829.0,522473825.0,16491037955.0,0.0018204329577022067
2021-08-06,17.4,17.53,17.31,17.52,29651065.0,517256779.0,16491037955.0,0.0017980108396397174
2021-08-09,17.52,17.64,17.29,17.58,27385789.0,479746329.0,16491037955.0,0.0016606467752199167
2021-08-10,17.54,17.79,17.53,17.69,39012643.0,688188141.0,16491037955.0,0.002365687539283818
2021-08-11,17.75,17.98,17.68,17.91,35294579.0,629746296.0,16491037955.0,0.0021402278677855363
2021-08-12,17.9,18.04,17.8,17.89,40458114.0,725140829.0,16491037955.0,0.0024533394508217295
2021-08-13,17.87,18.05,17.82,17.96,24634041.0,441962615.0,16491037955.0,0.0014937835366833948
2021-08-16,18.04,18.27,17.91,17.93,26723076.0,481711401.0,16491037955.0,0.0016204605236444622
2021-08-17,17.81,18.22,17.7,17.78,35840929.0,643692218.0,16491037955.0,0.0021733579837607013
2021-08-18,17.78,17.85,17.39,17.56,38507256.0,675385465.0,16491037955.0,0.002335041378540081
2021-08-19,17.53,17.53,17.25,17.39,25267790.0,438779392.0,16491037955.0,0.0015322134403516386
2021-08-20,17.33,17.49,16.99,17.26,30814658.0,531621884.0,16491037955.0,0.0018685699519997254
2021-08-23,17.46,17.76,17.42,17.68,31790323.0,559844396.0,16491037955.0,0.0019277332989438263
2021-08-24,17.81,17.94,17.71,17.8,29720572.0,529941528.0,16491037955.0,0.001802225674399644
2021-08-25,17.8,18.08,17.73,18.02,32153075.0,576857556.0,16491037955.0,0.0019497302163598107
2021-08-26,18.08,18.5,18.03,18.24,54113986.0,987781270.0,16491037955.0,0.0032814178311676803
2021-08-27,17.97,18.31,17.91,18.16,40028450.0,725790607.0,16491037955.0,0.0024272850568428637
2021-08-30,18.3,19.08,18.1,18.93,81075323.0,1509865612.0,16491037955.0,0.0049163262628607535
2021-08-31,18.79,20.11,18.71,20.0,123233405.0,2411237892.0,16491037955.0,0.007472750068023235
2021-09-01,20.15,20.48,19.26,19.53,99444962.0,1960041412.0,16491037955.0,0.006030242745869661
2021-09-02,19.53,20.45,19.52,20.11,82319007.0,1648484219.0,16491037955.0,0.004991742013124243
2021-09-03,19.89,20.14,19.67,19.97,58237252.0,1159561573.0,16491037955.0,0.0035314485455018164
2021-09-06,20.26,21.05,20.26,20.77,73785009.0,1529647474.0,16491037955.0,0.004474248934563198
2021-09-07,21.0,21.5,20.62,21.28,74591938.0,1574463946.0,16491037955.0,0.004523180299720558
2021-09-08,21.03,22.03,20.99,21.81,86935445.0,1879591674.0,16491037955.0,0.0052716781828545615
2021-09-09,22.0,23.99,21.42,23.99,178792256.0,4183350407.0,16491037955.0,0.010841783063496684
2021-09-10,23.51,23.57,22.21,22.4,136033535.0,3094784284.0,16491037955.0,0.008248937111854461
2021-09-13,22.6,24.18,22.58,23.95,106855565.0,2514248576.0,16491037955.0,0.006479614278469472
2021-09-14,23.28,23.81,22.71,23.16,77901367.0,1808140376.0,16491037955.0,0.00472386075470651
2021-09-15,23.28,23.39,22.55,22.87,56724363.0,1300654338.0,16491037955.0,0.003439708474068575
2021-09-16,23.39,24.45,22.82,23.16,84838974.0,1997873905.0,16491037955.0,0.005144550284312289
2021-09-17,22.58,23.2,21.02,21.62,102426331.0,2243422424.0,16491037955.0,0.00621102997152128
2021-09-22,21.45,23.78,21.4,23.78,102174819.0,2337896002.0,16491037955.0,0.00619577853612429
2021-09-23,24.2,24.3,22.51,23.43,106974731.0,2490806319.0,16491037955.0,0.006486840385178169
2021-09-24,22.92,22.93,21.82,21.9,77520884.0,1724516422.0,16491037955.0,0.0047007886472358795
2021-09-27,22.36,22.5,21.65,21.93,56386595.0,1242930978.0,16491037955.0,0.003419226561352002
2021-09-28,22.25,23.04,21.7,22.81,79780407.0,1799767898.0,16491037955.0,0.004837803855506317
2021-09-29,23.0,23.35,21.86,22.17,63154613.0,1419544793.0,16491037955.0,0.0038296323841066557
2021-09-30,22.22,23.05,22.01,22.66,65156865.0,1468886602.0,16491037955.0,0.003951046936996756
2021-10-08,23.11,23.13,21.4,21.4,99774338.0,2185918787.0,16491037955.0,0.00605021577612396
2021-10-11,21.79,22.6,21.74,22.42,71770093.0,1596779552.0,16491037955.0,0.0043520664494159185
2021-10-12,22.67,23.51,21.62,22.24,66975164.0,1497801286.0,16491037955.0,0.004061306764483764
2021-10-13,22.28,22.28,20.88,21.52,58948735.0,1263453176.0,16491037955.0,0.0035745921609577668
2021-10-14,21.15,21.48,20.83,21.19,37505755.0,794838988.0,16491037955.0,0.0022743113624711805
2021-10-15,21.28,22.06,21.03,21.96,61117766.0,1325449193.0,16491037955.0,0.003706120025117606
2021-10-18,21.93,23.84,21.83,23.59,105067949.0,2438366302.0,16491037955.0,0.006371215037325405
2021-10-19,23.53,24.07,23.19,23.46,65825875.0,1560134647.0,16491037955.0,0.003991615032335907
2021-10-20,21.5,22.18,21.5,21.97,86179592.0,1879335888.0,16491037955.0,0.005225844015104627
2021-10-21,21.99,23.45,21.97,23.06,71721749.0,1645654579.0,16491037955.0,0.004349134917748117
2021-10-22,22.77,23.08,21.58,21.63,99557241.0,2199121672.0,16491037955.0,0.00603705123180647
2021-10-25,21.68,22.82,21.51,22.35,65731766.0,1467316516.0,16491037955.0,0.003985908356973399
2021-10-26,22.6,22.66,21.72,21.86,48346882.0,1063512724.0,16491037955.0,0.0029317064293907266
2021-10-27,21.5,21.73,20.79,20.98,64326665.0,1363540403.0,16491037955.0,0.0039007044417417327
2021-10-28,20.39,20.5,19.26,20.15,112368216.0,2219418360.0,16491037955.0,0.006813895905559451
2021-10-29,19.96,20.22,19.51,19.89,47283703.0,938483135.0,16491037955.0,0.0028672363212689
2021-11-01,19.75,20.24,19.66,20.09,38826417.0,776856486.0,16491037955.0,0.0023543949814406936
2021-11-02,20.1,20.45,19.26,19.6,53498098.0,1051707473.0,16491037955.0,0.003244071000623684
2021-11-03,19.72,20.22,19.52,20.1,50835613.0,1014600131.0,16491037955.0,0.0030826205808705265
2021-11-04,19.83,20.19,19.72,20.14,35929957.0,718501497.0,16491037955.0,0.002178756552379786
2021-11-05,20.03,20.03,19.5,19.5,32836818.0,645610276.0,16491037955.0,0.0019911917060407977
2021-11-08,19.75,19.95,19.48,19.79,28792477.0,569066161.0,16491037955.0,0.0017459469245397173
2021-11-09,19.7,19.85,19.41,19.45,28602940.0,559371699.0,16491037955.0,0.0017344535909777426
2021-11-10,19.42,19.42,18.57,19.08,53741439.0,1013282435.0,16491037955.0,0.0032588269547767224
2021-11-11,19.02,19.28,18.91,19.23,28700137.0,548720885.0,16491037955.0,0.0017403475195627855
2021-11-12,19.14,19.3,19.02,19.12,23639764.0,452885878.0,16491037955.0,0.0014334915767283492
2021-11-15,19.1,19.29,18.9,19.13,22445834.0,428679245.0,16491037955.0,0.0013610928591183391
2021-11-16,19.13,19.24,18.86,18.95,16417994.0,312872026.0,16491037955.0,0.0009955706878366712
2021-11-17,18.97,19.21,18.83,19.03,22801272.0,434127924.0,16491037955.0,0.0013826462629107448
2021-11-18,19.17,19.28,18.97,19.1,24369809.0,466417693.0,16491037955.0,0.0014777607732453977
2021-11-19,19.09,19.43,18.95,19.34,23533166.0,453247591.0,16491037955.0,0.0014270275809331252
2021-11-22,19.48,19.6,19.18,19.37,23022746.0,445842113.0,16491037955.0,0.0013960762241178165
2021-11-23,19.36,19.83,18.98,19.58,33013123.0,645023277.0,16491037955.0,0.002001882664395335
2021-11-24,19.64,20.2,19.6,20.16,35671366.0,714224129.0,16491037955.0,0.0021630758535234962
2021-11-25,20.27,20.44,19.97,20.31,28994841.0,587481454.0,16491037955.0,0.0017582180745153708
2021-11-26,20.06,20.07,19.66,19.72,19773223.0,391410150.0,16491037955.0,0.001199028408882223
2021-11-29,19.42,19.6,19.29,19.57,20842080.0,404967232.0,16491037955.0,0.001263842825228644
2021-11-30,19.6,19.8,19.4,19.54,20400779.0,399356818.0,16491037955.0,0.0012370827752424514
2021-12-01,19.5,20.15,19.43,20.1,26670374.0,531024234.0,16491037955.0,0.00161726472722802
2021-12-02,20.02,20.72,20.01,20.68,49085191.0,1004561144.0,16491037955.0,0.002976476746578442
2021-12-03,20.45,22.66,20.26,22.6,97376698.0,2136248883.0,16491037955.0,0.0059048252915139205
2021-12-06,22.33,23.26,22.04,22.19,61627567.0,1390740734.0,16491037955.0,0.0037370338463938125
2021-12-07,22.4,22.44,21.71,22.08,35076181.0,773593726.0,16491037955.0,0.002126984432133035
2021-12-08,22.09,22.24,21.34,21.75,51554222.0,1115546878.0,16491037955.0,0.003126196309818632
2021-12-09,21.73,22.18,21.62,21.8,36198510.0,793866820.0,16491037955.0,0.0021950413369235377
2021-12-10,21.8,22.14,21.6,21.7,30483836.0,665477503.0,16491037955.0,0.0018485092377558596
2021-12-13,21.9,22.4,21.71,21.8,38994746.0,855032405.0,16491037955.0,0.0023646022831556816
2021-12-14,21.62,21.74,21.1,21.24,40316322.0,857195922.0,16491037955.0,0.002444741326168393
2021-12-15,21.27,21.52,21.08,21.37,22852813.0,487708017.0,16491037955.0,0.0013857716574517459
2021-12-16,21.65,23.36,21.55,22.85,81957235.0,1852157642.0,16491037955.0,0.004969804521925254
2021-12-17,22.76,22.76,21.9,22.03,51095037.0,1134731041.0,16491037955.0,0.0030983517920112626
2021-12-20,21.92,22.25,21.6,21.76,31281400.0,683384404.0,16491037955.0,0.0018968727187069288
2021-12-21,21.8,22.55,21.61,22.2,26233762.0,581605896.0,16491037955.0,0.0015907890134984532
2021-12-22,22.15,22.27,21.85,22.11,28139682.0,620795592.0,16491037955.0,0.001706362090535859
2021-12-23,22.0,22.78,21.97,22.67,28340712.0,637354045.0,16491037955.0,0.0017185523480896022
2021-12-24,22.6,22.72,22.32,22.46,24052277.0,542258847.0,16491037955.0,0.0014585059512707912
2021-12-27,22.57,23.27,22.42,22.8,28412166.0,651963413.0,16491037955.0,0.00172288524697656
2021-12-28,23.08,23.1,21.97,22.28,34084210.0,757059773.0,16491037955.0,0.00206683230570492
2021-12-29,22.33,22.65,22.18,22.28,19824506.0,444051299.0,16491037955.0,0.0012021381585620152
2021-12-30,22.11,22.42,21.91,21.94,22086075.0,486560404.0,16491037955.0,0.0013392774342201798
2021-12-31,22.0,22.92,22.0,22.52,39656330.0,895653046.0,16491037955.0,0.002404720073303597
2022-01-04,23.0,23.45,22.3,22.73,50985807.0,1161711704.0,16491037955.0,0.003091728194376107
2022-01-05,22.56,22.85,22.36,22.4,34774505.0,783514479.0,16491037955.0,0.002108691102093822
2022-01-06,22.4,22.51,22.18,22.22,23767199.0,530733862.0,16491037955.0,0.0014412191073026974
2022-01-07,22.25,22.7,22.19,22.51,30229815.0,679554036.0,16491037955.0,0.0018331056591155605
2022-01-10,22.5,22.84,22.41,22.78,31602365.0,715831501.0,16491037955.0,0.001916335714358011
2022-01-11,22.6,22.8,22.31,22.7,22117080.0,499923090.0,16491037955.0,0.001341157546320134
2022-01-12,22.75,22.88,22.3,22.83,26981827.0,610934453.0,16491037955.0,0.0016361509247402614
2022-01-13,22.9,23.51,22.81,23.19,39433087.0,917740183.0,16491037955.0,0.002391182841710948
2022-01-14,23.1,23.1,22.43,22.52,27501596.0,621310129.0,16491037955.0,0.0016676691955379106
2022-01-17,22.61,22.72,22.36,22.39,16686901.0,375583138.0,16491037955.0,0.0010118769385853372
2022-01-18,22.39,23.43,22.3,23.34,37962180.0,872344559.0,16491037955.0,0.0023019885166470104
2022-01-19,23.35,23.89,23.27,23.51,34429847.0,810791622.0,16491037955.0,0.0020877913866883704
2022-01-20,23.37,23.99,23.32,23.88,31388289.0,748429410.0,16491037955.0,0.0019033543604502607
2022-01-21,24.0,24.28,23.43,24.01,34515808.0,824951529.0,16491037955.0,0.0020930039755038573
2022-01-24,24.01,24.57,23.6,24.12,29384647.0,707766637.0,16491037955.0,0.0017818555193544214
2022-01-25,23.94,24.1,23.38,23.4,28943810.0,684720548.0,16491037955.0,0.0017551236058628062
2022-01-26,23.4,23.59,22.84,23.17,31248056.0,724579705.0,16491037955.0,0.0018948507719931448
2022-01-27,23.19,23.96,23.02,23.48,36012641.0,850012419.0,16491037955.0,0.0021837704272023185
2022-01-28,23.26,23.69,22.5,22.54,38316958.0,876366235.0,16491037955.0,0.002323501898701439
2022-02-07,23.09,23.87,22.73,23.51,40361893.0,942552425.0,16491037955.0,0.002447504705897695
2022-02-08,24.0,25.11,23.56,24.96,79674621.0,1950529864.0,16491037955.0,0.004831389098576603
2022-02-09,24.98,25.01,24.2,24.44,49371483.0,1215549197.0,16491037955.0,0.002993837206288814
2022-02-10,24.07,25.73,23.68,25.6,63233985.0,1572204002.0,16491037955.0,0.0038344454225713413
2022-02-11,25.36,26.79,25.06,26.11,72475420.0,1890513855.0,16491037955.0,0.00439483677120674
2022-02-14,26.06,26.35,25.56,25.77,32563232.0,843883327.0,16491037955.0,0.001974601725425475
2022-02-15,25.53,25.54,24.8,25.1,32878087.0,823307536.0,16491037955.0,0.001993694216805288
2022-02-16,25.1,25.69,24.98,25.19,23362048.0,590504857.0,16491037955.0,0.001416651157055687
2022-02-17,25.0,25.66,24.92,25.31,26035444.0,659762952.0,16491037955.0,0.0015787632089043968
2022-02-18,25.28,26.1,25.18,25.79,40977989.0,1053350158.0,16491037955.0,0.002484864149353054
2022-02-21,25.98,26.55,25.58,26.41,40331357.0,1052582414.0,16491037955.0,0.002445653033487303
2022-02-22,26.18,26.88,26.06,26.6,38294060.0,1010654079.0,16491037955.0,0.002322113386949633
2022-02-23,26.48,26.49,25.3,25.51,45522430.0,1168213678.0,16491037955.0,0.002760434493221079
2022-02-24,25.55,25.91,25.0,25.5,41286990.0,1052016543.0,16491037955.0,0.002503601660044812
2022-02-25,25.26,25.66,23.9,24.57,64606599.0,1597612382.0,16491037955.0,0.003917679358709595
2022-02-28,24.5,25.38,24.47,25.24,47376739.0,1189630548.0,16491037955.0,0.002872877930987698
2022-03-01,25.36,26.28,25.06,26.05,40844419.0,1048989336.0,16491037955.0,0.0024767645985325124
2022-03-02,26.3,26.44,25.8,26.3,32076958.0,840310293.0,16491037955.0,0.0019451145578301473
2022-03-03,26.36,27.16,26.33,26.97,45965982.0,1237108001.0,16491037955.0,0.002787331041589371
2022-03-04,26.8,27.78,26.4,27.22,43860064.0,1191403247.0,16491037955.0,0.0026596302864430586
2022-03-07,27.8,27.89,26.85,27.05,42014994.0,1146330394.0,16491037955.0,0.002547747092369117
2022-03-08,26.7,27.24,25.7,25.86,65464410.0,1719367936.0,16491037955.0,0.0039696961573089775
2022-03-09,26.14,27.61,25.71,26.92,61837061.0,1656967421.0,16491037955.0,0.003749737352417609
2022-03-10,26.4,27.5,25.75,26.57,59659041.0,1589979821.0,16491037955.0,0.003617664404314325
2022-03-11,26.67,27.38,25.71,26.9,49539498.0,1327325068.0,16491037955.0,0.0030040254673587645
2022-03-14,26.3,27.56,26.1,26.2,47578426.0,1273140253.0,16491037955.0,0.002885108028362427
2022-03-15,26.0,26.02,24.1,24.13,84469645.0,2079574039.0,16491037955.0,0.005122154544213466
2022-03-16,24.55,25.12,23.33,24.8,52763785.0,1279233136.0,16491037955.0,0.003199542996867719
2022-03-17,25.0,25.08,23.5,24.37,72663713.0,1760950440.0,16491037955.0,0.004406254669856528
2022-03-18,24.15,25.42,24.12,25.03,56182171.0,1404722889.0,16491037955.0,0.003406830495042663
2022-03-21,25.18,26.64,25.18,26.1,47672902.0,1240331574.0,16491037955.0,0.002890836958236811
2022-03-22,25.97,27.02,25.92,26.88,46614370.0,1243834936.0,16491037955.0,0.0028266486395337386
2022-03-23,26.99,26.99,26.01,26.55,31242349.0,826638775.0,16491037955.0,0.0018945047052376395
2022-03-24,26.89,27.53,26.75,27.2,34779498.0,944498148.0,16491037955.0,0.002108993872605516
2022-03-25,26.92,27.8,26.74,27.18,36868694.0,1002503815.0,16491037955.0,0.0022356806224450897
2022-03-28,28.01,29.46,28.01,29.22,76013301.0,2193528708.0,16491037955.0,0.004609370326320372
2022-03-29,29.0,30.24,28.77,30.08,66209302.0,1961835230.0,16491037955.0,0.004014865661013512
2022-03-30,29.7,30.02,28.62,29.03,59382891.0,1729837449.0,16491037955.0,0.0036009189453108624
2022-03-31,29.15,29.79,28.7,29.77,45486734.0,1334963105.0,16491037955.0,0.002758269923586505
2022-04-01,29.3,29.96,29.02,29.53,35828815.0,1054770029.0,16491037955.0,0.0021726234029518367
2022-04-06,29.17,29.32,28.39,29.2,36369355.0,1052349102.0,16491037955.0,0.0022054012063548126
2022-04-07,29.1,30.13,28.89,29.78,37630689.0,1118962877.0,16491037955.0,0.0022818872349141955
2022-04-08,30.02,30.68,29.8,30.57,44137015.0,1338815285.0,16491037955.0,0.002676424317283066
2022-04-11,30.15,31.8,30.08,31.3,58510371.0,1825376314.0,16491037955.0,0.0035480102077055705
2022-04-12,31.6,32.12,30.6,30.95,46406297.0,1450593257.0,16491037955.0,0.0028140313015245864
2022-04-13,30.96,32.0,30.96,31.99,40371084.0,1277764937.0,16491037955.0,0.00244806203891852
2022-04-14,31.83,32.45,31.51,32.28,37298204.0,1196920747.0,16491037955.0,0.002261725678018428
2022-04-15,32.4,32.98,30.77,31.03,52501749.0,1663234212.0,16491037955.0,0.00318365339666699
2022-04-18,30.1,31.48,29.77,29.97,65277466.0,1981044692.0,16491037955.0,0.003958360060666054
2022-04-19,30.14,31.05,29.61,30.8,42782679.0,1308560773.0,16491037955.0,0.00259429874073078
2022-04-20,30.5,30.58,29.36,29.56,43878681.0,1311460180.0,16491037955.0,0.0026607592026489883
2022-04-21,29.8,30.1,29.07,29.22,35274576.0,1041494495.0,16491037955.0,0.0021390149059298553
2022-04-22,28.78,30.19,28.68,29.69,33404601.0,990100756.0,16491037955.0,0.00202562149763726
2022-04-25,29.03,29.61,28.09,28.7,49790890.0,1436600658.0,16491037955.0,0.003019269626076123
2022-04-26,28.8,28.99,27.72,28.47,36749040.0,1043327396.0,16491037955.0,0.002228424923905889
2022-04-27,28.32,29.2,28.03,28.97,41254995.0,1182707913.0,16491037955.0,0.0025016615153378927
2022-04-28,30.01,31.44,29.96,31.21,67198413.0,2064170122.0,16491037955.0,0.004074844359910395
2022-04-29,31.21,31.22,30.1,30.78,48623835.0,1486846257.0,16491037955.0,0.0029485005815087276
2022-05-05,31.1,31.3,30.42,30.63,36480989.0,1120504306.0,16491037955.0,0.0022121705801385985
2022-05-06,30.25,31.26,30.02,30.24,38208447.0,1171597024.0,16491037955.0,0.0023169219005050794
2022-05-09,29.9,29.91,28.9,29.61,32409438.0,954369048.0,16491037955.0,0.0019652758115309304
2022-05-10,28.94,28.94,28.01,28.68,44858916.0,1277285636.0,16491037955.0,0.0027201996698090797
2022-05-11,28.59,29.24,28.5,29.24,36439078.0,1053111910.0,16491037955.0,0.0022096291391380768
2022-05-12,29.28,29.48,28.43,28.64,27168628.0,784306124.0,16491037955.0,0.0016474783500066233
2022-05-13,28.76,30.8,28.72,30.8,56798100.0,1709283982.0,16491037955.0,0.003444179811785534
2022-05-16,30.8,31.14,30.32,31.0,38260536.0,1181700707.0,16491037955.0,0.0023200805252164007
2022-05-17,31.14,31.86,30.86,31.43,32182145.0,1007971962.0,16491037955.0,0.0019514929920006966
2022-05-18,31.22,31.55,30.91,31.16,32337381.0,1009724360.0,16491037955.0,0.001960906347328821
2022-05-19,30.8,31.18,30.1,30.97,32172142.0,989426398.0,16491037955.0,0.0019508864201143608
2022-05-20,31.2,32.58,31.04,32.35,41902772.0,1340844330.0,16491037955.0,0.0025409420628551335
2022-05-23,32.55,33.08,32.07,32.48,36165864.0,1178521706.0,16491037955.0,0.002193061716229614
2022-05-24,32.44,33.14,32.24,32.51,32679661.0,1070922689.0,16491037955.0,0.001981661863199562
2022-05-25,32.62,33.34,32.44,33.13,28694037.0,945319911.0,16491037955.0,0.001739977621681485
2022-05-26,33.3,33.58,32.88,33.33,28118224.0,933445851.0,16491037955.0,0.0017050608989396387
2022-05-27,33.36,34.49,33.05,34.49,43550258.0,1476582187.0,16491037955.0,0.002640843961358768
2022-05-30,34.59,34.69,33.43,33.96,34095981.0,1154029333.0,16491037955.0,0.002067546087337836
2022-05-31,33.86,34.05,33.19,33.96,40020265.0,1341272815.0,16491037955.0,0.002426788726652955
2022-06-01,33.51,33.87,33.1,33.79,37256638.0,1248521423.0,16491037955.0,0.0022592051574718483
2022-06-02,33.5,33.8,32.94,33.19,32951407.0,1094322313.0,16491037955.0,0.0019981402680605254
2022-06-06,33.48,34.11,33.05,34.03,32655113.0,1098876827.0,16491037955.0,0.001980173297102814
2022-06-07,33.76,34.39,33.15,33.7,33080706.0,1113629592.0,16491037955.0,0.0020059808297251598
2022-06-08,33.99,35.21,33.78,35.19,37737915.0,1303815902.0,16491037955.0,0.0022883893119994944
2022-06-09,34.92,35.53,34.5,34.83,32478707.0,1133260058.0,16491037955.0,0.0019694762142095862
2022-06-10,34.4,35.08,34.24,34.81,35500112.0,1229439627.0,16491037955.0,0.002152691182742475
2022-06-13,34.35,34.74,33.21,33.73,45545652.0,1538402379.0,16491037955.0,0.0027618426520078917
2022-06-14,33.4,34.53,33.35,34.51,31552707.0,1077867306.0,16491037955.0,0.0019133245030482377
2022-06-15,34.41,34.66,33.7,33.7,35607938.0,1213322043.0,16491037955.0,0.0021592296432259347
2022-06-16,33.71,33.9,32.24,32.4,53052104.0,1732165098.0,16491037955.0,0.0032170263718248777
2022-06-17,32.23,32.95,32.13,32.56,36093189.0,1174105898.0,16491037955.0,0.002188654777127399
2022-06-20,32.0,32.01,30.82,31.04,64220755.0,2001763701.0,16491037955.0,0.0038942821655763996
2022-06-21,31.0,31.55,30.96,31.18,38411711.0,1199250098.0,16491037955.0,0.002329247625577974
2022-06-22,31.38,31.55,30.6,30.73,41455534.0,1285741857.0,16491037955.0,0.0025138219991441405
2022-06-23,30.75,31.49,30.31,31.36,32379013.0,1004547071.0,16491037955.0,0.001963430870049198
2022-06-24,31.36,31.7,30.79,31.2,37964914.0,1182393259.0,16491037955.0,0.0023021543036646293
2022-06-27,31.28,32.65,31.24,32.42,43813695.0,1414532633.0,16491037955.0,0.0026568185167942025
2022-06-28,32.68,33.12,32.35,32.84,32117654.0,1049070270.0,16491037955.0,0.0019475823224493938
2022-06-29,32.79,33.57,32.7,32.97,31598376.0,1046989760.0,16491037955.0,0.0019160938253992394
2022-06-30,32.72,33.49,32.55,33.3,30479581.0,1012811156.0,16491037955.0,0.0018482512188239034
2022-07-01,33.01,33.3,32.1,33.12,29325242.0,958944778.0,16491037955.0,0.0017782532597415274
2022-07-04,33.26,33.69,32.76,33.4,36074196.0,1199667235.0,16491037955.0,0.0021875030606586217
2022-07-05,33.68,34.4,33.5,34.4,44298510.0,1505811588.0,16491037955.0,0.002686217212093003
2022-07-06,33.81,33.82,32.08,32.35,43583573.0,1424990482.0,16491037955.0,0.002642864149541641
2022-07-07,32.35,33.38,31.92,33.2,34521144.0,1132948485.0,16491037955.0,0.0020933275451915
2022-07-08,33.72,33.97,33.24,33.45,40363469.0,1353716198.0,16491037955.0,0.0024476002729568636
2022-07-11,30.0,30.05,28.88,29.0,52125000.0,1528664888.0,16491037955.0,0.0031608077152109133
2022-07-12,29.01,29.77,28.9,29.73,28164117.0,829794485.0,16491037955.0,0.0017078438044259537
2022-07-13,29.2,29.53,28.83,29.37,19786489.0,579093948.0,16491037955.0,0.0011998328458155561
2022-07-14,29.47,29.97,29.37,29.57,16073583.0,475647899.0,16491037955.0,0.0009746859502634624
2022-07-15,29.84,31.05,29.64,29.75,40286865.0,1223759438.0,16491037955.0,0.002442955083235693
2022-07-18,29.9,30.6,29.9,30.53,25986970.0,788326906.0,16491037955.0,0.0015758237941669937
2022-07-19,30.6,30.61,29.74,30.09,21226928.0,637570710.0,16491037955.0,0.0012871796219208933
2022-07-20,30.23,30.29,29.7,29.75,18485710.0,552748195.0,16491037955.0,0.0011209549120220917
2022-07-21,29.55,29.59,28.06,28.09,48850897.0,1394664219.0,16491037955.0,0.0029622693934306696
2022-07-22,28.0,28.62,27.95,28.34,21961092.0,621838449.0,16491037955.0,0.0013316985904663148
2022-07-25,28.3,28.73,28.21,28.6,16216324.0,462414811.0,16491037955.0,0.0009833416213248902
2022-07-26,28.69,29.34,28.5,29.05,19133633.0,555406577.0,16491037955.0,0.001160244312832885
2022-07-27,29.05,29.24,28.72,28.83,17467233.0,504469332.0,16491037955.0,0.001059195488341231
2022-07-28,29.08,29.14,28.53,28.74,21247902.0,611873654.0,16491037955.0,0.0012884514642425974
2022-07-29,28.81,29.06,28.08,28.1,28560474.0,811162010.0,16491037955.0,0.0017318784953339222
2022-08-01,28.11,28.58,27.76,28.44,24456765.0,689876441.0,16491037955.0,0.001483033697862834
2022-08-02,28.0,28.34,27.7,27.97,25050350.0,701155455.0,16491037955.0,0.0015190280968582005
2022-08-03,28.15,28.2,27.52,27.62,23628359.0,656159301.0,16491037955.0,0.0014327999889683111
2022-08-04,27.58,27.74,27.2,27.61,22517120.0,618292839.0,16491037955.0,0.0013654155706538122
2022-08-05,27.61,27.95,26.67,27.29,31416105.0,850562261.0,16491037955.0,0.0019050410947889908
2022-08-08,27.03,27.96,26.95,27.89,21959243.0,606752010.0,16491037955.0,0.001331586468960983
2022-08-09,27.9,28.85,27.9,28.49,25643126.0,731444567.0,16491037955.0,0.0015549734389050467
2022-08-10,28.49,28.8,27.93,28.35,20526573.0,581094791.0,16491037955.0,0.00124471079722283
2022-08-11,28.67,28.68,28.08,28.45,16706661.0,475593249.0,16491037955.0,0.001013075165164763
2022-08-12,28.55,29.0,28.5,28.94,21349382.0,615751680.0,16491037955.0,0.0012946051096515106
2022-08-15,28.96,29.73,28.7,29.22,25860470.0,759098492.0,16491037955.0,0.0015681529610547791
2022-08-16,29.09,29.39,28.82,29.19,15599097.0,455139738.0,16491037955.0,0.0009459135951639983
2022-08-17,29.2,29.32,28.88,29.06,15342714.0,446531553.0,16491037955.0,0.0009303667872129399
2022-08-18,29.11,29.38,28.6,28.98,17822903.0,516171988.0,16491037955.0,0.0010807629603809253
2022-08-19,28.85,29.89,28.85,29.7,26248089.0,774625878.0,16491037955.0,0.001591657788407534
2022-08-22,29.76,30.4,29.76,30.15,33346067.0,1004446702.0,16491037955.0,0.002022072054590696
2022-08-23,30.15,30.93,29.78,30.56,33069488.0,1005645963.0,16491037955.0,0.0020053005814575486
2022-08-24,30.6,31.19,30.29,30.84,37314606.0,1148435500.0,16491037955.0,0.0022627202788461473
2022-08-25,30.71,32.38,30.65,32.38,61355637.0,1958084166.0,16491037955.0,0.0037205442839574132
2022-08-26,32.0,32.0,31.09,31.26,51158356.0,1605980824.0,16491037955.0,0.0031021913926581584
2022-08-29,30.87,31.96,30.5,31.88,39670612.0,1241970327.0,16491037955.0,0.0024055861194578155
2022-08-30,31.8,31.83,30.37,30.52,38056495.0,1169380371.0,16491037955.0,0.002307707683642888
2022-08-31,30.4,30.77,30.0,30.34,29669415.0,901289488.0,16491037955.0,0.0017991235652334656
2022-09-01,30.22,31.59,30.01,31.11,33909814.0,1057407583.0,16491037955.0,0.002056257107195531
2022-09-02,31.08,31.25,30.51,30.66,23842884.0,734539586.0,16491037955.0,0.0014458085697856852
2022-09-05,31.2,32.75,30.9,32.56,49412806.0,1589086986.0,16491037955.0,0.0029963429915591385
2022-09-06,32.56,33.21,32.26,32.88,37147791.0,1219041678.0,16491037955.0,0.0022526047845725186
2022-09-07,32.6,32.97,32.5,32.61,21517067.0,702964295.0,16491037955.0,0.0013047733598524726
2022-09-08,32.23,32.7,31.86,32.3,23075246.0,745630424.0,16491037955.0,0.001399259771456878
2022-09-09,32.69,32.95,32.21,32.73,27954869.0,913802861.0,16491037955.0,0.0016951552155954031
2022-09-13,32.52,32.65,31.78,32.45,25807136.0,830971585.0,16491037955.0,0.0015649188407922743
2022-09-14,32.1,32.77,32.07,32.35,15958694.0,517511444.0,16491037955.0,0.0009677191965446544
2022-09-15,32.68,33.35,31.89,32.39,29603654.0,963076572.0,16491037955.0,0.0017951358841560559
2022-09-16,32.12,32.32,30.95,30.96,40103775.0,1261172804.0,16491037955.0,0.002431852689286955
2022-09-19,31.07,31.87,31.07,31.5,22325952.0,704618158.0,16491037955.0,0.0013538233348878372
2022-09-20,31.71,31.84,31.18,31.35,12936465.0,406756996.0,16491037955.0,0.0007844542614782916
2022-09-21,31.34,31.6,31.0,31.18,17067729.0,534633468.0,16491037955.0,0.0010349699665099098
2022-09-22,30.92,32.1,30.88,31.99,21555151.0,681126727.0,16491037955.0,0.0013070827354117263
2022-09-23,31.98,32.25,31.1,31.18,16300337.0,513935621.0,16491037955.0,0.0009884360853743483
2022-09-26,30.65,31.55,30.3,30.36,25859338.0,798426136.0,16491037955.0,0.0015680843177102494
2022-09-27,30.9,30.97,29.6,30.4,22421626.0,676131776.0,16491037955.0,0.0013596249102805489
2022-09-28,30.38,31.0,30.34,30.64,20564231.0,630473879.0,16491037955.0,0.0012469943405693895
2022-09-29,31.09,32.0,30.75,31.41,26750483.0,843504419.0,16491037955.0,0.001622122456633446
2022-09-30,31.6,31.92,31.1,31.64,21942608.0,692275305.0,16491037955.0,0.0013305777392469775
2022-10-10,31.99,32.42,31.88,31.98,26433682.0,850693679.0,16491037955.0,0.0016029119617655989
2022-10-11,32.0,32.3,31.37,31.61,15504642.0,490718721.0,16491037955.0,0.0009401859387085499
2022-10-12,31.5,32.0,31.2,31.93,16565241.0,523551980.0,16491037955.0,0.0010044995982182857
2022-10-13,31.88,32.09,30.82,31.07,19211955.0,598524773.0,16491037955.0,0.001164993680350789
2022-10-14,31.34,32.09,31.2,31.54,21600172.0,683002678.0,16491037955.0,0.0013098127636927144
2022-10-17,31.34,31.75,30.48,31.18,20769429.0,643478401.0,16491037955.0,0.0012594373414623555
2022-10-18,31.22,31.85,30.88,30.99,20398865.0,637749524.0,16491037955.0,0.0012369667122023188
2022-10-19,30.83,31.47,30.73,31.04,19586309.0,610128250.0,16491037955.0,0.0011876941314092075
2022-10-20,31.11,31.16,30.35,30.45,22747372.0,698891090.0,16491037955.0,0.0013793778209759751
2022-10-21,30.46,31.3,30.44,30.82,18185520.0,561807597.0,16491037955.0,0.0011027516915323235
2022-10-24,30.7,31.15,29.75,29.85,28843461.0,871060037.0,16491037955.0,0.001749038543159426
2022-10-25,30.22,30.23,29.61,29.83,20767384.0,620769775.0,16491037955.0,0.0012593133347136244
2022-10-26,29.71,30.04,28.8,29.01,34167643.0,999802451.0,16491037955.0,0.0020718915991361562
2022-10-27,29.05,29.66,29.05,29.33,25014444.0,735684891.0,16491037955.0,0.0015168507930342703
2022-10-28,29.3,30.05,29.15,29.36,30370106.0,897711109.0,16491037955.0,0.0018416127646344988
2022-10-31,29.51,30.62,27.95,28.03,61252911.0,1777878568.0,16491037955.0,0.0037143150823583195
2022-11-01,28.21,28.63,27.57,28.42,43554495.0,1223282951.0,16491037955.0,0.0026411008887887795
2022-11-02,28.31,29.35,28.01,29.15,26856711.0,773400649.0,16491037955.0,0.0016285640159998042
2022-11-03,29.15,29.46,28.74,28.83,17983436.0,521749366.0,16491037955.0,0.0010904975204758117
2022-11-04,28.8,30.15,28.77,29.74,23132214.0,686842309.0,16491037955.0,0.0014027142538342427
2022-11-07,29.8,30.69,29.62,30.17,30393043.0,918413242.0,16491037955.0,0.0018430036413071855
2022-11-08,30.28,30.6,29.77,29.91,18333859.0,551676842.0,16491037955.0,0.0011117468196985907
2022-11-09,29.85,30.08,29.3,29.41,15847247.0,468234070.0,16491037955.0,0.000960961162253295
2022-11-10,29.11,29.59,28.18,29.45,28802635.0,830689666.0,16491037955.0,0.001746562895470578
2022-11-11,29.85,29.99,29.36,29.85,30361707.0,903632610.0,16491037955.0,0.0018411034576992459
2022-11-14,29.95,30.23,28.41,28.6,52227067.0,1513353155.0,16491037955.0,0.003166996955711027
2022-11-15,28.5,28.78,28.1,28.59,27012936.0,770089819.0,16491037955.0,0.0016380373432958969
2022-11-16,28.75,29.14,28.5,28.84,30808667.0,888083190.0,16491037955.0,0.0018682066637690908
2022-11-17,28.67,28.7,28.13,28.24,29236804.0,828059172.0,16491037955.0,0.0017728904681306337
2022-11-18,28.33,28.53,28.07,28.28,20328941.0,575124426.0,16491037955.0,0.0012327265909806706
2022-11-21,28.0,28.34,27.83,27.99,27231597.0,761511298.0,16491037955.0,0.001651296727004592
2022-11-22,28.01,28.83,27.96,28.57,33248336.0,945306128.0,16491037955.0,0.00201614574478129
2022-11-23,28.59,29.78,28.58,29.34,43335080.0,1271206746.0,16491037955.0,0.002627795783276396
2022-11-24,29.15,29.7,29.13,29.41,20063403.0,590719189.0,16491037955.0,0.001216624633012677
2022-11-25,29.33,30.5,29.25,30.26,46171593.0,1391563852.0,16491037955.0,0.0027997990863880707
2022-11-28,29.88,30.54,29.75,30.37,33093267.0,996500873.0,16491037955.0,0.0020067425161656538
2022-11-29,30.4,30.58,29.9,30.25,28079087.0,849711276.0,16491037955.0,0.001702687670516613
2022-11-30,30.3,30.99,29.99,30.55,34574098.0,1062391518.0,16491037955.0,0.0020965386226351693
2022-12-01,30.87,30.97,29.82,29.86,35307699.0,1066118026.0,16491037955.0,0.002141023451425317
2022-12-02,29.79,30.05,29.26,29.39,23312240.0,688395954.0,16491037955.0,0.0014136308498963733
2022-12-05,29.8,29.95,29.41,29.83,28441195.0,844965608.0,16491037955.0,0.0017246455364185716
2022-12-06,29.61,30.05,29.32,29.95,23075716.0,685767583.0,16491037955.0,0.001399288271785437
2022-12-07,30.0,30.0,29.06,29.24,32302066.0,949230066.0,16491037955.0,0.0019587648811520792
2022-12-08,29.24,29.36,28.86,29.1,20138115.0,586763344.0,16491037955.0,0.0012211550937516473
2022-12-09,29.05,29.2,28.93,29.11,24162887.0,702091436.0,16491037955.0,0.0014652132307217166
2022-12-12,29.01,29.37,28.35,28.43,29719853.0,851559114.0,16491037955.0,0.0018021820749608481
2022-12-13,28.58,28.88,28.28,28.65,21378340.0,611373307.0,16491037955.0,0.00129636109372474
2022-12-14,28.73,28.9,28.47,28.82,16116031.0,463414689.0,16491037955.0,0.000977259954405338
2022-12-15,28.71,28.89,28.2,28.38,20856420.0,591517873.0,16491037955.0,0.0012647123884446847
2022-12-16,28.41,28.75,28.32,28.58,20662778.0,589853104.0,16491037955.0,0.001252970131800294
2022-12-19,28.53,28.6,27.98,28.14,23377140.0,659630992.0,16491037955.0,0.0014175663207974226
2022-12-20,28.14,28.26,27.75,27.91,21838141.0,610585403.0,16491037955.0,0.0013242429651542209
2022-12-21,27.91,27.98,27.68,27.73,17163713.0,477325145.0,16491037955.0,0.0010407903399916709
2022-12-22,27.93,28.09,27.42,27.52,20910266.0,579636596.0,16491037955.0,0.00126797755587362
2022-12-23,27.57,27.7,27.21,27.67,12478723.0,343283939.0,16491037955.0,0.0007566972457434988
2022-12-26,27.66,27.78,27.51,27.67,12394748.0,342719460.0,16491037955.0,0.000751605085975924
2022-12-27,27.79,28.28,27.73,28.07,19523023.0,547763317.0,16491037955.0,0.0011838565318492108
2022-12-28,27.95,28.25,27.91,28.16,18095716.0,508849745.0,16491037955.0,0.0010973060670516174
2022-12-29,28.07,28.09,27.41,27.57,21917900.0,606427632.0,16491037955.0,0.0013290794709107199
2022-12-30,27.6,27.93,27.56,27.62,14694663.0,406600057.0,16491037955.0,0.0008910696246105389
2023-01-03,27.62,28.05,27.5,28.01,24445913.0,679846235.0,16491037955.0,0.0014823756434681008
2023-01-04,27.95,28.05,27.4,27.73,26179337.0,725701494.0,16491037955.0,0.001587488736090293
2023-01-05,27.73,27.78,27.43,27.6,24695435.0,680735838.0,16491037955.0,0.0014975064072611918
2023-01-06,27.59,27.7,27.45,27.62,21111894.0,582250791.0,16491037955.0,0.0012802040755475297
2023-01-09,27.78,27.85,27.5,27.7,21466013.0,595056271.0,16491037955.0,0.0013016774965029787
2023-01-10,27.61,27.71,27.26,27.44,20259195.0,556224440.0,16491037955.0,0.001228497263500477
2023-01-11,27.64,28.89,27.43,28.82,58238662.0,1655413194.0,16491037955.0,0.003531534046487494
2023-01-12,28.7,28.95,28.36,28.8,30072843.0,861980187.0,16491037955.0,0.0018235870344887578
2023-01-13,28.8,29.41,28.79,28.98,26378992.0,764278213.0,16491037955.0,0.001599595615023251
2023-01-16,28.95,28.97,28.48,28.62,38342244.0,1099459839.0,16491037955.0,0.002325035216377925
2023-01-17,28.6,28.75,28.27,28.66,20951104.0,598476113.0,16491037955.0,0.0012704539312304313
2023-01-18,28.6,29.07,28.49,28.51,19040559.0,547437049.0,16491037955.0,0.0011546003988322031
2023-01-19,28.63,28.85,28.28,28.56,19333752.0,550813103.0,16491037955.0,0.0011723793282604207
2023-01-20,28.55,28.85,28.49,28.71,20270931.0,581583730.0,16491037955.0,0.0012292089227685001
2023-01-30,28.75,28.78,28.04,28.06,39011204.0,1101222611.0,16491037955.0,0.0023656002797672296
2023-01-31,28.28,28.55,28.2,28.39,26068112.0,740447824.0,16491037955.0,0.001580744163656253
2023-02-01,28.41,28.41,28.1,28.28,28240552.0,796747886.0,16491037955.0,0.0017124787461566425
2023-02-02,28.28,28.54,28.04,28.49,29619839.0,839113397.0,16491037955.0,0.0017961173263214409
2023-02-03,28.3,28.45,28.15,28.25,24814669.0,701790936.0,16491037955.0,0.0015047366374216801
2023-02-06,28.13,28.28,28.03,28.12,21979318.0,618322532.0,16491037955.0,0.001332803796824443
2023-02-07,28.12,28.32,28.07,28.15,17617857.0,496236471.0,16491037955.0,0.0010683291766154933
2023-02-08,28.18,28.22,27.9,27.91,18896837.0,530012122.0,16491037955.0,0.0011458852409147826
2023-02-09,27.85,28.18,27.83,28.03,16329251.0,457538551.0,16491037955.0,0.0009901894013317127
2023-02-10,28.0,28.03,27.63,27.7,20295148.0,563867951.0,16491037955.0,0.001230677417357263
2023-02-13,27.68,27.7,27.26,27.43,32783927.0,897990536.0,16491037955.0,0.0019879844488539353
2023-02-14,27.5,27.59,27.26,27.52,18337971.0,503701605.0,16491037955.0,0.0011119961672539853
2023-02-15,27.49,27.6,27.17,27.21,27663312.0,755238405.0,16491037955.0,0.0016774754915661705
2023-02-16,27.3,27.4,26.76,26.9,30153837.0,818063658.0,16491037955.0,0.001828498429406471
2023-02-17,26.85,27.22,26.82,27.03,26548324.0,718589879.0,16491037955.0,0.001609863737652164
2023-02-20,27.09,27.67,27.09,27.58,35975711.0,987603052.0,16491037955.0,0.0021815310290455273
2023-02-21,27.55,27.96,27.41,27.89,33204286.0,923662560.0,16491037955.0,0.0020134745969663252
2023-02-22,27.81,28.08,27.68,27.86,28042907.0,782960153.0,16491037955.0,0.0017004937516075227
2023-02-23,28.3,28.46,27.89,28.02,34836587.0,980907559.0,16491037955.0,0.00211245569230151
2023-02-24,27.93,28.0,27.74,27.85,22107696.0,615619342.0,16491037955.0,0.0013405885099729007
2023-02-27,27.85,28.2,27.85,27.96,25809133.0,723212531.0,16491037955.0,0.0015650399368691526
2023-02-28,27.98,28.04,27.8,28.0,18353068.0,512571737.0,16491037955.0,0.0011129116341907054
2023-03-01,28.0,28.18,27.9,28.06,22789283.0,640010104.0,16491037955.0,0.001381919261976497
2023-03-02,28.06,28.47,27.96,28.18,27093063.0,764121834.0,16491037955.0,0.0016428961642032678
2023-03-03,28.3,28.52,28.09,28.46,33567430.0,952450382.0,16491037955.0,0.0020354952848691083
2023-03-06,28.42,28.53,28.0,28.14,32672959.0,920570916.0,16491037955.0,0.0019812554606421073
2023-03-07,28.08,29.77,28.08,28.87,78387766.0,2284645507.0,16491037955.0,0.004753355502176455
2023-03-08,28.7,28.74,28.28,28.48,28454472.0,810190200.0,16491037955.0,0.001725450640380871
2023-03-09,28.52,29.04,28.38,28.55,25048490.0,716849464.0,16491037955.0,0.0015189153083239022
2023-03-10,28.46,28.46,28.07,28.12,25588309.0,721618917.0,16491037955.0,0.0015516493910100882
2023-03-13,28.08,29.08,28.08,29.02,37614860.0,1079845032.0,16491037955.0,0.0022809273802317192
2023-03-14,29.0,29.4,28.61,28.73,29209809.0,844089997.0,16491037955.0,0.001771253518408387
2023-03-15,28.9,29.06,28.63,28.84,24491055.0,706613400.0,16491037955.0,0.0014851130090677183
2023-03-16,28.4,28.6,28.0,28.04,38784225.0,1096094807.0,16491037955.0,0.0023518365008820333
2023-03-17,28.24,28.9,28.16,28.57,32714387.0,934465099.0,16491037955.0,0.00198376761300711
2023-03-20,28.66,29.32,28.39,28.83,43821463.0,1266005305.0,16491037955.0,0.00265728956052239
2023-03-21,28.93,28.98,28.37,28.53,27682247.0,790375005.0,16491037955.0,0.0016786236909731253
2023-03-22,28.6,29.0,28.52,28.87,23402482.0,673626094.0,16491037955.0,0.0014191030342577365
2023-03-23,28.9,29.45,28.82,29.38,41978031.0,1225943161.0,16491037955.0,0.002545505693125427
2023-03-24,29.49,29.5,28.66,28.98,39365989.0,1139537999.0,16491037955.0,0.002387114086294637
2023-03-27,27.9,28.08,27.3,27.68,87835227.0,2431589189.0,16491037955.0,0.005326240060794281
2023-03-28,27.68,27.75,27.3,27.38,46981270.0,1289541729.0,16491037955.0,0.0028488970875090074
2023-03-29,27.48,27.53,27.18,27.27,24936004.0,680795798.0,16491037955.0,0.001512094270114728
2023-03-30,27.28,28.15,27.2,28.13,44305490.0,1230610348.0,16491037955.0,0.002686640472291606
2023-03-31,28.06,28.27,27.95,28.17,19698581.0,554505211.0,16491037955.0,0.001194502192873038
2023-04-03,28.3,28.55,27.88,27.89,29088418.0,819131839.0,16491037955.0,0.0017638924899315107
2023-04-04,27.9,28.29,27.81,28.21,22397803.0,629852626.0,16491037955.0,0.001358180307456578
2023-04-06,28.21,28.21,27.88,27.92,15825436.0,442952382.0,16491037955.0,0.0009596385650911566
2023-04-07,27.9,28.0,27.64,27.74,20404288.0,566445280.0,16491037955.0,0.0012372955574826946
2023-04-10,27.6,27.67,27.44,27.61,19628455.0,540839123.0,16491037955.0,0.0011902498225740091
2023-04-11,27.65,27.74,27.33,27.58,18154784.0,500091251.0,16491037955.0,0.0011008878913225447
2023-04-12,27.65,28.11,27.53,27.85,22675186.0,632170318.0,16491037955.0,0.0013750005343432612
2023-04-13,27.85,28.29,27.78,28.17,26012096.0,731536514.0,16491037955.0,0.0015773474096039699
2023-04-14,28.18,28.54,28.02,28.4,34501891.0,980999098.0,16491037955.0,0.00209216006258352
2023-04-17,28.39,29.16,28.28,29.04,38810310.0,1117778270.0,16491037955.0,0.0023534182691170697
2023-04-18,29.12,29.45,28.96,29.37,31631048.0,926382514.0,16491037955.0,0.0019180750227070834
2023-04-19,29.37,29.61,29.27,29.29,27505808.0,809395521.0,16491037955.0,0.0016679246069929987
2023-04-20,29.16,29.45,28.95,29.25,26302218.0,766926980.0,16491037955.0,0.0015949401166726015
2023-04-21,29.15,29.49,29.03,29.03,24305325.0,710778121.0,16491037955.0,0.001473850528167073
2023-04-24,29.07,29.38,28.76,28.91,22569684.0,653847823.0,16491037955.0,0.0013686029988886773
2023-04-25,28.91,29.1,28.53,28.79,26424430.0,760084715.0,16491037955.0,0.0016023509297659608
2023-04-26,28.85,29.02,28.55,28.69,18068447.0,518930276.0,16491037955.0,0.0010956525022442105
2023-04-27,28.77,28.88,28.11,28.72,30568481.0,868740261.0,16491037955.0,0.0018536420256513805
2023-04-28,28.65,29.16,28.58,29.08,21444005.0,620299256.0,16491037955.0,0.001300342953458444
2023-05-04,28.85,29.71,28.42,29.57,36158924.0,1059445310.0,16491037955.0,0.0021926408815908884
2023-05-05,29.56,30.28,29.41,29.89,31801071.0,947989308.0,16491037955.0,0.0019283850468828783
2023-05-08,29.88,32.12,29.88,31.73,83992266.0,2628118429.0,16491037955.0,0.005093206760495871
2023-05-09,31.99,32.56,31.55,31.68,53570366.0,1713380038.0,16491037955.0,0.0032484532596541464
2023-05-10,31.6,31.8,30.92,31.36,43999672.0,1374344929.0,16491037955.0,0.0026680959755270906
2023-05-11,31.2,31.36,30.73,31.03,25526433.0,791198912.0,16491037955.0,0.0015478972924357689
2023-05-12,31.05,31.45,30.65,30.84,28966046.0,895161625.0,16491037955.0,0.001756471974598642
2023-05-15,30.66,30.97,30.45,30.85,31183760.0,958531066.0,16491037955.0,0.001890951927046244
2023-05-16,30.87,32.11,30.82,31.16,46032027.0,1443869648.0,16491037955.0,0.0027913359441419103
2023-05-17,31.0,31.12,30.58,30.77,27212398.0,837404006.0,16491037955.0,0.0016501325189024465
2023-05-18,30.86,31.2,30.76,30.92,24208030.0,749208127.0,16491037955.0,0.0014679506569603307
2023-05-19,30.86,31.19,30.56,30.93,17656180.0,546351828.0,16491037955.0,0.0010706530448950143
2023-05-22,30.76,31.18,30.75,30.83,23379019.0,723271533.0,16491037955.0,0.0014176802614726625
2023-05-23,30.91,31.22,30.69,30.76,25141900.0,777605491.0,16491037955.0,0.0015245795970275542
2023-05-24,30.7,30.77,30.0,30.19,43386479.0,1313266844.0,16491037955.0,0.0026309125670798323
2023-05-25,30.12,30.27,29.8,30.05,30667899.0,920351791.0,16491037955.0,0.0018596706334486149
2023-05-26,29.89,29.9,29.27,29.3,30056909.0,886922908.0,16491037955.0,0.0018226208127116036
2023-05-29,29.3,29.65,28.74,29.45,31603177.0,921734528.0,16491037955.0,0.001916384953223522
2023-05-30,29.44,29.58,29.0,29.17,18078696.0,529016906.0,16491037955.0,0.0010962739913237924
2023-05-31,28.98,28.98,27.98,28.23,46189600.0,1307457195.0,16491037955.0,0.0028008910128058703
2023-06-01,28.1,28.25,27.9,27.97,28754340.0,807058606.0,16491037955.0,0.0017436343351136263
2023-06-02,28.0,28.3,27.96,28.26,21183032.0,596642753.0,16491037955.0,0.0012845178125114563
2023-06-05,28.11,28.65,28.11,28.56,22054585.0,627467145.0,16491037955.0,0.0013373679122067122
2023-06-06,28.6,29.81,28.35,29.31,40131370.0,1177114969.0,16491037955.0,0.002433526022407363
2023-06-07,29.37,29.66,28.9,29.32,19506589.0,572055577.0,16491037955.0,0.0011828599905735892
2023-06-08,29.39,29.66,29.26,29.6,14315981.0,421970028.0,16491037955.0,0.0008681067279733878
2023-06-09,29.57,29.7,29.32,29.45,14818910.0,436709238.0,16491037955.0,0.0008986038380626601
2023-06-12,29.34,30.0,29.29,29.83,24916076.0,741438471.0,16491037955.0,0.0015108858561838172
2023-06-13,29.75,29.97,29.47,29.62,13682860.0,405571068.0,16491037955.0,0.0008297149055952191
2023-06-14,29.69,30.13,29.69,30.03,23772395.0,713295904.0,16491037955.0,0.001441534187530769
2023-06-15,30.02,30.15,29.59,30.0,20355981.0,609583794.0,16491037955.0,0.0012343662694577796
2023-06-16,30.05,30.38,29.9,29.96,20138508.0,605392548.0,16491037955.0,0.0012211789248774427
2023-06-19,29.96,30.32,29.76,29.82,14650148.0,440239562.0,16491037955.0,0.0008883702796619996
2023-06-20,29.99,30.03,29.66,29.8,15778081.0,470118241.0,16491037955.0,0.0009567670053913232
2023-06-21,29.65,30.1,29.65,29.81,19707351.0,590627939.0,16491037955.0,0.0011950339968761535
2023-06-26,29.68,29.8,29.45,29.69,21037144.0,623423307.0,16491037955.0,0.0012756713105266757
2023-06-27,29.68,30.21,29.52,29.98,23715065.0,710522457.0,16491037955.0,0.001438057753836514
2023-06-28,30.0,30.49,30.0,30.37,26803913.0,811525928.0,16491037955.0,0.0016253623982396565
2023-06-29,30.39,30.58,29.9,30.15,24687860.0,748406993.0,16491037955.0,0.0014970470668594128
2023-06-30,30.14,30.95,30.14,30.75,27039223.0,828519938.0,16491037955.0,0.0016396313606083142
2023-07-03,30.6,31.27,30.6,31.16,34712366.0,1077136569.0,16491037955.0,0.002104923055463309
2023-07-04,31.1,31.38,31.02,31.11,32387108.0,1009506058.0,16491037955.0,0.001963921742729383
2023-07-05,28.58,28.98,28.48,28.85,28096913.0,806090273.0,16491037955.0,0.0017037686212759676
2023-07-06,28.68,28.93,28.57,28.63,14829392.0,425548880.0,16491037955.0,0.0008992394560285275
2023-07-07,28.53,28.95,28.53,28.7,13937582.0,400326570.0,16491037955.0,0.0008451609921723693
2023-07-10,28.89,28.95,28.48,28.63,12527091.0,358918901.0,16491037955.0,0.0007596302327472267
2023-07-11,28.83,28.83,28.46,28.51,11153288.0,318494443.0,16491037955.0,0.0006763241968416172
2023-07-12,28.62,28.63,28.3,28.42,12936160.0,368037301.0,16491037955.0,0.0007844357665842265
2023-07-13,28.5,28.84,28.42,28.68,12767569.0,366427834.0,16491037955.0,0.0007742125774520418
2023-07-14,28.68,29.0,28.68,28.86,11338183.0,327489689.0,16491037955.0,0.0006875360441798219
2023-07-17,28.18,28.18,27.3,27.76,41915949.0,1159864060.0,16491037955.0,0.002541741102917739
2023-07-18,27.85,27.99,27.63,27.83,22103553.0,616255050.0,16491037955.0,0.001340337282608601
2023-07-19,27.61,28.17,27.61,27.96,12292167.0,343890309.0,16491037955.0,0.0007453846770313858
2023-07-20,28.07,28.33,27.75,27.76,11856681.0,331721000.0,16491037955.0,0.0007189772428123673
2023-07-21,27.8,27.94,27.6,27.67,9627480.0,266883790.0,16491037955.0,0.0005838007302069786
2023-07-24,27.3,27.74,27.3,27.58,9404350.0,259563088.0,16491037955.0,0.0005702703508209833
2023-07-25,27.9,28.29,27.78,28.23,19160519.0,539323288.0,16491037955.0,0.001161874652904466
2023-07-26,28.23,28.6,28.23,28.45,11611644.0,330595776.0,16491037955.0,0.0007041184449205277
2023-07-27,28.5,28.63,28.28,28.38,10184756.0,289476123.0,16491037955.0,0.0006175933878626501
2023-07-28,28.4,28.6,28.16,28.41,15063557.0,428117882.0,16491037955.0,0.0009134389867456951
2023-07-31,28.6,28.95,28.26,28.38,17566686.0,500818951.0,16491037955.0,0.001065226218503358
2023-08-01,28.35,28.58,28.3,28.44,9923564.0,282108580.0,16491037955.0,0.0006017549669753337
2023-08-02,28.48,28.48,27.88,27.91,12447362.0,349578443.0,16491037955.0,0.0007547955461606359
2023-08-03,28.05,28.05,27.79,27.89,11599487.0,323588646.0,16491037955.0,0.000703381256634795
2023-08-04,28.0,28.19,27.75,27.8,15493985.0,432716265.0,16491037955.0,0.0009395397089182189
2023-08-07,27.72,27.89,27.65,27.86,11061318.0,307345520.0,16491037955.0,0.000670747228293551
2023-08-08,27.75,28.07,27.67,27.92,9665646.0,269455331.0,16491037955.0,0.0005861150781639808
2023-08-09,27.86,27.99,27.71,27.83,9369500.0,260439638.0,16491037955.0,0.0005681570817778159
2023-08-10,27.8,28.37,27.78,28.12,23348994.0,655888728.0,16491037955.0,0.001415859575589704
2023-08-11,28.07,28.25,27.51,27.51,19820320.0,549017782.0,16491037955.0,0.0012018843237208473
2023-08-14,27.32,27.55,27.15,27.36,14538820.0,396775295.0,16491037955.0,0.0008816194614112753
2023-08-15,27.4,27.57,27.25,27.52,11685755.0,320514824.0,16491037955.0,0.0007086124616223406
2023-08-16,27.45,27.58,27.35,27.4,7724200.0,212093933.0,16491037955.0,0.0004683877401214798
2023-08-17,27.32,27.47,27.15,27.41,8358150.0,228333196.0,16491037955.0,0.0005068298322281073
2023-08-18,27.41,27.56,27.3,27.35,9108638.0,249935244.0,16491037955.0,0.0005523386717594878
2023-08-21,27.47,27.47,27.0,27.01,12570752.0,340339668.0,16491037955.0,0.000762277791992384
2023-08-22,27.02,27.63,27.0,27.52,14491577.0,396568961.0,16491037955.0,0.0008787546932790987
2023-08-23,27.53,28.35,27.53,28.04,30431226.0,854600329.0,16491037955.0,0.0018453190201271354
2023-08-24,28.12,28.34,27.74,27.81,17904917.0,501396429.0,16491037955.0,0.0010857362070755116
2023-08-25,27.83,28.05,27.76,27.89,12750323.0,355523196.0,16491037955.0,0.0007731667973109095
2023-08-28,28.88,29.01,28.34,28.5,38412805.0,1100027323.0,16491037955.0,0.0023293139646406204
2023-08-29,28.6,28.69,28.32,28.44,24199927.0,689740779.0,16491037955.0,0.0014674592991681704
2023-08-30,28.6,28.66,28.24,28.28,15596611.0,442797339.0,16491037955.0,0.0009457628466176191
2023-08-31,28.5,28.5,28.11,28.17,13585107.0,383820641.0,16491037955.0,0.0008237872617278808
2023-09-01,28.31,28.87,28.2,28.75,28142804.0,806173958.0,16491037955.0,0.0017065514054842887
2023-09-04,28.98,29.8,28.91,29.58,43862476.0,1294161458.0,16491037955.0,0.0026597765477036645
2023-09-05,29.4,29.87,29.21,29.76,27530275.0,817427794.0,16491037955.0,0.001669408261330995
2023-09-06,29.72,29.93,29.53,29.68,20223794.0,600269826.0,16491037955.0,0.0012263505823699985
2023-09-07,29.68,30.0,29.47,29.79,30782587.0,918260556.0,16491037955.0,0.001866625198729039
2023-09-08,29.58,29.74,29.31,29.44,14668306.0,431670347.0,16491037955.0,0.0008894713625683363
2023-09-11,29.5,30.3,29.45,29.79,24793600.0,742202361.0,16491037955.0,0.0015034590343952672
2023-09-12,29.7,30.05,29.59,29.81,15067929.0,448370706.0,16491037955.0,0.0009137041004402928
2023-09-13,29.98,30.39,29.82,30.26,23334535.0,704806123.0,16491037955.0,0.0014149827963330281
2023-09-14,30.27,31.38,30.26,31.15,44310290.0,1374254289.0,16491037955.0,0.0026869315394768916
2023-09-15,31.46,31.61,30.96,31.17,34688761.0,1084649679.0,16491037955.0,0.00210349167194067
2023-09-18,31.2,31.3,30.74,31.23,23070577.0,716849937.0,16491037955.0,0.0013989766479801907
2023-09-19,31.25,31.66,31.1,31.38,27777977.0,872238152.0,16491037955.0,0.0016844286621496651
2023-09-20,31.38,31.66,31.09,31.47,20414986.0,642218165.0,16491037955.0,0.0012379442734718998
2023-09-21,31.39,31.54,31.06,31.16,17947320.0,560298351.0,16491037955.0,0.0010883074824625252
2023-09-22,31.31,31.4,30.8,31.25,24111489.0,751841398.0,16491037955.0,0.001462096507557277
2023-09-25,31.46,31.75,31.21,31.35,16895597.0,531322418.0,16491037955.0,0.00102453205468958
2023-09-26,31.35,31.53,31.09,31.16,13074400.0,408130470.0,16491037955.0,0.000792818501520452
2023-09-27,31.28,31.28,30.7,30.86,18173616.0,561252260.0,16491037955.0,0.0011020298449128153
2023-09-28,31.15,31.33,30.72,31.2,21460401.0,669199691.0,16491037955.0,0.001301337190452182
2023-10-09,31.0,31.64,30.92,31.55,20813685.0,653276170.0,16491037955.0,0.0012621209809106889
2023-10-10,31.55,31.55,30.98,31.06,14553459.0,453852331.0,16491037955.0,0.0008825071556873995
2023-10-11,31.25,31.27,30.5,30.86,21111901.0,649138853.0,16491037955.0,0.0012802045000205084
2023-10-12,31.09,31.15,30.58,30.7,10079717.0,310359333.0,16491037955.0,0.000611223928263647
2023-10-13,30.5,30.84,30.41,30.77,9838193.0,301601436.0,16491037955.0,0.0005965781551680383
2023-10-16,30.97,31.48,30.8,31.43,22762030.0,711356591.0,16491037955.0,0.001380266667393041
2023-10-17,31.4,31.64,31.16,31.59,14159555.0,445183134.0,16491037955.0,0.0008586212122389115
2023-10-18,31.51,32.05,31.4,31.6,17889982.0,566673986.0,16491037955.0,0.0010848305636562948
2023-10-19,31.4,31.48,30.91,30.95,14843709.0,461572536.0,16491037955.0,0.0009001076245476387
2023-10-20,31.04,31.16,30.68,30.78,12062799.0,371668740.0,16491037955.0,0.000731476031582513
2023-10-23,30.8,31.0,30.56,30.93,15682217.0,482817173.0,16491037955.0,0.000950953908589194
2023-10-24,30.88,30.96,30.26,30.59,20749811.0,634629093.0,16491037955.0,0.0012582477256204946
2023-10-25,30.88,30.95,30.34,30.36,18599936.0,569314536.0,16491037955.0,0.001127881462085932
2023-10-26,30.47,30.85,30.23,30.55,15235108.0,464767494.0,16491037955.0,0.0009238416673088059
2023-10-27,30.5,30.77,30.33,30.35,13244711.0,405160061.0,16491037955.0,0.000803145989727364
2023-10-30,30.35,30.55,29.71,29.71,24387039.0,729982731.0,16491037955.0,0.0014788055831625791
2023-10-31,29.69,30.5,29.65,30.32,18757968.0,567805834.0,16491037955.0,0.0011374643640494854
2023-11-01,30.21,30.42,29.85,30.29,15332646.0,461401283.0,16491037955.0,0.0009297562737918033
2023-11-02,30.54,30.75,30.3,30.49,12623350.0,385103041.0,16491037955.0,0.000765467281953145
2023-11-03,30.63,30.93,30.28,30.37,13198963.0,402768066.0,16491037955.0,0.0008003718768956044
2023-11-06,30.32,30.47,29.3,29.48,35503709.0,1049911265.0,16491037955.0,0.0021529093012144485
2023-11-07,29.33,29.85,29.33,29.65,15461860.0,458104459.0,16491037955.0,0.000937591681141698
2023-11-08,29.48,29.85,29.45,29.76,16041846.0,476486075.0,16491037955.0,0.0009727614504177521
2023-11-09,29.87,30.8,29.83,30.72,25151414.0,767003696.0,16491037955.0,0.001525156516444389
2023-11-10,30.69,31.22,30.4,31.1,23888049.0,738245240.0,16491037955.0,0.0014485473300822318
2023-11-13,31.14,31.3,30.56,30.93,13875046.0,427541767.0,16491037955.0,0.0008413688718600733
2023-11-14,30.88,31.1,30.55,30.65,11357198.0,348475314.0,16491037955.0,0.0006886890947065315
2023-11-15,30.79,30.93,30.55,30.74,11300867.0,347195209.0,16491037955.0,0.000685273239370214
2023-11-16,30.71,30.87,30.45,30.77,12905634.0,396449012.0,16491037955.0,0.0007825847005638039
2023-11-17,30.7,30.91,30.49,30.8,16333750.0,501373437.0,16491037955.0,0.000990462216178921
2023-11-20,30.83,30.84,30.41,30.72,12786861.0,392275403.0,16491037955.0,0.0007753824249809023
2023-11-21,30.78,31.2,30.68,30.71,16415293.0,507131730.0,16491037955.0,0.000995406901905951
2023-11-22,30.62,30.85,30.48,30.65,11327386.0,347606531.0,16491037955.0,0.0006868813249299201
2023-11-23,30.62,31.03,30.55,30.95,12617696.0,388416922.0,16491037955.0,0.0007651244290644773
2023-11-24,30.87,31.32,30.86,31.05,18318834.0,570483456.0,16491037955.0,0.0011108357187696498
2023-11-27,31.25,31.41,30.94,31.25,17029848.0,531364524.0,16491037955.0,0.001032672900667034
2023-11-28,31.23,31.24,30.74,30.99,14130244.0,437970410.0,16491037955.0,0.0008568438225997643
2023-11-29,31.18,31.27,31.01,31.17,14524691.0,452755812.0,16491037955.0,0.0008807626930235878
2023-11-30,31.05,31.5,31.04,31.49,26636366.0,834688060.0,16491037955.0,0.0016152025162202714
2023-12-01,31.49,31.73,31.29,31.51,27771925.0,873953883.0,16491037955.0,0.0016840616749402176
2023-12-04,31.49,31.82,31.4,31.76,22312985.0,706298406.0,16491037955.0,0.0013530370290145877
2023-12-05,31.68,31.88,31.2,31.28,20470962.0,646469550.0,16491037955.0,0.0012413386019643055
2023-12-06,31.26,31.29,30.79,31.04,17270861.0,534605391.0,16491037955.0,0.0010472876872352089
2023-12-07,31.01,31.01,30.56,30.57,21192939.0,651455763.0,16491037955.0,0.0012851185630540865
2023-12-08,30.55,30.94,30.21,30.58,24118338.0,738170243.0,16491037955.0,0.0014625118240472815
2023-12-11,30.42,31.23,30.07,31.08,35061680.0,1080259144.0,16491037955.0,0.0021261051060384875
2023-12-12,30.99,31.25,30.68,31.25,21496782.0,665856616.0,16491037955.0,0.0013035432977996564
2023-12-13,31.22,31.22,30.72,30.78,16324302.0,503955898.0,16491037955.0,0.0009898892989358837
2023-12-14,30.88,30.95,30.46,30.69,19882184.0,611116974.0,16491037955.0,0.0012056356946272035
2023-12-15,30.7,31.04,30.4,30.41,24209373.0,741405717.0,16491037955.0,0.0014680320951332138
2023-12-18,30.42,30.91,30.18,30.75,24949439.0,764175067.0,16491037955.0,0.001512908955038543
2023-12-19,30.8,31.0,30.55,30.8,17796249.0,547368201.0,16491037955.0,0.0010791466885566332
2023-12-20,30.9,31.35,30.8,31.03,27297628.0,850000678.0,16491037955.0,0.0016553007806111742
2023-12-21,31.02,31.18,30.48,30.77,26707631.0,820883854.0,16491037955.0,0.0016195239543368087
2023-12-22,30.82,31.59,30.78,31.38,32897835.0,1030794699.0,16491037955.0,0.0019948917157167506
2023-12-25,31.36,31.82,31.16,31.76,27806336.0,876124666.0,16491037955.0,0.0016861483234637308
2023-12-26,31.85,32.52,31.26,31.31,38167503.0,1217885549.0,16491037955.0,0.0023144390974145935
2023-12-27,31.5,31.85,31.22,31.65,23625589.0,745730130.0,16491037955.0,0.0014326320189468025
2023-12-28,31.65,32.0,30.87,31.22,37538182.0,1172698912.0,16491037955.0,0.0022762777032247754
2023-12-29,31.08,31.5,31.01,31.35,25745245.0,805664370.0,16491037955.0,0.0015611658326330012
2024-01-02,31.39,32.65,31.37,32.38,42184092.0,1359959600.0,16491037955.0,0.0025580010254727475
2024-01-03,32.37,33.18,32.3,32.98,31978825.0,1050710215.0,16491037955.0,0.0019391638711439736
2024-01-04,33.01,33.6,33.01,33.43,39050803.0,1301177412.0,16491037955.0,0.002368001523406839
2024-01-05,33.33,33.8,33.08,33.45,31655586.0,1060931502.0,16491037955.0,0.0019195629824138622
2024-01-08,33.3,33.81,33.05,33.65,45969032.0,1541399297.0,16491037955.0,0.0027875159905300212
2024-01-09,33.5,34.15,33.22,34.05,29580995.0,999884014.0,16491037955.0,0.001793761865124517
2024-01-10,34.05,34.5,33.54,33.85,24398494.0,827465178.0,16491037955.0,0.0014795002028724637
2024-01-11,33.85,33.85,33.17,33.25,29463357.0,983251642.0,16491037955.0,0.001786628414803136
2024-01-12,33.15,33.69,33.06,33.62,21163491.0,707212658.0,16491037955.0,0.0012833328658723591
2024-01-15,33.5,34.18,33.43,34.04,23839567.0,808029743.0,16491037955.0,0.0014456074302328535
2024-01-16,33.89,34.47,33.82,34.28,21816280.0,746362168.0,16491037955.0,0.0013229173360422358
2024-01-17,34.18,34.66,34.04,34.14,31967604.0,1098217725.0,16491037955.0,0.0019384834409593716
2024-01-18,34.14,34.4,33.2,34.07,46466888.0,1567030067.0,16491037955.0,0.0028177054789878444
2024-01-19,34.01,34.01,32.81,33.25,60297481.0,2003791322.0,16491037955.0,0.0036563787655171883
2024-01-22,33.22,33.49,32.65,32.96,38100918.0,1262454097.0,16491037955.0,0.0023104014498037096
2024-01-23,32.82,33.8,32.65,33.62,29930816.0,993815363.0,16491037955.0,0.0018149746596711413
2024-01-24,33.79,34.7,33.59,34.61,32600623.0,1115547091.0,16491037955.0,0.001976869078159853
2024-01-25,34.78,35.39,34.45,35.12,33269597.0,1161608331.0,16491037955.0,0.0020174349904951146
2024-01-26,35.0,35.96,34.9,35.8,30660100.0,1086920593.0,16491037955.0,0.0018591977099115227
2024-01-29,35.82,36.03,35.5,35.65,25157315.0,899957524.0,16491037955.0,0.0015255143471652995
2024-01-30,35.7,36.0,35.25,35.76,27717552.0,990488153.0,16491037955.0,0.001680764550759898
2024-01-31,35.39,37.19,35.35,37.12,46737348.0,1711930598.0,16491037955.0,0.00283410590209875
2024-02-01,36.85,36.95,36.03,36.3,34954276.0,1273620131.0,16491037955.0,0.0021195922352117346
2024-02-02,36.3,37.3,35.9,37.02,42696282.0,1564773419.0,16491037955.0,0.00258905971331263
2024-02-05,36.81,38.13,36.7,38.13,41335662.0,1557724731.0,16491037955.0,0.002506553081303608
2024-02-06,37.95,38.6,37.41,37.74,43284055.0,1639413859.0,16491037955.0,0.002624701678457813
2024-02-07,37.74,38.66,36.8,38.59,51536462.0,1937181244.0,16491037955.0,0.003125119361233075
2024-02-08,38.29,38.37,37.53,38.07,36272091.0,1375426717.0,16491037955.0,0.002199503214956975
2024-02-19,37.81,39.95,37.51,39.81,40326529.0,1576991694.0,16491037955.0,0.0024453602684101033
2024-02-20,39.76,40.26,39.28,39.76,30985576.0,1232997856.0,16491037955.0,0.0018789342480777767
2024-02-21,39.76,40.03,39.33,39.58,34692133.0,1373552962.0,16491037955.0,0.0021036961466383334
2024-02-22,39.37,41.0,39.27,40.83,41316132.0,1665190976.0,16491037955.0,0.0025053688016934772
2024-02-23,40.9,40.9,39.5,39.85,37105415.0,1486927212.0,16491037955.0,0.0022500351464384218
2024-02-26,39.34,39.7,38.42,38.6,50102990.0,1949242972.0,16491037955.0,0.003038195057019381
2024-02-27,38.4,38.99,38.22,38.58,30242950.0,1163736851.0,16491037955.0,0.0018339021523402952
2024-02-28,38.47,39.22,37.85,39.0,48928559.0,1883380070.0,16491037955.0,0.0029669787392105967
2024-02-29,38.6,38.88,38.22,38.6,37572751.0,1446115660.0,16491037955.0,0.0022783739327098046
2024-03-01,38.35,38.94,38.08,38.38,32051478.0,1231988718.0,16491037955.0,0.0019435694761882562
2024-03-04,38.2,39.1,38.03,38.99,42137234.0,1630718657.0,16491037955.0,0.0025551596033543907
2024-03-05,38.96,39.78,38.8,39.55,38384327.0,1509659255.0,16491037955.0,0.0023275870872859197
2024-03-06,39.55,40.38,39.16,39.42,36900751.0,1466842883.0,16491037955.0,0.0022376245267698193
2024-03-07,39.28,40.15,39.2,40.09,31494276.0,1254567411.0,16491037955.0,0.0019097813058183578
2024-03-08,39.93,40.09,39.16,39.75,30809455.0,1220691587.0,16491037955.0,0.0018682544472986753
2024-03-11,39.5,39.66,38.3,38.7,40288021.0,1562064282.0,16491037955.0,0.0024430251819161494
2024-03-12,38.5,38.6,36.92,37.18,65997701.0,2475861303.0,16491037955.0,0.004002034388623175
2024-03-13,37.16,37.17,36.39,37.07,35628203.0,1313211446.0,16491037955.0,0.0021604584924988126
2024-03-14,36.99,37.53,36.5,37.42,33722920.0,1250571634.0,16491037955.0,0.002044924042502454
2024-03-15,37.25,37.4,36.22,37.31,44778666.0,1654217245.0,16491037955.0,0.002715333390305086
2024-03-18,36.85,36.94,36.38,36.76,38624101.0,1415122016.0,16491037955.0,0.002342126742136893
2024-03-19,36.61,38.1,36.53,37.33,37338641.0,1397185994.0,16491037955.0,0.0022641777371374683
2024-03-20,37.25,38.06,36.86,37.49,28673923.0,1076852462.0,16491037955.0,0.0017387579288971444
2024-03-21,37.4,38.03,36.9,37.67,30620434.0,1151292309.0,16491037955.0,0.0018567924034591187
2024-03-22,37.67,38.09,37.33,37.94,33265084.0,1256819229.0,16491037955.0,0.0020171613267019493
2024-03-25,37.2,39.15,37.02,38.51,51160466.0,1974872584.0,16491037955.0,0.0031023193409416903
2024-03-26,38.99,39.0,37.53,38.03,38554813.0,1462339696.0,16491037955.0,0.002337925187317295
2024-03-27,38.17,39.2,38.06,38.84,32594013.0,1267079522.0,16491037955.0,0.001976468254390116
2024-03-28,38.9,39.14,38.36,38.64,34991740.0,1355151828.0,16491037955.0,0.0021218640145928887
2024-03-29,38.56,39.44,38.41,39.09,23946673.0,935555815.0,16491037955.0,0.0014521022306385203
2024-04-01,39.1,39.11,38.0,38.38,38410759.0,1474998365.0,16491037955.0,0.0023291898972528924
2024-04-02,38.37,39.13,38.21,39.05,32697622.0,1270473623.0,16491037955.0,0.001982751000223503
2024-04-03,39.05,39.75,38.88,39.59,27795306.0,1094833892.0,16491037955.0,0.001685479475327543
2024-04-08,39.36,40.0,38.88,39.58,23025510.0,911287248.0,16491037955.0,0.0013962438303053435
2024-04-09,39.73,40.06,39.19,39.69,19673782.0,778862991.0,16491037955.0,0.0011929984063880593
2024-04-10,39.68,40.58,39.65,40.13,30002489.0,1207440234.0,16491037955.0,0.001819320838498428
2024-04-11,40.0,40.48,39.6,40.0,19469582.0,778950662.0,16491037955.0,0.001180615923214034
2024-04-12,39.9,40.08,39.49,39.73,21525318.0,856917938.0,16491037955.0,0.0013052736922161791
2024-04-15,39.7,41.24,39.67,41.05,33012766.0,1344997868.0,16491037955.0,0.0020018610162734294
2024-04-16,41.05,42.19,40.87,41.7,39246863.0,1633266946.0,16491037955.0,0.0023798904051458175
2024-04-17,41.6,41.99,40.89,41.9,25015767.0,1040330012.0,16491037955.0,0.0015169310184272146
2024-04-18,41.61,42.4,41.07,41.36,26529769.0,1101573769.0,16491037955.0,0.0016087385810640443
2024-04-19,41.08,42.2,41.05,41.89,26154651.0,1092067250.0,16491037955.0,0.0015859918018119679
2024-04-22,41.88,42.57,40.24,40.3,32248938.0,1326480560.0,16491037955.0,0.001955543252522943
2024-04-23,39.91,40.49,39.01,39.9,27856359.0,1105479144.0,16491037955.0,0.0016891816680073852
2024-04-24,40.3,40.45,39.38,39.8,22562994.0,897523875.0,16491037955.0,0.0013681973239991854
2024-04-25,39.72,40.3,39.45,39.96,20235973.0,805516019.0,16491037955.0,0.001227089104713664
2024-04-26,39.75,40.12,39.5,39.55,28337837.0,1124901992.0,16491037955.0,0.0017183780109734153
2024-04-29,39.48,39.48,38.61,39.0,41781253.0,1627219755.0,16491037955.0,0.0025335732725866498
2024-04-30,39.0,40.01,38.91,39.83,29738706.0,1181284333.0,16491037955.0,0.0018033253019700542
2024-05-06,39.69,39.73,38.8,39.55,33779856.0,1327794955.0,16491037955.0,0.0020483765844319167
2024-05-07,39.49,39.99,39.4,39.93,22047370.0,874634657.0,16491037955.0,0.0013369304018438298
2024-05-08,40.01,41.45,40.01,41.15,38193795.0,1563614148.0,16491037955.0,0.002316033417921995
2024-05-09,40.99,41.3,40.61,40.85,26529150.0,1085533596.0,16491037955.0,0.0016087010455249418
2024-05-10,40.84,41.2,40.66,40.97,22703051.0,930336198.0,16491037955.0,0.001376690239992841
2024-05-13,40.76,40.96,39.95,40.78,21847559.0,885569852.0,16491037955.0,0.0013248140632273501
2024-05-14,40.61,40.73,39.65,40.27,26466990.0,1059420515.0,16491037955.0,0.0016049317254754932
2024-05-15,40.0,40.33,39.85,40.17,14442600.0,580030805.0,16491037955.0,0.0008757847771262376
2024-05-16,40.17,40.22,39.55,39.6,21260529.0,845715367.0,16491037955.0,0.0012892171528568893
2024-05-17,39.53,39.92,39.4,39.89,20810624.0,826849055.0,16491037955.0,0.0012619353649410724
2024-05-20,39.9,41.12,39.86,40.93,27194546.0,1102205422.0,16491037955.0,0.0016490499915291718
2024-05-21,40.88,42.0,40.64,41.97,29403082.0,1223226685.0,16491037955.0,0.001782973399262909
2024-05-22,41.9,42.52,41.66,41.74,24271138.0,1021576682.0,16491037955.0,0.0014717774627788732
2024-05-23,41.71,42.13,41.42,42.0,16752780.0,701346230.0,16491037955.0,0.0010158717750643853
2024-05-24,42.08,42.2,41.3,41.31,16586026.0,692441765.0,16491037955.0,0.0010057599797695692
2024-05-27,41.59,43.02,41.52,42.0,25686009.0,1085400983.0,16491037955.0,0.001557573821010589
2024-05-28,42.01,43.41,41.94,42.9,23792715.0,1019209518.0,16491037955.0,0.0014427663719484782
2024-05-29,42.9,43.65,42.6,43.45,21603456.0,936354991.0,16491037955.0,0.0013100119021586473
2024-05-30,43.11,43.86,42.7,43.09,23332714.0,1008183737.0,16491037955.0,0.0014148723727196103
2024-05-31,43.26,43.4,42.33,42.33,20058323.0,861131055.0,16491037955.0,0.0012163165869082495
2024-06-03,42.7,43.58,42.62,43.34,26577489.0,1149105254.0,16491037955.0,0.0016116322739977587
2024-06-04,43.22,43.26,42.33,42.34,33072957.0,1410263846.0,16491037955.0,0.002005510938137914
2024-06-05,42.31,43.4,42.2,42.75,26564584.0,1140452161.0,16491037955.0,0.001610849727742319
2024-06-06,42.77,44.76,42.77,44.16,32650986.0,1436926364.0,16491037955.0,0.0019799230399624654
2024-06-07,44.21,44.39,43.85,44.15,22146552.0,976772116.0,16491037955.0,0.0013429446988377875
2024-06-11,44.16,44.52,43.11,43.44,24360172.0,1061274422.0,16491037955.0,0.0014771763952319398
2024-06-12,43.23,44.85,43.01,44.65,26472574.0,1165577282.0,16491037955.0,0.0016052703336343756
2024-06-13,44.5,44.98,44.17,44.58,18226751.0,811191866.0,16491037955.0,0.00110525189801493
2024-06-14,44.45,45.12,44.0,44.35,28165983.0,1254276607.0,16491037955.0,0.0017079569567942335
2024-06-17,44.22,44.47,43.3,43.54,27547526.0,1203300142.0,16491037955.0,0.0016704543446671122
2024-06-18,43.52,43.73,42.8,43.57,16946544.0,733578404.0,16491037955.0,0.0010276214296664021
2024-06-19,43.4,44.12,43.17,43.44,23464678.0,1020956160.0,16491037955.0,0.001422874537311075
2024-06-20,43.41,44.83,43.19,44.63,35704871.0,1581944072.0,16491037955.0,0.002165107563115787
2024-06-21,44.41,44.68,43.76,44.11,19866304.0,877530033.0,16491037955.0,0.0012046727473558835
2024-06-24,44.29,44.6,43.91,44.25,20110686.0,889964384.0,16491037955.0,0.001219491826704731
2024-06-25,44.34,44.36,43.67,43.93,18014773.0,791410462.0,16491037955.0,0.0010923977647227482
2024-06-26,43.82,44.15,43.05,43.75,18863833.0,820565527.0,16491037955.0,0.0011438839114599564
2024-06-27,43.57,43.99,43.17,43.5,25068964.0,1092496965.0,16491037955.0,0.0015201568311471393
2024-06-28,43.23,44.63,43.2,44.37,22105842.0,974522928.0,16491037955.0,0.001340476085272584
2024-07-01,44.41,45.96,44.4,45.28,20995421.0,949937575.0,16491037955.0,0.0012731412696575775
2024-07-02,45.3,45.88,44.76,45.8,22674028.0,1029197857.0,16491037955.0,0.001374930314384811
2024-07-03,45.6,46.02,44.92,45.25,20169551.0,914594069.0,16491037955.0,0.0012230613412592803
2024-07-04,45.24,45.78,45.24,45.4,16058960.0,730078877.0,16491037955.0,0.0009737992262112891
2024-07-05,45.4,45.68,44.09,45.1,27405677.0,1227117791.0,16491037955.0,0.0016618527635909501
2024-07-08,42.8,43.63,42.3,43.38,25661548.0,1105464938.0,16491037955.0,0.0015560905305065742
2024-07-09,43.3,43.55,42.71,43.4,23794751.0,1029772331.0,16491037955.0,0.0014428898329462369
2024-07-10,43.09,43.2,41.18,41.71,47960407.0,2005410933.0,16491037955.0,0.002908270973050465
2024-07-11,41.33,42.11,40.87,41.68,34006914.0,1411332495.0,16491037955.0,0.0020621451537978707
2024-07-12,41.53,42.03,40.91,41.21,24098086.0,997563762.0,16491037955.0,0.001461283763081364
2024-07-15,41.0,42.44,40.8,42.39,24825023.0,1044852717.0,16491037955.0,0.0015053644935959399
2024-07-16,42.25,42.6,41.89,42.41,20050250.0,846564006.0,16491037955.0,0.0012158270482859974
2024-07-17,42.38,42.57,41.44,41.72,21983510.0,918227284.0,16491037955.0,0.0013330579954995926
2024-07-18,41.9,42.13,41.49,42.05,17205894.0,721006956.0,16491037955.0,0.0010433481535213653
2024-07-19,42.03,42.17,41.48,41.97,22318200.0,933287514.0,16491037955.0,0.001353353261383601
2024-07-22,41.73,41.91,39.9,41.73,39510434.0,1617790893.0,16491037955.0,0.002395873086206841
2024-07-23,41.5,41.85,40.9,41.06,18091660.0,746132806.0,16491037955.0,0.0010970601152800513
2024-07-24,40.96,41.95,40.8,41.76,18227400.0,754743912.0,16491037955.0,0.0011052912527239405
2024-07-25,41.72,41.72,40.68,41.25,21256537.0,873625845.0,16491037955.0,0.001288975081981127
2024-07-26,41.25,41.4,40.46,40.8,18175082.0,742036178.0,16491037955.0,0.0011021187416823213
2024-07-29,40.58,41.11,40.45,40.84,13837592.0,563827676.0,16491037955.0,0.0008390976988688885
2024-07-30,40.68,40.76,39.52,39.8,22295682.0,890684437.0,16491037955.0,0.0013519877924506299
2024-07-31,39.81,40.25,39.41,39.75,25212841.0,1005030834.0,16491037955.0,0.0015288813881090845
2024-08-01,39.99,40.32,39.26,39.41,21150777.0,836924876.0,16491037955.0,0.001282561901665334
2024-08-02,39.2,39.29,38.51,39.11,16902448.0,658011025.0,16491037955.0,0.0010249474924575782
2024-08-05,38.85,38.86,38.23,38.47,22031849.0,848642293.0,16491037955.0,0.0013359892239724095
2024-08-06,38.51,38.7,37.89,38.15,19075806.0,728251590.0,16491037955.0,0.0011567377415571535
2024-08-07,38.15,39.39,38.01,38.88,21032000.0,820639226.0,16491037955.0,0.0012753593835264445
2024-08-08,39.0,39.48,38.86,38.89,14563020.0,569208407.0,16491037955.0,0.0008830869251370904
2024-08-09,38.8,39.3,38.5,39.05,11124510.0,432957504.0,16491037955.0,0.0006745791277878361
2024-08-12,38.82,39.65,38.63,39.3,13093996.0,515315215.0,16491037955.0,0.0007940067833043805
2024-08-13,39.3,39.72,38.82,39.08,12193738.0,477524777.0,16491037955.0,0.0007394160412021197
2024-08-14,39.0,39.4,38.53,39.13,8949140.0,350139529.0,16491037955.0,0.0005426668730264286
2024-08-15,39.0,40.38,38.95,40.19,23436598.0,936591933.0,16491037955.0,0.0014211717942771542
2024-08-16,40.19,40.64,40.07,40.53,13713993.0,554561586.0,16491037955.0,0.000831602779486781
2024-08-19,40.53,41.21,40.26,40.35,13625257.0,554332986.0,16491037955.0,0.000826221917454801
2024-08-20,40.36,40.45,39.44,39.69,14046750.0,558450464.0,16491037955.0,0.000851780830189715
2024-08-21,39.84,40.08,39.1,39.77,12976628.0,512884589.0,16491037955.0,0.0007868897055121719
2024-08-22,39.77,40.07,39.51,39.93,10675390.0,425313918.0,16491037955.0,0.0006473449414846126
2024-08-23,39.81,40.99,39.76,40.28,13291150.0,536768586.0,16491037955.0,0.0008059620041060054
2024-08-26,40.35,40.55,39.81,40.35,11988715.0,481326862.0,16491037955.0,0.0007269836521336173
2024-08-27,40.34,41.79,40.15,41.7,21791457.0,899510043.0,16491037955.0,0.0013214120942213307
2024-08-28,41.53,42.18,41.05,41.41,15814204.0,656182517.0,16491037955.0,0.0009589574678775882
2024-08-29,41.38,41.5,40.46,40.75,12686400.0,518517207.0,16491037955.0,0.0007692905707098653
2024-08-30,40.51,41.03,39.77,40.55,21526502.0,873048968.0,16491037955.0,0.0013053454887885496
2024-09-02,40.51,41.49,40.08,41.08,21124388.0,868256647.0,16491037955.0,0.0012809616991752294
2024-09-03,41.08,41.75,39.8,40.18,19006283.0,768474527.0,16491037955.0,0.001152521936573276
2024-09-04,40.0,40.2,39.55,39.66,13262800.0,527785454.0,16491037955.0,0.0008042428885429123
2024-09-05,39.63,40.06,38.61,38.72,25277785.0,983408032.0,16491037955.0,0.0015328195271259988
2024-09-06,38.7,39.03,38.03,38.04,16940537.0,650242653.0,16491037955.0,0.0010272571712118166
2024-09-09,38.0,38.04,36.62,37.22,26253998.0,974585238.0,16491037955.0,0.0015920161042404198
2024-09-10,37.2,38.23,37.17,37.49,18615520.0,701532451.0,16491037955.0,0.0011288264602141594
2024-09-11,37.2,37.28,35.95,36.74,24270652.0,884397733.0,16491037955.0,0.0014717479922263632
2024-09-12,36.93,37.83,36.59,37.61,24260306.0,903595754.0,16491037955.0,0.0014711206211640787
2024-09-13,37.5,38.19,37.5,37.85,14576499.0,552672160.0,16491037955.0,0.0008839042781767705
2024-09-18,37.62,38.8,37.62,38.24,13342930.0,512107626.0,16491037955.0,0.0008091018913672738
2024-09-19,38.44,38.44,37.05,38.0,23297289.0,876352275.0,16491037955.0,0.0014127242362532056
2024-09-20,37.95,38.68,37.83,38.5,21632796.0,828847491.0,16491037955.0,0.0013117910503287057
2024-09-23,38.33,39.49,38.21,39.1,16307843.0,636217425.0,16491037955.0,0.0009888912416853388
2024-09-24,39.7,41.19,39.25,41.18,34169835.0,1378344625.0,16491037955.0,0.002072024519817437
2024-09-25,42.0,42.9,41.39,41.78,29689657.0,1244481292.0,16491037955.0,0.0018003510198094138
2024-09-26,42.0,42.77,41.53,42.73,28172620.0,1191462496.0,16491037955.0,0.0017083594178168879
2024-09-27,43.51,43.51,41.5,41.81,24452686.0,1027113357.0,16491037955.0,0.0014827863513943384
2024-09-30,42.32,44.97,41.2,43.6,95933756.0,4072673206.0,16491037955.0,0.005817326735999257
2024-10-08,47.1,47.5,40.77,42.44,118468401.0,5132317102.0,16491037955.0,0.007183805005074345
2024-10-09,41.92,42.53,40.32,40.35,58165757.0,2402306538.0,16491037955.0,0.0035271131604159844
2024-10-10,40.5,43.76,40.5,42.95,75539975.0,3219836367.0,16491037955.0,0.004580668312457353
2024-10-11,43.15,44.05,42.0,42.6,51444614.0,2207725230.0,16491037955.0,0.0031195497906426352
2024-10-14,42.4,43.55,41.92,42.67,34966984.0,1493669609.0,16491037955.0,0.0021203628355847782
2024-10-15,42.64,42.98,41.81,41.81,26721364.0,1130038118.0,16491037955.0,0.0016203567096817102
2024-10-16,41.68,42.13,41.27,41.53,21012405.0,874122095.0,16491037955.0,0.0012741711623815131
2024-10-17,41.58,42.47,40.97,40.99,21766350.0,904721688.0,16491037955.0,0.001319889630925296
2024-10-18,41.05,42.4,40.86,41.98,36328052.0,1516227020.0,16491037955.0,0.002202896633864427
2024-10-21,41.92,42.45,41.1,41.32,34904069.0,1451494331.0,16491037955.0,0.0021165477330926438
2024-10-22,41.33,41.67,41.04,41.44,25286520.0,1046469322.0,16491037955.0,0.0015333492087642219
2024-10-23,41.38,41.64,40.88,41.05,29019434.0,1193892613.0,16491037955.0,0.0017597093693669812
2024-10-24,41.05,41.46,40.76,41.29,22810370.0,941357409.0,16491037955.0,0.0013831979565048548
2024-10-25,41.29,41.37,40.81,40.93,19106601.0,783650868.0,16491037955.0,0.0011586051194677515
2024-10-28,41.34,42.0,40.86,41.1,35549328.0,1468390464.0,16491037955.0,0.002155675591615604
2024-10-29,41.03,41.37,40.59,40.98,27675361.0,1134616960.0,16491037955.0,0.0016782061308402343
2024-10-30,40.88,41.22,40.11,40.44,24195808.0,980182026.0,16491037955.0,0.0014672095271397972
2024-10-31,40.31,40.53,39.5,40.04,26452128.0,1057272282.0,16491037955.0,0.0016040305087030528
2024-11-01,40.03,41.44,40.03,41.07,35744209.0,1461539082.0,16491037955.0,0.002167492979977196
2024-11-04,41.12,41.16,40.3,40.75,24267301.0,983277998.0,16491037955.0,0.0014715447909476357
2024-11-05,40.65,41.05,40.43,41.03,23237996.0,947137858.0,16491037955.0,0.001409128768207968
2024-11-06,41.05,41.48,40.24,40.33,33610454.0,1367244038.0,16491037955.0,0.002038104217073218
2024-11-07,40.33,40.83,40.12,40.81,29915784.0,1212736938.0,16491037955.0,0.001814063134269222
2024-11-08,40.81,41.38,39.87,40.19,40189144.0,1626336617.0,16491037955.0,0.002437029379816257
2024-11-11,39.69,39.8,39.03,39.38,33816602.0,1329739611.0,16491037955.0,0.002050604825013272
2024-11-12,39.22,39.66,38.88,38.91,35772296.0,1399425976.0,16491037955.0,0.0021691961474840957
2024-11-13,38.77,39.9,38.67,39.37,35778306.0,1411951434.0,16491037955.0,0.002169560587855672
2024-11-14,39.11,40.1,38.93,39.61,33176988.0,1320144091.0,16491037955.0,0.002011819273628007
2024-11-15,39.58,40.4,39.2,40.14,41347455.0,1652894760.0,16491037955.0,0.0025072681969944568
2024-11-18,39.99,41.5,39.93,41.43,57225124.0,2354747666.0,16491037955.0,0.003470074118812493
2024-11-19,41.43,41.64,40.66,41.11,34989650.0,1439136955.0,16491037955.0,0.0021217372790892954
2024-11-20,40.85,41.24,40.8,41.04,22181812.0,909162370.0,16491037955.0,0.0013450828298696982
2024-11-21,40.96,41.56,40.9,41.19,20264111.0,836026891.0,16491037955.0,0.0012287953648094068
2024-11-22,41.19,41.32,39.8,39.8,27344613.0,1102845127.0,16491037955.0,0.0016581499038821417
2024-11-25,40.18,40.37,39.5,40.11,23738154.0,947580670.0,16491037955.0,0.0014394578476367348
2024-11-26,39.63,40.12,39.15,39.8,18937511.0,754243135.0,16491037955.0,0.0011483516714760967
2024-11-27,39.81,40.67,39.65,40.6,25259747.0,1019940911.0,16491037955.0,0.0015317257208992943
2024-11-28,40.59,40.74,40.18,40.27,15727994.0,635920735.0,16491037955.0,0.0009537297799518648
2024-11-29,40.48,40.58,39.9,39.96,18674429.0,750723710.0,16491037955.0,0.0011323986428845739
2024-12-02,39.8,39.92,39.1,39.61,37189672.0,1464764181.0,16491037955.0,0.0022551444064031322
2024-12-03,39.5,40.24,39.41,40.23,26866838.0,1071787399.0,16491037955.0,0.00162917810712176
2024-12-04,39.98,42.3,39.9,42.1,58311699.0,2421933718.0,16491037955.0,0.0035359629369065993
2024-12-05,41.99,42.25,41.67,41.92,23911350.0,1003548599.0,16491037955.0,0.0014499602793498028
2024-12-06,41.97,42.68,41.9,42.34,26569423.0,1124814716.0,16491037955.0,0.0016111431598484851
2024-12-09,41.9,42.98,41.51,42.5,24503449.0,1039387367.0,16491037955.0,0.0014858645687957244
2024-12-10,43.41,43.66,42.11,42.54,34904684.0,1489367528.0,16491037955.0,0.0021165850260757586
2024-12-11,42.54,43.4,42.43,43.38,29090148.0,1252026891.0,16491037955.0,0.0017639973953962075
2024-12-12,43.27,43.4,42.52,43.11,25901216.0,1114364682.0,16491037955.0,0.0015706237576238724
2024-12-13,42.96,43.13,42.34,42.6,43169576.0,1838751268.0,16491037955.0,0.002617759786727748
2024-12-16,42.35,43.59,42.35,43.45,36796839.0,1592470312.0,16491037955.0,0.002231323407320361
2024-12-17,43.33,44.2,42.72,42.8,29378460.0,1271383300.0,16491037955.0,0.0017814803458803877
2024-12-18,43.18,43.85,42.93,43.06,28246607.0,1223356556.0,16491037955.0,0.0017128459152830808
2024-12-19,42.72,43.35,42.5,42.61,17271439.0,739556626.0,16491037955.0,0.0010473227365754372
2024-12-20,42.6,42.72,41.05,41.34,40108006.0,1664064919.0,16491037955.0,0.002432109252882985
2024-12-23,41.2,42.17,40.98,41.78,33490704.0,1397011568.0,16491037955.0,0.0020308426971903117
2024-12-24,41.7,41.98,41.16,41.74,19596957.0,815761895.0,16491037955.0,0.0011883398154485662
2024-12-25,41.82,43.26,41.74,42.9,28346879.0,1210170702.0,16491037955.0,0.0017189263087836971
2024-12-26,42.68,43.09,42.1,42.13,22177671.0,938499373.0,16491037955.0,0.0013448317237833925
2024-12-27,42.18,42.53,41.68,42.19,18649827.0,785971308.0,16491037955.0,0.0011309068022819914
2024-12-30,42.4,43.29,42.4,42.78,21762071.0,932948660.0,16491037955.0,0.0013196301566574134
2024-12-31,42.9,43.97,42.7,43.48,35871662.0,1563375731.0,16491037955.0,0.0021752216020534893
2025-01-02,43.34,43.99,42.3,42.59,30361375.0,1306206673.0,16491037955.0,0.0018410833255522636
2025-01-03,42.92,43.01,41.97,42.07,24085702.0,1020680626.0,16491037955.0,0.0014605328097433271
2025-01-06,42.2,42.33,41.42,41.81,21589723.0,902132666.0,16491037955.0,0.0013091791468137458
2025-01-07,41.83,41.92,40.78,41.1,21845858.0,898530525.0,16491037955.0,0.0013247109162935645
2025-01-08,40.95,41.55,40.5,40.88,28457714.0,1163425590.0,16491037955.0,0.0017256472320089328
2025-01-09,40.5,40.66,39.5,39.57,40424668.0,1608901506.0,16491037955.0,0.0024513113189302584
2025-01-10,39.5,39.93,38.9,39.18,28488322.0,1119437483.0,16491037955.0,0.001727503270427104
2025-01-13,39.23,39.51,38.76,38.89,24330736.0,950014027.0,16491037955.0,0.0014753914257181757
2025-01-14,39.2,39.32,38.69,39.32,30813871.0,1202030435.0,16491037955.0,0.001868522229109138
2025-01-15,39.18,39.93,38.96,39.21,29639657.0,1165666418.0,16491037955.0,0.0017973190699626888
2025-01-16,39.35,39.92,39.05,39.7,31088895.0,1229326895.0,16491037955.0,0.0018851994086020525
2025-01-17,39.68,40.06,39.47,39.61,25120232.0,998189721.0,16491037955.0,0.0015232656712419774
2025-01-20,39.7,39.7,38.7,38.74,35852623.0,1401060793.0,16491037955.0,0.0021740670961908535
2025-01-21,38.78,38.88,38.1,38.21,25468980.0,976524409.0,16491037955.0,0.001544413400144891
2025-01-22,38.49,38.5,37.91,38.09,23779006.0,905388715.0,16491037955.0,0.001441935071939503
2025-01-23,38.35,38.98,38.17,38.41,25459581.0,983066790.0,16491037955.0,0.0015438434542127035
2025-01-24,38.62,39.4,38.2,39.08,36208147.0,1413648472.0,16491037955.0,0.002195625714936995
2025-01-27,39.1,40.1,39.09,40.0,29457006.0,1172778344.0,16491037955.0,0.001786243296533605
2025-02-05,40.0,40.0,38.41,38.82,34045080.0,1320107665.0,16491037955.0,0.002064459501754873
2025-02-06,38.82,38.95,38.41,38.95,21866873.0,845553760.0,16491037955.0,0.0013259852448141431
2025-02-07,38.8,38.97,38.51,38.89,26659225.0,1033984427.0,16491037955.0,0.0016165886630511972
2025-02-10,38.7,38.85,38.46,38.59,23816230.0,920195362.0,16491037955.0,0.001444192297961393
2025-02-11,38.54,38.97,38.38,38.55,24355584.0,940113918.0,16491037955.0,0.0014768981835140043
2025-02-12,38.56,38.56,38.03,38.22,30660311.0,1172004628.0,16491037955.0,0.0018592105047398758
2025-02-13,38.24,38.45,38.02,38.11,29750047.0,1135577363.0,16491037955.0,0.0018040130088342885
2025-02-14,38.17,38.21,37.92,38.13,28187397.0,1072369567.0,16491037955.0,0.001709255480274589
2025-02-17,38.1,38.1,37.12,37.28,60759882.0,2269830442.0,16491037955.0,0.003684418298338699
2025-02-18,37.0,37.29,36.5,36.61,56134671.0,2069582589.0,16491037955.0,0.0034039501426882746
2025-02-19,36.62,36.63,36.02,36.1,45129839.0,1630796519.0,16491037955.0,0.0027366281687755656
2025-02-20,36.0,36.3,35.73,36.21,34844239.0,1258578036.0,16491037955.0,0.002112919701906053
2025-02-21,36.17,36.24,35.28,35.38,62451008.0,2226711817.0,16491037955.0,0.0037869664826685554
2025-02-24,35.08,36.1,34.78,35.76,64893459.0,2295273685.0,16491037955.0,0.003935074261370227
2025-02-25,35.53,36.59,35.44,35.63,63888678.0,2302146500.0,16491037955.0,0.003874145349391381
2025-02-26,35.63,36.08,35.33,35.54,33014321.0,1173949524.0,16491037955.0,0.0020019553099136626
2025-02-27,35.4,35.88,34.85,35.74,46893208.0,1654587215.0,16491037955.0,0.0028435570961609616
2025-02-28,35.68,35.88,35.44,35.45,35589052.0,1269862723.0,16491037955.0,0.00215808441512983
2025-03-03,35.58,35.92,35.4,35.54,27862063.0,991969536.0,16491037955.0,0.0016895275528458996
2025-03-04,35.4,35.54,35.13,35.35,21458015.0,757174925.0,16491037955.0,0.0013011925058054965
2025-03-05,35.26,35.73,35.01,35.73,32633112.0,1157753346.0,16491037955.0,0.0019788391785312584
2025-03-06,35.69,35.69,35.23,35.49,29250385.0,1037358454.0,16491037955.0,0.0017737140063480014
2025-03-07,35.49,36.18,35.4,35.89,42731841.0,1536048909.0,16491037955.0,0.002591215975404624
2025-03-10,35.8,36.52,35.78,36.1,32106046.0,1160254399.0,16491037955.0,0.001946878424972978
2025-03-11,36.08,36.45,35.8,36.43,31166826.0,1129340405.0,16491037955.0,0.001889925066272155
2025-03-12,36.35,36.35,35.8,35.93,25021551.0,900264076.0,16491037955.0,0.0015172817543854837
2025-03-13,35.94,37.57,35.93,37.22,84155323.0,3114970393.0,16491037955.0,0.0051030943734190195
2025-03-14,37.1,37.5,37.03,37.17,43887907.0,1634471986.0,16491037955.0,0.002661318658034706
2025-03-17,37.16,37.46,37.0,37.03,28785645.0,1068129158.0,16491037955.0,0.0017455326389126608
2025-03-18,36.98,36.98,36.59,36.68,24126961.0,886235514.0,16491037955.0,0.0014630347141178477
2025-03-19,36.68,36.91,36.52,36.68,20882110.0,767221822.0,16491037955.0,0.0012662702042759322
2025-03-20,36.78,37.15,36.7,36.75,22858993.0,842745919.0,16491037955.0,0.001386146406452801
2025-03-21,36.62,37.15,36.62,36.62,29294231.0,1079586881.0,16491037955.0,0.0017763727838075916
2025-03-24,36.9,37.48,36.67,37.12,41665708.0,1544405604.0,16491037955.0,0.0025265667396858526
2025-03-25,37.12,38.1,36.97,37.75,58279682.0,2200409006.0,16491037955.0,0.0035340214581417472
2025-03-26,37.76,38.13,37.45,38.03,36848469.0,1394470415.0,16491037955.0,0.0022344541987320892
2025-03-27,37.94,38.27,37.79,37.98,23202680.0,881573785.0,16491037955.0,0.0014069872413922293
2025-03-28,37.89,37.99,37.6,37.83,18915606.0,714429528.0,16491037955.0,0.0011470233742482464
2025-03-31,37.72,38.37,37.64,38.35,35510316.0,1357153702.0,16491037955.0,0.002153309943067195
2025-04-01,38.29,38.76,38.25,38.65,23504026.0,905765298.0,16491037955.0,0.0014252605605624537
2025-04-02,38.74,38.74,38.31,38.65,19421142.0,748315610.0,16491037955.0,0.0011776785702025266
2025-04-03,38.22,39.03,38.21,38.96,24685855.0,957488778.0,16491037955.0,0.0014969254856705592
2025-04-07,38.02,38.48,36.8,37.34,71366078.0,2684873022.0,16491037955.0,0.004327567385069426
2025-04-08,37.75,39.18,37.38,39.18,64116748.0,2457862920.0,16491037955.0,0.003887975285422233
2025-04-09,38.87,39.67,38.4,39.46,63588646.0,2469482498.0,16491037955.0,0.0038559517098631286
2025-04-10,39.23,39.23,38.04,38.99,47185190.0,1823708647.0,16491037955.0,0.002861262591763891
2025-04-11,38.88,38.89,37.81,38.02,38592757.0,1470833236.0,16491037955.0,0.002340226073416978
2025-04-14,37.98,38.71,37.66,38.6,32344371.0,1238152682.0,16491037955.0,0.001961330213917393
2025-04-15,38.34,38.86,38.33,38.6,24579300.0,947572629.0,16491037955.0,0.0014904640973522033
2025-04-16,38.59,39.46,38.3,39.46,41901417.0,1630151246.0,16491037955.0,0.002540859897014287
2025-04-17,39.31,39.31,38.88,39.28,19005768.0,742397105.0,16491037955.0,0.0011524907074898548
2025-04-18,39.04,39.51,38.83,39.2,22023137.0,863447709.0,16491037955.0,0.001335460937031116
2025-04-21,39.14,39.43,38.76,38.92,20496036.0,797965740.0,16491037955.0,0.0012428590641734413
2025-04-22,38.79,39.11,38.64,38.64,17289168.0,670997226.0,16491037955.0,0.0010483978053520888
2025-04-23,38.61,38.76,38.4,38.54,18606625.0,717240301.0,16491037955.0,0.001128287076336427
2025-04-24,38.5,39.02,38.45,38.94,23694561.0,921343274.0,16491037955.0,0.001436814411843369
2025-04-25,38.81,38.85,38.4,38.68,24743468.0,954072787.0,16491037955.0,0.0015004190802009466
2025-04-28,37.96,38.33,37.09,38.0,46487659.0,1756521483.0,16491037955.0,0.002818965011593171
2025-04-29,37.85,38.28,37.74,38.27,21136799.0,804322898.0,16491037955.0,0.0012817142897661835
2025-04-30,38.2,38.58,37.75,38.3,22259772.0,850773300.0,16491037955.0,0.0013498102460707119
2025-05-06,38.5,38.5,37.91,38.35,21263342.0,812258210.0,16491037955.0,0.0012893877303552662
2025-05-07,39.35,39.35,38.2,38.78,22750087.0,875910398.0,16491037955.0,0.0013795424558526522
2025-05-08,38.48,38.89,38.41,38.55,16193843.0,626316152.0,16491037955.0,0.0009819783960348055
2025-05-09,38.49,39.1,38.48,38.84,22571597.0,875977056.0,16491037955.0,0.0013687190012898129
2025-05-12,38.85,38.89,38.42,38.56,27826756.0,1073554699.0,16491037955.0,0.0016873865717811332
2025-05-13,38.62,39.26,38.38,39.05,28884456.0,1126782795.0,16491037955.0,0.0017515244388387559
2025-05-14,39.1,39.45,38.96,39.28,20527086.0,805186419.0,16491037955.0,0.0012447419050282576
2025-05-15,39.35,40.07,39.34,40.06,34084006.0,1359819546.0,16491037955.0,0.0020668199353495453
2025-05-16,39.95,40.19,39.31,39.46,25146731.0,994118999.0,16491037955.0,0.0015248725440217448
2025-05-19,39.46,39.88,39.17,39.18,17507387.0,689936232.0,16491037955.0,0.001061630386624139
2025-05-20,39.22,39.45,39.03,39.15,14698330.0,575887365.0,16491037955.0,0.0008912919878122978
2025-05-21,39.23,40.4,39.22,40.1,33194093.0,1328730366.0,16491037955.0,0.002012856503670572
2025-05-22,39.96,40.55,39.9,40.4,19492682.0,786068729.0,16491037955.0,0.001182016684043221
2025-05-23,40.28,40.53,39.53,39.7,22959490.0,916144206.0,16491037955.0,0.0013922404437277278
2025-05-26,39.7,40.04,39.44,39.63,18496005.0,733127770.0,16491037955.0,0.0011215791904955325
2025-05-27,39.71,40.05,39.52,39.52,16651560.0,661419061.0,16491037955.0,0.001009733895794675
2025-05-28,39.53,40.13,39.3,39.81,14828206.0,590798344.0,16491037955.0,0.0008991675381781631
2025-05-29,39.82,39.97,39.63,39.79,15821304.0,630106328.0,16491037955.0,0.0009593880047558232
2025-05-30,39.78,40.23,39.56,39.56,16610343.0,660174182.0,16491037955.0,0.0010072345382580257
2025-06-03,39.24,39.5,38.91,39.17,27980401.0,1095507472.0,16491037955.0,0.0016967034504651347
2025-06-04,39.24,39.32,38.91,39.29,21502090.0,841968316.0,16491037955.0,0.0013038651695953846
2025-06-05,39.33,39.97,39.24,39.3,18565420.0,732774822.0,16491037955.0,0.0011257884464677408
2025-06-06,39.31,39.67,39.12,39.54,21129491.0,833829964.0,16491037955.0,0.0012812711399765862
2025-06-09,39.5,39.71,39.25,39.5,18201492.0,719786040.0,16491037955.0,0.0011037202175913615
2025-06-10,39.6,39.74,39.4,39.65,22756495.0,901657095.0,16491037955.0,0.0013799310305450086
2025-06-11,39.59,39.93,39.55,39.7,20801594.0,827764298.0,16491037955.0,0.0012613877947987538
2025-06-12,39.75,39.93,38.98,39.02,32784031.0,1286820127.0,16491037955.0,0.0019879907553096163
2025-06-13,39.22,39.37,38.97,39.26,27729170.0,1086130600.0,16491037955.0,0.001681469054626283
2025-06-16,39.25,39.25,38.71,39.04,23671019.0,922102922.0,16491037955.0,0.0014353868485775369
2025-06-17,39.04,39.57,38.76,39.5,25043632.0,984055150.0,16491037955.0,0.0015186207240767944
2025-06-18,39.53,39.75,39.15,39.22,18377231.0,723996634.0,16491037955.0,0.0011143768542736339
2025-06-19,39.09,39.46,38.73,39.39,29121190.0,1139920920.0,16491037955.0,0.0017658797511390482
2025-06-20,39.38,39.67,39.25,39.44,20968021.0,827752037.0,16491037955.0,0.0012714797611415721
2025-06-23,39.49,39.98,39.2,39.85,21287073.0,844252964.0,16491037955.0,0.0012908267543915188
2025-06-24,39.8,40.01,39.68,39.85,24485398.0,976116520.0,16491037955.0,0.0014847699742620596
2025-06-25,39.86,40.2,39.63,40.15,21616931.0,863286347.0,16491037955.0,0.0013108290126423398
2025-06-26,40.15,40.3,39.84,40.04,24562919.0,984808365.0,16491037955.0,0.0014894707699434193
2025-06-27,39.98,40.18,39.79,39.93,24365811.0,974042899.0,16491037955.0,0.0014775183385356534
2025-06-30,39.93,40.71,39.89,40.54,29214530.0,1181464586.0,16491037955.0,0.0017715397951129147
2025-07-01,40.55,41.05,40.3,40.94,20036948.0,817942204.0,16491037955.0,0.0012150204283487747
2025-07-02,40.94,41.55,40.81,41.54,22333524.0,921491575.0,16491037955.0,0.0013542824933726254
2025-07-03,41.69,41.7,40.33,40.4,28602253.0,1164946847.0,16491037955.0,0.0017344119319868487
2025-07-04,40.4,41.18,40.4,41.05,30294093.0,1239186160.0,16491037955.0,0.0018370034125605164
2025-07-07,38.79,38.79,37.57,37.7,46156722.0,1747099980.0,16491037955.0,0.002798897323864658
2025-07-08,37.75,37.85,37.5,37.72,20188668.0,760340830.0,16491037955.0,0.0012242205769636772
2025-07-09,37.72,37.93,37.5,37.5,20920104.0,789780606.0,16491037955.0,0.0012685741223254616
2025-07-10,37.64,37.73,37.41,37.46,23544664.0,883459955.0,16491037955.0,0.0014277248081198779
2025-07-11,37.46,37.77,36.8,36.8,43379798.0,1623150189.0,16491037955.0,0.002630507437941313
2025-07-14,37.06,37.98,37.06,37.42,51491446.0,1935504599.0,16491037955.0,0.003122389636147072
2025-07-15,37.47,37.94,37.25,37.47,26227333.0,985634734.0,16491037955.0,0.0015903991653871614
2025-07-16,37.48,37.55,37.2,37.28,15148200.0,565107199.0,16491037955.0,0.0009185716533632221
2025-07-17,37.27,37.34,36.97,37.13,17218477.0,638485726.0,16491037955.0,0.001044111174019792
2025-07-18,37.24,37.58,37.23,37.4,20778801.0,777848796.0,16491037955.0,0.0012600056501416257
2025-07-21,37.51,37.84,37.37,37.77,25712961.0,968061429.0,16491037955.0,0.0015592081632559676
2025-07-22,37.77,39.99,37.58,39.48,74518614.0,2906302112.0,16491037955.0,0.004518734005909333
2025-07-23,39.68,40.18,38.71,38.82,50939959.0,1995344450.0,16491037955.0,0.003088948017644654
2025-07-24,38.83,39.18,38.34,38.82,39150400.0,1517493069.0,16491037955.0,0.0023740409855845246
2025-07-25,38.82,38.91,38.36,38.43,23430400.0,904600324.0,16491037955.0,0.0014207959537741541
2025-07-28,38.23,38.24,37.74,37.8,29503406.0,1118787530.0,16491037955.0,0.001789056945991366
2025-07-29,37.7,37.97,37.68,37.82,17872893.0,676319147.0,16491037955.0,0.001083794303837681
2025-07-30,38.01,38.9,37.88,38.5,32979667.0,1268638025.0,16491037955.0,0.0019998539261138946
2025-07-31,38.28,38.3,37.6,38.16,35149739.0,1332065432.0,16491037955.0,0.002131444915469543
2025-08-01,38.17,38.42,37.54,37.56,24439794.0,923649291.0,16491037955.0,0.0014820045934458587
2025-08-18,41.32,41.32,39.01,39.23,126535324.0,5028382365.0,16491037955.0,0.007672975124142209
2025-08-19,39.15,39.23,38.26,38.27,69450935.0,2674812524.0,16491037955.0,0.004211435034563293
2025-08-20,38.18,38.64,38.02,38.63,42103498.0,1612549400.0,16491037955.0,0.0025531138861538084
2025-08-21,38.6,38.6,38.24,38.44,31827749.0,1222728964.0,16491037955.0,0.0019300027740430969
2025-08-22,38.44,38.5,38.15,38.5,34603245.0,1326898953.0,16491037955.0,0.0020983060674788193
2025-08-25,38.57,39.19,38.57,39.1,41922544.0,1630045374.0,16491037955.0,0.0025421410171025225
2025-08-26,39.13,39.19,38.81,38.83,27536173.0,1071753634.0,16491037955.0,0.0016697659101349148
2025-08-27,38.77,38.77,38.21,38.23,31391733.0,1207236969.0,16491037955.0,0.001903563201155703
2025-08-28,38.11,38.16,37.63,37.9,30321880.0,1149969932.0,16491037955.0,0.0018386883883683353
2025-08-29,37.9,38.3,37.46,37.47,51055468.0,1930260088.0,16491037955.0,0.0030959523675415613
2025-09-01,37.6,38.38,37.47,37.9,46962473.0,1785289938.0,16491037955.0,0.0028477572562836295
2025-09-02,37.9,38.35,37.66,38.16,42572666.0,1617629553.0,16491037955.0,0.0025815637630675747
2025-09-03,38.17,38.25,37.61,37.78,28124216.0,1062806332.0,16491037955.0,0.0017054242478092702
2025-09-04,37.68,38.38,37.24,38.17,47747580.0,1803494868.0,16491037955.0,0.002895365357249886
2025-09-05,38.0,38.24,37.79,38.16,25457068.0,968508527.0,16491037955.0,0.0015436910684134071
2025-09-08,38.16,38.3,37.88,38.05,31208503.0,1189085247.0,16491037955.0,0.0018924523177473943
2025-09-09,38.15,38.27,37.93,38.14,22152992.0,844183914.0,16491037955.0,0.0013433352139780458
2025-09-10,38.1,38.55,37.94,38.17,29549166.0,1130331406.0,16491037955.0,0.0017918317864910886
2025-09-11,38.2,38.32,38.03,38.28,28099182.0,1071827036.0,16491037955.0,0.0017039062111600118
2025-09-12,38.32,38.42,37.65,37.76,44731893.0,1699838451.0,16491037955.0,0.0027124971225014685
2025-09-15,37.75,38.24,37.68,38.19,33699567.0,1282257747.0,16491037955.0,0.0020435079400070427
2025-09-16,38.3,38.78,38.3,38.41,42723298.0,1647981051.0,16491037955.0,0.0025906979364538124
2025-09-17,38.33,39.13,38.3,38.98,45927949.0,1784030068.0,16491037955.0,0.002785024758618961
2025-09-18,38.95,38.97,38.12,38.28,34589290.0,1329974267.0,16491037955.0,0.002097459850276598
2025-09-19,38.27,38.85,38.11,38.6,35024415.0,1351081931.0,16491037955.0,0.0021238453938177233
2025-09-22,38.73,38.98,38.3,38.51,27109297.0,1046656896.0,16491037955.0,0.0016438805776795024
2025-09-23,38.36,38.96,38.17,38.86,33017401.0,1278886215.0,16491037955.0,0.002002142078024221
2025-09-24,38.73,39.16,38.65,38.95,28500609.0,1107910688.0,16491037955.0,0.0017282483417824382
2025-09-25,38.93,38.93,38.45,38.72,19818486.0,765400736.0,16491037955.0,0.0012017731118004694
2025-09-26,38.8,38.91,38.52,38.76,21539186.0,834648041.0,16491037955.0,0.001306114633825667
2025-09-29,38.58,38.75,38.0,38.35,32027805.0,1226530388.0,16491037955.0,0.0019421339692138257
2025-09-30,38.33,38.6,38.03,38.5,23886334.0,915672364.0,16491037955.0,0.0014484433342024892
2025-10-09,38.28,39.46,38.27,39.44,43382921.0,1688660954.0,16491037955.0,0.0026306968135287397
2025-10-10,39.43,40.04,39.0,39.77,39260957.0,1560433513.0,16491037955.0,0.002380745051168612
2025-10-13,39.46,40.2,39.12,39.95,44111732.0,1750804534.0,16491037955.0,0.002674891181523571
2025-10-14,39.9,40.88,39.68,40.65,47524637.0,1923644186.0,16491037955.0,0.002881846317356317
2025-10-15,40.64,41.12,40.34,40.86,37953731.0,1544796029.0,16491037955.0,0.002301476177761911
2025-10-16,40.75,42.11,40.6,42.01,48524335.0,2024896057.0,16491037955.0,0.002942467001313745
2025-10-17,41.97,42.66,41.65,41.9,45477045.0,1916397491.0,16491037955.0,0.0027576823923452063
2025-10-20,41.79,42.45,41.58,42.23,37973394.0,1597037338.0,16491037955.0,0.002302668522358634
2025-10-21,42.23,42.23,41.05,41.8,45736306.0,1898394137.0,16491037955.0,0.002773403719329442
2025-10-22,41.8,42.19,41.63,42.14,27413031.0,1149319234.0,16491037955.0,0.0016622987027744064
2025-10-23,41.98,42.6,41.98,42.22,25763279.0,1089610665.0,16491037955.0,0.001562259396303718
2025-10-24,42.29,42.7,42.01,42.5,27432283.0,1163307461.0,16491037955.0,0.0016634661247433894
2025-10-27,42.0,42.92,41.13,42.69,34529883.0,1461782123.0,16491037955.0,0.00209385746938571
2025-10-28,42.69,43.07,42.4,42.59,21464184.0,917128079.0,16491037955.0,0.0013015665877775854
2025-10-29,42.48,42.5,41.95,42.14,21904041.0,922805591.0,16491037955.0,0.0013282390750522046
2025-10-30,42.31,43.81,42.2,43.04,38578085.0,1661979795.0,16491037955.0,0.002339336378053955
2025-10-31,43.25,43.46,42.26,42.51,22777308.0,968315697.0,16491037955.0,0.0013811931099882062
2025-11-03,42.8,43.95,42.66,43.42,27729157.0,1203000005.0,16491037955.0,0.0016814682663193227
2025-11-04,43.5,43.95,43.33,43.52,22824364.0,995835142.0,16491037955.0,0.0013840465386279561
2025-11-05,43.4,44.07,43.38,43.58,24574559.0,1074978949.0,16491037955.0,0.0014901766078677368
2025-11-06,43.58,44.39,43.38,43.99,28412845.0,1248884303.0,16491037955.0,0.0017229264208554786
2025-11-07,43.96,44.12,43.46,43.73,23188978.0,1014468128.0,16491037955.0,0.0014061563658562327
2025-11-10,42.9,43.49,42.51,43.15,22156337.0,955100795.0,16491037955.0,0.0013435380514227916
2025-11-11,43.13,43.21,42.36,42.8,20993749.0,897101265.0,16491037955.0,0.001273039881254703
2025-11-12,42.76,43.25,42.6,42.6,19841174.0,850914145.0,16491037955.0,0.0012031488893629195
2025-11-13,42.69,42.85,42.02,42.62,21778201.0,923181799.0,16491037955.0,0.0013206082636779669
2025-11-14,42.76,43.06,42.05,42.09,16836712.0,714090566.0,16491037955.0,0.001020961327355092
2025-11-17,42.06,42.74,41.52,42.4,23133692.0,977566052.0,16491037955.0,0.0014028038782717119
2025-11-18,42.24,42.58,41.85,41.91,17641789.0,741974355.0,16491037955.0,0.00106978038909013
2025-11-19,41.85,42.76,41.66,42.52,17667643.0,747910896.0,16491037955.0,0.0010713481497168745
2025-11-20,42.31,42.81,41.91,42.0,14072990.0,596299022.0,16491037955.0,0.0008533719974692764
2025-11-21,42.5,42.55,41.59,42.07,27943464.0,1172720173.0,16491037955.0,0.001694463627835365
2025-11-24,42.28,42.34,41.12,41.2,29288946.0,1214264561.0,16491037955.0,0.0017760523067087927
2025-11-25,41.5,41.55,40.95,41.2,21454000.0,883206236.0,16491037955.0,0.0013009490402328045
2025-11-26,41.21,41.49,40.99,41.0,16604862.0,683326469.0,16491037955.0,0.0010069021759158275
2025-11-27,41.01,41.45,40.79,41.45,14056150.0,579667183.0,16491037955.0,0.0008523508367608994
2025-11-28,41.28,41.39,41.1,41.14,14193374.0,584888907.0,16491037955.0,0.0008606719624762395
2025-12-01,41.14,41.37,40.9,41.34,17565207.0,722749161.0,16491037955.0,0.0010651365334268918
2025-12-02,41.4,41.75,41.04,41.6,19433672.0,806183848.0,16491037955.0,0.001178438376834116
2025-12-03,41.48,41.92,41.3,41.64,16748056.0,697925221.0,16491037955.0,0.0010155853164428668
2025-12-04,41.6,42.22,41.51,41.75,16704309.0,698801376.0,16491037955.0,0.001012932542243973
2025-12-05,41.6,41.75,41.31,41.53,13909697.0,577648201.0,16491037955.0,0.0008434700737428507
2025-12-08,41.49,41.49,40.58,40.9,23739750.0,970491432.0,16491037955.0,0.0014395546274758421
2025-12-09,41.0,41.13,40.4,40.48,16238526.0,660775764.0,16491037955.0,0.00098468792833483
2025-12-10,40.47,40.47,40.02,40.18,16846060.0,677856777.0,16491037955.0,0.0010215281806984357
2025-12-11,40.47,40.67,40.04,40.31,17334377.0,698017620.0,16491037955.0,0.0010511392337645008
2025-12-12,40.17,40.29,39.83,40.0,26275821.0,1050510159.0,16491037955.0,0.0015933394290705216
2025-12-15,40.0,40.26,39.89,39.91,17097856.0,685317800.0,16491037955.0,0.0010367968375705554
2025-12-16,39.9,40.21,39.52,40.17,23011273.0,918514585.0,16491037955.0,0.001395380512905987
2025-12-17,40.16,40.25,39.94,40.0,20312905.0,814797178.0,16491037955.0,0.001231754184025829
2025-12-18,40.2,40.93,40.0,40.83,20351584.0,823223056.0,16491037955.0,0.0012340996397882586
2025-12-19,40.68,40.86,40.43,40.59,16198407.0,658830999.0,16491037955.0,0.0009822551524168146
2025-12-22,41.18,41.25,40.03,40.88,40200622.0,1633824893.0,16491037955.0,0.002437725394223071
2025-12-23,40.87,41.46,40.84,41.15,22868985.0,941327811.0,16491037955.0,0.0013867523113101706
2025-12-24,41.1,41.13,40.12,40.25,25981761.0,1048567867.0,16491037955.0,0.0015755079256319618
2025-12-25,40.25,40.35,40.01,40.13,13208802.0,530881888.0,16491037955.0,0.000800968503986443
2025-12-26,40.05,40.25,40.01,40.07,16596912.0,665622386.0,16491037955.0,0.0010064200958901984
2025-12-29,40.07,40.65,40.01,40.2,24073766.0,970416650.0,16491037955.0,0.0014598090226759168
2025-12-30,40.21,40.49,40.0,40.45,23746836.0,954601159.0,16491037955.0,0.00143998431540812
2025-12-31,40.35,40.55,40.16,40.5,19453115.0,786126821.0,16491037955.0,0.0011796173808515135
2026-01-05,40.51,40.75,40.22,40.26,28383600.0,1146805091.0,16491037955.0,0.001721153033390129
2026-01-06,40.3,41.02,40.07,40.78,36700809.0,1489725093.0,16491037955.0,0.002225500244444741
2026-01-07,41.0,41.32,40.24,41.26,41432171.0,1692823040.0,16491037955.0,0.00251240529025876
2026-01-08,41.26,41.66,41.16,41.45,34492552.0,1427477420.0,16491037955.0,0.0020915937549911483
2026-01-09,41.4,42.55,41.22,42.45,36814026.0,1551084763.0,16491037955.0,0.0022323656097606743
2026-01-12,42.45,42.55,41.68,41.86,26094999.0,1092988458.0,16491037955.0,0.001582374564366831
2026-01-13,41.94,42.33,41.7,41.9,22288873.0,934755539.0,16491037955.0,0.001351574901520503
2026-01-14,42.0,42.0,41.38,41.74,27342320.0,1138991018.0,16491037955.0,0.0016580108586621708
2026-01-15,41.6,42.1,41.48,41.56,23255920.0,971142926.0,16491037955.0,0.001410215661589022
2026-01-16,41.58,42.0,40.66,41.0,30387097.0,1253506703.0,16491037955.0,0.0018426430818314129
2026-01-19,40.66,41.3,40.51,40.7,22774227.0,929317176.0,16491037955.0,0.001381006281238651
2026-01-20,40.73,40.99,40.51,40.85,19819930.0,807982884.0,16491037955.0,0.001201860674512043
2026-01-21,40.98,40.98,40.0,40.08,32067722.0,1291860035.0,16491037955.0,0.0019445544960544601
2026-01-22,40.1,40.85,40.0,40.65,31714973.0,1284549553.0,16491037955.0,0.0019231641505248116
2026-01-23,40.79,40.8,39.86,40.0,33743193.0,1355934686.0,16491037955.0,0.002046153376887307
2026-01-26,40.0,42.2,39.8,41.65,68574610.0,2827767154.0,16491037955.0,0.0041582955655746654
2026-01-27,41.66,42.17,40.51,40.65,37479207.0,1546852544.0,16491037955.0,0.0022727015183805635
2026-01-28,40.8,41.84,40.36,41.18,65193036.0,2685518770.0,16491037955.0,0.003953240310154874
2026-01-29,41.3,41.64,40.52,41.38,44464359.0,1824120724.0,16491037955.0,0.0026962741290955934
2026-01-30,41.37,42.46,41.18,41.93,44267066.0,1855716327.0,16491037955.0,0.0026843104794733947
2026-02-02,41.65,41.65,40.02,40.21,43835204.0,1778786373.0,16491037955.0,0.0026581228009792666
2026-02-03,40.25,40.48,39.52,39.6,38860258.0,1547002879.0,16491037955.0,0.0023564470657359542
2026-02-04,39.65,42.6,39.65,42.42,88248310.0,3670432663.0,16491037955.0,0.005351288999564976
2026-02-05,41.9,42.35,41.18,41.86,36101377.0,1504631974.0,16491037955.0,0.0021891512892342987
2026-02-06,41.43,42.19,41.05,41.67,25180416.0,1049011762.0,16491037955.0,0.0015269151686334835
2026-02-09,41.87,42.44,41.58,42.21,24141492.0,1015416640.0,16491037955.0,0.0014639158593823028
2026-02-10,42.21,42.6,42.02,42.48,21325203.0,903818687.0,16491037955.0,0.0012931389193446313
2026-02-11,42.67,42.98,42.13,42.86,19087988.0,814420690.0,16491037955.0,0.0011574764458178097
2026-02-12,42.85,43.07,42.4,42.56,22467106.0,958721212.0,16491037955.0,0.00136238277186113
2026-02-13,42.56,42.58,41.11,41.45,31472002.0,1308791174.0,16491037955.0,0.0019084306328006387
2026-02-24,41.73,42.69,41.73,42.52,25499964.0,1078831282.0,16491037955.0,0.0015462922388259097
2026-02-25,42.53,42.8,42.05,42.18,22881117.0,969751969.0,16491037955.0,0.00138748798362098
2026-02-26,42.18,42.77,41.74,41.83,17143447.0,719853245.0,16491037955.0,0.0010395614300797963
2026-02-27,41.9,42.45,41.68,42.26,20799222.0,875782924.0,16491037955.0,0.0012612439590980252
2026-03-02,43.09,44.88,42.46,44.73,80140749.0,3526126427.0,16491037955.0,0.004859654632939689
2026-03-03,44.7,46.61,43.95,45.81,85249667.0,3875729982.0,16491037955.0,0.00516945429588031
2026-03-04,45.0,46.31,43.66,46.11,70864863.0,3200538655.0,16491037955.0,0.0042971742102209
2026-03-05,45.65,46.3,44.6,45.88,51223726.0,2329526050.0,16491037955.0,0.003106155363887767
2026-03-06,45.6,46.2,45.0,45.83,31082645.0,1414597326.0,16491037955.0,0.0018848204148712118
2026-03-09,47.5,49.59,47.5,47.95,88347277.0,4277040392.0,16491037955.0,0.005357290259174593
2026-03-10,45.99,47.19,45.9,46.18,47132080.0,2188340169.0,16491037955.0,0.0028580420546367
2026-03-11,45.8,48.06,45.51,47.83,43429537.0,2035915601.0,16491037955.0,0.002633523561009838
2026-03-12,48.25,49.8,47.7,49.26,56922537.0,2793239803.0,16491037955.0,0.0034517255466470728
2026-03-13,49.41,49.68,48.43,48.92,39552105.0,1936566598.0,16491037955.0,0.0023983999738480984
2026-03-16,49.11,49.33,47.9,48.49,31934402.0,1550701219.0,16491037955.0,0.0019364701049831524
2026-03-17,48.01,48.65,47.21,47.74,37514190.0,1796396429.0,16491037955.0,0.002274822852410323
2026-03-18,47.74,48.3,46.72,47.48,32113851.0,1521533086.0,16491037955.0,0.0019473517123440517
2026-03-19,48.0,49.9,47.65,49.47,55845221.0,2738215723.0,16491037955.0,0.003386398185025583
2026-03-20,48.61,49.78,48.31,49.55,43742251.0,2158837828.0,16491037955.0,0.002652486224297214
2026-03-23,50.23,50.38,48.8,49.5,73594838.0,3636387635.0,16491037955.0,0.004462717155877166
2026-03-24,48.63,49.29,47.9,48.48,46562759.0,2258622794.0,16491037955.0,0.002823519000262952
2026-03-25,47.48,47.5,46.6,47.25,57911108.0,2720978910.0,16491037955.0,0.0035116715004856105
2026-03-26,47.13,47.98,47.05,47.69,35922579.0,1707565397.0,16491037955.0,0.0021783091578604034
2026-03-27,47.56,48.03,47.18,47.5,22546507.0,1070946748.0,16491037955.0,0.0013671975688567264
2026-03-30,47.89,48.43,47.62,47.82,28126523.0,1349754444.0,16491037955.0,0.001705564141975198
2026-03-31,47.73,48.19,46.6,46.75,39112101.0,1841926250.0,16491037955.0,0.00237171857264093
2026-04-01,46.33,47.48,45.87,46.62,33588680.0,1573648802.0,16491037955.0,0.0020367838635539665
2026-04-02,46.68,47.9,46.68,47.69,32237381.0,1531233784.0,16491037955.0,0.0019548424476353706
2026-04-03,47.7,47.88,47.03,47.58,21324148.0,1011746763.0,16491037955.0,0.0012930749452028656
2026-04-07,47.58,48.59,47.22,48.42,26435959.0,1270791768.0,16491037955.0,0.0016030500367616187
2026-04-08,47.45,47.49,46.13,46.76,50272881.0,2344271022.0,16491037955.0,0.0030484970768475802
2026-04-09,46.8,47.3,46.58,46.79,22241764.0,1041816417.0,16491037955.0,0.0013487182590139154
2026-04-10,46.5,46.63,46.1,46.38,25677391.0,1189465739.0,16491037955.0,0.0015570512341350074
2026-04-13,46.7,46.7,46.08,46.32,23287020.0,1078984871.0,16491037955.0,0.0014121015343936851
2026-04-14,46.11,46.22,45.42,45.66,30157733.0,1377030649.0,16491037955.0,0.0018287346789385278
2026-04-15,45.21,46.01,45.0,45.83,28206227.0,1285404418.0,16491037955.0,0.0017103973125868657
2026-04-16,45.82,46.07,45.35,45.53,27514442.0,1255710141.0,16491037955.0,0.0016684481640925311
2026-04-17,45.55,45.69,45.33,45.55,21478305.0,977826943.0,16491037955.0,0.0013024228710532975
2026-04-20,45.6,45.74,45.16,45.23,22446511.0,1017550185.0,16491037955.0,0.001361133911719264
2026-04-21,45.23,46.16,45.22,45.98,28987052.0,1328319917.0,16491037955.0,0.001757745757368248
2026-04-22,45.98,46.8,45.8,45.87,35667641.0,1648892634.0,16491037955.0,0.0021628499732599155
2026-04-23,45.88,47.25,45.45,46.98,41995162.0,1949774231.0,16491037955.0,0.002546544499781912
2026-04-24,46.99,47.55,46.66,47.19,34547544.0,1628417118.0,16491037955.0,0.0020949284147105704
2026-04-27,46.5,47.17,46.32,46.78,26600507.0,1243023158.0,16491037955.0,0.001613028062429197
2026-04-28,46.76,48.3,46.57,48.15,40883952.0,1951324557.0,16491037955.0,0.002479161839998324
2026-04-29,48.16,48.7,47.77,47.98,33864569.0,1629280280.0,16491037955.0,0.002053513495779229
2026-04-30,48.1,48.18,47.52,48.0,30525140.0,1461037435.0,16491037955.0,0.0018510138708852423
2026-05-06,47.6,47.99,46.67,47.73,30823063.0,1459057428.0,16491037955.0,0.00186907962276896
2026-05-07,47.5,47.5,45.5,45.59,49708037.0,2290349366.0,16491037955.0,0.0030142455032631087
2026-05-08,45.53,45.89,45.13,45.18,28519685.0,1295063112.0,16491037955.0,0.0017294050912879607
2026-05-11,45.18,45.38,44.75,45.17,30877003.0,1391774361.0,16491037955.0,0.001872350490263607
2026-05-12,45.17,45.38,44.94,45.2,24251826.0,1094629072.0,16491037955.0,0.0014706064024700741
2026-05-13,45.25,45.38,44.65,44.8,24597489.0,1105754476.0,16491037955.0,0.001491567060067445
2026-05-14,44.81,45.4,44.53,45.17,34391684.0,1546630900.0,16491037955.0,0.002085477220648359
2026-05-15,45.16,45.9,44.77,45.7,40667262.0,1852794589.0,16491037955.0,0.002466021975752587
2026-05-18,45.95,46.18,45.26,45.85,36830715.0,1685733903.0,16491037955.0,0.0022333776139805144
2026-05-19,45.85,46.6,45.57,46.07,35907934.0,1659080856.0,16491037955.0,0.0021774210997502976
2026-05-20,46.15,46.97,46.0,46.0,30495747.0,1415152633.0,16491037955.0,0.0018492315088483465
2026-05-21,45.79,45.79,45.0,45.26,25264429.0,1146025381.0,16491037955.0,0.0015320096326829416
2026-05-22,45.26,45.49,44.7,44.98,27467336.0,1241232482.0,16491037955.0,0.0016655917035029346
2026-05-25,45.48,46.98,44.72,44.78,54312396.0,2479043573.0,16491037955.0,0.003293449214549455
2026-05-26,44.75,45.1,44.35,44.8,36456250.0,1633322966.0,16491037955.0,0.002210670431993436
2026-05-27,44.85,46.23,44.24,46.1,39744558.0,1793789067.0,16491037955.0,0.002410070130725134
2026-05-28,45.8,46.87,45.6,46.15,32510879.0,1504252820.0,16491037955.0,0.001971427092018963
2026-05-29,46.01,47.89,45.9,46.92,58449540.0,2756695552.0,16491037955.0,0.003544321476883048
2026-06-01,47.0,49.01,47.0,49.0,57675114.0,2792070611.0,16491037955.0,0.0034973610610430496
2026-06-02,48.7,50.16,47.7,48.24,56686338.0,2761140882.0,16491037955.0,0.0034374026762101404
2026-06-03,47.78,49.18,47.66,48.85,41275198.0,2000074202.0,16491037955.0,0.0025028866049929604
2026-06-04,48.56,49.8,48.51,49.02,37968679.0,1869936940.0,16491037955.0,0.002302382609488088
2026-06-05,48.75,49.8,48.52,48.52,35822715.0,1756851081.0,16491037955.0,0.0021722535050705365
2026-06-08,48.57,51.18,48.33,50.76,55263622.0,2768353530.0,16491037955.0,0.0033511306050474734
2026-06-09,49.5,50.3,48.56,48.98,38314575.0,1877224421.0,16491037955.0,0.0023233573959717444
2026-06-10,48.75,48.8,47.41,47.51,34091874.0,1634715383.0,16491037955.0,0.002067297042977426
2026-06-11,47.9,48.33,47.04,47.29,28118338.0,1334071961.0,16491037955.0,0.0017050678117852892
2026-06-12,46.99,47.0,45.8,46.14,94683678.0,4365216882.0,16491037955.0,0.005741523259989368
2026-06-15,45.6,45.6,43.11,43.39,89819276.0,3939195456.0,16491037955.0,0.005446550802023183
2026-06-16,43.14,43.2,42.12,42.52,65687103.0,2793995516.0,16491037955.0,0.003983200037453312
2026-06-17,42.65,42.71,41.59,41.86,50354468.0,2110744320.0,16491037955.0,0.0030534444306904757
2026-06-18,41.88,42.55,41.26,41.26,54411558.0,2268592516.0,16491037955.0,0.003299462298763474
2026-06-22,41.2,41.78,40.8,41.51,71558853.0,2949085393.0,16491037955.0,0.004339257067703474
2026-06-23,41.5,41.88,40.65,40.66,54123267.0,2229180878.0,16491037955.0,0.0032819806216982297
2026-06-24,40.7,40.86,39.9,40.05,38744297.0,1557886203.0,16491037955.0,0.0023494153070124325
2026-06-25,39.8,40.37,39.2,39.4,47901811.0,1898938854.0,16491037955.0,0.002904717770386091
2026-06-26,39.43,39.75,38.86,39.57,43510069.0,1711902857.0,16491037955.0,0.0026384069407109677
2026-06-29,39.59,40.3,38.85,39.98,41868426.0,1663295959.0,16491037955.0,0.002538859355866421
2026-06-30,39.97,40.07,38.73,39.04,40693593.0,1589851329.0,16491037955.0,0.002467618661180869
2026-07-01,38.97,40.0,38.73,39.48,39839895.0,1566613516.0,16491037955.0,0.002415851270775879
2026-07-02,39.8,41.06,39.74,40.77,62708460.0,2542417846.0,16491037955.0,0.003802578113707337
2026-07-03,40.77,41.5,40.44,40.7,35957741.0,1467678943.0,16491037955.0,0.0021804413462706146
2026-07-06,40.49,42.03,40.2,41.91,50218274.0,2081839003.0,16491037955.0,0.003045185763141978
2026-07-07,41.8,42.3,41.1,41.76,36861300.0,1531953203.0,16491037955.0,0.002235232257701756
2026-07-08,41.76,42.7,41.56,42.29,36989553.0,1562082206.0,16491037955.0,0.0022430093909755968
2026-07-09,42.0,42.59,41.57,42.13,32588110.0,1373640031.0,16491037955.0,0.0019761103023912116
2026-07-10,41.89,42.16,41.45,42.04,30245890.0,1265554003.0,16491037955.0,0.0018340804309912827
2026-07-13,41.2,42.78,40.72,42.65,47572926.0,2001428305.0,16491037955.0,0.0028847745138792873
2026-07-14,42.66,44.36,42.47,43.42,50931426.0,2215626873.0,16491037955.0,0.0030884305850838118
2026-07-15,42.98,43.8,42.88,43.69,29444869.0,1278319064.0,16491037955.0,0.0017855073210278109
2026-07-16,43.78,44.24,42.65,43.27,30455912.0,1313300330.0,16491037955.0,0.0018468159544054606
2026-07-17,43.18,44.44,43.02,43.95,47985076.0,2105597749.0,16491037955.0,0.002909766876465842
2026-07-20,43.9,46.14,43.73,46.14,57333385.0,2589603751.0,16491037955.0,0.003476638957259619
2026-07-21,46.15,46.8,44.3,45.1,62161100.0,2812898499.0,16491037955.0,0.003769386752345268
2026-07-22,44.68,45.44,44.05,45.44,47093898.0,2106736489.0,16491037955.0,0.0028557267364557465
2026-07-23,45.4,45.7,44.67,45.32,31408468.0,1421404555.0,16491037955.0,0.001904577994769402
2026-07-24,46.0,46.0,45.09,45.7,33796367.0,1538929951.0,16491037955.0,0.0020493777949103023
2026-07-27,45.7,45.7,44.5,44.83,31397163.0,1406826201.0,16491037955.0,0.0019038924709090575
2026-07-28,44.53,45.44,43.96,45.44,36729283.0,1636956060.0,16491037955.0,0.0022272268792434538
2026-07-29,45.99,45.99,44.9,45.03,30120400.0,1362405659.0,16491037955.0,0.001826470843265972
2026-07-30,45.0,45.79,44.87,45.7,36659445.0,1666255214.0,16491037955.0,0.0022229919729755423
2026-07-31,44.5,45.69,43.88,45.69,48600409.0,2160255324.0,16491037955.0,0.0029470800523665403
2026-08-03,44.92,44.98,43.64,43.73,41208985.0,1821142116.0,16491037955.0,0.002498871515088936
2026-08-04,43.5,43.5,42.73,43.15,38528423.0,1656421347.0,16491037955.0,0.0023363249241881937
2026-08-05,42.81,43.25,42.38,43.0,27399003.0,1173547460.0,16491037955.0,0.0016614480589254093
2026-08-06,42.9,44.27,42.9,43.97,39505666.0,1722450883.0,16491037955.0,0.002395583959469457
2026-08-07,43.89,44.37,43.38,43.94,26835226.0,1177927398.0,16491037955.0,0.0016272611871506666
2026-08-10,43.79,44.96,43.71,44.68,29863087.0,1330909987.0,16491037955.0,0.0018108676410477644
2026-08-11,44.94,45.13,44.3,44.7,25312479.0,1133033508.0,16491037955.0,0.0015349233364856446
2026-08-12,44.5,44.94,44.05,44.07,23363855.0,1035114465.0,16491037955.0,0.0014167607317231475
2026-08-13,43.87,44.45,43.6,44.34,26947694.0,1189306493.0,16491037955.0,0.001634081133857896
2026-08-14,44.22,44.93,43.82,44.72,22025791.0,981899938.0,16491037955.0,0.0013356218729289801
2026-08-17,44.72,45.17,44.6,44.79,21212257.0,951968536.0,16491037955.0,0.0012862899871968671
2026-08-18,44.8,45.97,44.79,45.7,33658022.0,1533115240.0,16491037955.0,0.0020409886928793985
2026-08-19,46.0,46.52,45.8,46.52,40002953.0,1849501314.0,16491037955.0,0.0024257389443380246
2026-08-20,46.0,47.11,45.8,46.55,27294396.0,1271312602.0,16491037955.0,0.0016551047953730818
2026-08-21,46.34,46.9,46.29,46.41,18121401.0,844225228.0,16491037955.0,0.0010988635796878802
2026-08-24,46.38,47.0,46.29,46.89,23941219.0,1120901735.0,16491037955.0,0.0014517715055492393
2026-08-25,46.89,47.5,46.73,47.17,25796575.0,1217687475.0,16491037955.0,0.0015642784323456492
2026-08-26,46.86,47.66,46.68,47.26,19573472.0,925062041.0,16491037955.0,0.0011869157086055594
2026-08-27,47.05,48.0,47.04,47.8,21724366.0,1033637331.0,16491037955.0,0.001317343763277998
2026-08-28,47.8,48.18,47.08,47.63,22726453.0,1079822770.0,16491037955.0,0.0013781093137991021
2026-08-31,48.0,48.97,47.55,48.78,39607184.0,1921965925.0,16491037955.0,0.002401739909160254
2026-09-01,48.78,49.48,48.24,48.3,32302323.0,1581115591.0,16491037955.0,0.0019587804653742914
2026-09-02,48.95,49.05,47.4,48.05,34721465.0,1666467353.0,16491037955.0,0.0021054748096964162
2026-09-03,48.0,48.58,47.67,47.78,21839727.0,1050924465.0,16491037955.0,0.0013243391386033592
2026-09-04,47.77,48.09,47.22,47.61,19862745.0,945654657.0,16491037955.0,0.0012044569331657936
2026-09-07,47.5,47.76,45.22,46.09,47517719.0,2189300176.0,16491037955.0,0.0028814268167755243
2026-09-08,46.0,46.33,45.6,46.32,25928795.0,1194397824.0,16491037955.0,0.0015722961205203291
2026-09-09,46.16,47.39,45.95,47.33,29753880.0,1394385888.0,16491037955.0,0.0018042454381095383
2026-09-10,47.36,47.51,46.76,47.28,20059700.0,946372943.0,16491037955.0,0.0012164000868070284
2026-09-11,47.34,48.1,47.05,47.51,30479399.0,1450951284.0,16491037955.0,0.0018482401825264613
2026-09-14,47.4,48.16,46.97,47.2,19855669.0,940416333.0,16491037955.0,0.001204027851623485
2026-09-15,47.38,47.45,46.91,46.98,15774334.0,742764422.0,16491037955.0,0.0009565397910698095
2026-09-16,46.93,47.18,46.25,47.1,19917107.0,930992742.0,16491037955.0,0.0012077533903171469
