Stkcd,fiscal_year,assets,liabilities,cur_liabilities,st_borrow,lt_borrow,equity,cash,net_income,ni_parent,assets_prev,equity_prev,leverage,bankloan,st_debt_ratio,cash_ta,roa,roe,ownership,EquityNature,ActualControllerName,is_re,std_ver,IndustryCode,IndustryName,listing_state
000002,2005,21992392061.3,13411168833.23,10859763002.48,900000000.0,1194889180.0,8581223228.07,3249034710.39,1433425711.84,1350362816.78,15534422529.76,6304447542.07,0.6098094648298684,0.15620481749579604,0.8097551479310168,0.14773448478609677,0.07639474479571119,0.19259134962401409,国有,国企,中国华润总公司,True,证监会2001版,J01,房地产开发与经营业,正常上市
000002,2006,48507917570.69,31501921434.67,21884969698.68,2715470000.0,9510878980.91,17005996136.02,10743695198.09,2154639315.18,2154639315.18,21992392061.3,8581223228.07,0.6494181365085943,0.38811438871325715,0.6947185664235106,0.22148333171452564,0.06112425112534023,0.1684152767458504,国有,国企,中国华润总公司,True,证监会2001版,J01,房地产开发与经营业,正常上市
000002,2007,100094467908.29,66174944879.25,48773983644.4,1104850000.0,16362079840.21,33919523029.04,17046504584.31,5317500817.82,4844235494.21,48507917570.69,17005996136.02,0.661124897930241,0.2639508030128632,0.7370460788958467,0.17030416306252405,0.07156682984166722,0.20883442741486424,国有,国企,中国华润总公司,True,证监会2001版,J01,房地产开发与经营业,正常上市
000002,2008,119236579721.09,80418030239.89,64553721902.6,4601968333.32,9174120094.83,38818549481.2,19978285929.92,4639869152.73,4033170027.89,100094467908.29,33919523029.04,0.6744409343843838,0.1713059669212913,0.8027269719245028,0.16755165215785148,0.04230927816995916,0.12757745682845262,国有,国企,国务院国有资产监督管理委员会,True,证监会2001版,J01,房地产开发与经营业,正常上市
000002,2009,137608554829.39,92200042375.32,68058279849.28,1188256111.11,17502798297.11,45408512454.07,23001923830.8,6430007538.69,5329737727.0,119236579721.09,38818549481.2,0.6700167913952121,0.20272283967217786,0.7381588781948082,0.16715475181988698,0.05006914030077727,0.15268269819577884,国有,国企,国务院国有资产监督管理委员会,True,证监会2001版,J01,房地产开发与经营业,正常上市
000002,2010,215637551741.83,161051352099.42,129650791498.49,1478000000.0,24790499290.5,54586199642.41,37816932911.84,8839610505.04,7283127039.15,137608554829.39,45408512454.07,0.7468613458023174,0.16310635674939236,0.8050276499290372,0.1753726686579894,0.05004788639196393,0.17680155919667218,国有,国企,国务院国有资产监督管理委员会,True,证监会2001版,J01,房地产开发与经营业,正常上市
000002,2011,296208440030.05,228375901483.02,200724160315.26,1724446469.54,20971961953.04,67832538547.03,34239514295.08,11599606211.77,9624875268.23,215637551741.83,54586199642.41,0.7709972796853848,0.09938180112347583,0.8789200568527765,0.11559263568454176,0.045324595281542125,0.18950703762066054,国有,国企,国务院国有资产监督管理委员会,True,证监会2001版,J01,房地产开发与经营业,正常上市
000002,2012,378801615075.37,296663420087.27,259833566711.09,9932400240.5,36036070366.26,82138194988.1,52291542055.49,15662588423.06,12551182392.23,296208440030.05,67832538547.03,0.783163028563759,0.15495159663849817,0.8758530682166823,0.1380446650025121,0.0464069781023155,0.2088752659116801,国有,国企,国务院国有资产监督管理委员会,True,证监会2012版,K70,房地产业,正常上市
000002,2013,479205323490.54,373765900091.91,328921832209.92,5102514631.14,36683128420.08,105439423398.63,44365409795.23,18297549871.24,15118549405.78,378801615075.37,82138194988.1,0.7799702586135575,0.11179629559824694,0.8800209760415203,0.09258121231223305,0.04265128648451933,0.19509310362940874,国有,国企,国务院国有资产监督管理委员会,True,证监会2012版,K70,房地产业,正常上市
000002,2014,508408755415.65,392515138495.68,345654030971.64,2383069704.65,34536712135.87,115893616919.97,62715253375.94,19287524028.08,15745454144.7,479205323490.54,105439423398.63,0.772046378656046,0.09405951062681457,0.8806132479281287,0.12335596645000162,0.039058827612991245,0.17428508640478066,国有,国企,国务院国有资产监督管理委员会,True,证监会2012版,K70,房地产业,正常上市
000002,2015,611295567689.29,474985950368.27,420061826880.58,1900087965.52,33828584225.36,136309617321.02,53180381016.34,25949438026.31,18119406249.27,508408755415.65,115893616919.97,0.7770152042222829,0.07522048212832096,0.8843668461243838,0.08699618290602522,0.046350518598253176,0.20578196076196473,国有,国企,国务院国有资产监督管理委员会,True,证监会2012版,K70,房地产业,正常上市
000005,2005,1643873314.88,983673111.53,874441611.53,385947720.47,109231500.0,660200203.35,34330717.16,-179970049.52,-179970049.52,1810609954.83,888371888.29,0.5983874198978687,0.5033981458533525,0.8889554886479494,0.020884040667395395,-0.10419506216633569,-0.2324335437679295,其他,外资,Kenrey Finance Ltd,False,证监会2001版,M,综合类,ST
000005,2006,1528293791.91,826599221.2,822425131.34,365319489.13,0.0,701694570.71,41567081.81,54819108.11,54819108.11,1643873314.88,660200203.35,0.5408640835784261,0.441954794730697,0.994950285757661,0.0271983580840508,0.0345625600824497,0.08050417573242685,民营,民营,"丁芃,郑列列,陈荣全",False,证监会2001版,M,综合类,ST
000005,2007,1457023884.59,706663969.14,704985156.59,295357488.4,0.0,750359915.45,38035392.35,77374688.36,77374688.36,1528293791.91,701694570.71,0.4850050686292299,0.4179603054609475,0.9976243127946044,0.02610485164469558,0.05183682056290534,0.106572706599488,民营,民营,"丁芃,郑列列,陈荣全",False,证监会2001版,M,综合类,ST
000005,2008,1389031247.96,637072407.41,636543681.13,113390164.0,0.0,751958840.55,32098878.59,10499719.92,10499719.92,1457023884.59,750359915.45,0.45864512288376236,0.177986305294534,0.9991700687804869,0.0231088239642859,0.007378437472918869,0.01397801881666716,民营,民营,"丁芃,郑列列,陈荣全",False,证监会2001版,M,综合类,正常上市
000005,2009,1319203895.55,616826702.08,616193293.72,128873079.0,0.0,702377193.47,44027632.17,-48919528.98,-48919528.98,1389031247.96,751958840.55,0.4675749549866466,0.20892915070866316,0.9989731178013791,0.03337439520798571,-0.0361265003869627,-0.06727403823555025,民营,民营,"丁芃,郑列列,陈荣全",False,证监会2001版,M,综合类,正常上市
000005,2010,1293608601.28,618293578.75,614645978.11,119385907.5,0.0,675315022.53,18910425.78,-4426387.1,-4426387.1,1319203895.55,702377193.47,0.4779603182432544,0.19308935367137678,0.994100536112029,0.014618351919806741,-0.0033882164184152693,-0.006425799679483708,民营,民营,"丁芃,郑列列,陈荣全",False,证监会2001版,M,综合类,正常上市
000005,2011,1260586163.19,600649567.32,569967534.7,19700000.0,30000000.0,659936595.87,16292748.16,11414651.25,11414651.25,1293608601.28,675315022.53,0.4764843410624268,0.08274375393584858,0.9489185803347895,0.012924739804195597,0.008937964644500052,0.01709737864040622,民营,民营,"丁芃,郑列列,陈荣全",False,证监会2001版,M,综合类,正常上市
000005,2012,1319702418.01,637603056.48,637250814.04,30000000.0,0.0,682099361.53,13111624.95,22021617.89,22021617.89,1260586163.19,659936595.87,0.483141538409433,0.04705121736024963,0.9994475521464018,0.009935289025060077,0.017069112385684034,0.03281822333980334,民营,民营,"丁芃,郑列列,陈荣全",True,证监会2012版,K70,房地产业,正常上市
000005,2013,1188653949.18,564409677.7,564079909.49,35000000.0,0.0,624244271.48,45466341.15,-42344755.22,-42344755.22,1319702418.01,682099361.53,0.4748309447752741,0.06201169360282214,0.9994157289943293,0.03825027560070382,-0.033762949933176314,-0.06482942795446817,民营,民营,"丁芃,郑列列,陈荣全",True,证监会2012版,K70,房地产业,正常上市
000005,2014,1366663807.86,696948779.06,646671091.02,53500000.0,50000000.0,669715028.8,55905725.0,43163944.16,43163944.16,1188653949.18,624244271.48,0.5099635880102232,0.14850445701274376,0.9278602824904704,0.04090671361784313,0.03378362165807493,0.06671607700591471,民营,民营,"丁芃,郑列列夫妇",True,证监会2012版,K70,房地产业,正常上市
000005,2015,2194008790.39,980809665.48,931160075.58,68500000.0,26000000.0,1213199124.91,162993206.42,-54031716.5,-55239327.37,1366663807.86,669715028.8,0.44703998898092584,0.096348968944706,0.9493789757101324,0.07429013371957678,-0.030349162979239102,-0.057391587814599625,其他,"民营,外资","丁芃,郑列列夫妇",True,证监会2012版,K70,房地产业,正常上市
000006,2005,2553071988.37,1423540283.34,1066037357.83,430000000.0,350000000.0,1129531705.03,463757514.42,104222639.47,110404372.95,4020543824.74,1129776820.58,0.5575793748960657,0.5479296997271583,0.7488634991970835,0.18164686171504488,0.03170937956615749,0.09226065257453983,国有,国企,深圳市国有资产监督管理委员会,True,证监会2001版,J01,房地产开发与经营业,正常上市
000006,2006,2918925351.04,1592511985.03,1384012482.93,650000000.0,200000000.0,1326413366.01,323189891.17,215456140.64,216253765.84,2553071988.37,1129531705.03,0.54558160744419,0.5337479453782494,0.8690750813432201,0.11072221872849503,0.07874862770427839,0.175456807385975,国有,国企,深圳市人民政府国有资产监督管理委员会,True,证监会2001版,J01,房地产开发与经营业,正常上市
000006,2007,5568431161.83,3772157935.03,1691206825.49,0.0,2025000000.0,1796273226.8,597206434.46,252403755.35,257731330.81,2918925351.04,1326413366.01,0.6774184371510349,0.5368280000142399,0.44833934703122386,0.10724859787325361,0.05947758998158301,0.1616580773306939,国有,国企,深圳市人民政府国有资产监督管理委员会,True,证监会2001版,J01,房地产开发与经营业,正常上市
000006,2008,5921442329.83,4243750537.79,2970886775.95,0.0,1270000000.0,1677691792.04,155786929.47,150211068.91,150219758.38,5568431161.83,1796273226.8,0.7166751445693527,0.29926358505073025,0.7000615963390572,0.026308949879525808,0.02614668804126202,0.08647817009979987,国有,国企,深圳市人民政府国有资产监督管理委员会,True,证监会2001版,J01,房地产开发与经营业,正常上市
000006,2009,7272027535.15,5080069772.21,1414895418.07,0.0,3600000000.0,2191957762.94,761375636.44,335222969.08,326306681.44,5921442329.83,1677691792.04,0.6985768064896655,0.7086516842137544,0.2785188947226749,0.10469922353288988,0.050816498238995776,0.17325753369505448,国有,国企,深圳市国有资产监督管理局,True,证监会2001版,J01,房地产开发与经营业,正常上市
000006,2010,8568302263.18,6009983742.77,3748879411.11,0.0,2210000000.0,2558318520.41,1664538250.85,496465075.46,481552496.42,7272027535.15,2191957762.94,0.7014206033085816,0.3677214605877472,0.6237752998283723,0.1942669854217107,0.06268367916333925,0.2090257685432485,国有,国企,深圳市国有资产监督管理局,True,证监会2001版,J01,房地产开发与经营业,正常上市
000006,2011,8321974063.4,5433044372.47,5044612359.2,0.0,350655000.0,2888929690.93,672515276.04,434117007.89,433967868.62,8568302263.18,2558318520.41,0.6528552397639044,0.06454116255277026,0.9285056431274076,0.08081198894835767,0.05140437012351727,0.15938947191217087,国有,国企,深圳市人民政府国有资产监督管理委员会,True,证监会2001版,J01,房地产开发与经营业,正常上市
000006,2012,9343430259.57,5794468428.18,4524701407.64,50000000.0,1202045000.0,3548961831.39,1831359377.43,629565379.96,617150754.0,8321974063.4,2888929690.93,0.6201650001341875,0.21607590334101762,0.7808656589852497,0.1960050352550373,0.0712766454081538,0.19558123269934372,国有,国企,深圳市人民政府国有资产监督管理委员会,True,证监会2012版,K70,房地产业,正常上市
000006,2013,9968160024.99,5781251216.87,3079324258.26,100000000.0,2598280000.0,4186908808.12,2051049279.23,698009106.0,696085752.22,9343430259.57,3548961831.39,0.5799717502905758,0.46672941527368245,0.5326397595860162,0.20576006746360972,0.07228913784050942,0.1804603873376592,国有,国企,深圳市人民政府国有资产监督管理委员会,True,证监会2012版,K70,房地产业,正常上市
000006,2014,11753217519.19,7538751702.75,5404446336.58,200000000.0,2129000000.0,4214465816.44,1362612219.21,512453559.51,508030702.22,9968160024.99,4186908808.12,0.6414202485779869,0.3089370882384179,0.7168887568758308,0.11593525066520742,0.047184259696945986,0.12199278865911505,国有,国企,深圳市人民政府国有资产监督管理委员会,True,证监会2012版,K70,房地产业,正常上市
000006,2015,12703504209.26,8208379056.36,4258388071.3,200000000.0,2446921516.06,4495125152.9,1778702659.81,438785915.09,416752839.52,11753217519.19,4214465816.44,0.6461507723496202,0.3224657996281394,0.5187855046728774,0.14001669385943488,0.035882643631633536,0.1007592472791522,国有,国企,深圳市人民政府国有资产监督管理委员会,True,证监会2012版,K70,房地产业,正常上市
000007,2005,854288325.12,745785885.34,707219263.84,492411334.97,0.0,108502439.78,19586421.0,10293621.47,8295596.55,1048420272.23,95138256.73,0.8729908432673958,0.6602583189751736,0.948287273521652,0.02292717859306896,0.010819966319946688,0.10109591694010457,民营,民营,李成碧,True,证监会2001版,J01,房地产开发与经营业,正常上市
000007,2006,805877586.43,788749019.55,744344635.96,480422862.63,0.0,17128566.88,22451327.84,-99644894.79,-91523394.48,854288325.12,108502439.78,0.9787454482313142,0.6090947192607512,0.9437027717443837,0.027859476697271523,-0.12004209229542291,-1.5863105365329564,民营,民营,李成碧,True,证监会2001版,J01,房地产开发与经营业,正常上市
000007,2007,737182927.6,745538087.96,701133704.37,446489350.41,0.0,-8355160.36,182944210.91,8683640.6,11553947.37,805877586.43,17128566.88,1.011333903766873,0.5988820123619966,0.9404398188273616,0.24816664095247015,0.011255087562730769,1.9795368150796688,民营,民营,"李成碧,王岱",True,证监会2001版,J01,房地产开发与经营业,ST
000007,2008,610650389.64,685525096.72,631027327.29,363892639.74,9750000.0,-74874707.08,196718332.12,-65007258.77,-61226493.93,737182927.6,-8355160.36,1.1226146881264438,0.5450458947859831,0.9205021527428346,0.3221455933827741,-0.09646186652088017,1.5621137163738346,民营,民营,"李成碧,王岱",True,证监会2001版,J01,房地产开发与经营业,ST
000007,2009,363271589.75,417725586.98,387008417.55,171103512.01,6750000.0,-54453997.23,29169731.14,20420709.85,26129366.86,610650389.64,-74874707.08,1.1498988601543951,0.42576638241342707,0.9264656741472945,0.08029730912916787,0.041935001534291645,-0.3157954757058681,民营,民营,"李成碧,王岱",True,证监会2001版,J01,房地产开发与经营业,ST
000007,2010,332421568.09,365175407.27,337458237.84,41775806.94,3750000.0,-32753839.18,7480681.13,21700158.05,11856458.94,363271589.75,-54453997.23,1.098531029043014,0.12466832660048094,0.9240990250761691,0.022503597383833642,0.062384279061691576,-0.4976653232853665,民营,民营,"李成碧,王岱",False,证监会2001版,K32,旅馆业,ST
000007,2011,362415187.93,70098488.49,70098488.49,0.0,0.0,292316699.44,105402510.01,8310538.62,5701718.89,332421568.09,-32753839.18,0.19342039413519121,0.0,1.0,0.2908335895413918,0.023920837658624933,0.06403488243021722,民营,民营,"李成碧,王岱",False,证监会2001版,K32,旅馆业,ST
000007,2012,789680006.5,492885427.65,492885427.65,199074560.0,0.0,296794578.85,225848683.15,4433296.39,6641577.02,362415187.93,292316699.44,0.6241584231498458,0.4038962177258032,1.0,0.2860002549019835,0.007696059164960542,0.015050794487820466,民营,民营,"李成碧,王岱",False,证监会2012版,H61,住宿业,正常上市
000007,2013,657511920.77,304266441.06,304266441.06,202400000.0,0.0,353245479.71,225697874.51,18830603.46,23267539.95,789680006.5,296794578.85,0.46275425805767784,0.6652064529196225,1.0,0.34326050582579465,0.026023643588894634,0.05793674778048129,民营,民营,练卫飞,False,证监会2012版,H61,住宿业,正常上市
000007,2014,680925246.96,322959007.89,311820361.5,40000000.0,0.0,357966239.07,74720931.64,-33382647.02,-30193896.42,657511920.77,353245479.71,0.4742943653974571,0.123854727760447,0.9655106495936666,0.10973441207179879,-0.049883024507780566,-0.09387541329398791,民营,民营,练卫飞,False,证监会2012版,H61,住宿业,正常上市
000007,2015,480364514.33,107528386.62,107528386.62,0.0,0.0,372836127.71,218912577.62,13238872.22,13996195.46,680925246.96,357966239.07,0.22384748126113732,0.0,1.0,0.4557217927001407,0.022800290954591407,0.036231060056173624,民营,民营,"陈卓婷,吴日松",False,证监会2012版,H61,住宿业,正常上市
000011,2005,1792535811.46,1142277418.68,974204988.41,462202117.37,0.0,650258392.78,239369714.75,82902699.63,82902699.63,2302935990.54,567128809.36,0.6372410589385258,0.4046321058365264,0.8528619864829139,0.1335369219513869,0.040485054537313596,0.13619775119085925,国有,国企,深圳市国有资产管理委员会,False,证监会2001版,M,综合类,正常上市
000011,2006,1643924822.2,1060004609.6,806005319.38,409889914.94,49723313.87,583920212.6,90656860.05,-46054221.12,-46054221.12,1792535811.46,650258392.78,0.6448011461871094,0.43359550010205916,0.760379070128904,0.05514659723227336,-0.026803287469031753,-0.07463137169813445,国有,国企,深圳市国有资产管理委员会,False,证监会2001版,M,综合类,正常上市
000011,2007,1885257743.24,1318504329.1,965808079.61,286640774.9,186803081.28,566753414.14,242161687.34,-27381215.98,-27377663.77,1643924822.2,583920212.6,0.6993761642554089,0.3590764518029067,0.7325027747684777,0.1284501751595097,-0.01551703006137131,-0.04759162866637407,国有,国企,深圳市国有资产管理委员会,False,证监会2001版,M,综合类,正常上市
000011,2008,2110845898.28,1539368781.81,1011121449.59,369000000.0,348229343.34,571477116.47,271708727.86,9833936.59,9829397.29,1885257743.24,566753414.14,0.7292663017534051,0.4659243137935258,0.656841597372864,0.12872030501203283,0.004921762532795301,0.017279340740807225,国有,国企,深圳市国有资产管理委员会,False,证监会2001版,M,综合类,*ST
000011,2009,2834417954.6,2172113314.42,1723552331.17,200000000.0,263480000.0,662304640.18,830055588.25,96934287.02,96933951.02,2110845898.28,571477116.47,0.7663348698786147,0.21337744993463148,0.793490983977613,0.29284869117587126,0.03920287770431009,0.1571336040552241,国有,国企,深圳市国有资产管理委员会,False,证监会2001版,M,综合类,正常上市
000011,2010,2913281353.84,2038233644.9,1724038360.16,10000000.0,212000000.0,875047708.94,534418695.36,174998534.79,174998534.79,2834417954.6,662304640.18,0.6996350154142859,0.10891783704752443,0.8458492305206673,0.18344218441366195,0.060893420270969896,0.22766223356691312,国有,国企,深圳市国有资产监督管理局,True,证监会2001版,J01,房地产开发与经营业,正常上市
000011,2011,3499608314.21,2368502353.23,2239468347.85,601495212.0,7333333.32,1131105960.98,463775328.93,257461077.54,257461077.54,2913281353.84,875047708.94,0.6767906978654737,0.25705211755002977,0.9455208456077604,0.132522067411619,0.08029487200527106,0.2566713421811469,国有,国企,深圳市人民政府国有资产监督管理委员会,True,证监会2001版,J01,房地产开发与经营业,正常上市
000011,2012,3950705938.73,2446687308.74,2278634250.85,360000000.0,19316666.64,1504018629.99,797724311.37,374822152.41,375422129.64,3499608314.21,1131105960.98,0.6193038273880024,0.1550327519520021,0.9313140435683446,0.20191943509377913,0.10061915234302764,0.2844815411722346,国有,国企,深圳市人民政府国有资产监督管理委员会,True,证监会2012版,K70,房地产业,正常上市
000011,2013,3873252714.32,2069609334.58,1814227581.82,300000000.0,116243352.0,1803643379.74,977171814.2,300840563.81,300840563.81,3950705938.73,1504018629.99,0.5343336691996218,0.2011217020744986,0.8766038843694014,0.25228713081055837,0.07690239101473877,0.18190526294707918,国有,国企,深圳市人民政府国有资产监督管理委员会,True,证监会2012版,K70,房地产业,正常上市
000011,2014,3883288145.46,1808183396.33,1493839909.88,100000000.0,177613352.0,2075104749.13,808963376.68,417498679.91,417498679.91,3873252714.32,1803643379.74,0.4656320439275075,0.15353163432617573,0.826155086321437,0.20831917343701858,0.10765073953902735,0.21527496297194754,国有,国企,深圳市人民政府国有资产监督管理委员会,True,证监会2012版,K70,房地产业,正常上市
000011,2015,4379763486.1,2278994632.43,1999449750.43,8000000.0,144840006.83,2100768853.67,945739975.77,156819966.71,156819966.71,3883288145.46,2075104749.13,0.5203465072172998,0.0670646629242092,0.8773385079446491,0.21593402903409806,0.03795691318472219,0.07510762136327562,国有,国企,深圳市人民政府国有资产监督管理委员会,True,证监会2012版,K70,房地产业,正常上市
000014,2005,1001551546.47,649909395.23,549909395.23,100000000.0,100000000.0,351642151.24,151927981.25,30869886.42,31539262.82,1167163498.49,291461667.32,0.648902592702918,0.3077352035035913,0.8461323982482043,0.15169262309611017,0.0284683656266786,0.09600280865730833,国有,国企,深圳市人民政府国有资产监督管理委员会,True,证监会2001版,J01,房地产开发与经营业,正常上市
000014,2006,1027777728.86,650527757.45,500527757.45,190000000.0,150000000.0,377249971.41,142733739.01,28745424.55,31022151.21,1001551546.47,351642151.24,0.632945956293058,0.5226525634090757,0.76941798673129,0.13887607699800883,0.028329975720993387,0.07887429060281667,国有,国企,深圳市人民政府国有资产监督管理委员会,True,证监会2001版,J01,房地产开发与经营业,正常上市
000014,2007,1106944545.13,739702398.65,331109778.52,150000000.0,407000000.0,367242146.48,122383033.58,1743870.39,1868856.11,1027777728.86,377249971.41,0.6682379906963893,0.7530055344102675,0.44762566557076827,0.1105593176446136,0.0016338147694880602,0.004684724923461606,国有,国企,深圳市人民政府国有资产监督管理委员会,True,证监会2001版,J01,房地产开发与经营业,正常上市
000014,2008,1667222817.89,1239627923.58,1018243280.12,150000000.0,220000000.0,427594894.31,275064563.83,43649562.04,43574780.21,1106944545.13,367242146.48,0.7435286455285235,0.2984766581664711,0.8214104093261717,0.16498368477113068,0.03146858594175257,0.10983273249725774,国有,国企,深圳市人民政府国有资产监督管理委员会,True,证监会2001版,J01,房地产开发与经营业,正常上市
000014,2009,1741931733.32,1253704191.52,1103409522.02,223000000.0,150000000.0,488227541.8,364292492.59,83167157.62,80226797.61,1667222817.89,427594894.31,0.719720622535837,0.2975183480464974,0.8801195126277901,0.2091313256551587,0.048790488298913734,0.18162288745241167,国有,国企,深圳市人民政府国有资产监督管理委员会,True,证监会2001版,J01,房地产开发与经营业,正常上市
000014,2010,1589755396.15,1029961934.95,729631256.24,170000000.0,300000000.0,559793461.2,293354366.7,77617075.01,70599580.42,1741931733.32,488227541.8,0.6478744701507645,0.4563275438162832,0.7084060405352944,0.18452798928088732,0.046593255605214774,0.1481212204484799,国有,国企,深圳市人民政府国有资产监督管理委员会,True,证监会2001版,J01,房地产开发与经营业,正常上市
000014,2011,1797309398.33,1193075799.8,642836379.22,0.0,550000000.0,604233598.53,228568821.96,64633037.76,57278218.88,1589755396.15,559793461.2,0.6638121410306796,0.46099334182471785,0.5388059830965989,0.1271727740212,0.03816463025173559,0.11105074786662064,国有,国企,深圳市人民政府国有资产监督管理委员会,True,证监会2001版,J01,房地产开发与经营业,正常上市
000014,2012,2020502625.83,1387128070.98,1236872321.93,0.0,150000000.0,633374554.85,281517643.3,33175060.06,27962237.31,1797309398.33,604233598.53,0.6865262401775812,0.10813709500812398,0.8916785319297554,0.13933050108477624,0.017379095591957133,0.05361157320981837,国有,国企,深圳市人民政府国有资产监督管理委员会,True,证监会2012版,K70,房地产业,正常上市
000014,2013,1892715842.28,1229176094.28,648878331.3,0.0,580000000.0,663539748.0,213764210.43,35207822.82,28754423.82,2020502625.83,633374554.85,0.6494245289347355,0.47186078764388906,0.5278969663659834,0.11294046663259064,0.017994304742717123,0.05429475601067854,国有,国企,深圳市人民政府国有资产监督管理委员会,True,证监会2012版,K70,房地产业,正常上市
000014,2014,2236734317.07,1513376905.14,773035448.72,0.0,740000000.0,723357411.93,219552427.61,62783265.02,60783578.72,1892715842.28,663539748.0,0.6766011025942684,0.48897270566683043,0.5108016688337713,0.09815757997472034,0.0304075664300462,0.09053773680403071,国有,国企,深圳市人民政府国有资产监督管理委员会,True,证监会2012版,K70,房地产业,正常上市
000014,2015,2170514993.03,1397577977.65,722577977.65,150000000.0,675000000.0,772937015.38,105375583.85,53410757.37,52963507.19,2236734317.07,723357411.93,0.6438923398999452,0.5903069547412455,0.5170215824844354,0.048548655129489596,0.024237683694271477,0.07139070545897909,国有,国企,深圳市人民政府国有资产监督管理委员会,True,证监会2012版,K70,房地产业,正常上市
000024,2005,8936565336.0,5047846927.0,3423793183.0,1656188929.0,1600000000.0,3888718409.0,340515961.0,439918069.0,421580919.0,8454998786.0,3553001312.0,0.5648531328546648,0.6450649110580686,0.6782680284314414,0.03810367274195017,0.050589822274065846,0.11823021707162196,国有,国企,招商局集团有限公司,True,证监会2001版,J01,房地产开发与经营业,正常上市
000024,2006,14201844482.0,9704104413.0,5745197471.0,2206033995.0,2430000000.0,4497740069.0,1008701234.0,592077561.0,567912385.0,8936565336.0,3888718409.0,0.6832988789096641,0.4777395004931508,0.5920378869072666,0.07102607237239285,0.05117703123569077,0.14119847193023924,国有,国企,招商局集团有限公司,True,证监会2001版,J01,房地产开发与经营业,正常上市
000024,2007,25107163682.0,15962418954.0,12281457493.0,5671532494.0,3645235019.0,9144744728.0,3588095863.0,1195130888.0,1157877638.0,14201844482.0,4497740069.0,0.6357714935934355,0.5836689000488441,0.7693982677933915,0.14291123873830489,0.06080697243816625,0.17520721566247385,国有,国企,招商局集团有限公司,True,证监会2001版,J01,房地产开发与经营业,正常上市
000024,2008,37437014995.0,21157507991.0,14218421770.0,3613956278.0,6807315907.0,16279507004.0,7389133547.0,1092000105.0,1227615829.0,25107163682.0,9144744728.0,0.5651494381650286,0.4925566937955552,0.6720272432863192,0.19737507245133928,0.03491932033001729,0.08590224141193223,国有,国企,招商局集团有限公司,True,证监会2001版,J01,房地产开发与经营业,正常上市
000024,2009,47897160497.0,29595124020.0,23712349155.0,1372929609.0,5720303012.0,18302036477.0,9489490935.0,1754465851.0,1644143880.0,37437014995.0,16279507004.0,0.6178889043298019,0.2396757187503754,0.8012248618716888,0.19812220258013763,0.04111988756871459,0.10146833682909204,国有,国企,国务院国有资产监督管理委员会,True,证监会2001版,J01,房地产开发与经营业,正常上市
000024,2010,59818240763.0,38672324357.0,28507795548.0,1172132283.0,9995835344.0,21145916406.0,9676385052.0,2483986973.0,2011397239.0,47897160497.0,18302036477.0,0.6464971865391334,0.2887844941489406,0.7371627131804365,0.1617631165439629,0.04612129637811461,0.12593743357823103,国有,国企,国务院国有资产监督管理委员会,True,证监会2001版,J01,房地产开发与经营业,正常上市
000024,2011,79666494368.0,55389500669.0,39681351131.0,2873202269.0,15621434375.0,24276993699.0,14483798016.0,3312954510.0,2591781031.0,59818240763.0,21145916406.0,0.6952672024595644,0.3339014871161485,0.7164056482135535,0.18180538921539105,0.047502753715502555,0.14587152176475462,国有,国企,国务院国有资产监督管理委员会,True,证监会2001版,J01,房地产开发与经营业,正常上市
000024,2012,109197242683.06,79757963682.93,65249112251.14,2105000000.0,14378013872.78,29439279000.13,18239272247.93,4277519103.49,3318266875.59,79666494368.0,24276993699.0,0.7304027255928415,0.2066629225679158,0.818088993727717,0.1670305201832674,0.04529741040053186,0.159263436889927,国有,国企,国务院国有资产监督管理委员会,True,证监会2012版,K70,房地产业,正常上市
000024,2013,134040446989.65,95123279784.89,74834927060.19,4250000000.0,17051917894.42,38917167204.76,24240458796.5,5508314166.06,4202152074.18,109197242683.06,29439279000.13,0.7096610159188368,0.2239401116382,0.7867151682471452,0.1808443596011862,0.04529161721172198,0.1611644394019405,国有,国企,国务院国有资产监督管理委员会,True,证监会2012版,K70,房地产业,正常上市
000024,2014,151692365118.58,107945586005.93,80114292344.25,3886900000.0,24666515200.02,43746779112.65,22983386443.02,5509850461.84,4263636555.36,134040446989.65,38917167204.76,0.711608563302098,0.2645167464138035,0.7421729346103038,0.15151313927404042,0.03856645249235833,0.13330722055497998,国有,国企,国务院国有资产监督管理委员会,True,证监会2012版,K70,房地产业,正常上市
000029,2005,2280306748.29,1241470981.94,1110811956.98,291474378.56,110000000.0,1038835766.35,310856949.28,8418818.57,12100200.79,2518992748.86,987387356.58,0.5444315695118553,0.32338603511507863,0.8947546685659747,0.13632242658278818,0.0035083530731930376,0.00830986328675003,国有,国企,深圳市国有资产监督管理委员会,True,证监会2001版,J01,房地产开发与经营业,正常上市
000029,2006,2391441694.13,1314933765.13,1229137438.54,165424900.0,65000000.0,1076507929.0,461311146.09,19495130.86,19259485.35,2280306748.29,1038835766.35,0.5498498116670034,0.17523688729463813,0.9347523587383749,0.19290085441862453,0.008345967725052155,0.018432116636984023,国有,国企,深圳市国有资产管理委员会,True,证监会2001版,J01,房地产开发与经营业,正常上市
000029,2007,2302724936.6,1121353034.31,769966545.46,47000000.0,342214327.8,1181371902.29,451915145.77,38933632.24,39007992.54,2391441694.13,1076507929.0,0.4869678598980609,0.3470934807248232,0.6866406224457064,0.19625233504321968,0.016588091264218865,0.03448689491836769,国有,国企,深圳市国有资产管理委员会,True,证监会2001版,J01,房地产开发与经营业,正常上市
000029,2008,2265656678.91,1068529304.55,728499399.4,59200000.0,330343020.83,1197127374.36,328413393.57,19155775.22,19123787.11,2302724936.6,1181371902.29,0.47162013313688195,0.36455997900221554,0.6817776511115902,0.14495285037095673,0.00838624126975938,0.016107446748506036,国有,国企,深圳市国有资产管理委员会,True,证监会2001版,J01,房地产开发与经营业,正常上市
000029,2009,3361110324.04,2145481681.72,1555309217.76,100000000.0,581986531.34,1215628642.32,386102533.51,20217383.62,20217383.62,2265656678.91,1197127374.36,0.6383252779221974,0.317871057651381,0.7249230934999791,0.11487350794421738,0.0071861456532322865,0.01675874682747203,国有,国企,深圳市国有资产监督管理局,True,证监会2001版,J01,房地产开发与经营业,正常上市
000029,2010,3379090178.02,2079303706.46,1012821477.29,14800000.0,1056703120.34,1299786471.56,379720636.21,84771358.51,84760162.75,3361110324.04,1215628642.32,0.6153442485747396,0.515318237067074,0.48709646125448475,0.1123736320149052,0.02515395750737428,0.06740148617397874,国有,国企,深圳市国有资产监督管理局,True,证监会2001版,J01,房地产开发与经营业,正常上市
000029,2011,3236127046.06,1835820425.15,1525890402.29,20000000.0,299621374.64,1400306620.91,333469243.72,101199284.42,101200060.65,3379090178.02,1299786471.56,0.5672893551522089,0.174102744615604,0.8311762857553584,0.10304578249670403,0.030595906677599424,0.0749598483861344,国有,国企,深圳市国有资产监督管理委员会,True,证监会2001版,J01,房地产开发与经营业,正常上市
000029,2012,3712770828.3,2205659330.52,1344887127.65,96000000.0,849636078.25,1507111497.78,496805905.01,106854849.63,106814543.53,3236127046.06,1400306620.91,0.5940736534848086,0.42873170174791203,0.6097438117666762,0.1338100109016093,0.0307544740366015,0.0735049760769502,国有,国企,深圳市国有资产监督管理委员会,True,证监会2012版,K70,房地产业,正常上市
000029,2013,4215099296.67,2480094661.66,1655131239.28,23000000.0,814213536.85,1735004635.01,525374372.44,228317758.13,228268271.23,3712770828.3,1507111497.78,0.5883834489069609,0.33757321839063537,0.6673661553596395,0.12464104294175339,0.05759876348399791,0.14084489807187836,国有,国企,深圳市人民政府国有资产监督管理委员会,True,证监会2012版,K70,房地产业,正常上市
000029,2014,4375098314.05,2341993317.9,1851740724.98,149846192.64,478985579.95,2033104996.15,678957249.03,298058149.59,298033316.49,4215099296.67,1735004635.01,0.5353007292153926,0.2685028039080213,0.790668662812584,0.1551867410269676,0.06939494598309194,0.15820035973753968,国有,国企,深圳市人民政府国有资产监督管理委员会,True,证监会2012版,K70,房地产业,正常上市
000029,2015,4179937120.75,1976489324.32,1583775370.09,143418286.29,382233324.88,2203447796.43,1175756306.36,301069066.78,301129840.84,4375098314.05,2033104996.15,0.47285144901063997,0.2659521631116563,0.8013073233445817,0.28128564435175896,0.07038406072646229,0.1421292647679498,国有,国企,深圳市人民政府国有资产监督管理委员会,True,证监会2012版,K70,房地产业,正常上市
000031,2005,1906827972.91,612097979.16,570583144.89,416000000.0,0.0,1294729993.75,77450546.58,120986583.18,113073740.44,1888319631.71,1185090860.24,0.3210032513975975,0.6796297556330589,0.9321761618508004,0.04061747975188508,0.06375856529675827,0.09757687373693479,国有,国企,国务院国有资产监督管理委员会,True,证监会2001版,J01,房地产开发与经营业,正常上市
000031,2006,2458513149.48,1032267465.37,944400447.52,691000000.0,60000000.0,1426245684.11,216161136.86,183012655.42,174428317.23,1906827972.91,1294729993.75,0.4198746976758432,0.72752462437709,0.9148796016558505,0.08792352276241444,0.0838480431603941,0.13451987602030774,国有,国企,国务院国有资产监督管理委员会,True,证监会2001版,J01,房地产开发与经营业,正常上市
000031,2007,6009005886.28,2352939670.85,1825614590.65,1060000000.0,430000000.0,3656066215.43,1599107121.63,469067507.06,465939193.6,2458513149.48,1426245684.11,0.3915688743494702,0.6332504052098102,0.7758866975074191,0.26611841490805405,0.1107921942847806,0.1845882410729083,国有,国企,国务院国有资产监督管理委员会,True,证监会2001版,J01,房地产开发与经营业,正常上市
000031,2008,9047606756.39,5770920888.43,4369789482.4,3147000000.0,180000000.0,3276685867.96,1293389002.36,138180013.55,142016518.67,6009005886.28,3656066215.43,0.637839491018352,0.5765111087677937,0.7572083497385833,0.14295371551670566,0.018354727830136496,0.03986296116979631,国有,国企,国务院国有资产监督管理委员会,True,证监会2001版,J01,房地产开发与经营业,正常上市
000031,2009,13287262534.44,6824250026.29,4164111668.12,2610000000.0,750000000.0,6463012508.15,1334201830.88,375896360.42,373516717.78,9047606756.39,3276685867.96,0.5135933762580399,0.4923617961029869,0.6101933035979071,0.1004120922140138,0.033660045691364875,0.07718850130760037,国有,国企,国务院国有资产监督管理委员会,True,证监会2001版,J01,房地产开发与经营业,正常上市
000031,2010,20173630451.12,14042402056.75,9142023537.68,4188000000.0,3305500000.0,6131228394.37,2500505992.27,554598126.54,463975287.56,13287262534.44,6463012508.15,0.6960770938465562,0.533633773603425,0.6510298950802045,0.12394923156387933,0.03314903321793211,0.08807170369895491,国有,国企,国务院国有资产监督管理委员会,True,证监会2001版,J01,房地产开发与经营业,正常上市
000031,2011,32602592973.24,25484767135.03,19229926378.43,4944000000.0,4838684864.59,7117825838.21,3946359129.1,732559292.56,421995724.17,20173630451.12,6131228394.37,0.7816791491384667,0.38386400836063533,0.754565512666489,0.12104433326328204,0.027760959198223776,0.11058288081553849,国有,国企,国务院国有资产监督管理委员会,True,证监会2001版,J01,房地产开发与经营业,正常上市
000031,2012,34838562066.52,27263449445.64,20589357824.43,4100000000.0,5311520131.84,7575112620.88,5962774756.13,680475737.15,514933158.15,32602592973.24,7117825838.21,0.7825652905416636,0.34520650626419913,0.7552000294563853,0.17115444502975774,0.020179836384736437,0.09262622844908382,国有,国企,国务院国有资产监督管理委员会,True,证监会2012版,K70,房地产业,正常上市
000031,2013,40602717174.27,31632320890.76,24645798966.1,8146000000.0,5591873555.23,8970396283.51,6925058798.37,919186495.22,534570092.14,34838562066.52,7575112620.88,0.7790690646389904,0.43429862774447636,0.7791334392190993,0.1705565361216372,0.02436826375348655,0.11111009042171116,国有,国企,国务院国有资产监督管理委员会,True,证监会2012版,K70,房地产业,正常上市
000031,2014,46311473255.99,35646435465.79,23660951514.53,6040000000.0,10421576649.42,10665037790.2,7290599093.25,902808237.52,598526380.97,40602717174.27,8970396283.51,0.7697106777137442,0.46180147984833514,0.6637676728501365,0.15742533287487293,0.020774702797109156,0.0919570439982048,国有,国企,国务院国有资产监督管理委员会,True,证监会2012版,K70,房地产业,正常上市
000031,2015,55321650992.89,44235748544.3,26490404480.85,5725000000.0,12920285964.9,11085902448.59,9332987729.74,1001222298.39,721812207.59,46311473255.99,10665037790.2,0.7996100577328257,0.42149814524394524,0.598846077043799,0.16870407086982067,0.019702676775697633,0.09206243844157587,国有,国企,国务院国有资产监督管理委员会,True,证监会2012版,K70,房地产业,正常上市
000036,2005,8816301940.3,6201822316.59,4286749983.19,1943884919.1,1866181140.0,2614479623.71,1905697210.19,55341632.13,3410306.7,2648174364.71,1900488436.6,0.7034494007335422,0.6143462138391157,0.6912081263152053,0.21615607349822158,0.00965445444827089,0.024514739147988667,国有,国企,国务院国有资产监督管理委员会,False,证监会2001版,C11,纺织业,正常上市
000036,2006,11993273598.74,9111970745.72,6182863665.89,2003532693.17,2880391231.0,2881302853.02,2016742347.92,277404200.77,192908096.23,8816301940.3,2614479623.71,0.7597567645481959,0.5359898599832574,0.6785429670956927,0.16815611945448128,0.026661207024580892,0.10095166682617904,国有,国企,华联发展集团有限公司,False,证监会2001版,C11,纺织业,正常上市
000036,2007,13422719356.29,10757239515.2,8468656709.25,2221840612.72,2236151405.06,2665479841.09,1812724544.13,-960067676.95,-382141891.95,11993273598.74,2881302853.02,0.801420280768894,0.4144178449760134,0.7872518500014591,0.13504897897463244,-0.07554831154137506,-0.3461710075534322,民营,民营,杭州锦江集团有限公司,False,证监会2001版,C11,纺织业,正常上市
000036,2008,3069139694.57,1646758992.77,1202121293.37,359800000.0,392080000.0,1422380701.8,896421365.01,-411832752.47,-402548298.78,13422719356.29,2665479841.09,0.5365539391000963,0.4565816876064352,0.7299922445529939,0.29207577830229475,-0.04994376330769383,-0.20149060769027413,民营,民营,杭州锦江集团有限公司,False,证监会2001版,C11,纺织业,正常上市
000036,2009,3118011964.33,1375162811.65,875650683.04,200000000.0,440400000.0,1742849152.68,1341411918.64,436444726.85,281499749.65,3069139694.57,1422380701.8,0.4410383370499657,0.46569031286674406,0.636761462440468,0.4302138458690114,0.14108098553627327,0.27577442834507915,民营,民营,杭州锦江集团有限公司,False,证监会2001版,C11,纺织业,*ST
000036,2010,4175156268.4,2000232873.4,1530810621.07,60000000.0,240000000.0,2174923395.0,1702104558.59,303809883.92,230774988.91,3118011964.33,1742849152.68,0.479079762484322,0.149982536528389,0.7653161996422571,0.40767445555810994,0.08331355433611794,0.15509317104174825,民营,民营,杭州锦江集团有限公司,True,证监会2001版,J01,房地产开发与经营业,正常上市
000036,2011,3862281776.98,1563335285.22,1046136067.54,0.0,290000000.0,2298946491.76,1078265630.25,98173878.54,69408577.22,4175156268.4,2174923395.0,0.40476986804479215,0.18550083449257643,0.6691693569705252,0.27917839570294606,0.024429147194840607,0.04388767712290267,民营,民营,杭州锦江集团有限公司,True,证监会2001版,J01,房地产开发与经营业,正常上市
000036,2012,4267243630.88,1836185678.68,1058006640.47,100000000.0,550000000.0,2431057952.2,1233620136.9,86335163.25,59012399.85,3862281776.98,2298946491.76,0.4302978309915101,0.353994700833999,0.5761980679593262,0.2890906270204217,0.021239902434286553,0.036505320142033296,民营,民营,杭州锦江集团有限公司,True,证监会2012版,K70,房地产业,正常上市
000036,2013,4195887407.95,1659404995.71,1287943837.44,100000000.0,190000000.0,2536482412.24,1243290153.71,114888220.05,79814380.99,4267243630.88,2431057952.2,0.39548368065499206,0.17476143602660385,0.7761479812159628,0.29631161011478113,0.02715028741085945,0.046255575846921804,民营,民营,杭州锦江集团有限公司,True,证监会2012版,K70,房地产业,正常上市
000036,2014,4568926337.34,2075581408.19,873466814.5,100000000.0,1032000000.0,2493344929.15,340361689.25,30135153.8,34376124.77,4195887407.95,2536482412.24,0.4542820905706242,0.5453893523680937,0.42082994723955547,0.07449489532548612,0.006876393423920481,0.011982579820194031,民营,民营,杭州锦江集团有限公司,True,证监会2012版,K70,房地产业,正常上市
000036,2015,6463740837.81,3780738597.98,1667514710.92,100000000.0,1950500000.0,2683002239.83,1201706009.54,94695385.53,69305919.06,4568926337.34,2493344929.15,0.5849149421128343,0.5423543434332,0.4410552773500214,0.1859149430172936,0.017166363133529858,0.03658772583781692,民营,民营,杭州锦江集团有限公司,True,证监会2012版,K70,房地产业,正常上市
000038,2005,200344209.84,127126062.51,127126062.51,50000000.0,0.0,73218147.33,1055732.46,-50324561.28,-50324561.28,254931692.63,123542708.61,0.6345382410179267,0.39331038036411214,1.0,0.005269593071060725,-0.22107280884832725,-0.5115302130556487,国有,国企,北京大学,False,证监会2001版,G87,计算机应用服务业,正常上市
000038,2006,41305884.12,132791935.9,132791935.9,46370842.28,0.0,-91486051.78,125166.76,-164704199.11,-164704199.11,200344209.84,73218147.33,3.2148430842012448,0.34919923386703183,1.0,0.0030302404286123292,-1.36316271523787,18.03208458428301,其他,外资,上海钰越投资有限公司,False,证监会2001版,G87,计算机应用服务业,*ST
000038,2007,8963755.52,93471412.5,93471412.5,46370842.28,0.0,-84507656.98,202246.44,16140031.16,16140031.16,41305884.12,-91486051.78,10.427706589213178,0.4960965180664195,1.0,0.022562690330938433,0.6421383274511175,-0.18341600133002392,其他,外资,上海钰越投资有限公司,False,证监会2001版,G87,计算机应用服务业,暂停上市
000038,2008,307607536.9,209507530.4,177132161.19,46370842.28,0.0,130475375.71,32530614.74,188440208.51,188595506.14,8963755.52,-84507656.98,0.6810871167571838,0.2213325802250018,0.8454691860087908,0.10575363356774761,1.190507244478716,8.19880619340015,其他,外资,上海钰越投资有限公司,False,证监会2001版,G87,计算机应用服务业,暂停上市
000038,2009,476293615.67,322004190.18,203633347.9,10000000.0,118370842.28,154289425.49,144800392.95,23814049.78,21564136.77,307607536.9,130475375.71,0.676062369064171,0.39866202426819614,0.6323934722283246,0.3040149777072068,0.060757787386652634,0.16725416680465777,民营,民营,姜剑,False,证监会2001版,G87,计算机应用服务业,暂停上市
000038,2010,517799621.08,332594820.98,283594820.98,25956482.6,49000000.0,185204800.1,23125978.79,30011854.61,26716195.17,476293615.67,154289425.49,0.6423234151587264,0.22536876064136718,0.8526735928851203,0.04466202339384686,0.06038036172163908,0.17680332888044276,民营,民营,姜剑,True,证监会2001版,J01,房地产开发与经营业,暂停上市
000038,2011,630464661.29,439643051.24,389643051.24,31956482.6,50000000.0,190821610.05,9079054.48,2616809.95,2091182.7,517799621.08,185204800.1,0.6973317907151878,0.1864159626061283,0.8862713743365749,0.014400576332737282,0.004557853083436409,0.013918224248962371,民营,民营,姜剑,True,证监会2001版,J01,房地产开发与经营业,暂停上市
000038,2012,610156264.42,416546673.19,414547628.19,0.0,0.0,193609591.23,18448741.58,2787981.18,2078042.37,630464661.29,190821610.05,0.6826885135498189,0.0,0.9952009099371965,0.03023609304009512,0.004494493236770861,0.014504447977776797,民营,民营,姜剑,True,证监会2012版,K70,房地产业,暂停上市
000038,2013,680915598.25,479169859.28,477170814.28,0.0,0.0,201745738.97,19082950.92,2907365.52,1989975.92,610156264.42,193609591.23,0.7037140293327095,0.0,0.995828107796672,0.028025427775548836,0.004503801227589958,0.014707607551562486,民营,民营,姜剑,True,证监会2012版,K70,房地产业,正常上市
000038,2014,683292590.38,536503218.5,527048209.06,0.0,0.0,146789371.88,35426126.12,-54959566.24,-49336423.82,680915598.25,201745738.97,0.7851734762726376,0.0,0.9823766025739136,0.05184620266451073,-0.08057357622987574,-0.31537463244931496,民营,民营,姜剑,True,证监会2012版,K70,房地产业,正常上市
000038,2015,744777535.46,589925801.6,589925801.6,0.0,0.0,154851733.86,105550369.85,8062361.98,5933910.65,683292590.38,146789371.88,0.7920832376283231,0.0,1.0,0.1417206680177437,0.011291269012798187,0.053456653132344406,民营,民营,姜剑,True,证监会2012版,K70,房地产业,正常上市
000040,2005,2153088210.37,1193089179.31,985788634.68,563117373.38,137200257.1,959999031.06,174659574.51,10697141.91,15565959.03,2031495546.85,880058154.84,0.5541292611996478,0.5869784443816808,0.8262489106221814,0.08112049179814394,0.0051126432307841176,0.011626966805129878,其他,其他,"深圳市多智能投资有限公司,深圳市鸿基（集团）股份有限公司工会工作委员会",False,证监会2001版,M,综合类,正常上市
000040,2006,2289926213.81,1298862188.77,820194373.69,405289035.0,383200257.1,991064025.04,250310392.61,26979686.36,12202259.46,2153088210.37,959999031.06,0.567207004722192,0.6070615488827846,0.6314714376793968,0.10930937036330586,0.012144766495994148,0.027656396112517218,其他,其他,"深圳市多智能投资有限公司,深圳市鸿基（集团）股份有限公司工会工作委员会",False,证监会2001版,M,综合类,正常上市
000040,2007,2227238786.66,1110142303.37,898800873.3,378481990.0,91998810.11,1117096483.29,187516607.09,69068168.82,76935549.83,2289926213.81,991064025.04,0.4984388337789257,0.42380224470483335,0.8096267213415416,0.08419241269195149,0.030580316996529296,0.06552458273180824,民营,民营,张桂发,False,证监会2001版,M,综合类,正常上市
000040,2008,2358091017.85,1403052661.34,1012293432.15,363709950.0,288349755.97,955038356.51,136065939.67,-129506758.97,-114627831.55,2227238786.66,1117096483.29,0.5949951255991974,0.46474357230985447,0.7214935405084502,0.05770173358026643,-0.0564874347064941,-0.12499838956667496,民营,民营,张桂发,False,证监会2001版,M,综合类,正常上市
000040,2009,2831794510.76,1815461231.62,1391071397.2,354400000.0,340000000.0,1016333279.14,311616036.56,50220688.32,64356382.89,2358091017.85,955038356.51,0.6410992127860169,0.3824923319240271,0.766235804417976,0.11004189582822807,0.019353293263657218,0.050949995842302205,民营,民营,深圳市富安控股有限公司,False,证监会2001版,M,综合类,正常上市
000040,2010,2283416351.06,1399942968.61,1107289349.71,75000000.0,221500000.0,883473382.45,701741671.75,92386770.42,96276320.09,2831794510.76,1016333279.14,0.6130914180237533,0.21179434208980252,0.7909531849068288,0.30732094540018506,0.036122370285681105,0.09725912882385515,国有,国企,深圳市宝安区投资管理有限公司,True,证监会2001版,J01,房地产开发与经营业,正常上市
000040,2011,1888141595.1,902497943.8,880996532.06,0.0,0.0,985643651.3,362404316.56,140478464.18,140080654.63,2283416351.06,883473382.45,0.47798213128830613,0.0,0.9761756667838294,0.19193704407576823,0.06735059946095831,0.1503153217732533,民营,民营,深圳市富安控股有限公司,True,证监会2001版,J01,房地产开发与经营业,正常上市
000040,2012,2868350341.21,1703566130.91,1463602427.75,206500000.0,220600000.0,1164784210.3,176261385.76,194099382.85,193932203.55,1888141595.1,985643651.3,0.5939184298495974,0.25070937502840257,0.8591403651399093,0.061450438333012336,0.08161451147148534,0.18052164066139162,民营,民营,深圳市富安控股有限公司,True,证监会2012版,K70,房地产业,正常上市
000040,2013,3960575985.28,2708091621.36,1822225352.01,256000000.0,865300000.0,1252484363.92,305301443.5,102864912.33,103031902.9,2868350341.21,1164784210.3,0.6837620667864921,0.4140554149482153,0.6728817214444468,0.07708511202276963,0.030126232854783642,0.08510838508144859,民营,民营,深圳市富安控股有限公司,True,证监会2012版,K70,房地产业,正常上市
000040,2014,4269813106.09,3001258570.92,2690432623.84,440000000.0,296900000.0,1268554535.17,544058720.94,53173698.3,53168620.57,3960575985.28,1252484363.92,0.7029016250475528,0.2455303275565864,0.8964347990234244,0.1274197974061238,0.012921308509157955,0.04218395703389876,民营,民营,深圳市富安控股有限公司,True,证监会2012版,K70,房地产业,正常上市
000040,2015,6768909271.05,5443332113.66,3296073288.99,865000000.0,2130000000.0,1325577157.39,2846638204.75,62044581.52,62049579.76,4269813106.09,1268554535.17,0.8041668008375631,0.5502144527400911,0.605524928511808,0.4205460718649028,0.011241261334461608,0.047834565760824385,民营,民营,李兆廷,True,证监会2012版,K70,房地产业,正常上市
000042,2005,3131423705.64,1573340170.39,1308764308.35,640000000.0,250000000.0,1558083535.25,722686182.1,126921661.49,137217457.36,4804891217.96,1544713354.51,0.5024360541041638,0.5656755079096382,0.8318381065841489,0.23078517953299377,0.03198503655961952,0.08181113105332352,国有,国企,深圳市人民政府国有资产监督管理委员会,True,证监会2001版,J01,房地产开发与经营业,正常上市
000042,2006,4194936869.97,2591128041.87,1233401835.03,40000000.0,1012000000.0,1603808828.1,313512734.49,80072164.25,76156189.6,3131423705.64,1558083535.25,0.6176798655586276,0.4060007776538818,0.476009604735651,0.07473598392727233,0.021858646847540155,0.05064825430373865,国有,国企,深圳市人民政府国有资产监督管理委员会,True,证监会2001版,J01,房地产开发与经营业,正常上市
000042,2007,5374845436.75,3467270096.28,2335519166.62,137500000.0,1095300000.0,1907575340.47,752805389.19,203538259.06,201805358.97,4194936869.97,1603808828.1,0.6450920565218242,0.3555534947573478,0.6735902025993751,0.14006084417660908,0.042537698881002416,0.11593049879409255,国有,国企,深圳市人民政府国有资产监督管理委员会,True,证监会2001版,J01,房地产开发与经营业,正常上市
000042,2008,5548805887.49,3807580582.55,2336773693.83,337500000.0,1456300000.0,1741225304.94,364139298.24,6788150.56,6786629.84,5374845436.75,1907575340.47,0.6861981946664127,0.4711128132706944,0.6137161494465401,0.06562480389897335,0.0012428354509882303,0.0037207571581303776,国有,国企,深圳市人民政府国有资产监督管理委员会,True,证监会2001版,J01,房地产开发与经营业,正常上市
000042,2009,6480719811.97,4408980954.78,2497540337.09,0.0,1870000000.0,2071738857.19,1464836026.48,267352981.5,266635831.98,5548805887.49,1741225304.94,0.6803227238178908,0.4241342884397444,0.566466574182474,0.2260298344906723,0.044449463458397426,0.14023367130240802,国有,国企,深圳市人民政府国有资产监督管理局,True,证监会2001版,J01,房地产开发与经营业,正常上市
000042,2010,6789912512.6,4404927899.4,2862412650.21,50000000.0,1508500000.0,2384984613.2,1310553173.65,362023511.06,361933160.04,6480719811.97,2071738857.19,0.6487458993360814,0.35380828826103716,0.6498205454395503,0.19301473637812186,0.054560099655497074,0.16246173381195672,国有,国企,深圳市人民政府国有资产监督管理局,True,证监会2001版,J01,房地产开发与经营业,正常上市
000042,2011,7147626391.74,4619027873.9,2867645986.97,5000000.0,1727000000.0,2528598517.84,926812628.92,319093933.46,319093933.46,6789912512.6,2384984613.2,0.6462324162938734,0.37497067506059767,0.6208332283885419,0.1296671899346965,0.04578913618108539,0.1298823790908209,国有,国企,深圳市人民政府国有资产监督管理委员会,True,证监会2001版,J01,房地产开发与经营业,正常上市
000042,2012,7516712220.95,4614624634.45,2794752717.56,95000000.0,1776000000.0,2902087586.5,1212097574.13,411880264.43,411880264.43,7147626391.74,2528598517.84,0.6139152995093352,0.4054500957742574,0.6056294799572786,0.16125368891358316,0.05617440722128081,0.1516862718693466,国有,国企,深圳市人民政府国有资产监督管理委员会,True,证监会2012版,K70,房地产业,正常上市
000042,2013,7998173391.93,4931210008.3,3361160008.3,5000000.0,1570050000.0,3066963383.63,1375317707.64,405502224.15,405502224.15,7516712220.95,2902087586.5,0.6165420236169791,0.319404364719601,0.6816095852017335,0.17195397501980497,0.05227266694294723,0.1358682397517435,其他,外资,黄光苗,True,证监会2012版,K70,房地产业,正常上市
000042,2014,16196337801.76,12895535299.31,8944345299.31,30000000.0,3950010000.0,3300802502.45,1136611053.32,305618650.68,305618650.68,7998173391.93,3066963383.63,0.796200687905428,0.3086347257110729,0.6936001563105786,0.07017704046630148,0.02526346973769044,0.0959892860848058,其他,外资,黄光苗,True,证监会2012版,K70,房地产业,正常上市
000042,2015,24621393457.39,19005208233.73,11871218289.63,1187313600.0,5835907361.52,5616185223.66,3224431797.63,399851565.29,401177291.16,16196337801.76,3300802502.45,0.7718981570486894,0.36954191057245833,0.6246297406287419,0.13096057309714132,0.019592052422088814,0.08968310321190352,其他,外资,黄光苗,True,证监会2012版,K70,房地产业,正常上市
000043,2005,1475725127.81,988188230.04,966035643.26,596781532.91,0.0,487536897.77,237046927.61,96058155.08,45905269.11,1331932161.11,411145178.13,0.6696289243962982,0.603914836028601,0.9775826243355445,0.16063081338310034,0.06842584061742803,0.21377561132239334,国有,国企,国务院国资委,False,证监会2001版,M,综合类,正常上市
000043,2006,2175947802.11,1603956384.42,1161510752.05,774174263.97,432903766.82,571991417.69,204836866.93,127452751.61,69809738.61,1475725127.81,487536897.77,0.7371299912914527,0.7525628767184255,0.7241535763268332,0.09413684773659149,0.06980512989852693,0.24058394617734344,国有,国企,国务院国资委,False,证监会2001版,M,综合类,正常上市
000043,2007,3986532902.64,2233327744.0,2164638508.83,1084027125.66,53181659.65,1753205158.64,802520816.43,270843480.4,150393602.08,2175947802.11,571991417.69,0.5602180638020131,0.5091992379377347,0.9692435490695269,0.201307962590387,0.08790079624630243,0.23296394219493374,国有,国企,国务院国有资产监督管理委员会,False,证监会2001版,M,综合类,正常上市
000043,2008,4763158704.78,3019327229.92,2599297154.4,1136000000.0,402100000.0,1743831474.86,581263272.61,23741673.88,28697711.0,3986532902.64,1753205158.64,0.6338917968217178,0.5094181196255277,0.8608862029402725,0.12203315250165434,0.005426859584368973,0.01357816709871764,国有,国企,国务院国有资产监督管理委员会,False,证监会2001版,M,综合类,正常上市
000043,2009,6446444697.87,4369175607.61,3945451435.24,1030000000.0,290000000.0,2077269090.26,941640785.1,93485068.2,62867532.17,4763158704.78,1743831474.86,0.6777651577548846,0.30211649028271914,0.9030196516633529,0.1460713353224192,0.01667946043084802,0.04893096457777428,国有,国企,国务院国有资产监督管理委员会,False,证监会2001版,M,综合类,正常上市
000043,2010,7942355067.51,5580062333.58,4301587495.45,1550010000.0,1160000000.0,2362292733.93,1137690727.81,295524395.97,269281814.72,6446444697.87,2077269090.26,0.7025702434793563,0.4856594493024846,0.7708852049131557,0.14324349870279424,0.04107700444633929,0.13313223587056078,国有,国企,国务院国有资产监督管理委员会,True,证监会2001版,J01,房地产开发与经营业,正常上市
000043,2011,11085178495.96,7685361857.42,5675608461.89,950000000.0,1661762500.0,3399816638.54,915848128.74,500798614.38,517334892.89,7942355067.51,2362292733.93,0.6933006861568296,0.3398359828013065,0.7384959312501805,0.08261915936435137,0.052639362081216653,0.17382475132204112,国有,国企,国务院国有资产监督管理委员会,True,证监会2001版,J01,房地产开发与经营业,正常上市
000043,2012,14426143746.25,10390583897.8,7325931782.57,1530000000.0,2593621480.0,4035559848.45,1436048870.15,435495238.6,414428563.84,11085178495.96,3399816638.54,0.7202606656751896,0.3968613814737683,0.7050548703159137,0.09954488846149848,0.034141330227050896,0.1171414088747234,国有,国企,国务院国有资产监督管理委员会,True,证监会2012版,K70,房地产业,正常上市
000043,2013,17718045199.18,13605284172.48,8174121017.64,1094000000.0,4923127050.07,4112761026.7,1393210565.24,499425238.17,467059166.43,14426143746.25,4035559848.45,0.7678772697289236,0.44226397433440634,0.600804872137412,0.07863229546928115,0.031074060634589708,0.12258359625799746,国有,国企,国务院国有资产监督管理委员会,True,证监会2012版,K70,房地产业,正常上市
000043,2014,20068381834.15,15913617135.11,9948384029.12,2501340000.0,5350903277.26,4154764699.04,892437670.85,479649019.72,492499999.87,17718045199.18,4112761026.7,0.79296962090038,0.4934291940413535,0.62514913766343,0.04446983709126737,0.025387370935967005,0.11603205980397918,国有,国企,国务院国有资产监督管理委员会,True,证监会2012版,K70,房地产业,正常上市
000043,2015,22881018616.52,18185674471.04,11024495899.32,2674440000.0,6372776534.61,4695344145.48,1469345323.78,370710865.31,401218869.17,20068381834.15,4154764699.04,0.7947930455294512,0.49749139351511823,0.606218697957895,0.06421677934911249,0.017262679405072673,0.08377543639806073,国有,国企,国务院国有资产监督管理委员会,True,证监会2012版,K70,房地产业,正常上市
000046,2005,3789825695.63,2399943875.89,1595943875.89,1079626041.25,804000000.0,1389881819.74,244473298.99,76324142.05,74472100.21,3102551558.2,1279634707.92,0.6332596981062598,0.7848625379005884,0.6649921658264434,0.06450779498167926,0.02214740697996115,0.0571819962597519,民营,民营,卢志强,True,证监会2001版,J01,房地产开发与经营业,正常上市
000046,2006,7293737079.47,3732424928.76,2432424928.76,907995110.9,1300000000.0,3561312150.71,240456731.7,255092491.72,255261903.76,3789825695.63,1389881819.74,0.5117301169610047,0.5915712045234753,0.6517009652403403,0.032967562318200916,0.04603077492249751,0.10304281886044363,民营,民营,卢志强,True,证监会2001版,J01,房地产开发与经营业,正常上市
000046,2007,7786405081.13,3535722192.7,3519022192.7,125400000.0,16700000.0,4250682888.43,376979714.22,650709444.55,653187192.73,7293737079.47,3561312150.71,0.4540891664201574,0.04018980911265756,0.9952767782393992,0.04841511715510323,0.0863001737808697,0.16659238550198432,民营,民营,卢志强,True,证监会2001版,J01,房地产开发与经营业,正常上市
000046,2008,19821858906.56,11163005540.77,7627524590.55,0.0,3529300000.0,8658853365.79,1563567773.01,208902346.79,210640131.83,7786405081.13,4250682888.43,0.5631664312309088,0.316160373396765,0.6832859271360596,0.07888098590453294,0.015133320000355369,0.032364035806741215,民营,民营,卢志强,True,证监会2001版,J01,房地产开发与经营业,正常上市
000046,2009,22740909302.54,13692711782.39,5134650804.89,460000000.0,5377500000.0,9048197520.15,4588865320.98,390401910.38,402843288.16,19821858906.56,8658853365.79,0.6021180419931853,0.42632168797327097,0.37499152005036734,0.20178899884480236,0.018344761245887728,0.044095644485891476,民营,民营,卢志强,True,证监会2001版,J01,房地产开发与经营业,正常上市
000046,2010,22345892750.91,14000893352.66,6479828783.97,615000000.0,4334000000.0,8344999398.25,2677570825.2,119487296.46,122844260.55,22740909302.54,9048197520.15,0.6265533227393583,0.3534774442846356,0.462815380472769,0.1198238466033522,0.005300322534224046,0.013739543917150295,民营,民营,卢志强,True,证监会2001版,J01,房地产开发与经营业,正常上市
000046,2011,23437130835.76,14965254600.8,7143232652.04,1126830000.0,4633630000.0,8471876234.96,851483839.88,245474630.91,257787152.05,22345892750.91,8344999398.25,0.6385275870869933,0.3849222852307546,0.4773211577475029,0.03633054941097225,0.010723390972433345,0.02919384507134443,民营,民营,卢志强,True,证监会2001版,J01,房地产开发与经营业,正常上市
000046,2012,30934760741.08,21972426748.99,7226151838.71,1041040000.0,11543610000.0,8962333992.09,3621617663.05,778048233.1,782077010.66,23437130835.76,8471876234.96,0.710282744156207,0.5727473867026761,0.328873634271743,0.11707275492972057,0.028619502119047627,0.08925534600848412,民营,民营,卢志强,True,证监会2012版,K70,房地产业,正常上市
000046,2013,40738039058.4,31087026114.66,12140279968.6,1707980000.0,18924599013.75,9651012943.74,4945864299.24,1179033099.5,1181208075.2,30934760741.08,8962333992.09,0.7630957904010844,0.6637038531009597,0.390525614248926,0.12140653830072326,0.03290043371540102,0.12668684504347846,民营,民营,卢志强,True,证监会2012版,K70,房地产业,正常上市
000046,2014,70889108573.14,58374057829.63,30982557634.44,4316020932.89,24359970013.75,12515050743.51,11473676835.21,1664268899.72,1558688940.46,40738039058.4,9651012943.74,0.8234559441441195,0.49124546096030347,0.5307590184130323,0.16185387383411665,0.02981835395836567,0.15016368473914415,民营,民营,卢志强,True,证监会2012版,K70,房地产业,正常上市
000046,2015,118356200350.18,103193568002.48,48452611313.11,4303326724.33,37258663148.83,15162632347.7,29267129877.58,2659894025.56,2253552979.07,70889108573.14,12515050743.51,0.8718898350670402,0.402757562100781,0.4695313114083386,0.2472800731266082,0.028110541187974788,0.19220496287890085,民营,民营,卢志强,True,证监会2012版,K70,房地产业,正常上市
000056,2005,728664738.16,514213523.62,367959975.99,159408400.0,134124280.0,214451214.54,108254024.29,24221397.46,7001516.39,937464009.62,170496906.91,0.7056928882252145,0.5708381178572784,0.7155781773291512,0.1485649279027272,0.02907506096665497,0.1258423985484811,国有,国企,深圳市投资控股有限公司,False,证监会2001版,H11,零售业,正常上市
000056,2006,740554540.68,584208631.84,536141772.05,1890000.0,35566380.0,156345908.84,26046276.7,-36405702.39,-11479898.5,728664738.16,214451214.54,0.7888799538026756,0.06411473223534697,0.9177231263451028,0.035171314561225304,-0.04955788821222599,-0.19636453518378966,其他,外资,马来西亚和昌父子有限公司,False,证监会2001版,H11,零售业,正常上市
000056,2007,1035265567.86,836789093.14,548998601.19,0.0,274918800.0,198476474.72,61342998.09,51760574.47,67866231.38,740554540.68,156345908.84,0.8082844818935964,0.3285401330559699,0.6560776254024969,0.05925339351988907,0.0582948399120846,0.29175484337079516,其他,外资,马来西亚和昌父子有限公司,False,证监会2001版,H11,零售业,正常上市
000056,2008,1126126509.48,977497912.89,546255008.78,8000000.0,418000000.0,148628596.59,68414884.06,-49847878.13,-25491736.24,1035265567.86,198476474.72,0.8680178511572108,0.435806557111226,0.5588298466694233,0.06075239636405615,-0.04612571560024149,-0.28722068474465356,其他,外资,马来西亚和昌父子有限公司,False,证监会2001版,H11,零售业,正常上市
000056,2009,1451667225.56,1316573275.07,1055543992.96,6000000.0,254000000.0,135093950.49,18673470.06,-13534646.1,6916545.25,1126126509.48,148628596.59,0.9069387610938963,0.1974823619188049,0.8017358493805661,0.012863464664084057,-0.010500953521628434,-0.0954076173310519,民营,民营,张晶,False,证监会2001版,H11,零售业,正常上市
000056,2010,1540732957.65,1690781452.98,1588381697.53,1300000000.0,35000000.0,-150048495.33,153356391.84,-284467027.56,-171211827.94,1451667225.56,135093950.49,1.0973877365217533,0.7895757299957746,0.939436433212867,0.09953469942896953,-0.19012632679018704,38.04422409421856,民营,民营,郑康豪,True,证监会2001版,J05,房地产管理业,正常上市
000056,2011,1540793887.39,1928607387.26,610901372.4,0.0,1228850000.0,-387813499.87,19989682.85,-213028848.91,-129900924.74,1540732957.65,-150048495.33,1.2516971952211788,0.6371696012975687,0.3167577685512842,0.012973625488520832,-0.13826188095871336,0.7921319996992418,民营,民营,郑康豪,True,证监会2001版,J05,房地产管理业,正常上市
000056,2012,2006481401.06,2411512700.92,622122767.1,0.0,1695020000.0,-405031299.86,8984230.37,-16097351.11,18186252.87,1540793887.39,-387813499.87,1.201861477333419,0.7028866152574458,0.25798029878202927,0.004477604609369286,-0.009075896174403662,0.04060656288716754,民营,民营,郑康豪,True,证监会2012版,K70,房地产业,*ST
000056,2013,7803283696.0,4334973837.57,2282929854.67,1225000000.0,600000000.0,3468309858.43,9357753.34,3873341158.29,2320696950.25,2006481401.06,-405031299.86,0.5555320050445081,0.4209944669523119,0.5266305957568853,0.0011992071164600652,0.7896909090006337,2.528886018187098,民营,民营,郑康豪,True,证监会2012版,K70,房地产业,*ST
000056,2014,7871959541.86,4946448540.49,1337817599.13,9380000.0,2152000000.0,2925511001.37,27435098.19,-542798857.06,-335060535.45,7803283696.0,3468309858.43,0.6283630542289658,0.4369559255105263,0.2704602278137669,0.003485167580462131,-0.06925555780199853,-0.16978857211116136,民营,民营,郑康豪,True,证监会2012版,K70,房地产业,正常上市
000056,2015,7995714299.09,2996005847.06,429491226.81,0.0,1116000000.0,4999708452.03,109727160.57,38345035.2,38345035.2,7871959541.86,2925511001.37,0.3747014631827176,0.3724959352449656,0.14335460233879802,0.01372324678765575,0.004833101005774679,0.00967671253155005,民营,民营,郑康豪,True,证监会2012版,K70,房地产业,正常上市
000150,2005,589704454.96,107714121.97,105414121.97,0.0,0.0,481990332.99,16632378.66,-94714758.68,-93894605.3,627600831.95,575982631.68,0.1826578060654236,0.0,0.9786471823941472,0.02820460066072959,-0.15561381306479552,-0.17904948773344728,国有,国企,教育部,True,证监会2001版,J01,房地产开发与经营业,正常上市
000150,2006,527728826.7,79880324.73,79574266.45,0.0,0.0,447848501.97,67755370.02,-42069693.2,-40142724.26,589704454.96,481990332.99,0.15136623335418037,0.0,0.9961685398621689,0.1283905039709289,-0.07529701126764987,-0.09048813970393,国有,国企,教育部,True,证监会2001版,J01,房地产开发与经营业,正常上市
000150,2007,1088029870.41,539826849.66,417157070.23,0.0,0.0,548203020.75,212945627.84,115274388.96,113343552.48,527728826.7,447848501.97,0.49615076234678934,0.0,0.7727608778495155,0.19571671112278943,0.14268762924338096,0.23146270314453354,民营,民营,刘绍喜,True,证监会2001版,J01,房地产开发与经营业,*ST
000150,2008,1218866701.09,585127378.1,463904697.62,0.0,0.0,633739322.99,259291732.16,85536302.24,82013951.22,1088029870.41,548203020.75,0.48005854748245746,0.0,0.7928268527211477,0.21273182040999425,0.07415703269642662,0.14473853600902212,民营,民营,刘绍喜,True,证监会2001版,J01,房地产开发与经营业,正常上市
000150,2009,1113997165.96,387168113.45,264508041.01,0.0,0.0,726829052.51,115695888.41,100290303.77,100290303.77,1218866701.09,633739322.99,0.3475485623128613,0.0,0.683186532726072,0.10385653747179663,0.08598041676287019,0.14742412888017328,民营,民营,刘绍喜,True,证监会2001版,J01,房地产开发与经营业,正常上市
000150,2010,1031417431.96,294610964.55,102081347.19,0.0,69800000.0,736806467.41,2072775.82,9977414.9,9977414.9,1113997165.96,726829052.51,0.2856369840387044,0.2369226145626154,0.3464954108070042,0.002009638150153337,0.009301153175403205,0.013633742505163238,民营,民营,刘绍喜,True,证监会2001版,J01,房地产开发与经营业,正常上市
000150,2011,1490036811.72,787740302.19,615123119.72,100850000.0,50000000.0,702296509.53,2747819.25,7879774.73,7879774.73,1031417431.96,736806467.41,0.528671705285378,0.19149712104436106,0.7808704442439897,0.001844128432523824,0.006250182607715826,0.010950953276123379,民营,民营,刘绍喜,True,证监会2001版,J01,房地产开发与经营业,正常上市
000150,2012,1655467113.07,950839836.52,756207247.38,80000000.0,72000000.0,704627276.55,13194397.18,2330767.02,2330767.02,1490036811.72,702296509.53,0.5743634705957427,0.15985867878265198,0.795304549026532,0.007970195889625073,0.0014819673258907834,0.0033132811358517595,民营,民营,刘绍喜,True,证监会2012版,K70,房地产业,正常上市
000150,2013,2716150934.91,1919622124.35,677685504.12,50000000.0,1119300000.0,796528810.56,109872113.83,91901534.01,91901534.01,1655467113.07,704627276.55,0.7067435390565314,0.6091302997437241,0.3530306801133947,0.040451402172773814,0.04204463107314011,0.12244101036412179,民营,民营,刘绍喜,True,证监会2012版,K70,房地产业,正常上市
000150,2014,2527722874.17,1701371498.93,1578734878.7,50000000.0,0.0,826351375.24,9531666.07,29822564.68,29822564.68,2716150934.91,796528810.56,0.6730846630047055,0.029388055478445016,0.9279189640198353,0.0037708508980161862,0.011374249558927565,0.03675263884659353,民营,民营,刘绍喜,True,证监会2012版,K70,房地产业,正常上市
000150,2015,4549641032.88,2866346034.1,1389285093.16,205000000.0,1251000000.0,1683294998.78,339868282.14,55060945.78,51612681.25,2527722874.17,826351375.24,0.6300158657320607,0.5079637917677889,0.4846885465439695,0.07470221929242131,0.015559732833619574,0.043879445606356336,民营,民营,刘绍喜,True,证监会2012版,K70,房地产业,正常上市
000402,2005,7322379025.39,4843329741.93,3241124934.7,720000000.0,1600000000.0,2479049283.46,865529113.3,422327564.54,408895501.41,5741664755.62,2024533373.16,0.6614420975936899,0.47900930219867954,0.669193531598874,0.11820326567346746,0.06465495242045939,0.18755182117916877,国有,国企,北京市西城区国有资产监督管理委员会,True,证监会2001版,J01,房地产开发与经营业,正常上市
000402,2006,11219068957.83,7225215408.34,5993010601.11,1220000000.0,1230000000.0,3993853549.49,1906156243.99,514570365.36,525496399.93,7322379025.39,2479049283.46,0.6440120330392822,0.3390902362816737,0.8294577064363122,0.169903246976627,0.05550487381845106,0.15899214885185806,国有,国企,北京市西城区国有资产监督管理委员会,True,证监会2001版,J01,房地产开发与经营业,正常上市
000402,2007,13866414769.92,8962051438.64,5753880386.53,1243000000.0,3080000000.0,4904363331.28,2282828260.46,732367912.81,730186828.84,11219068957.83,3993853549.49,0.6463135271332796,0.4823672380813761,0.6420271548232886,0.1646300286222558,0.058389777989398844,0.1646100387579281,国有,国企,北京市西城区国有资产管理委员会,True,证监会2001版,J01,房地产开发与经营业,正常上市
000402,2008,27498775723.91,12679467850.91,6907570065.35,1647040000.0,5315000000.0,14819307873.0,7298355869.0,1038844664.9,1039379496.68,13866414769.92,4904363331.28,0.4610920856336629,0.5490798258935085,0.5447839094330956,0.265406574542667,0.050227964745137736,0.10533988871955771,国有,国企,北京市西城区国有资产监督管理委员会,True,证监会2001版,J01,房地产开发与经营业,正常上市
000402,2009,42354053359.71,26410462667.67,12347740063.45,2720000000.0,7714474168.1,15943590692.04,13188730074.61,1374056341.78,1365641320.3,27498775723.91,14819307873.0,0.623563993825285,0.3950886548032048,0.4675321375026616,0.3113923940785323,0.03934146575896399,0.08933204645036434,国有,国企,北京市西城区国有资产监督管理委员会,True,证监会2001版,J01,房地产开发与经营业,正常上市
000402,2010,54168114471.42,36925063080.96,20910648131.13,5010000000.0,9553912928.32,17243051390.46,13907140440.19,1833616586.81,1782442799.26,42354053359.71,15943590692.04,0.6816752519684303,0.39441809202567674,0.566299591290674,0.25674034579009836,0.03799368845544367,0.11050329118877042,国有,国企,北京市西城区国有资产监督管理委员会,True,证监会2001版,J01,房地产开发与经营业,正常上市
000402,2011,59722101913.34,41226708840.2,30094626471.35,800000000.0,6611353261.31,18495393073.14,9234381010.53,2057652097.92,2017512321.58,54168114471.42,17243051390.46,0.6903090735155669,0.1797706746380691,0.7299788733561203,0.1546225051477523,0.03613395712531706,0.11515062442159403,国有,国企,北京市西城区国有资产监督管理委员会,True,证监会2001版,J01,房地产开发与经营业,正常上市
000402,2012,70030327731.72,48984765872.0,30712174385.99,7240000000.0,13436664563.65,21045561859.72,11380518595.11,2696542868.36,2269197819.25,59722101913.34,18495393073.14,0.6994793178700563,0.422103978565077,0.626973995675363,0.1625084297578581,0.041564429671743945,0.13639239987697277,国有,国企,北京市西城区国有资产监督管理委员会,True,证监会2012版,K70,房地产业,正常上市
000402,2013,76070576432.56,51614923642.68,27278552119.04,1260000000.0,22853771539.63,24455652789.88,9774054408.66,3520034870.81,2891517256.52,70030327731.72,21045561859.72,0.67851363908671,0.4671860353134476,0.5285012588197179,0.12848666155862695,0.048186352999595033,0.1547226770941133,国有,国企,北京市西城区国有资产监督管理委员会,True,证监会2012版,K70,房地产业,正常上市
000402,2014,87587439628.34,60784575353.16,33219209636.26,530000000.0,25824972451.09,26802864275.18,8061919611.37,3112537826.1,2927455188.84,76070576432.56,24455652789.88,0.6939873526511032,0.43357993862697747,0.5465072256120159,0.09204424339356378,0.03803709590298065,0.12144470828718684,国有,国企,北京市西城区国有资产监督管理委员会,True,证监会2012版,K70,房地产业,正常上市
000402,2015,105678675860.28,76675129168.41,26678555565.08,1525000000.0,31746166659.44,29003546691.87,8543148911.92,2265055422.7,2253185469.54,87587439628.34,26802864275.18,0.7255496773046608,0.43392384232392855,0.347942753464203,0.08084080201019056,0.023439757320867477,0.08117545577469103,国有,国企,北京市西城区国有资产监督管理委员会,True,证监会2012版,K70,房地产业,正常上市
000502,2005,536637072.64,250342544.57,199228504.57,4690000.0,50840000.0,286294528.07,15623431.93,6997733.55,5253315.16,540334137.86,298526321.58,0.4665025160085071,0.2218160724353941,0.7958235980712114,0.029113590406902232,0.01299521005162468,0.02393120407450576,民营,民营,许家印,True,证监会2001版,J01,房地产开发与经营业,正常上市
000502,2006,647228191.58,376737106.97,152063066.97,0.0,224400000.0,270491084.61,31188498.56,5203764.67,3167794.28,536637072.64,286294528.07,0.5820777152032226,0.5956408218048699,0.40363177440365317,0.048187793680407036,0.008791143430377688,0.018692166433512878,民营,民营,余斌,True,证监会2001版,J01,房地产开发与经营业,正常上市
000502,2007,727350372.41,452202641.0,371801565.84,0.0,80000000.0,275147731.41,153635546.91,11134255.8,4424277.88,647228191.58,270491084.61,0.6217122560914811,0.1769118371867271,0.8222012260207033,0.21122632604276334,0.01620024652164007,0.040811817169517074,民营,民营,余斌,True,证监会2001版,J01,房地产开发与经营业,正常上市
000502,2008,798936373.28,484455663.48,484181623.48,0.0,0.0,314480709.8,78992748.28,56352436.28,56636760.81,727350372.41,275147731.41,0.6063757761974055,0.0,0.9994343342009225,0.0988723894941703,0.07384252852765792,0.19114558369795365,民营,民营,余斌,True,证监会2001版,J01,房地产开发与经营业,正常上市
000502,2009,565137620.37,215954659.27,194680619.27,0.0,21000000.0,349182961.1,65765613.9,34702251.3,32514070.56,798936373.28,314480709.8,0.38212755882118205,0.0972426345001637,0.9014883954256256,0.11637097147583758,0.050880306290633746,0.10457782404433852,民营,民营,余斌,True,证监会2001版,J01,房地产开发与经营业,正常上市
000502,2010,817823115.3,586433284.36,586159244.36,0.0,0.0,231389830.94,186226147.85,-51584356.67,-51750241.72,565137620.37,349182961.1,0.7170661642950508,0.0,0.9995327004668586,0.22770956746763893,-0.07459988608426983,-0.17770159875644317,民营,民营,余斌,True,证监会2001版,J01,房地产开发与经营业,正常上市
000502,2011,451941954.81,183807274.9,180017274.9,0.0,0.0,268134679.91,145707769.65,36744848.97,25562198.42,817823115.3,231389830.94,0.40670549158746294,0.0,0.9793805767369004,0.3224037248572258,0.05787661014618521,0.14711930314480182,民营,民营,余斌,True,证监会2001版,J01,房地产开发与经营业,正常上市
000502,2012,300139200.2,63630105.84,63630105.84,0.0,0.0,236509094.36,12637847.13,-11375585.55,-11429304.91,451941954.81,268134679.91,0.21200198373821083,0.0,1.0,0.042106619600434325,-0.030250952238920933,-0.045083625836682614,民营,民营,余斌,True,证监会2012版,K70,房地产业,正常上市
000502,2013,309702439.92,65171883.79,65171883.79,0.0,0.0,244530556.13,20376141.67,8021461.77,6968765.33,300139200.2,236509094.36,0.2104338726128044,0.0,1.0,0.065792641721723,0.026306704043435266,0.03335052219428948,民营,民营,余斌,True,证监会2012版,K70,房地产业,正常上市
000502,2014,270708155.44,45364946.31,45364946.31,0.0,0.0,225343209.13,47246466.58,3762653.0,3262819.52,309702439.92,244530556.13,0.16757879435241002,0.0,1.0,0.17452915854421588,0.012965486950375922,0.016015590902028646,民营,民营,余斌,True,证监会2012版,K70,房地产业,正常上市
000502,2015,404699495.87,192382539.59,192382539.59,0.0,0.0,212316956.28,114124018.13,-24203738.65,-23677901.67,270708155.44,225343209.13,0.4753713349121598,0.0,1.0,0.28199693672625575,-0.07167149677103944,-0.11060517069140136,民营,民营,余斌,True,证监会2012版,K70,房地产业,正常上市
000505,2005,850866853.3,772844148.54,637844148.54,90000000.0,135000000.0,78022704.76,27790429.68,-80998310.03,-79937133.05,664279667.19,164547341.99,0.9083020986686731,0.2911324365010117,0.825320538099393,0.032661314249365414,-0.10691812169268627,-0.6678343935307008,国有,国企,北京市新兴房地产开发总公司,True,证监会2001版,J01,房地产开发与经营业,ST
000505,2006,739722953.45,499182930.72,346060449.22,68880000.0,153122481.5,240540022.73,25357015.49,67572209.35,59962863.23,850866853.3,78022704.76,0.6748241735528911,0.44473171624637314,0.6932537711593169,0.034279070795001296,0.08496497219238199,0.42423173534713754,国有,国企,北京市国有资产监督管理委员会,True,证监会2001版,J01,房地产开发与经营业,*ST
000505,2007,939167238.09,728984422.95,611984422.95,42900000.0,117000000.0,210182815.14,110933403.84,-30363632.14,-31199957.08,739722953.45,240540022.73,0.776202994934691,0.21934625070989658,0.8395027433830025,0.11811890293959476,-0.0361710757415865,-0.1347330536144594,国有,国企,北京市国有资产监督管理委员会,True,证监会2001版,J01,房地产开发与经营业,正常上市
000505,2008,975122914.2,844717247.96,687717247.96,24000000.0,157000000.0,130405666.24,36655536.17,-79777148.9,-76603781.29,939167238.09,210182815.14,0.8662674578342916,0.21427288295239227,0.8141389910302453,0.03759068281158437,-0.08334906681159628,-0.4684665117079598,国有,国企,北京市国有资产监督管理委员会,True,证监会2001版,J01,房地产开发与经营业,正常上市
000505,2009,2033695297.92,1367819543.42,1123406418.42,276000000.0,110000000.0,665875754.5,291787132.78,80926089.27,79473893.43,975122914.2,130405666.24,0.672578406813923,0.28220096858308713,0.821311863706168,0.14347632758871534,0.05379260797080847,0.20326002129948928,国有,国企,北京市国有资产监督管理委员会,True,证监会2001版,J01,房地产开发与经营业,*ST
000505,2010,1448885550.24,930369577.61,531084438.81,0.0,325000000.0,518515972.63,136376851.19,36180218.13,27730981.17,2033695297.92,665875754.5,0.6421277218589759,0.34932354606314975,0.5708316905355909,0.09412534424641747,0.020777819500796713,0.061095020002666436,国有,国企,北京市国有资产监督管理委员会,True,证监会2001版,J01,房地产开发与经营业,ST
000505,2011,1311949739.44,912270365.08,781922726.28,45000000.0,81000000.0,399679374.36,52507843.73,-49218352.45,-49478157.24,1448885550.24,518515972.63,0.6953546600568697,0.13811694956127468,0.8571173154478503,0.04002275556105735,-0.03565468221445746,-0.10720671284459479,国有,国企,北京市国有资产监督管理委员会,True,证监会2001版,J01,房地产开发与经营业,ST
000505,2012,1424764273.52,1173162176.55,784560987.2,210000000.0,341000000.0,251602096.97,65762871.33,-126971778.59,-126873614.96,1311949739.44,399679374.36,0.8234079127009579,0.469670784665394,0.6687574854375321,0.046157018780045134,-0.09279141188206853,-0.38991368303694374,国有,国企,北京市国有资产监督管理委员会,True,证监会2012版,K70,房地产业,ST
000505,2013,1237713804.04,1109745834.71,966233593.95,0.0,129000000.0,127967969.33,62362242.69,8666776.92,13489485.71,1424764273.52,251602096.97,0.8966094028261606,0.11624283323731548,0.870680081626526,0.05038502639822267,0.006510308567830595,0.04566628240463018,国有,国企,北京市国有资产监督管理委员会,True,证监会2012版,K70,房地产业,*ST
000505,2014,1645436644.78,1626381593.14,1275890304.29,19000000.0,327303532.52,19055051.64,97404192.62,-180755417.69,-173422925.66,1237713804.04,127967969.33,0.9884194558930905,0.21292883169650453,0.7844962766866302,0.05919656215813964,-0.12538743357217352,-2.4588723112536655,国有,国企,北京市国有资产监督管理委员会,True,证监会2012版,K70,房地产业,正常上市
000505,2015,1714444000.65,1947637927.05,1556675365.92,0.0,390333333.34,-233193926.4,205762131.54,-127121382.41,-107573743.92,1645436644.78,19055051.64,1.1360172314240586,0.2004137051958217,0.7992632225425116,0.12001682846566528,-0.07567017750044565,1.1872798206535229,国有,国企,北京市国有资产监督管理委员会,True,证监会2012版,K70,房地产业,正常上市
000506,2005,788430068.75,505432735.93,505432735.93,312427471.92,0.0,282997332.82,4491560.43,-150667790.47,-115828876.36,948323161.35,433662136.02,0.6410622272832995,0.6181385765311207,1.0,0.005696840605180178,-0.17350512192376893,-0.42047247548092553,民营,民营,翟保福,False,证监会2001版,C31,造纸及纸制品业,正常上市
000506,2006,222849.15,195495739.54,178345739.54,102553466.14,0.0,-195272890.39,28291.15,-478270223.21,-411116483.58,788430068.75,282997332.82,877.2559354164016,0.524581591298652,0.91227430305973,0.12695202113178355,-1.2128788529268941,-10.903921642856544,民营,民营,郑峰文,False,证监会2001版,C31,造纸及纸制品业,*ST
000506,2007,1942958.17,160409835.4,143259835.4,36108466.14,0.0,-158466877.23,28291.15,70122949.82,70122949.82,222849.15,-195272890.39,82.55959282952551,0.2251013228082896,0.8930863562247631,0.014560864169299127,64.75455981005734,-0.39646630794041,民营,民营,郑峰文,False,证监会2001版,C31,造纸及纸制品业,暂停上市
000506,2008,3223010636.06,2766624123.12,2520136623.12,133708466.14,214800000.0,456386512.94,95576804.37,199885588.92,199885588.92,1942958.17,-158466877.23,0.8583974536621716,0.12596885251870688,0.9109067625268773,0.029654511003053587,0.1239618388789407,1.3418758951126804,民营,民营,郑峰文,False,证监会2001版,C31,造纸及纸制品业,暂停上市
000506,2009,3506867123.8,2812915130.36,2527895595.98,203308466.14,263000000.0,693951993.44,316001310.78,237565480.5,237565480.5,3223010636.06,456386512.94,0.8021162567779181,0.16577409716599636,0.8986746769201235,0.0901092911777007,0.07060023643132025,0.4130357789162335,民营,民营,郑峰文,True,证监会2001版,J01,房地产开发与经营业,正常上市
000506,2010,5499238186.54,4522258883.53,3213146652.22,53309566.14,1294598162.55,976979303.01,1199352075.59,283027309.57,283027309.57,3506867123.8,693951993.44,0.8223427918795614,0.2980607177530371,0.7105180696138897,0.21809422230983705,0.06285232069073265,0.33876594468163895,民营,民营,郑峰文,True,证监会2001版,J01,房地产开发与经营业,正常上市
000506,2011,5995898787.9,4717443058.57,3872000704.08,45421692.34,831158719.71,1278455729.33,195242394.93,222800341.25,223211139.0,5499238186.54,976979303.01,0.7867783005427005,0.18581685060459813,0.8207837712096775,0.032562656882068816,0.038764277754220325,0.19756750964255973,民营,民营,郑峰文,True,证监会2001版,J01,房地产开发与经营业,正常上市
000506,2012,5147840716.39,3562309278.87,2702395635.18,95941692.34,844725012.3,1585531437.52,91666858.79,308220642.51,318264926.17,5995898787.9,1278455729.33,0.6920006805043731,0.26406093098642713,0.7586078084823749,0.01780685608592077,0.05531727341460996,0.21523884330040569,民营,民营,郑峰文,True,证监会2012版,K70,房地产业,正常上市
000506,2013,3384345832.35,1524873532.25,1463512106.45,108172235.29,0.0,1859472300.1,159106945.26,175309270.34,193604066.28,5147840716.39,1585531437.52,0.4505666996777242,0.07093849621115031,0.9597596623574027,0.04701261429583878,0.041093632760734466,0.1017759536372018,民营,民营,郑强,True,证监会2012版,K70,房地产业,正常上市
000506,2014,3169489026.91,1632322175.8,1522439879.57,1077151.99,45000000.0,1537166851.11,39590597.22,-280065249.64,-216567179.78,3384345832.35,1859472300.1,0.5150111459421535,0.02822797648228826,0.9326834506943172,0.012491160841341574,-0.08546606853979302,-0.16490727284953485,民营,民营,郑强,True,证监会2012版,K70,房地产业,正常上市
000506,2015,3240346396.95,1698886294.64,1479427757.65,1450791.03,145268026.33,1541460102.31,141293743.82,5807896.83,21734437.33,3169489026.91,1537166851.11,0.5242915684073436,0.0863617640703201,0.8708221158282379,0.04360451831723725,0.0018121828240334095,0.0037730435794100323,民营,民营,卢粉,False,证监会2012版,B09,有色金属矿采选业,正常上市
000511,2005,2929183229.52,1644251591.89,1353745962.28,740000000.0,290000000.0,1284931637.63,152459779.73,46343171.1,45745465.34,2357912152.33,1141572516.63,0.5613344960190287,0.6264248154481378,0.8233204510533113,0.052048563638329756,0.01753067336711604,0.0381974792984709,民营,民营,刘成文,True,证监会2001版,J01,房地产开发与经营业,正常上市
000511,2006,2603751103.19,1354143306.07,1259143306.07,579517197.0,95000000.0,1249607797.12,50171828.32,74194123.44,79743265.17,2929183229.52,1284931637.63,0.5200740210579129,0.49811359992435844,0.9298449436081404,0.0192690569611403,0.02681908693597675,0.05854643445097417,民营,民营,刘成文,True,证监会2001版,J01,房地产开发与经营业,正常上市
000511,2007,2160722714.65,864058244.64,679058244.64,0.0,185000000.0,1296664470.01,70674013.1,141682728.45,141682728.45,2603751103.19,1249607797.12,0.3998931648108131,0.2141059368944256,0.7858940631055744,0.03270850656626154,0.059474659266459194,0.11128639327301472,民营,民营,刘成文,True,证监会2001版,J01,房地产开发与经营业,正常上市
000511,2008,2095050400.63,696622928.0,621622928.0,370000000.0,75000000.0,1398427472.63,44853146.73,129114287.07,129114287.07,2160722714.65,1296664470.01,0.33250891138013644,0.6387960862522745,0.8923377382720886,0.021409101526393953,0.06067724174788635,0.09581438393788154,民营,民营,刘成文,True,证监会2001版,J01,房地产开发与经营业,正常上市
000511,2009,3445242733.93,1923472940.54,452836806.28,0.0,931970000.0,1521769793.39,354192544.55,123342320.76,123342320.76,2095050400.63,1398427472.63,0.5582982358824651,0.4845246222899069,0.23542665807030774,0.10280626704811925,0.04452555767874389,0.08447533472840066,民营,民营,刘成文,True,证监会2001版,J01,房地产开发与经营业,正常上市
000511,2010,3688763840.37,2127183022.17,491330118.58,0.0,1095248436.0,1561580818.2,305561863.89,39811024.81,39811024.81,3445242733.93,1521769793.39,0.5766655481953092,0.5148820879938698,0.230976889839399,0.08283584341884861,0.01116091621037126,0.025823222737209595,民营,民营,刘成文,True,证监会2001版,J01,房地产开发与经营业,正常上市
000511,2011,3553960622.99,2006747158.65,1256543093.25,25000000.0,207661264.48,1547213464.34,71667904.2,-14367353.86,-14367353.86,3688763840.37,1561580818.2,0.564650926537755,0.11593950113601671,0.6261591490655528,0.020165643855588004,-0.003967389325020597,-0.009243039297062359,民营,民营,刘成文,True,证监会2001版,J01,房地产开发与经营业,正常上市
000511,2012,3940752508.2,2307954230.92,1613473096.67,60000000.0,150000000.0,1632798277.28,207502406.43,74038226.68,42458336.19,3553960622.99,1547213464.34,0.5856633285438659,0.09098967266620772,0.6990923281987421,0.05265552860734712,0.01975745445729804,0.04656475050767112,民营,民营,刘成文,True,证监会2012版,K70,房地产业,正常上市
000511,2013,3395308439.45,1722637046.96,1046217579.38,300000000.0,130000000.0,1672671392.48,60664187.36,46715488.95,46715488.95,3940752508.2,1632798277.28,0.5073580435122551,0.24961729504124885,0.6073348888126481,0.01786706228369252,0.012735850828765164,0.02826556805368713,民营,民营,刘成文,True,证监会2012版,K70,房地产业,正常上市
000511,2014,3627539064.35,2229468336.79,1929468336.79,110000000.0,300000000.0,1398070727.56,579222722.12,-271357933.23,-271357933.23,3395308439.45,1672671392.48,0.6145952661682741,0.18390034665857607,0.8654387707376273,0.1596737379928913,-0.07727860617311445,-0.17673768921140487,民营,民营,刘成文,False,证监会2012版,C32,有色金属冶炼及压延加工业,正常上市
000511,2015,3807250936.15,2391810093.4,2391810093.4,642000000.0,0.0,1415440842.75,665101026.71,-17409872.2,-17409872.2,3627539064.35,1398070727.56,0.6282249669150167,0.26841595901428184,1.0,0.17469324661393845,-0.004683352777638416,-0.012375902330539722,民营,民营,刘成文,False,证监会2012版,C30,非金属矿物制品业,正常上市
000514,2005,1024872730.26,747456180.21,691319472.5,475280000.0,51500000.0,277416550.05,583247929.13,1073786.08,1068564.55,360502596.99,174082763.97,0.7293160976391457,0.7047637225395602,0.9248963227593779,0.5690930316606588,0.0015501735289764236,0.004756534712929529,国有,国企,重庆市国有资产监督管理委员会,True,证监会2001版,J01,房地产开发与经营业,正常上市
000514,2006,963108162.81,682712640.32,310794179.18,80000000.0,368000000.0,280395522.49,71244174.02,1017793.71,1177679.22,1024872730.26,277416550.05,0.7088639331309294,0.6562058083324985,0.455234253513052,0.0739731805534026,0.0010239471752952728,0.0036492351460429007,国有,国企,重庆市国有资产监督管理委员会,True,证监会2001版,J01,房地产开发与经营业,正常上市
000514,2007,2662903177.06,776424127.15,410572108.02,40000000.0,362500000.0,1886479049.91,332752659.98,141183305.09,141224341.09,963108162.81,280395522.49,0.29157054369780633,0.518402231364765,0.5287987501458468,0.12495860264336697,0.0778725116149591,0.13031054670933476,国有,国企,重庆市国有资产监督管理委员会,True,证监会2001版,J01,房地产开发与经营业,正常上市
000514,2008,3082849233.42,974421625.3,386688054.66,87800000.0,584500000.0,2108427608.12,527978512.76,126357831.69,128983982.35,2662903177.06,1886479049.91,0.3160782612190906,0.6899477418648378,0.3968385395192235,0.17126316364627406,0.043983040918898236,0.06325946636876396,国有,国企,重庆市国有资产监督管理委员会,True,证监会2001版,J01,房地产开发与经营业,正常上市
000514,2009,3490798802.52,1271041225.37,679843613.32,0.0,589000000.0,2219757577.15,411943666.74,153758721.33,155238801.84,3082849233.42,2108427608.12,0.364111854413505,0.4633996036033703,0.534871410738151,0.11800842444503498,0.04678033277393539,0.07104997348694,国有,国企,重庆市国有资产监督管理委员会,True,证监会2001版,J01,房地产开发与经营业,正常上市
000514,2010,4605196569.09,2150679739.5,988547557.6,0.0,1159880000.0,2454516829.59,1154358575.62,163911121.09,134972092.88,3490798802.52,2219757577.15,0.46701149608581866,0.5393085631009172,0.45964424151306793,0.2506643437042481,0.040491900888378105,0.07013328992994114,国有,国企,重庆市国有资产监督管理委员会,True,证监会2001版,J01,房地产开发与经营业,正常上市
000514,2011,5253585118.48,2397883986.52,1448580645.61,50000000.0,943500000.0,2855701131.96,613317914.42,224570274.58,160168289.04,4605196569.09,2454516829.59,0.4564281214527597,0.41432363099511177,0.6041078941906174,0.11674273864195979,0.04555740895716137,0.08458043575840347,国有,国企,重庆市国有资产监督管理委员会,True,证监会2001版,J01,房地产开发与经营业,正常上市
000514,2012,6766373269.91,3731266736.93,2036523396.02,160000000.0,1688940000.0,3035106532.98,805737608.03,29569652.06,59064388.37,5253585118.48,2855701131.96,0.551442639666793,0.4955260854712481,0.5457994669380309,0.11907968654539172,0.004920092250662221,0.01003925225261999,国有,国企,重庆市国有资产监督管理委员会,True,证监会2012版,K70,房地产业,正常上市
000514,2013,7657960465.33,4516324666.53,3155623163.34,25000000.0,1348440000.0,3141635798.8,803059354.98,91355498.09,126482914.46,6766373269.91,3035106532.98,0.5897555474433205,0.3041056835834716,0.6987148613840778,0.10486595727618375,0.012666858624715532,0.029580478894178953,国有,国企,重庆市国有资产监督管理委员会,True,证监会2012版,K70,房地产业,正常上市
000514,2014,7788997393.38,4405672410.51,2728300314.38,0.0,672000000.0,3383324982.87,924564328.32,107783015.34,122388491.56,7657960465.33,3141635798.8,0.5656276652826274,0.1525306326446113,0.6192699002929662,0.11870132722162711,0.013955241715018331,0.033037138136610834,国有,国企,重庆市国有资产监督管理委员会,True,证监会2012版,K70,房地产业,正常上市
000514,2015,7358164150.37,4029690917.79,2630987010.44,0.0,388000000.0,3328473232.58,649437481.17,-100652618.24,7370833.19,7788997393.38,3383324982.87,0.5476489563755342,0.09628530026635157,0.652900449219294,0.08826080363229509,-0.013289964320943171,-0.029992742632907545,国有,国企,重庆市国有资产监督管理委员会,True,证监会2012版,K70,房地产业,正常上市
000517,2005,806382737.9,921672909.79,853138616.79,548830547.83,68534293.0,-115290171.89,111810159.83,-248338083.76,-245033529.09,1672183111.85,729258755.29,1.1429720236698533,0.6698307330858455,0.9256414154392199,0.13865644014302506,-0.2003885301534745,-0.8089602317589855,国有,国企,北京市西城区人民政府,False,证监会2001版,G81,通信及相关设备制造业,正常上市
000517,2006,602788843.74,741590565.68,686350565.68,397820291.6,55240000.0,-138801721.94,107962440.71,23815447.92,25901934.2,806382737.9,-115290171.89,1.2302659104949678,0.6109304952990702,0.9255114579979212,0.17910490851182254,0.03380063610463033,-0.18745539309438744,国有,国企,北京市西城区人民政府,False,证监会2001版,G81,通信及相关设备制造业,暂停上市
000517,2007,219776828.87,327964503.12,326055741.37,132822873.04,0.0,-108187674.25,6039494.23,24698410.19,26143327.57,602788843.74,-138801721.94,1.4922615127639047,0.4049916127398733,0.9941799745648034,0.02748012272746194,0.060052129604757205,-0.19999571294146093,国有,国企,北京市西城区人民政府,False,证监会2001版,G81,通信及相关设备制造业,暂停上市
000517,2008,1340057.04,18263791.33,18263791.33,0.0,0.0,-16923734.29,1340057.04,-68741923.05,-68333102.1,219776828.87,-108187674.25,13.629114869617787,0.0,1.0,1.0,-0.6217699997636512,1.0988913617421576,国有,国企,北京市西城区人民政府,False,证监会2001版,G81,通信及相关设备制造业,暂停上市
000517,2009,5014819884.5,3355762969.45,1821762969.45,0.0,1534000000.0,1659056915.05,168816178.45,811639304.14,811639304.14,1340057.04,-16923734.29,0.669169191863126,0.45712406208815703,0.542875937911843,0.03366345797817855,0.3236098185062338,0.9885182440127823,民营,民营,"王丛玮,王久芳",True,证监会2001版,J01,房地产开发与经营业,正常上市
000517,2010,7180620065.29,5274996794.87,3401996794.87,110000000.0,1873000000.0,1905623270.42,167643538.69,246566355.37,246566355.37,5014819884.5,1659056915.05,0.7346157778725146,0.37592439903062924,0.6449286942085888,0.02334666604912893,0.04043582788077207,0.13833855635915368,民营,民营,王久芳及其一致行动人,True,证监会2001版,J01,房地产开发与经营业,正常上市
000517,2011,10325829311.8,8015455544.27,6959455544.27,10000000.0,1056000000.0,2310373767.53,472898309.61,404750497.11,404750497.11,7180620065.29,1905623270.42,0.7762529577271063,0.13299306497458527,0.8682545247531313,0.04579761056766533,0.046240158514345125,0.19200701208595117,民营,民营,王久芳及其一致行动人,True,证监会2001版,J01,房地产开发与经营业,正常上市
000517,2012,10728785497.09,7927181438.88,7384878772.39,200000000.0,533000000.0,2801604058.21,370200247.96,424271520.6,424271520.6,10325829311.8,2310373767.53,0.7388703447403355,0.09246666115208316,0.9315894721634352,0.03450532663370057,0.040301997870876044,0.16599114278770696,民营,民营,王久芳及其一致行动人,True,证监会2012版,K70,房地产业,正常上市
000517,2013,8225112440.81,4970114123.68,4877144661.32,305000000.0,70000000.0,3254998317.13,363797772.19,453394258.92,454512833.26,10728785497.09,2801604058.21,0.6042609337496848,0.0754509837537373,0.9812943002823518,0.04423012752810144,0.047841795962549526,0.14971901103035437,民营,民营,王久芳及其一致行动人,True,证监会2012版,K70,房地产业,正常上市
000517,2014,6003016460.33,2323861252.07,1386277631.59,0.0,918000000.0,3679155208.26,328849495.06,309254538.1,309254538.1,8225112440.81,3254998317.13,0.38711558887550546,0.3950321901457255,0.5965406197788963,0.05478070853764115,0.043470865389084526,0.08919748804742725,民营,民营,王久芳及其一致行动人,True,证监会2012版,K70,房地产业,正常上市
000517,2015,7934616164.5,4311391907.23,2379561411.24,0.0,733000000.0,3623224257.27,281670357.82,103265173.26,103265173.26,6003016460.33,3679155208.26,0.5433648985466308,0.17001469960798363,0.5519241726203522,0.03549892672568232,0.014818179821447196,0.028282609455575616,民营,民营,"王丛玮,王久芳,王怡心",True,证监会2012版,K70,房地产业,正常上市
000526,2005,205357397.99,60847955.95,60847955.95,0.0,0.0,144509442.04,4732007.33,-3511811.39,4988802.87,204690775.13,165074246.46,0.2963027217210993,0.0,1.0,0.0230427896745674,-0.017128774715805276,-0.022687315388065094,民营,民营,黄富琪,False,证监会2001版,M,综合类,正常上市
000526,2006,238173193.98,84491142.93,84491142.93,0.0,0.0,153682051.05,70162831.05,-343961.46,1237881.72,205357397.99,144509442.04,0.3547466510320004,0.0,1.0,0.29458743814760174,-0.0015510157189935851,-0.0023069837199962357,民营,民营,"黄富琪,黄少良,林月英",False,证监会2001版,M,综合类,正常上市
000526,2007,202879671.24,44316758.38,44316758.38,0.0,0.0,158562912.86,40088540.41,2899358.96,2899358.96,238173193.98,153682051.05,0.2184386346307449,0.0,1.0,0.1975976211168864,0.013147444166602481,0.018571053468364008,民营,民营,"ANNA,黄富琪,黄少良,林月英",False,证监会2001版,M,综合类,正常上市
000526,2008,182241384.87,37993383.76,37152601.41,0.0,0.0,144248001.11,23352976.25,-12155376.98,-11851600.88,202879671.24,158562912.86,0.2084783529663264,0.0,0.9778702956464439,0.12814310134143572,-0.06312496700532587,-0.08028361211052157,民营,民营,"ANNA,黄富琪,黄少良",False,证监会2001版,M,综合类,正常上市
000526,2009,192065712.0,42620908.23,42234871.87,10000000.0,0.0,149444803.77,23307671.51,725802.66,1042308.17,182241384.87,144248001.11,0.22190794903569253,0.23462662846215937,0.9909425590389396,0.12135258952415204,0.00387811327153157,0.004942597489213642,民营,民营,"ANNA,黄富琪,黄少良",False,证监会2001版,M,综合类,正常上市
000526,2010,192495098.08,35567137.6,35212964.48,0.0,0.0,156927960.48,21873129.44,6964115.9,7032034.67,192065712.0,149444803.77,0.18476905622406278,0.0,0.9900421247280803,0.1136295399631924,0.03621854186624611,0.04546171665779851,民营,民营,"ANNA,黄富琪,黄少良",False,证监会2001版,M,综合类,正常上市
000526,2011,198185636.76,40666390.35,40327540.75,0.0,0.0,157519246.41,38970490.06,4451285.93,4451285.93,192495098.08,156927960.48,0.20519342882171843,0.0,0.9916675761707973,0.196636298659689,0.022787332637853187,0.028311817261949156,其他,外资,廖春荣,False,证监会2001版,M,综合类,正常上市
000526,2012,203138214.65,40902605.06,40563755.46,0.0,0.0,162235609.59,23621285.47,3674075.93,3688624.36,198185636.76,157519246.41,0.20135357165796575,0.0,0.9917156963596098,0.1162818404734857,0.018309781076263496,0.02298057940987142,其他,外资,廖春荣,True,证监会2012版,K70,房地产业,正常上市
000526,2013,197956186.35,42373604.43,42034754.83,0.0,0.0,155582581.92,45580815.7,-6653027.67,-6673552.88,203138214.65,162235609.59,0.2140554696031605,0.0,0.9920032859003116,0.23025709143239415,-0.03317437318203801,-0.041866877653481745,其他,外资,廖春荣,True,证监会2012版,K70,房地产业,正常上市
000526,2014,200798246.46,43170327.63,42831478.03,0.0,0.0,157627918.83,2641064.62,2027100.94,1966548.91,197956186.35,155582581.92,0.21499354895312667,0.0,0.992150868001184,0.013152827111595882,0.010167164416029856,0.012944016469090236,其他,外资,廖春荣,True,证监会2012版,K70,房地产业,正常上市
000526,2015,335359009.87,191208022.08,190869172.48,140000000.0,0.0,144150987.79,133182094.35,-13476073.06,-13562518.58,200798246.46,157627918.83,0.5701591919481176,0.732186853234772,0.9982278484118294,0.3971328946898647,-0.05026910631497859,-0.08931090122192716,其他,外资,廖春荣,True,证监会2012版,K70,房地产业,正常上市
000534,2005,559960593.28,7044891.77,7044891.77,0.0,0.0,552915701.51,156070731.61,2133586.85,2133586.85,555303845.68,550782114.66,0.01258104919264793,0.0,1.0,0.2787173481187437,0.0038261541845440714,0.003866251828609886,国有,国企,汕头市人民政府国有资产监督管理委员会,False,证监会2001版,D01,电力、蒸汽、热水的生产和供应业,正常上市
000534,2006,806449649.47,206258021.07,206008021.07,0.0,0.0,600191628.4,112848118.13,9437162.36,9437162.36,559960593.28,552915701.51,0.2557605688161103,0.0,0.9987879259254836,0.13993200716766874,0.013813073211463965,0.016368228898062023,民营,民营,林伟光,False,证监会2001版,D01,电力、蒸汽、热水的生产和供应业,正常上市
000534,2007,976721112.99,215874767.64,207421198.84,108000000.0,0.0,760846345.35,268260032.11,139624798.48,144182302.62,806449649.47,600191628.4,0.2210198640829526,0.5002900578918257,0.9608404034782915,0.27465366371449224,0.15660283515122073,0.20517399392655997,民营,民营,林伟光,False,证监会2001版,D01,电力、蒸汽、热水的生产和供应业,正常上市
000534,2008,1417703118.86,725622175.39,399876304.68,58000000.0,300831600.0,692080943.47,353885283.34,28367938.85,19244183.57,976721112.99,760846345.35,0.5118294272876296,0.49451575788341756,0.551080601230356,0.24961875207311765,0.023694998131623592,0.0390493578973785,民营,民营,林伟光,False,证监会2001版,D01,电力、蒸汽、热水的生产和供应业,正常上市
000534,2009,1341248751.16,687171721.11,614651409.74,50000000.0,0.0,654077030.05,354089503.41,48001243.0,14421402.58,1417703118.86,692080943.47,0.5123372681731773,0.07276201634030306,0.8944655183818438,0.2639998755665272,0.034796723728023594,0.071315913799454,民营,民营,林伟光,False,证监会2001版,D01,电力、蒸汽、热水的生产和供应业,正常上市
000534,2010,1222113968.07,567415851.11,494895539.74,135000000.0,0.0,654698116.96,162677786.77,38887751.31,12544079.39,1341248751.16,654077030.05,0.4642904556651788,0.23792074143841413,0.8721919537000367,0.1331117972793534,0.03034120065667598,0.05942617629749791,民营,民营,林伟光,True,证监会2001版,J01,房地产开发与经营业,正常上市
000534,2011,1332030036.41,688191798.41,570671487.04,111500000.0,45000000.0,643838238.0,35083980.59,14651230.64,12184495.3,1222113968.07,654698116.96,0.5166488589587434,0.22740753429723803,0.8292331997540232,0.026338730832644017,0.011472517300748558,0.022565761188028218,民营,民营,"林伟光,杨竞雄",True,证监会2001版,J01,房地产开发与经营业,正常上市
000534,2012,2976326678.86,1825877737.56,1781612737.56,120000000.0,35000000.0,1150448941.3,157690893.41,131485295.58,131374752.37,1332030036.41,643838238.0,0.6134668450639807,0.08489067850026653,0.9757568652657143,0.05298171552539359,0.06103733013284623,0.1465599231794054,民营,民营,"林伟光,杨竞雄",True,证监会2012版,K70,房地产业,正常上市
000534,2013,3198794922.67,1906259738.06,1201994738.06,130000000.0,695000000.0,1292535184.61,348167428.07,151507148.11,151507148.11,2976326678.86,1150448941.3,0.5959305876566996,0.4327846743695076,0.6305513955214045,0.10884331021114299,0.049070174771120724,0.12403449249066596,民营,民营,林伟光,True,证监会2012版,K70,房地产业,正常上市
000534,2014,3489346881.83,1859116470.97,1450572023.6,94000000.0,165000000.0,1630230410.86,125105548.01,41283327.54,51234352.57,3198794922.67,1292535184.61,0.5327978369393243,0.1393134879090528,0.7802480620502271,0.035853571526940874,0.012345230931623857,0.028249496027998353,民营,民营,林伟光,True,证监会2012版,K70,房地产业,正常上市
000534,2015,3289420608.47,1631445464.16,1317566016.79,439220000.0,0.0,1657975144.31,314354255.3,37800006.14,46427997.86,3489346881.83,1630230410.86,0.49596742355147777,0.2692213804561012,0.8076065340427357,0.09556523555867635,0.01115247165331736,0.022991267124749894,民营,民营,林伟光,True,证监会2012版,K70,房地产业,正常上市
000537,2005,2491611143.66,1851832456.93,1761303691.54,595600000.0,90000000.0,639778686.73,107837489.0,58567877.82,20638637.42,2239880450.94,557585198.06,0.7432269122900894,0.3702278774920057,0.9511139546932447,0.043280224233382736,0.02475662342371817,0.09782803467514296,其他,其他,中国水利电力工会山东省电力委员会,False,证监会2001版,M,综合类,正常上市
000537,2006,2421172052.33,1818186896.41,1602658131.02,720450000.0,215000000.0,602985155.92,203249242.47,-36833561.04,-58111178.41,2491611143.66,639778686.73,0.7509531983323032,0.5144960629993763,0.881459510122111,0.08394663331521787,-0.014994987391287672,-0.05927684693732024,民营,民营,赵兴银,False,证监会2001版,M,综合类,正常上市
000537,2007,2925632248.81,2256832296.15,2243250622.8,365000000.0,10000000.0,668799952.66,406571890.36,67577024.89,46694227.82,2421172052.33,602985155.92,0.7713998562423442,0.16616210280211077,0.993981974924247,0.13896889826989467,0.025277538164466505,0.10627113721350695,国有,国企,国务院国有资产监督管理委员会,False,证监会2001版,M,综合类,正常上市
000537,2008,2739851200.77,2079540832.7,1770614131.45,470000000.0,300000000.0,660310368.07,340032155.09,28512689.82,-40037616.15,2925632248.81,668799952.66,0.7589977266340493,0.3702740469876997,0.8514447533838992,0.12410606641500761,0.010065403976112131,0.04290492576167748,国有,国企,国务院国有资产监督管理委员会,False,证监会2001版,M,综合类,正常上市
000537,2009,2882488192.58,2093107095.31,2086138253.15,0.0,0.0,789381097.27,171139462.8,128224354.34,81825275.78,2739851200.77,660310368.07,0.7261459390182422,0.0,0.9966705754446991,0.05937212969008554,0.045612456086041836,0.17689881937730412,国有,国企,国务院国有资产监督管理委员会,False,证监会2001版,M,综合类,正常上市
000537,2010,2715310710.57,1755387985.37,1509372365.95,31000000.0,239000000.0,959922725.2,580652874.13,170401296.16,106682616.66,2882488192.58,789381097.27,0.6464777598146428,0.15381214993509798,0.8598511431829444,0.21384398914999636,0.06088153544212229,0.19482184166201044,国有,国企,国务院国有资产监督管理委员会,True,证监会2001版,J01,房地产开发与经营业,正常上市
000537,2011,2974834624.61,1617404897.85,1429785371.6,0.0,184000000.0,1357429726.76,651410319.08,424748151.77,280408296.72,2715310710.57,959922725.2,0.5436957350400751,0.113762484733779,0.8839996549414431,0.21897362417764643,0.14929254939902642,0.36658053582721184,国有,国企,国务院国有资产监督管理委员会,True,证监会2001版,J01,房地产开发与经营业,正常上市
000537,2012,3284010702.9,1769364101.49,1765744575.24,0.0,0.0,1514646601.41,1162738519.39,433216874.65,280155497.39,2974834624.61,1357429726.76,0.5387814661893561,0.0,0.9979543349800349,0.35406051459065724,0.13843348157074514,0.30167504282592145,国有,国企,国务院国有资产监督管理委员会,True,证监会2012版,K70,房地产业,正常上市
000537,2013,4151469156.4,2084865873.23,2081246346.98,0.0,0.0,2066603283.17,1857389728.38,551956681.76,360802711.57,3284010702.9,1514646601.41,0.5021995333907089,0.0,0.998263904505093,0.44740540237824133,0.14846565176815985,0.30824806955615836,国有,国企,国务院国有资产监督管理委员会,True,证监会2012版,K70,房地产业,正常上市
000537,2014,4814283690.17,2315646485.71,2312026959.46,0.0,0.0,2498637204.46,675474607.94,432007613.22,280642651.95,4151469156.4,2066603283.17,0.4809950212194975,0.0,0.9984369262439944,0.14030635737549316,0.09636839663392502,0.18925952067172372,国有,国企,国务院国有资产监督管理委员会,True,证监会2012版,K70,房地产业,正常上市
000537,2015,7994592314.2,5252946486.97,4144946486.97,1090000000.0,1108000000.0,2741645827.23,949016456.63,243008622.77,142365935.22,4814283690.17,2498637204.46,0.6570624592876004,0.41843182782314015,0.7890707619526663,0.11870729855034089,0.0379437856509959,0.09274637316359964,国有,国企,国务院国有资产监督管理委员会,True,证监会2012版,K70,房地产业,正常上市
000540,2005,1082279211.98,933471491.54,656737131.65,0.0,212000000.0,148807720.44,110615792.37,-168611511.45,-166456574.77,1308429463.01,333060219.35,0.8625052400593,0.22710923892303533,0.7035427836864564,0.10220633561614055,-0.14105567375389666,-0.699824568214609,民营,民营,刘志远,False,证监会2001版,M,综合类,正常上市
000540,2006,1272356060.35,1084952597.26,802970612.76,90000000.0,224000000.0,187403463.09,91275709.89,9966319.81,10120705.49,1082279211.98,148807720.44,0.8527114626715033,0.28941356589494616,0.7400974151201324,0.07173755266657972,0.008465276917505744,0.05928606957900739,民营,民营,罗玉平,False,证监会2001版,M,综合类,*ST
000540,2007,1582605272.03,1146037069.52,605582042.03,72000000.0,488000000.0,436568202.51,381520237.64,102243399.24,102478831.12,1272356060.35,187403463.09,0.7241458686978743,0.488640389472347,0.5284140087053543,0.2410710013310052,0.0716250676185279,0.32771808361421206,民营,民营,罗玉平,False,证监会2001版,M,综合类,正常上市
000540,2008,2868766820.17,2066660990.23,1309219006.97,55000000.0,707649491.88,802105829.94,127233858.86,190170820.94,190965181.38,1582605272.03,436568202.51,0.7204004785957235,0.36902496127104245,0.6334948078853979,0.04435141189079294,0.0854436865762044,0.3070554737695712,民营,民营,罗玉平,False,证监会2001版,M,综合类,正常上市
000540,2009,6286704852.37,5040922466.53,2333680465.7,0.0,2637135592.09,1245782385.84,1299687485.45,458920191.43,460482991.73,2868766820.17,802105829.94,0.8018385759957607,0.5231454380819539,0.46294710565275293,0.2067358840553865,0.10025047487317097,0.4481887125418185,民营,民营,罗玉平,False,证监会2001版,M,综合类,正常上市
000540,2010,12395831022.56,10515853825.0,6155391094.76,0.0,4093692952.56,1879977197.56,2043208011.72,566407695.87,554765226.76,6286704852.37,1245782385.84,0.8483379457062215,0.3892877383696421,0.585343919494811,0.1648302568824494,0.06063499084511965,0.3624128348693397,民营,民营,罗玉平,True,证监会2001版,J01,房地产开发与经营业,正常上市
000540,2011,18010760705.24,15553687422.44,12777224481.92,0.0,2659910345.27,2457073282.8,1193425396.14,529681045.93,525093863.12,12395831022.56,1879977197.56,0.8635774844265658,0.17101477437642396,0.821491658851632,0.06626179846988851,0.03483988279065987,0.2442586492034713,民营,民营,罗玉平,True,证监会2001版,J01,房地产开发与经营业,正常上市
000540,2012,25898508756.29,23271630027.31,16408871581.05,0.0,6332643268.44,2626878728.98,2140915510.56,438339795.35,438470515.24,18010760705.24,2457073282.8,0.8985702708329874,0.2721185950880295,0.705101944375777,0.08266559015835355,0.01996570659113518,0.17244057156099232,民营,民营,罗玉平,True,证监会2012版,K70,房地产业,正常上市
000540,2013,36450489783.45,32796564913.56,23683651799.86,1000000000.0,8674094952.94,3653924869.89,3922532603.15,1081723398.19,1081252796.25,25898508756.29,2626878728.98,0.8997564945876523,0.29497281128183545,0.7221381831384361,0.10761261718164866,0.03469898229401492,0.34445382064951574,民营,民营,罗玉平,True,证监会2012版,K70,房地产业,正常上市
000540,2014,43394959111.93,35759638354.37,27398604045.04,0.0,7461246771.34,7635320757.56,5203869876.15,1602307796.95,1603579642.41,36450489783.45,3653924869.89,0.824050513842726,0.20864995046652085,0.7661879511623125,0.11991876435987628,0.04013523172872317,0.28386445823341117,民营,民营,罗玉平,True,证监会2012版,K70,房地产业,正常上市
000540,2015,55400145908.81,42441956954.91,29090573425.57,1734660000.0,5869010456.42,12958188953.9,8354909133.76,2614337250.99,2606776304.48,43394959111.93,7635320757.56,0.7660982883469388,0.17915456783715414,0.6854201717530507,0.15081023698949073,0.05292442880527681,0.25389914469364666,民营,民营,罗玉平,True,证监会2012版,K70,房地产业,正常上市
000546,2005,720040923.1,482851170.7,482851170.7,67894923.29,0.0,237189752.4,21253319.94,9883973.83,9803473.71,429820413.78,231597853.98,0.6705885113045736,0.1406125270268502,1.0,0.029516822250182463,0.017191592608581628,0.04216823864574626,民营,民营,许华,True,证监会2001版,J01,房地产开发与经营业,ST
000546,2006,587445997.55,357516547.36,357516547.36,61894923.29,0.0,229929450.19,37895505.94,10697117.98,9237390.94,720040923.1,237189752.4,0.6085947454762772,0.17312463925669747,1.0,0.06450891843343363,0.01636286805023192,0.0458003778080135,民营,民营,许华,True,证监会2001版,J01,房地产开发与经营业,正常上市
000546,2007,595366774.27,350128271.49,295918516.38,55494923.29,41000000.0,245238502.78,87731064.31,19050647.89,10525272.7,587445997.55,229929450.19,0.5880883627060051,0.2755987766407946,0.8451717284088317,0.14735633243485938,0.03221244873892708,0.0801849020790456,民营,民营,许华,True,证监会2001版,J01,房地产开发与经营业,正常上市
000546,2008,565888984.9,421049285.15,407839530.04,49894923.29,0.0,144839699.75,45274039.52,-21035507.98,-20932795.17,595366774.27,245238502.78,0.7440492682931528,0.11850138463535165,0.968626582265081,0.0800051613091577,-0.036228897577283044,-0.10785277333399428,国有,国企,江苏省人民政府国有资产监督管理委员会,True,证监会2001版,J01,房地产开发与经营业,正常上市
000546,2009,406805594.73,255546316.06,234019468.67,34074923.29,0.0,151259278.67,38235658.96,18987799.65,18535110.71,565888984.9,144839699.75,0.628177978303391,0.13334147725299045,0.9157614646068868,0.09399000273183877,0.03904164790806731,0.12825305748314242,国有,国企,江苏省人民政府国有资产监督管理委员会,True,证监会2001版,J01,房地产开发与经营业,正常上市
000546,2010,485698005.51,329651252.46,268036775.12,24894923.29,40000000.0,156046753.05,61510114.24,1822045.86,2237807.47,406805594.73,151259278.67,0.6787165043304112,0.19685932574417983,0.81309193615918,0.12664271531321653,0.004082999462433631,0.011858184818579453,国有,国企,广东省委宣传部,True,证监会2001版,J01,房地产开发与经营业,正常上市
000546,2011,424173152.45,248205313.34,230636081.18,4894923.29,0.0,175967839.11,24326576.32,22219433.31,19650308.88,485698005.51,156046753.05,0.5851509269419345,0.019721267140219392,0.9292149232279606,0.057350580015475,0.04884083447554849,0.13384612504797563,国有,国企,广东省委宣传部,True,证监会2001版,J01,房地产开发与经营业,正常上市
000546,2012,422920664.28,242620799.01,218598662.87,4894923.29,3000000.0,180299865.27,62833734.95,5408325.36,4994511.88,424173152.45,175967839.11,0.573679225211303,0.032540175130140424,0.9009889661643976,0.14857097384203513,0.012769129589158205,0.03036101950027672,民营,民营,"赵璧生,赵辉",True,证监会2012版,K70,房地产业,正常上市
000546,2013,290085998.1,87344029.7,73535251.97,4894923.29,0.0,202741968.4,7578914.57,20759352.19,20611791.55,422920664.28,180299865.27,0.3010970204425044,0.05604187609402225,0.8419035877159672,0.026126440502610388,0.05823045782126567,0.10839208861914908,民营,民营,"张力,赵璧生,赵辉",True,证监会2012版,K70,房地产业,正常上市
000546,2014,4089621345.33,2376983237.65,1912372021.3,638894923.29,310000000.0,1712638107.68,131238767.45,244984540.14,129662065.72,290085998.1,202741968.4,0.5812233057626015,0.39920135247908733,0.8045374451990931,0.03209068917831807,0.11187256176260331,0.25580775659041327,民营,民营,"张力,赵璧生,赵辉",False,证监会2012版,C30,非金属矿物制品业,正常上市
000546,2015,4374184363.66,2376510898.56,1898485984.79,739194923.29,344560000.0,1997673465.1,190012743.61,290250387.58,264385295.37,4089621345.33,1712638107.68,0.5433037798552022,0.4560277522592806,0.7988543145080252,0.043439582745664417,0.0685862595526513,0.15645607215812662,民营,民营,"赵璧生,赵辉",False,证监会2012版,C30,非金属矿物制品业,正常上市
000558,2005,748128152.3,565399867.74,565399867.74,114080000.0,0.0,182728284.56,24891702.48,5990297.37,2405465.81,704901186.76,154305819.63,0.755752695579987,0.20176870655452622,1.0,0.03327197673750741,0.008245253153491408,0.035547128884161956,民营,民营,"高继胜,高靖娜",True,证监会2001版,J01,房地产开发与经营业,正常上市
000558,2006,593547593.84,403104315.97,280104315.97,12000000.0,123000000.0,190443277.87,41401163.91,22565520.81,12079740.86,748128152.3,182728284.56,0.6791440486888117,0.33490090443498755,0.6948680648481225,0.0697520541565203,0.03363781580597396,0.12093912335151673,民营,民营,"高继胜,高靖娜",True,证监会2001版,J01,房地产开发与经营业,正常上市
000558,2007,1959637528.86,1555421977.55,1410193695.37,112000000.0,145000000.0,404215551.31,264453427.24,117995207.74,108923691.26,593547593.84,190443277.87,0.7937294293679156,0.1652284741435953,0.9066309437077942,0.13495017488966096,0.09242980988015452,0.39685009941821103,民营,民营,"高继胜,高靖娜",True,证监会2001版,J01,房地产开发与经营业,正常上市
000558,2008,1952036353.67,1438075050.61,1132275050.61,10000000.0,305800000.0,513961303.06,244611353.33,107245751.75,104534158.31,1959637528.86,404215551.31,0.7367050556749583,0.2195991091466642,0.7873546308516469,0.12531085953912136,0.05483368755712089,0.23360587067637606,民营,民营,"高继胜,高靖娜",True,证监会2001版,J01,房地产开发与经营业,正常上市
000558,2009,2544652087.52,1872252867.03,1477252867.03,160000000.0,395000000.0,672399220.49,252306842.77,141237917.43,130250369.15,1952036353.67,513961303.06,0.7357598613233939,0.29643431705911066,0.7890242247957681,0.09915180311187313,0.06281863610396049,0.2381028610213149,民营,民营,"高继胜,高靖娜",True,证监会2001版,J01,房地产开发与经营业,正常上市
000558,2010,3760099685.28,2873317651.38,2016817651.38,304950000.0,606500000.0,886782033.9,580575843.24,165657469.31,169102594.34,2544652087.52,672399220.49,0.7641599669892888,0.3172117080623675,0.7019125262434387,0.15440437537143825,0.05255003694980681,0.2124928950288212,民营,民营,"高继胜,高靖娜",True,证监会2001版,J01,房地产开发与经营业,正常上市
000558,2011,4622233383.51,3612529820.34,2725029820.34,741000000.0,637500000.0,1009703563.17,382679778.85,51889760.87,61624202.08,3760099685.28,886782033.9,0.7815550450628137,0.3815885455778078,0.7543272874861774,0.08279109839308962,0.012380744225781604,0.054722019455531595,民营,民营,"高继胜,高靖娜",True,证监会2001版,J01,房地产开发与经营业,正常上市
000558,2012,5877880771.98,4740342643.3,3887342643.3,494800000.0,853000000.0,1137538128.68,541012744.61,49834565.51,62895594.71,4622233383.51,1009703563.17,0.8064713843631073,0.2843254383530651,0.8200552018733013,0.09204214335020555,0.00949219499369803,0.04641728567319686,民营,民营,"高继胜,高靖娜",True,证监会2012版,K70,房地产业,正常上市
000558,2013,6263797508.56,5285863400.45,4478446840.45,265000000.0,807416560.0,977934108.11,505932361.35,60792524.64,67507643.05,5877880771.98,1137538128.68,0.843875204015843,0.20288389592298248,0.8472498248949712,0.08077086793731779,0.010013858584514604,0.05747418811059045,民营,民营,"高继胜,高靖娜",True,证监会2012版,K70,房地产业,正常上市
000558,2014,4678030329.38,2928913899.75,2275745239.75,380000000.0,653168660.0,1749116429.63,271478207.14,127501136.78,43001624.15,6263797508.56,977934108.11,0.6260998098612546,0.35274804769378404,0.7769928777845768,0.05803258808199736,0.023305271965237653,0.0935084517250381,民营,民营,"高继胜,高靖娜",True,证监会2012版,K70,房地产业,正常上市
000558,2015,2830740115.15,1475687730.51,779350684.97,186892000.0,696337045.54,1355052384.64,274830486.6,-352159967.98,-358385593.52,4678030329.38,1749116429.63,0.5213080927536168,0.598520288052239,0.5281271022702447,0.09708785526764503,-0.0937996361938437,-0.22689485595055603,民营,民营,"高继胜,高靖娜",True,证监会2012版,K70,房地产业,正常上市
000567,2005,332714221.3,250316945.82,127140595.63,0.0,121576350.19,82397275.48,22006881.51,1296310.83,1321979.78,239088671.46,84680220.93,0.7523482009333635,0.4856896515405079,0.5079184519989522,0.0661434952314736,0.004534117775245653,0.015517479706769324,民营,民营,汪曦光等39名自然人,False,证监会2001版,M,综合类,正常上市
000567,2006,354387844.82,250210105.46,181511829.42,0.0,67098276.04,104177739.36,34742163.35,21780463.88,21780463.88,332714221.3,82397275.48,0.7060346711019004,0.26816773014280476,0.7254376440403902,0.09803429733219596,0.06339804507645336,0.23347674819887473,民营,民营,汪曦光等39名自然人,False,证监会2001版,M,综合类,正常上市
000567,2007,287844960.04,158431944.57,148431944.57,0.0,10000000.0,129413015.47,40130307.78,24809371.75,24809371.75,354387844.82,104177739.36,0.5504072211234259,0.06311858398974393,0.9368814160102561,0.13941639893372926,0.07725974619252961,0.2124174115371602,民营,民营,汪曦光等39名自然人,False,证监会2001版,M,综合类,正常上市
000567,2008,267809185.32,109314199.39,109314199.39,0.0,0.0,158494985.93,49979047.01,29081970.46,29081970.46,287844960.04,129413015.47,0.40817942543450325,0.0,1.0,0.18662185522233304,0.10467651758868181,0.20202266222949095,民营,民营,汪曦光等24名自然人,False,证监会2001版,M,综合类,正常上市
000567,2009,241654078.36,68967155.89,68967155.89,0.0,0.0,172686922.47,86374909.42,14191936.54,14191936.54,267809185.32,158494985.93,0.2853962008754405,0.0,1.0,0.3574320367617569,0.05571328710724911,0.08570478145115973,民营,民营,汪曦光等24名自然人,False,证监会2001版,M,综合类,正常上市
000567,2010,295488971.97,96892608.29,96892608.29,0.0,0.0,198596363.68,171949180.47,25909441.21,25909441.21,241654078.36,172686922.47,0.32790600489766225,0.0,1.0,0.5819140366682023,0.09647128895768915,0.13956696773865807,民营,民营,汪曦光等37名自然人,True,证监会2001版,J01,房地产开发与经营业,正常上市
000567,2011,223654419.32,23728107.23,23728107.23,0.0,0.0,199926312.09,58845790.79,1329948.41,1329948.41,295488971.97,198596363.68,0.10609272690494136,0.0,1.0,0.2631103421471171,0.005123626467420729,0.006674392654974319,民营,民营,汪曦光等37名自然人,True,证监会2001版,J01,房地产开发与经营业,正常上市
000567,2012,215686289.37,29470044.46,8089029.28,0.0,0.0,186216244.91,39320857.4,-13710067.18,-13710067.18,223654419.32,199926312.09,0.13663383308266516,0.0,0.274483104054333,0.1823057808396289,-0.06241200466435201,-0.0710103920506229,民营,民营,汪曦光等37名自然人,True,证监会2012版,K70,房地产业,正常上市
000567,2013,274987416.33,42359510.06,20978494.88,0.0,0.0,232627906.27,39934686.74,2311661.36,2728021.65,215686289.37,186216244.91,0.15404163079653896,0.0,0.49524876114679023,0.1452236879526014,0.009422397545033153,0.011038288840789154,民营,民营,"郭天舒,王广西",True,证监会2012版,K70,房地产业,正常上市
000567,2014,315632012.42,78047747.42,78047747.42,0.0,0.0,237584265.0,3671435.58,4956358.73,6192365.57,274987416.33,232627906.27,0.24727449798769052,0.0,1.0,0.01163201270951742,0.016783595285680825,0.02108137148646463,民营,民营,"郭天舒,王广西",True,证监会2012版,K70,房地产业,正常上市
000567,2015,228992997.69,10613421.98,9028790.54,0.0,0.0,218379575.71,99150884.61,23228604.07,23242943.58,315632012.42,237584265.0,0.046348238099262556,0.0,0.850695520918127,0.43298653500412193,0.08530127569906652,0.10188792178708639,民营,民营,王广西,True,证监会2012版,K70,房地产业,正常上市
000573,2005,2165541861.79,753791731.32,753791731.32,653143760.0,0.0,1411750130.47,157958999.19,16429597.83,16429597.83,2177691983.97,1386242371.54,0.34808458087110294,0.8664777455919414,1.0,0.07294202064486242,0.007565605911843353,0.01174384693182518,民营,民营,陈林,True,证监会2001版,J01,房地产开发与经营业,正常上市
000573,2006,2269459224.7,859456218.6,732656218.6,529842494.63,126800000.0,1410003006.1,343520120.46,4060161.97,4060161.97,2165541861.79,1411750130.47,0.3787052921004173,0.7640208778751164,0.852464852477827,0.151366509131888,0.0018309632357782987,0.002877758452630166,民营,民营,陈林,True,证监会2001版,J01,房地产开发与经营业,正常上市
000573,2007,2230879906.5,757655592.29,508455592.29,444610000.0,249200000.0,1473224314.21,296062281.87,32571923.15,32571923.15,2269459224.7,1410003006.1,0.33962186403779865,0.915732698419043,0.6710906610656729,0.13271099040669046,0.014475319392791987,0.022594072219389152,民营,民营,陈林,True,证监会2001版,J01,房地产开发与经营业,正常上市
000573,2008,2430419266.4,1072226749.11,861716819.45,443870000.0,198580000.0,1358192517.29,29419132.26,-115031796.92,-115031796.92,2230879906.5,1473224314.21,0.4411694574402424,0.5991736361112652,0.8036703245514688,0.01210455029990623,-0.049356109811090995,-0.08125387660357984,民营,民营,陈林,True,证监会2001版,J01,房地产开发与经营业,正常上市
000573,2009,2560110297.89,1147596695.85,797814864.66,382700000.0,341000000.0,1412513602.04,183319720.73,23762584.71,20408559.04,2430419266.4,1358192517.29,0.4482606459556957,0.6306222409118833,0.6952049161043252,0.071606180749747,0.009523071411112135,0.017152728356297973,民营,民营,陈林,True,证监会2001版,J01,房地产开发与经营业,正常上市
000573,2010,2537044404.84,1110812585.36,549144918.2,341800000.0,542940000.0,1426231819.48,101131061.49,46991269.85,39795791.23,2560110297.89,1412513602.04,0.4378372657730655,0.7964799928092886,0.49436324852407876,0.03986176248908732,0.018438235678753016,0.0331070687027924,民营,民营,陈林,True,证监会2001版,J01,房地产开发与经营业,正常上市
000573,2011,2511219848.73,1029920768.54,582998621.31,213650000.0,426410000.0,1481299080.19,96243964.67,60865879.69,56954086.97,2537044404.84,1426231819.48,0.41012767920772136,0.6214652811665691,0.5660616225231092,0.038325582970632176,0.024113587020313864,0.041867744000181166,民营,民营,陈林,True,证监会2001版,J01,房地产开发与经营业,正常上市
000573,2012,2600231693.51,1100585848.08,945152353.47,223650000.0,151990000.0,1499645845.43,131454320.74,62753825.95,63508694.85,2511219848.73,1481299080.19,0.4232645309366033,0.34130913154599757,0.8587720395631494,0.05055484904214534,0.02455420947705954,0.042103311208910026,民营,民营,陈林,True,证监会2012版,K70,房地产业,正常上市
000573,2013,2925352088.29,1317018167.23,1064395406.95,559560000.0,249840000.0,1608333921.06,94939193.79,108447490.82,117180419.28,2600231693.51,1499645845.43,0.450208428756983,0.6145701100709637,0.808185819629713,0.032453937483298376,0.03925286272093133,0.06978648444836903,民营,民营,陈林,True,证监会2012版,K70,房地产业,正常上市
000573,2014,3322087653.48,1707427836.61,1303668978.65,676640000.0,301060000.0,1614659816.87,376042818.93,6000908.35,14014509.81,2925352088.29,1608333921.06,0.5139623076535657,0.5726157082815092,0.7635280102018016,0.11319473119141885,0.0019210776247678848,0.0037238101206204287,民营,民营,陈林,True,证监会2012版,K70,房地产业,正常上市
000573,2015,3186728475.43,1660796737.38,1404961781.74,746900000.0,253220000.0,1525931738.05,258666326.89,-98844847.77,-92062660.73,3322087653.48,1614659816.87,0.5211604158261087,0.6021928978363392,0.8459564919162871,0.08116986711743521,-0.03037260411489088,-0.06294664303936706,民营,民营,陈林,True,证监会2012版,K70,房地产业,正常上市
000592,2005,253068282.29,689160570.25,472751471.4,242012766.99,0.0,-436092287.96,3446053.68,-156648738.3,-156422443.45,508940953.33,-147954088.62,2.723219852025021,0.35117036208587415,0.6859816011071332,0.013617090410607222,-0.41114656090104884,0.5364256832386769,民营,民营,陈克恩,True,证监会2001版,J01,房地产开发与经营业,*ST
000592,2006,269437521.17,791209076.09,479977181.67,231612248.0,0.0,-521771554.92,1023318.53,10322541.34,10570380.01,253068282.29,-436092287.96,2.9365215084160137,0.2927320413772075,0.6066376084080747,0.0037979807918227665,0.03951168110151042,-0.021553253975979122,民营,民营,陈克恩,True,证监会2001版,J01,房地产开发与经营业,暂停上市
000592,2007,176565070.85,319698773.71,243195156.89,48271924.69,0.0,-143133702.85,42100430.17,378330536.87,378330536.87,269437521.17,-521771554.92,1.8106569559366503,0.15099189818534509,0.7607009375350413,0.2384414423947204,1.6965396329043514,-1.137998331187418,民营,民营,陈克恩,True,证监会2001版,J01,房地产开发与经营业,暂停上市
000592,2008,962444710.79,421942603.64,292044505.99,171677688.32,38000000.0,540502107.15,35773769.21,82189651.67,54805775.59,176565070.85,-143133702.85,0.4384071094262219,0.4969341481783534,0.6921427309558231,0.03716968757679176,0.14431772754692146,0.41366978743458194,民营,民营,"刘平山,钟立明",False,证监会2001版,A03,林业,正常上市
000592,2009,1072858533.31,461042475.05,300828045.15,195700000.0,74000000.0,611816058.26,68568886.18,74014831.11,61554595.32,962444710.79,540502107.15,0.42973277532461296,0.584978639919784,0.6524952936654593,0.06391232772176422,0.07273101079611255,0.12846249123160391,民营,民营,"刘平山,钟立明",False,证监会2001版,A03,林业,正常上市
000592,2010,1926899931.78,684310050.53,476143028.07,344000000.0,179000000.0,1242589881.25,570377410.08,90881408.68,69477943.82,1072858533.31,611816058.26,0.35513523003649666,0.7642734453409461,0.6958001386962327,0.2960078002354311,0.060592484186738245,0.09801673597315387,民营,民营,"刘平山,钟立明",False,证监会2001版,A03,林业,正常上市
000592,2011,1822602632.08,588007681.27,412854514.42,249000000.0,151000000.0,1234594950.81,351901325.98,8512484.04,10093279.72,1926899931.78,1242589881.25,0.32261979156638815,0.6802632223036028,0.7021243558048461,0.19307627443640932,0.004540593796120334,0.0068727080271366835,民营,民营,"刘平山,钟立明",False,证监会2001版,A03,林业,正常上市
000592,2012,1825241227.91,553049403.81,385348418.57,217900000.0,147500000.0,1272191824.1,340900774.69,16574948.15,12009612.36,1822602632.08,1234594950.81,0.3030007186739209,0.6607004681367185,0.6967703353720393,0.18677025780332052,0.00908753158642346,0.013224059035172694,民营,民营,"刘平山,钟立明",False,证监会2012版,A02,林业,正常上市
000592,2013,1826902776.48,479114462.51,384321535.05,170000000.0,76000000.0,1347788313.97,121396201.61,48780554.33,43478579.76,1825241227.91,1272191824.1,0.2622550409787749,0.5134472432980783,0.802149726469546,0.06644918556853974,0.026713379467712184,0.03723734666624919,民营,民营,刘平山,False,证监会2012版,A02,林业,正常上市
000592,2014,2145355837.97,715287154.8,671328213.27,90000000.0,36000000.0,1430068683.17,139299013.15,76804702.2,70412208.96,1826902776.48,1347788313.97,0.3334118947264367,0.176153030505952,0.938543644695687,0.06493049343357832,0.038670544722644855,0.055297808547434844,民营,民营,刘平山,False,证监会2012版,A02,林业,正常上市
000592,2015,3797895609.75,372245920.51,328960978.98,45450000.0,34690000.0,3425649689.24,1487354493.19,41790591.82,37711472.09,2145355837.97,1430068683.17,0.09801373148708092,0.21528778580085775,0.8837195006175033,0.3916259544816469,0.014063208392783737,0.01721293889590158,民营,民营,刘平山,False,证监会2012版,A02,林业,正常上市
000608,2005,2565172000.0,1626053000.0,1097453000.0,0.0,528600000.0,939119000.0,499853000.0,163486000.0,119845000.0,2381832000.0,779170000.0,0.633896284537645,0.3250816547800102,0.6749183452199897,0.1948613972084523,0.06609495363254204,0.19028929359380173,其他,其他,河北建设集团有限公司工会联合会,True,证监会2001版,J01,房地产开发与经营业,正常上市
000608,2006,3951744000.0,2890115000.0,1876315000.0,0.0,1013800000.0,1061629000.0,912177000.0,118193000.0,87089000.0,2565172000.0,939119000.0,0.7313517778479578,0.3507818893019828,0.6492181106980172,0.23082897070255562,0.03627267867193623,0.11814881234418327,其他,其他,河北建设集团有限公司工会联合会,True,证监会2001版,J01,房地产开发与经营业,正常上市
000608,2007,5464775000.0,3468770000.0,2972923000.0,0.0,464700000.0,1996005000.0,773488000.0,199233000.0,183326000.0,3951744000.0,1061629000.0,0.6347507445411751,0.13396679514640636,0.8570539413106086,0.14154068557259905,0.04231563702043186,0.1303184095938232,其他,外资,新加坡政府产业投资有限公司,True,证监会2001版,J01,房地产开发与经营业,正常上市
000608,2008,5686954000.0,3605819000.0,2718459000.0,270000000.0,886100000.0,2081135000.0,585169000.0,79158000.0,28326000.0,5464775000.0,1996005000.0,0.6340510227443373,0.3206206412468291,0.7539088900468937,0.10289673522943917,0.014196542975533211,0.03883016035750551,其他,外资,新加坡政府产业投资有限公司,True,证监会2001版,J01,房地产开发与经营业,正常上市
000608,2009,7760845000.0,5442339000.0,4692539000.0,210000000.0,749800000.0,2318506000.0,1830843000.0,301028000.0,267090000.0,5686954000.0,2081135000.0,0.7012559843676817,0.17635799607484942,0.8622283543895373,0.2359076878870793,0.04476985415977738,0.1368420741601417,其他,外资,新加坡政府产业投资有限公司（GIC RE）,True,证监会2001版,J01,房地产开发与经营业,正常上市
000608,2010,6462143000.0,3592374000.0,2596474000.0,0.0,995900000.0,2869769000.0,851112000.0,447731000.0,435392000.0,7760845000.0,2318506000.0,0.5559106321231208,0.27722614627541564,0.7227738537245844,0.13170739180485483,0.06295878193808502,0.17259339568546386,其他,外资,新加坡政府产业投资有限公司（GIC RE）,True,证监会2001版,J01,房地产开发与经营业,正常上市
000608,2011,6256646000.0,3199564000.0,2541064000.0,70000000.0,658500000.0,3057082000.0,796210000.0,187313000.0,173052000.0,6462143000.0,2869769000.0,0.5113864521022925,0.22768727239086325,0.794190708484031,0.12725827863682873,0.029454533761036527,0.06320827029395543,其他,外资,新加坡政府产业投资有限公司（GIC RE）,True,证监会2001版,J01,房地产开发与经营业,正常上市
000608,2012,6829801000.0,3466555000.0,2576556000.0,0.0,827500000.0,3363246000.0,387736000.0,270073000.0,265480000.0,6256646000.0,3057082000.0,0.5075631046936799,0.2387096122807802,0.7432612492806259,0.05677120021505751,0.04127522160904331,0.084130592704921,其他,外资,新加坡政府产业投资有限公司(GIC RE),True,证监会2012版,K70,房地产业,正常上市
000608,2013,8561270000.0,5102283000.0,2584090000.0,30000000.0,2435333000.0,3458987000.0,913265000.0,187945000.0,191274000.0,6829801000.0,3363246000.0,0.5959726769509663,0.48318233230105034,0.5064575994706684,0.10667400981396452,0.024422601909899578,0.055097795692407456,其他,外资,新加坡政府产业投资有限公司(GIC RE),True,证监会2012版,K70,房地产业,正常上市
000608,2014,11238528000.0,6881907000.0,3062417000.0,300000.0,2959778000.0,4356621000.0,515212000.0,-522055000.0,-585172000.0,8561270000.0,3458987000.0,0.6123494998633273,0.43012467329186516,0.44499540606985827,0.045843370234963154,-0.05273336626969629,-0.1335929335248134,其他,外资,新加坡政府产业投资有限公司(GICRE)  ,True,证监会2012版,K70,房地产业,正常上市
000608,2015,10252324000.0,6121349000.0,2416055000.0,417400000.0,2803886000.0,4130975000.0,540911000.0,68331000.0,20180000.0,11238528000.0,4356621000.0,0.5970694059220134,0.5262379256598505,0.39469322856775524,0.052759842548869895,0.006359077806687236,0.016101379000602763,国有,国企,中国工商银行股份有限公司,True,证监会2012版,K70,房地产业,正常上市
000609,2005,769977163.22,288284855.69,208284855.69,0.0,80000000.0,481692307.53,379463662.92,27483273.19,30664791.86,487682626.31,445586033.58,0.3744070207022886,0.27750330418336655,0.7224966958166334,0.49282456811200076,0.04370541766350147,0.05927728918395982,民营,民营,石东平,False,证监会2001版,C43,化学原料及化学制品制造业,正常上市
000609,2006,686474156.57,172849180.4,32849180.4,0.0,140000000.0,513624976.17,332687675.58,31932668.64,31942889.95,769977163.22,481692307.53,0.2517926985972042,0.8099546649629354,0.19004533503706447,0.4846324838247216,0.043849963546470264,0.06416580755293078,民营,民营,石东平,False,证监会2001版,C43,化学原料及化学制品制造业,正常上市
000609,2007,1129479955.71,460261171.68,360261171.68,0.0,100000000.0,669218784.03,760782624.58,142143771.79,142144565.12,686474156.57,513624976.17,0.4074983087156037,0.21726794731562918,0.7827320526843708,0.673568947137062,0.15654995996736176,0.24034242995197563,民营,民营,石东平,False,证监会2001版,C43,化学原料及化学制品制造业,正常上市
000609,2008,1038103698.4,221578214.44,221578214.44,0.0,0.0,816525483.96,582151262.56,138587858.06,138677971.12,1129479955.71,669218784.03,0.2134451642755076,0.0,1.0,0.5607833431835888,0.12787313448984605,0.18655681337070154,民营,民营,石东平,False,证监会2001版,C43,化学原料及化学制品制造业,正常上市
000609,2009,1059366713.14,227834178.61,227792648.8,0.0,0.0,831532534.53,551763406.64,15007050.57,14853078.04,1038103698.4,816525483.96,0.2150663937086446,0.0,0.9998177191400633,0.5208426881797654,0.014309666050527556,0.018211798858574053,民营,民营,石东平,False,证监会2001版,C43,化学原料及化学制品制造业,正常上市
000609,2010,1107838052.07,271524875.74,271524875.74,0.0,0.0,836313176.33,318810510.68,74063484.0,73623874.17,1059366713.14,831532534.53,0.24509437569205594,0.0,1.0,0.2877771801431638,0.06834931815298341,0.08881335187990531,民营,民营,郑宽,True,证监会2001版,J01,房地产开发与经营业,正常上市
000609,2011,1444527237.49,442889976.88,442889976.88,0.0,0.0,1001637260.61,733488765.55,165324084.28,165212940.82,1107838052.07,836313176.33,0.3065985641430773,0.0,1.0,0.5077708100710546,0.12954578637801495,0.17990048148985752,民营,民营,郑宽,True,证监会2001版,J01,房地产开发与经营业,正常上市
000609,2012,1581303439.52,506434588.63,502914476.03,0.0,0.0,1074868850.89,715350067.72,82512719.61,84567844.06,1444527237.49,1001637260.61,0.32026401509866237,0.0,0.9930492255485105,0.4523800112248807,0.05453888760988809,0.07947264797636017,民营,民营,郑宽,True,证监会2012版,K70,房地产业,正常上市
000609,2013,1792586587.51,624809587.27,621734700.79,0.0,0.0,1167777000.24,574212662.48,100926532.73,104035542.69,1581303439.52,1074868850.89,0.348551970445062,0.0,0.995078682301539,0.32032631867318195,0.05982799197450107,0.09000666126499307,民营,民营,郑宽,True,证监会2012版,K70,房地产业,正常上市
000609,2014,1875635699.14,588842598.13,529559818.77,0.0,59282779.36,1286793101.01,189830031.97,115801500.31,120414278.23,1792586587.51,1167777000.24,0.31394294659671435,0.10067678450619162,0.8993232154938083,0.101208370077963,0.06313766792783738,0.09435583057988656,民营,民营,郑宽,True,证监会2012版,K70,房地产业,正常上市
000609,2015,1982360203.22,678175498.84,664829950.89,0.0,0.0,1304184704.38,485166529.13,18151603.37,22801981.68,1875635699.14,1286793101.01,0.34210508147733276,0.0,0.9803213947233022,0.24474186292780253,0.009409861404412774,0.014011392403469684,民营,民营,郑宽,True,证监会2012版,K70,房地产业,正常上市
000616,2005,2458921405.86,1744582792.13,1375232792.13,210630000.0,369350000.0,714338613.73,130239526.07,30129523.55,32188731.86,2064316470.25,743237165.24,0.7094910752219987,0.3324462459542487,0.7882874910458951,0.052966119925435,0.013322104375333666,0.041341965179046966,民营,民营,"宫晓冬,侯莹",True,证监会2001版,J01,房地产开发与经营业,正常上市
000616,2006,3741227203.77,2905094036.97,2277073036.97,354550000.0,628021000.0,836133166.8,237740313.34,150020646.65,142785190.4,2458921405.86,714338613.73,0.7765083163199935,0.3382234748672085,0.7838207672426938,0.06354607736745614,0.048392597047428716,0.19351612655435527,民营,民营,"宫晓冬,侯莹",True,证监会2001版,J01,房地产开发与经营业,正常上市
000616,2007,5349118225.01,3041118434.62,1981118434.62,75000000.0,1060000000.0,2307999790.39,1382509869.43,294794346.29,297602973.97,3741227203.77,836133166.8,0.5685270556184641,0.3732179539866631,0.6514440253516627,0.25845565778786195,0.06485877761183469,0.18752028002878482,民营,民营,"宫晓冬,侯莹",True,证监会2001版,J01,房地产开发与经营业,正常上市
000616,2008,5109911616.34,2568096874.32,1885081000.06,0.0,683015874.26,2541814742.02,670477927.35,267726377.98,270870281.8,5349118225.01,2307999790.39,0.5025716816917104,0.2659618806011179,0.734038119398882,0.1312112571978756,0.05119526037138511,0.11040685213459482,民营,民营,"宫晓冬,侯莹",True,证监会2001版,J01,房地产开发与经营业,正常上市
000616,2009,7548915111.72,4613622666.95,3142236925.38,0.0,743378318.69,2935292444.77,1995232464.06,419646134.66,420152073.16,5109911616.34,2541814742.02,0.6111636703646544,0.1611268134291175,0.6810780057696587,0.2643071798439381,0.06630095247765697,0.15323641489877232,民营,民营,"宫晓冬,侯莹",True,证监会2001版,J01,房地产开发与经营业,正常上市
000616,2010,9138720612.06,5685941158.23,3432146172.35,90000000.0,673000000.0,3452779453.83,1876140804.93,544362499.32,546588947.1,7548915111.72,2935292444.77,0.6221813095726434,0.13419062539815615,0.6036197134017488,0.20529578313775487,0.06524141685862421,0.17043092437306526,民营,民营,"侯莹,芦清云",True,证监会2001版,J01,房地产开发与经营业,正常上市
000616,2011,9871552689.97,6123961720.73,3892795099.43,200000000.0,1297284100.0,3747590969.24,860389589.53,359023912.69,362412431.16,9138720612.06,3452779453.83,0.6203645883339363,0.2444959926727821,0.6356661385149814,0.08715848626368572,0.037771567718772554,0.09972373408448175,民营,民营,芦清云,True,证监会2001版,J01,房地产开发与经营业,正常上市
000616,2012,11640400729.43,7635494643.14,4135648465.11,170000000.0,2765000000.0,4004906086.29,1639947239.86,312395076.66,321889071.7,9871552689.97,3747590969.24,0.6559477479014496,0.38438898030488544,0.5416346495410895,0.14088408792609527,0.02904385952958364,0.08059211746160234,民营,民营,芦清云,True,证监会2012版,K70,房地产业,正常上市
000616,2013,11747861729.07,7234256458.22,4891416458.22,525000000.0,2342840000.0,4513605270.85,1258463789.68,208379217.84,213539215.75,11640400729.43,4004906086.29,0.6157934631047695,0.39642498390299485,0.6761463996292358,0.1071227955097514,0.01781912771072643,0.04892385749191772,其他,其他,海南航空股份有限公司工会委员会,True,证监会2012版,K70,房地产业,正常上市
000616,2014,8613897830.94,4374987402.31,2408744402.31,102200000.0,1966243000.0,4238910428.63,1213236884.15,204361174.76,191727095.69,11747861729.07,4513605270.85,0.5078986874670854,0.47278833280933763,0.5505717344553218,0.14084644465972315,0.020073036827461643,0.04669769967328168,其他,其他,海南航空股份有限公司工会委员会,True,证监会2012版,K70,房地产业,正常上市
000616,2015,8763743291.7,4332266341.09,2362189052.48,685000000.0,370979990.97,4431476950.61,2084575887.14,221092247.74,221871902.21,8613897830.94,4238910428.63,0.4943397127107796,0.24374770797317022,0.5452548081071286,0.23786364088440018,0.025445599455032573,0.05099939323804002,其他,其他,海南省慈航公益基金会,True,证监会2012版,K70,房地产业,正常上市
000620,2005,241774950.55,638670126.59,344803813.05,70867000.0,61000000.0,-396895176.04,3231075.78,-349621312.04,-349621312.04,597266681.71,70732853.89,2.641589317409127,0.20647121966400223,0.5398777846256615,0.013363980729392396,-0.8333825130900305,2.1438485581986466,民营,民营,刘晓卫,False,证监会2001版,C41,石油加工及炼焦业,*ST
000620,2006,3070803.07,1226829.12,1226829.12,0.0,0.0,1843973.95,408053.07,675864.53,675864.53,241774950.55,-396895176.04,0.39951409844070535,0.0,1.0,0.1328815494508412,0.005520737198889225,-0.0034216553521385085,国有,国企,北京市国有资产监督管理委员会,False,证监会2001版,C41,石油加工及炼焦业,暂停上市
000620,2007,5702102.72,3289905.46,3289905.46,0.0,0.0,2412197.26,4513743.06,568223.31,568223.31,3070803.07,1843973.95,0.5769635556477664,0.0,1.0,0.7915927301990098,0.12954050199597553,0.2670114908276916,国有,国企,北京市国有资产监督管理委员会,False,证监会2001版,C41,石油加工及炼焦业,暂停上市
000620,2008,4762820.87,1875755.12,1875755.12,0.0,0.0,2887065.75,2064857.75,474868.49,474868.49,5702102.72,2412197.26,0.3938328085809366,0.0,1.0,0.4335367225347696,0.09075431577040306,0.17922057807053438,国有,国企,北京市国有资产监督管理委员会,False,证监会2001版,C41,石油加工及炼焦业,暂停上市
000620,2009,5220090.0,1852953.55,1852953.55,0.0,0.0,3367136.45,3600953.6,480070.7,480070.7,4762820.87,2887065.75,0.35496582434402474,0.0,1.0,0.6898259608550811,0.0961785006901499,0.1535194049210625,国有,国企,北京市国有资产监督管理委员会,False,证监会2001版,C41,石油加工及炼焦业,暂停上市
000620,2010,5939946.23,1977786.05,1977786.05,0.0,0.0,3962160.18,5939946.23,595023.73,595023.73,5220090.0,3367136.45,0.3329636285276609,0.0,1.0,1.0,0.10663473088025986,0.16236857642368335,国有,国企,北京市国有资产监督管理委员会,False,证监会2001版,C41,石油加工及炼焦业,暂停上市
000620,2011,6762994434.97,4256589481.54,2670057462.4,0.0,1550000000.0,2506404953.43,540667455.05,604316174.76,606703419.91,5939946.23,3962160.18,0.6293942014102636,0.36414129356895897,0.6272762440398633,0.07994498003049122,0.17855577871708267,0.481456414469174,民营,民营,傅军,True,证监会2001版,J01,房地产开发与经营业,正常上市
000620,2012,10575536097.28,7534047582.27,4643821185.5,30000000.0,2734690000.0,3041488515.01,1325138738.6,607928194.35,595816869.1,6762994434.97,2506404953.43,0.7124033725541098,0.3669594556989779,0.6163780006418306,0.12530227559251791,0.07012453485827325,0.2191564051502748,民营,民营,傅军,True,证监会2012版,K70,房地产业,正常上市
000620,2013,18264395018.92,14733950322.72,7922455415.57,44060000.0,6611990000.0,3530444696.2,2644352914.42,501773102.17,508514764.25,10575536097.28,3041488515.01,0.8067034417212928,0.4517491815983836,0.5377007009011996,0.14478185079115558,0.03479710822805284,0.15270182640143276,民营,民营,傅军,True,证监会2012版,K70,房地产业,正常上市
000620,2014,24695702569.17,20945251315.7,12384466786.22,129000000.0,8308249400.0,3750451253.47,2977167116.33,403297444.45,421456860.88,18264395018.92,3530444696.2,0.8481334457699518,0.4028239753645574,0.5912780228584287,0.12055405623675926,0.01877544359032405,0.11078236723552658,民营,民营,傅军,True,证监会2012版,K70,房地产业,正常上市
000620,2015,33994152986.85,27210923383.6,14670370725.78,545093241.23,6913749884.23,6783229603.25,4861154500.73,287922809.95,306745766.15,24695702569.17,3750451253.47,0.8004589316911657,0.27411209168871636,0.5391353508650802,0.1429997241764031,0.009811672127056952,0.0546670843490229,民营,民营,傅军,True,证监会2012版,K70,房地产业,正常上市
000628,2005,1838218939.18,1385630193.65,1308665193.65,796553801.94,75240000.0,452588745.53,206599416.63,8306113.64,10392793.83,1873005836.02,447094944.09,0.7537895318759513,0.6291677288321336,0.9444548766671573,0.11239108259985651,0.004476211570641059,0.018464519776963523,国有,国企,成都市国有资产管理局,True,证监会2001版,J01,房地产开发与经营业,正常上市
000628,2006,1729124002.58,1318884041.15,1158564041.15,414320000.0,72320000.0,410239961.43,213578843.33,-181012193.68,-176021735.27,1838218939.18,452588745.53,0.7627469395960689,0.36897860980687475,0.8784426871522313,0.12351852325878435,-0.101482922519748,-0.4195785147616596,国有,国企,成都高新技术产业开发区管理委员会,True,证监会2001版,J01,房地产开发与经营业,正常上市
000628,2007,1872267823.97,1738067156.96,1554088931.48,326346449.82,66320000.0,134200667.01,240286440.49,-280677522.33,-271134625.75,1729124002.58,410239961.43,0.9283218643765198,0.2259213335040522,0.894147803930781,0.12833977992555098,-0.1558716939716491,-1.0310675128497762,国有,国企,成都高新技术产业开发区管理委员会,True,证监会2001版,J01,房地产开发与经营业,正常上市
000628,2008,1892524937.67,1767561731.33,1631522896.06,309386000.0,30000000.0,124963206.34,422048997.7,9514965.05,6843148.69,1872267823.97,134200667.01,0.9339701137603768,0.1920080040116219,0.9230358788274751,0.22300842081352418,0.0050547085337335484,0.07342817443656639,国有,国企,成都高新技术产业开发区管理委员会,True,证监会2001版,J01,房地产开发与经营业,*ST
000628,2009,2433834183.86,2295456368.39,2078986368.39,349496000.0,112700000.0,138377815.47,637890553.59,13414609.13,11652431.14,1892524937.67,124963206.34,0.9431441071919959,0.20135255296713728,0.9056963125150452,0.2620928565389453,0.006201338702209249,0.1018801327480123,国有,国企,成都高新技术产业开发区管理委员会,True,证监会2001版,J01,房地产开发与经营业,正常上市
000628,2010,2752143290.28,2610853479.22,2475413479.22,272600000.0,38700000.0,141289811.06,643317992.67,5089995.59,15267591.52,2433834183.86,138377815.47,0.9486618986885579,0.11923304102572688,0.9481242432491986,0.2337516345686163,0.0019629840720988023,0.036400320288440646,国有,国企,成都高新技术产业开发区管理委员会,True,证监会2001版,J01,房地产开发与经营业,正常上市
000628,2011,3089663419.27,2951785885.88,2870920074.44,312282000.0,0.0,137877533.39,761226714.55,-3412277.67,6027200.26,2752143290.28,141289811.06,0.9553745781724741,0.10579425882270625,0.9726044453878496,0.24637852453516,-0.0011682268310663948,-0.024446109029855768,国有,国企,成都高新技术产业开发区管理委员会,True,证监会2001版,J01,房地产开发与经营业,正常上市
000628,2012,2858554245.05,2660243554.52,2533696236.02,290800000.0,47000000.0,198310690.53,910264230.87,450776.49,8216568.01,3089663419.27,137877533.39,0.9306255283161395,0.1269808546010934,0.9524301756938817,0.31843517835851953,0.00015156691144776148,0.0026816911356613593,国有,国企,成都高新技术产业开发区管理委员会,True,证监会2012版,K70,房地产业,正常上市
000628,2013,3345331604.61,3147710665.4,3025671003.36,254180000.0,42492343.54,197620939.21,906448512.41,18400095.36,13996882.08,2858554245.05,198310690.53,0.9409263527305722,0.094250194848293,0.9612290724870383,0.2709592409795423,0.005931796878889513,0.09294582184344785,国有,国企,成都高新技术产业开发区管理委员会,False,证监会2012版,E47,房屋建筑业,正常上市
000628,2014,3681730712.61,3531949855.4,3302759473.88,190000000.0,149643063.02,149780857.21,1074748608.58,-39823278.22,-41806711.65,3345331604.61,197620939.21,0.9593178130336916,0.09616304787020674,0.9351093897413094,0.2919139645110287,-0.011334260725826214,-0.22926351349003768,国有,国企,成都高新技术产业开发区管理委员会,False,证监会2012版,E47,房屋建筑业,正常上市
000628,2015,3971064915.38,3284541279.17,3147971974.57,32800000.0,55000000.0,686523636.21,1192991621.59,49193359.87,46668701.81,3681730712.61,149780857.21,0.8271185057813881,0.026731282251440287,0.9584205851008483,0.3004210827603255,0.012856310885939755,0.11764461450835377,国有,国企,成都高新技术产业开发区管理委员会,False,证监会2012版,E47,房屋建筑业,正常上市
000631,2005,1545854975.76,1652954351.6,1445203311.58,521632731.59,160000000.0,-107099375.84,6166453.07,-186519247.93,-127019743.7,2515055960.2,179862843.13,1.0692816451215585,0.41237238701129536,0.8743153192228784,0.003989024304798283,-0.09186079225640875,-5.126727872563425,国有,国企,长春市人民政府国有资产监督管理委员会,False,证监会2001版,C75,交通运输设备制造业,*ST
000631,2006,865623844.56,1481371085.0,859837662.48,121997231.0,30000000.0,-615747240.44,40720791.91,-11356236.78,25782005.61,1545854975.76,-107099375.84,1.7113335016238918,0.10260577686380316,0.5804336747129096,0.047042132868577044,-0.009418483533264492,0.03142087553357537,国有,国企,长春市人民政府国有资产监督管理委员会,False,证监会2001版,C75,交通运输设备制造业,暂停上市
000631,2007,214794031.56,380446379.09,370450946.56,0.0,0.0,-165652347.53,137679.66,459454383.8,459454383.8,865623844.56,-615747240.44,1.7712148532568843,0.0,0.9737270924909095,0.0006409845701952892,0.8505123692510421,-1.1759780549503942,国有,国企,长春市人民政府国有资产监督管理委员会,False,证监会2001版,C75,交通运输设备制造业,暂停上市
000631,2008,292395653.37,258299208.67,258299208.67,0.0,0.0,34096444.7,85631.63,199748792.23,199748792.23,214794031.56,-165652347.53,0.8833893585386029,0.0,1.0,0.00029286218523789405,0.7876689852537849,-3.0367134873168045,民营,民营,鲁冠球,False,证监会2001版,C75,交通运输设备制造业,暂停上市
000631,2009,7217186615.18,5908662177.68,4775757957.7,72000000.0,1130000000.0,1308524437.5,1565470487.15,286099190.1,286099190.1,292395653.37,34096444.7,0.8186932793524053,0.20343014439724796,0.8082638360575848,0.21690868902535043,0.07619576691986675,0.4261801583648868,民营,民营,鲁冠球,True,证监会2001版,J01,房地产开发与经营业,正常上市
000631,2010,9532826245.27,7782827062.75,5641383356.82,0.0,2140000000.0,1749999182.52,381918265.06,423891094.75,423891094.75,7217186615.18,1308524437.5,0.816423887576015,0.2749643519952309,0.7248501490956503,0.040063487494015775,0.050613823199012385,0.2771867393636333,民营,民营,鲁冠球,True,证监会2001版,J01,房地产开发与经营业,正常上市
000631,2011,10654303152.61,8384838945.09,7360581662.71,100000000.0,1020000000.0,2269464207.52,554520538.0,522373150.0,522373150.0,9532826245.27,1749999182.52,0.786990836001879,0.13357442013312018,0.8778441316419339,0.05204662661247425,0.05175308878288146,0.2599218349864366,民营,民营,鲁冠球,True,证监会2001版,J01,房地产开发与经营业,正常上市
000631,2012,11077577303.95,8264553372.06,7079961848.21,150000000.0,1181483983.0,2813023931.89,903885894.09,584179739.46,584179739.46,10654303152.61,2269464207.52,0.7460614487531545,0.1611077965206628,0.8566659962709234,0.08159599064749436,0.05376246575879347,0.22987943048217896,民营,民营,鲁冠球,True,证监会2012版,K70,房地产业,正常上市
000631,2013,12882844000.28,9875773376.72,8794995426.62,1530516017.0,1006483983.0,3007070623.56,1056497619.51,609837467.87,609837467.87,11077577303.95,2813023931.89,0.7665833240319727,0.2568912735462753,0.890562702395774,0.08200810469233638,0.050903734965823705,0.20956273547100418,民营,民营,鲁冠球,True,证监会2012版,K70,房地产业,正常上市
000631,2014,11955440874.29,8426598454.89,6639925256.08,1933000000.0,1715000000.0,3528842419.4,1022597117.45,584508539.28,584508539.28,12882844000.28,3007070623.56,0.7048337692850186,0.4329148967437799,0.7879721920565487,0.0855340366116552,0.04706512887115109,0.17886056177249454,民营,民营,鲁冠球,True,证监会2012版,K70,房地产业,正常上市
000631,2015,11891840346.06,8129137656.59,6606168675.31,0.0,1447500000.0,3762702689.47,1206480079.06,326884372.6,326884372.6,11955440874.29,3528842419.4,0.683589538711167,0.17806316747835654,0.8126530702742641,0.10145444640616375,0.027414812580065045,0.08966120835002517,民营,民营,鲁冠球,True,证监会2012版,K70,房地产业,正常上市
000638,2005,162346840.97,509038233.86,382154495.77,156853797.41,0.0,-346691392.89,7435986.36,-289906.4,638352.88,213462268.23,-359638254.05,3.135498238330766,0.3081375562314623,0.750738294984544,0.045803086253917887,-0.0015428386002517898,0.0008208813016866795,国有,国企,"上海交运股份有限公司,深圳市盐田港集团有限公司,中国华能集团公司,中信国安信息产业股份有限公司",False,证监会2001版,M,综合类,暂停上市
000638,2006,159677676.51,481536655.86,368722012.33,130096200.0,0.0,-321858979.35,6637768.9,3792014.36,3758221.15,162346840.97,-346691392.89,3.01567925075515,0.270168840558264,0.7657195103277884,0.04156979889160839,0.023551091014276642,-0.011343989974292382,国有,国企,"上海交运股份有限公司,深圳市盐田港集团有限公司,中国华能集团公司,中信国安信息产业股份有限公司",False,证监会2001版,M,综合类,暂停上市
000638,2007,112566076.78,154148321.89,150253510.22,11179900.0,0.0,-41582245.11,11207588.3,281691369.12,280175304.32,159677676.51,-321858979.35,1.3694029880002716,0.07252690047432342,0.9747333501769853,0.09956452796968483,2.069405565533298,-1.5501343830135739,国有,国企,"上海交运股份有限公司,深圳市盐田港集团有限公司,中国华能集团公司,中信国安信息产业股份有限公司",False,证监会2001版,M,综合类,暂停上市
000638,2008,676546108.18,604260088.6,594213143.48,16579243.38,0.0,72286019.58,28169486.44,82030118.44,72256442.96,112566076.78,-41582245.11,0.893154333893873,0.027437263676328795,0.9833731445952726,0.041637201218671864,0.20790483280690464,5.343324712090357,民营,民营,张晖,False,证监会2001版,M,综合类,暂停上市
000638,2009,674915741.75,464369323.25,424663689.73,1179900.0,34000000.0,210546418.5,48556268.32,55209731.75,37815926.8,676546108.18,72286019.58,0.6880404390123266,0.07575844966197387,0.9144955716667272,0.07194419290635845,0.08170372216257475,0.39040593875857876,民营,民营,张晖,True,证监会2001版,J01,房地产开发与经营业,正常上市
000638,2010,804913795.47,475556739.93,472070195.71,1179900.0,0.0,329357055.54,108797054.88,65987411.82,48920271.99,674915741.75,210546418.5,0.5908169826463416,0.002481091951664225,0.9926685000395258,0.13516609541581023,0.0891824499515851,0.24444151591108737,民营,民营,张晖,True,证监会2001版,J01,房地产开发与经营业,正常上市
000638,2011,817308747.5,473093222.87,472274098.6,1179900.0,,344215524.63,71619036.65,11858469.09,4719940.88,804913795.47,329357055.54,0.578842725367992,,0.9982685774591511,0.08762788465077576,0.014620027494241645,0.035210664564187255,民营,民营,张晖,True,证监会2001版,J01,房地产开发与经营业,正常上市
000638,2012,1020497113.2,728897711.12,728078586.85,5000000.0,0.0,291599402.08,727112060.53,5013391.02,5001888.18,817308747.5,344215524.63,0.7142574944032678,0.006859673070336805,0.9988762150607644,0.7125077093554683,0.005455843979179013,0.01576996955998375,民营,民营,张晖,True,证监会2012版,K70,房地产业,正常上市
000638,2013,1195536033.45,871818268.09,870999143.82,187797633.7,0.0,323717765.36,687208219.95,-13462794.78,-12030923.36,1020497113.2,291599402.08,0.7292279309843666,0.21540915185389664,0.9990604414933922,0.574811800499981,-0.012150355061567418,-0.043758879135491584,民营,民营,张晖,False,证监会2012版,F51,批发业,正常上市
000638,2014,2504894339.01,2165147711.28,875663358.03,270657900.0,0.0,339746627.73,1776278887.71,3543916.61,3025354.45,1195536033.45,323717765.36,0.8643668826908376,0.12500666748505185,0.4044358514054092,0.7091232791926991,0.0019154078057380382,0.010683064975031032,民营,民营,张晖,False,证监会2012版,F51,批发业,正常上市
000638,2015,2537778140.66,2227077564.63,873673606.38,166153265.0,63919605.0,310700576.03,858971245.12,-38236647.36,-35393779.69,2504894339.01,339746627.73,0.8775698430639032,0.10330707544899703,0.3922959937523099,0.33847373470425096,-0.015165231338800834,-0.11757033357655401,民营,民营,张晖,False,证监会2012版,F51,批发业,正常上市
000656,2005,511729030.65,98645407.24,83395407.24,0.0,15250000.0,413083623.41,23354444.18,-14683172.77,-13109970.57,502110880.03,421990649.52,0.19276883141591608,0.1545941207672995,0.8454058792327005,0.045638302267774614,-0.028965466076693987,-0.035166148080413476,民营,民营,"陈凯,兰妙司,王磊松,张斐光,张明",False,证监会2001版,C65,黑色金属冶炼及压延加工业,ST
000656,2006,454826599.6,59915951.13,59915951.13,0.0,0.0,394910648.47,44724953.25,6412740.95,8705348.38,511729030.65,413083623.41,0.1317336127277812,0.0,1.0,0.09833407564406661,0.01326926407400129,0.015873233692806164,民营,民营,"陈凯,兰妙司,王磊松,张斐光,张明",False,证监会2001版,C65,黑色金属冶炼及压延加工业,*ST
000656,2007,462345437.49,49200384.15,49200384.15,0.0,0.0,413145053.34,44625482.82,16755209.54,19557055.85,454826599.6,394910648.47,0.10641477164152646,0.0,1.0,0.09651978629283045,0.036536677662264684,0.04147043205677346,民营,民营,陈宏,False,证监会2001版,C65,黑色金属冶炼及压延加工业,ST
000656,2008,440942750.39,18650631.44,18650631.44,0.0,0.0,422292118.95,35593788.07,8231084.45,9820516.22,462345437.49,413145053.34,0.04229717219186415,0.0,1.0,0.08072201672103332,0.018224714018054852,0.019704855668411164,民营,民营,陈宏,False,证监会2001版,C65,黑色金属冶炼及压延加工业,ST
000656,2009,445358982.01,6439471.83,6439471.83,0.0,0.0,438919510.18,218146426.21,16627391.23,16627391.23,440942750.39,422292118.95,0.014459059073957128,0.0,1.0,0.4898215485078098,0.037520836577798394,0.038613949620715335,国有,国企,重庆市国有资产经营管理委员会,False,证监会2001版,C65,黑色金属冶炼及压延加工业,ST
000656,2010,470541315.64,7773326.53,7773326.53,0.0,0.0,462767989.11,226963499.91,23848478.93,23848478.93,445358982.01,438919510.18,0.01651996598731659,0.0,1.0,0.48234552921521645,0.05207658298875977,0.052897437191440695,国有,国企,重庆市国有资产经营管理委员会,False,证监会2001版,C65,黑色金属冶炼及压延加工业,ST
000656,2011,37352879632.98,31939728131.33,21967320112.84,874000000.0,7291740000.0,5413151501.65,5455680712.69,1062482548.65,1069079365.57,470541315.64,462767989.11,0.8550807446483841,0.25566091127714213,0.6877741733591036,0.14605783453099588,0.05618119789287674,0.36163958690066295,民营,民营,"黄红云,陶虹遐",True,证监会2001版,J01,房地产开发与经营业,正常上市
000656,2012,52015209421.08,44056051290.04,33870868174.56,1972300000.0,9188680000.0,7959158131.04,9191083896.41,1247990184.44,1279375216.17,37352879632.98,5413151501.65,0.8469840221807426,0.25333591352802937,0.7688130729550285,0.17669993063000464,0.027929212712270786,0.18665289971885762,民营,民营,"黄红云,陶虹遐",True,证监会2012版,K70,房地产业,正常上市
000656,2013,62395055252.31,52467541567.09,37244027459.61,1980000000.0,12660654672.0,9927513685.22,6364503639.9,946284139.53,984071530.24,52015209421.08,7959158131.04,0.8408926212970624,0.279042132234823,0.7098489151047079,0.10200333366423892,0.016541944767480124,0.10580885580622931,民营,民营,"黄红云,陶虹遐",True,证监会2012版,K70,房地产业,正常上市
000656,2014,82065806685.44,68899596365.0,45709397287.6,2206670000.0,21311210000.0,13166210320.44,7527131604.31,863039064.86,907884138.79,62395055252.31,9927513685.22,0.8395652117220225,0.3413355264871587,0.6634203928489153,0.09172068012639731,0.011948413615750048,0.07474230354952534,民营,民营,"黄红云,陶虹遐",True,证监会2012版,K70,房地产业,正常上市
000656,2015,95552796699.19,80214694710.11,60514827838.15,1881600000.0,13294059999.99,15338101989.08,9389188261.83,1233646080.97,1266959610.26,82065806685.44,13166210320.44,0.8394803447002611,0.18918802913647825,0.7544107480162597,0.09826178391604934,0.013890955760963403,0.08655855770693203,民营,民营,"黄红云,陶虹遐",True,证监会2012版,K70,房地产业,正常上市
000667,2005,1075305189.94,518913144.83,502913144.83,163000000.0,16000000.0,556392045.11,140772281.17,94750583.55,87517395.01,1195873076.51,598535181.56,0.48257290087008164,0.34495175499676695,0.969166323575708,0.13091379311379944,0.08343738133607746,0.16408061280743066,民营,民营,熊生阶,True,证监会2001版,J01,房地产开发与经营业,正常上市
000667,2006,1567270625.6,407275752.18,317275752.18,115500000.0,90000000.0,1159994873.42,363687476.48,118887865.64,116894222.0,1075305189.94,556392045.11,0.2598630673780938,0.5045721452849395,0.7790194984153549,0.2320514852632864,0.08997877369562299,0.1385327100276685,民营,民营,熊生阶,True,证监会2001版,J01,房地产开发与经营业,正常上市
000667,2007,2493533455.84,1041680421.35,851680421.35,57000000.0,190000000.0,1451853034.49,57529460.08,295633116.76,295764492.01,1567270625.6,1159994873.42,0.41775273514390754,0.23711686899125187,0.8176024084682678,0.023071461080765795,0.14560324055582885,0.22637850838456022,民营,民营,刘道明,True,证监会2001版,J01,房地产开发与经营业,正常上市
000667,2008,6216860089.22,1529491375.43,941011375.43,100000000.0,328480000.0,4687368713.79,1045662437.48,315222775.88,315266674.02,2493533455.84,1451853034.49,0.2460231295991572,0.2801454175441411,0.6152446431189876,0.16819783982161232,0.07237853817954643,0.10269144487843745,民营,民营,刘道明,True,证监会2001版,J01,房地产开发与经营业,正常上市
000667,2009,8512906024.94,3455473595.8,1094723435.43,190000000.0,314000000.0,5057432429.14,2503339741.98,280049064.21,280164872.04,6216860089.22,4687368713.79,0.40590998957073005,0.14585554947159582,0.31680850832157875,0.294064063980742,0.038024916626582896,0.05747660934326603,民营,民营,刘道明,True,证监会2001版,J01,房地产开发与经营业,正常上市
000667,2010,9623022154.57,4569211401.03,2191138390.82,120000000.0,586670000.0,5053810753.54,1912591517.77,200135559.73,200521910.84,8512906024.94,5057432429.14,0.47482083358397636,0.15465907308221746,0.47954410477179277,0.1987516486036255,0.02207061670613732,0.039586736490092755,民营,民营,刘道明,True,证监会2001版,J01,房地产开发与经营业,正常上市
000667,2011,10889571352.78,5470071722.72,3008571956.72,306500000.0,667000000.0,5419499630.06,2166990455.22,165688876.52,166472064.36,9623022154.57,5053810753.54,0.5023220423936654,0.17796841601848792,0.5500059431074485,0.19899685534149042,0.016154844238553352,0.03164021125153509,民营,民营,刘道明,True,证监会2001版,J01,房地产开发与经营业,正常上市
000667,2012,13043269723.22,7442268916.3,4168015862.15,809800000.0,1207700000.0,5601000806.92,1491045503.99,163586899.49,164956504.44,10889571352.78,5419499630.06,0.5705830726670523,0.2710866837371715,0.5600463929785235,0.11431531629953173,0.01367049561483496,0.029687744295363146,民营,民营,刘道明,True,证监会2012版,K70,房地产业,正常上市
000667,2013,15080487400.22,9506810268.96,6855680060.14,150000000.0,1443740000.0,5573677131.26,1484589824.36,50991232.64,51691415.56,13043269723.22,5601000806.92,0.6304047088571759,0.1676419277245498,0.7211335733210105,0.09844441926580849,0.00362620345611653,0.009126210692082791,民营,民营,刘道明,True,证监会2012版,K70,房地产业,正常上市
000667,2014,15917795633.79,10270502784.1,6696617708.27,113110000.0,3565550000.0,5647292849.69,1272302609.18,74836985.6,75317847.42,15080487400.22,5573677131.26,0.6452214251512294,0.35817720683499715,0.6520243311395804,0.07992957306721414,0.004828460048441523,0.013338772980776493,民营,民营,"刘道明,刘柳,刘南希",True,证监会2012版,K70,房地产业,正常上市
000667,2015,17454657539.7,11382557981.9,7636947070.4,30000000.0,3737000000.0,6072099557.8,811988042.28,424806708.11,428181075.21,15917795633.79,5647292849.69,0.6521215300850661,0.33094494277912784,0.6709341680968293,0.04651984952630333,0.025458524484346434,0.07249637068872293,民营,民营,"刘道明,刘柳,刘南希",True,证监会2012版,K70,房地产业,正常上市
000668,2005,639116760.45,244350945.58,243820615.25,98000000.0,0.0,394765814.87,30787937.78,27484481.99,27434568.8,723824555.98,378552537.79,0.3823259859559203,0.4010624954504831,0.9978296366779298,0.04817263399307869,0.040331130414317566,0.07108193383866042,国有,国企,中国石油化工集团公司,False,证监会2001版,H11,零售业,正常上市
000668,2006,609292699.71,191831174.59,187142951.73,0.0,0.0,417461525.12,27129364.2,39865882.92,39964961.12,639116760.45,394765814.87,0.31484239788414387,0.0,0.9755606831370337,0.04452599581927132,0.06386667866949786,0.0981643462543155,国有,国企,中国石油化工集团公司,False,证监会2001版,H11,零售业,正常上市
000668,2007,635910612.32,147342957.54,143619508.95,0.0,0.0,488567654.78,25839458.49,68288352.16,68337810.79,609292699.71,417461525.12,0.23170388209507461,0.0,0.9747293752469358,0.04063379033057744,0.10968225268959894,0.1507420592514186,国有,国企,中国石油化工集团公司,False,证监会2001版,H11,零售业,正常上市
000668,2008,1100663259.33,518241885.61,518241885.61,192000000.0,0.0,582421373.72,35328619.23,191124830.79,184573437.97,635910612.32,488567654.78,0.47084508474051023,0.3704833695061238,1.0,0.032097572922989516,0.22011713283282713,0.3569127707268572,民营,民营,"盛小宁,盛毓南",True,证监会2001版,J01,房地产开发与经营业,正常上市
000668,2009,1049575855.38,359048214.64,359048214.64,150000000.0,0.0,690527640.74,121612909.76,124258874.92,111601317.27,1100663259.33,582421373.72,0.342088866468833,0.4177711902853984,1.0,0.11586862363175258,0.11557679708264319,0.1952299322415707,民营,民营,"盛小宁,盛毓南",True,证监会2001版,J01,房地产开发与经营业,正常上市
000668,2010,951602378.98,206680044.14,156680044.14,13000000.0,50000000.0,744922334.84,23289204.11,64673626.4,57934877.28,1049575855.38,690527640.74,0.21719160093056453,0.3048189788334153,0.7580801755290355,0.024473671592712014,0.06463554848794702,0.09010920268937736,民营,民营,"盛小宁,盛毓南",True,证监会2001版,J01,房地产开发与经营业,正常上市
000668,2011,941346597.16,201128765.18,151128765.18,0.0,50000000.0,740217831.98,9207306.1,4106010.54,3347093.99,951602378.98,744922334.84,0.21366069180766828,0.2485969620270504,0.7514030379729496,0.009780994723705408,0.004338215759383812,0.005529458608330335,民营,民营,"盛小宁,盛毓南",True,证监会2001版,J01,房地产开发与经营业,正常上市
000668,2012,1115379143.17,371999739.91,288999739.91,0.0,83000000.0,743379403.26,32994250.59,4629990.18,1769710.24,941346597.16,740217831.98,0.3335186444788145,0.22311843556686534,0.7768815644331347,0.02958119738210955,0.004502292249483027,0.006241572941797793,民营,民营,"盛小宁,盛毓南",True,证监会2012版,K70,房地产业,正常上市
000668,2013,1521211458.14,773983562.18,407133562.18,150000000.0,366850000.0,747227895.96,240705308.38,5316911.6,1768186.98,1115379143.17,743379403.26,0.5087941969135291,0.6677790398341816,0.5260235256589543,0.15823264220893568,0.004033171928442945,0.007133886440489343,民营,民营,"盛小宁,盛毓南",True,证监会2012版,K70,房地产业,正常上市
000668,2014,1687219063.26,988253446.39,263823446.39,20000000.0,724430000.0,698965616.87,353629782.02,-46793860.19,-46085282.8,1521211458.14,747227895.96,0.5857291847334412,0.7532784254073033,0.2669592980967818,0.2095932826509949,-0.029169314951898336,-0.06471313800658794,民营,民营,"盛小宁,盛毓南",True,证监会2012版,K70,房地产业,正常上市
000668,2015,1441228878.88,713130466.38,605994581.02,0.0,107135885.36,728098412.5,79699129.07,29132795.63,25491939.58,1687219063.26,698965616.87,0.49480722793605414,0.1502332187598775,0.8497667812401225,0.055299425537417304,0.018624440085822137,0.04082899579896374,民营,民营,"盛小宁,盛毓南",True,证监会2012版,K70,房地产业,正常上市
000670,2005,1427646770.25,1025561899.88,985561899.88,570189848.09,40000000.0,402084870.37,14509866.13,-347764819.56,-347884323.13,1801948338.48,780508219.09,0.7183582950987312,0.5949810032543114,0.9609969910108006,0.01016348471650248,-0.21536124984828478,-0.5881394414689124,国有,国企,荆州市国有资产管理局,False,证监会2001版,H11,零售业,正常上市
000670,2006,1372829050.85,1127910323.17,1127910323.17,566648676.16,0.0,244918727.68,10976711.17,-124944688.66,-127505138.65,1427646770.25,402084870.37,0.8215956112464577,0.5023880573833475,1.0,0.007995686836029341,-0.0892310426096969,-0.38622563780655933,国有,国企,荆州市国有资产管理局,False,证监会2001版,H11,零售业,*ST
000670,2007,200017764.18,0.0,0.0,0.0,0.0,200017764.18,189458268.3,71449170.85,71449170.85,1372829050.85,244918727.68,0.0,,,0.9472072097031478,0.09085331154596539,0.32116570412696827,民营,民营,上海虞申实业发展有限公司,False,证监会2001版,H11,零售业,暂停上市
000670,2008,241907314.25,16335799.37,16335799.37,0.0,0.0,225571514.88,75940862.64,5604608.28,2470667.98,200017764.18,200017764.18,0.06752916678293451,0.0,1.0,0.31392545064395466,0.025364517894803103,0.02633810838646552,民营,民营,上海虞申实业发展有限公司,True,证监会2001版,J01,房地产开发与经营业,暂停上市
000670,2009,266957954.36,34634776.57,34634776.57,0.0,0.0,232323177.79,130980951.75,6751662.91,3702455.14,241907314.25,225571514.88,0.12973869481818875,0.0,1.0,0.49064262596711633,0.026536151419579587,0.029490024750585413,民营,民营,上海虞申实业发展有限公司,True,证监会2001版,J01,房地产开发与经营业,暂停上市
000670,2010,304875061.53,99502237.68,85102237.68,0.0,14400000.0,205372823.85,147050300.53,11184387.06,10550682.17,266957954.36,232323177.79,0.32637053742819466,0.14472036343856423,0.8552796365614358,0.48232971169250627,0.03911766809264288,0.0511057310009381,民营,民营,上海虞申实业发展有限公司,True,证监会2001版,J01,房地产开发与经营业,暂停上市
000670,2011,295492143.53,87971270.5,87971270.5,0.0,0.0,207520873.03,102993062.86,2148049.18,2148049.18,304875061.53,205372823.85,0.29771103031397067,0.0,1.0,0.3485475506374794,0.007155784532852113,0.010404853337464687,民营,民营,上海虞申实业发展有限公司,True,证监会2001版,J01,房地产开发与经营业,暂停上市
000670,2012,299566348.13,65598143.88,65598143.88,0.0,0.0,233968204.25,94329554.99,2447331.22,2447331.22,295492143.53,207520873.03,0.21897701223614408,0.0,1.0,0.3148870211184892,0.008225514816779854,0.011086712428211947,民营,民营,上海虞申实业发展有限公司,True,证监会2012版,K70,房地产业,暂停上市
000670,2013,406469225.82,144043631.43,144043631.43,0.0,0.0,262425594.39,139653179.32,4457390.14,5756549.56,299566348.13,233968204.25,0.3543777050757294,0.0,1.0,0.3435762671534787,0.012626531309357685,0.017959088740480564,民营,民营,上海虞申实业发展有限公司,True,证监会2012版,K70,房地产业,正常上市
000670,2014,761111231.12,220799661.39,204246369.66,3955792.84,0.0,540311569.73,218857073.08,4884903.57,5187361.13,406469225.82,262425594.39,0.2901016991499207,0.017915755916911736,0.9250302666870408,0.28754939374359867,0.008367566519231363,0.0121706177023835,民营,民营,陈志成,False,证监会2012版,C39,计算机、通信和其他电子设备制造业,正常上市
000670,2015,690521468.9,152639642.51,139252323.73,25916591.5,0.0,537881826.39,95709108.24,-13415318.81,-11550004.81,761111231.12,540311569.73,0.22104981435719123,0.16978938808967733,0.9122946139033119,0.1386041021902831,-0.018483076069883475,-0.024884809827766582,民营,民营,陈志成,False,证监会2012版,C39,计算机、通信和其他电子设备制造业,正常上市
000671,2005,658369199.49,296265020.77,256265020.77,11724480.55,40000000.0,362104178.72,56635669.46,17122731.21,10113015.42,636100505.24,317943408.23,0.44999830034500266,0.17458855053346095,0.8649857485840245,0.08602417838482167,0.026455205784165423,0.050357450091971095,民营,民营,吴洁,False,证监会2001版,M,综合类,正常上市
000671,2006,1203073520.48,822201687.12,672201687.12,165346940.11,150000000.0,380871833.36,53024187.52,18767654.64,13868394.97,658369199.49,362104178.72,0.6834176574611662,0.3835396412461694,0.8175630111810904,0.04407393780792757,0.020164632989944992,0.050520216897606086,民营,民营,"吴家玲,吴洁",False,证监会2001版,M,综合类,正常上市
000671,2007,1716434450.97,1311158982.51,723158982.51,188245267.69,588000000.0,405275468.46,108845157.76,37713025.41,17394762.56,1203073520.48,380871833.36,0.7638852632962658,0.5920298591128935,0.5515417978723145,0.06341352429653745,0.025835192627523113,0.09594391616606973,民营,民营,"吴家玲,吴洁",False,证监会2001版,M,综合类,正常上市
000671,2008,2680226082.43,1985609418.91,1449294469.84,167847140.38,512000000.0,694616663.52,196015746.3,68208046.01,60268589.43,1716434450.97,405275468.46,0.740836540591295,0.3423871451784319,0.7298990708029527,0.07313403432082279,0.031027205985927578,0.12402679140401428,民营,民营,"吴家玲,吴洁",False,证监会2001版,M,综合类,正常上市
000671,2009,3322596608.69,2070015044.73,2046904035.53,547366892.23,0.0,1252581563.96,472239440.05,180857516.27,181369609.36,2680226082.43,694616663.52,0.6230112434702523,0.2644265285044801,0.9888353424006082,0.1421296340382981,0.060257490709343546,0.1857617922177958,民营,民营,"吴家玲,吴洁",False,证监会2001版,M,综合类,正常上市
000671,2010,5903748547.82,3154484712.17,2054018823.51,209240115.86,1080000000.0,2749263835.65,698740903.16,555185123.45,560829275.64,3322596608.69,1252581563.96,0.5343189478039025,0.4087007018566654,0.6511424244934828,0.11835546475264684,0.12034778973302727,0.2774645534803047,民营,民营,"吴家玲,吴洁",False,证监会2001版,M,综合类,正常上市
000671,2011,13188700935.88,8847286232.14,4144387594.7,436552936.0,4683250000.0,4341414703.74,680048519.51,286912077.61,312324585.24,5903748547.82,2749263835.65,0.6708231747124438,0.5786862549332952,0.4684360250089419,0.05156296460251979,0.030055030692101456,0.080926550545523,民营,民营,"吴家玲,吴洁",True,证监会2001版,J01,房地产开发与经营业,正常上市
000671,2012,16445344200.86,12565688275.85,9862259817.15,345270737.5,2683820000.0,3879655925.01,966240547.39,534636918.73,558606712.86,13188700935.88,4341414703.74,0.7640878854449811,0.2410604712613801,0.7848563167132102,0.058754656368911445,0.036082614861591235,0.1300650348046677,民营,民营,吴洁,True,证监会2012版,K70,房地产业,正常上市
000671,2013,32710619895.0,28412915452.03,20051763378.52,1630900000.0,8344900000.0,4297704442.97,2577713272.95,598464948.45,651685059.19,16445344200.86,3879655925.01,0.868614399336806,0.35110089342441153,0.7057270631862376,0.07880355924847568,0.024349637300691403,0.14637118129057944,民营,民营,吴洁,True,证监会2012版,K70,房地产业,正常上市
000671,2014,46229436628.15,39150837439.15,31237025856.73,4864408380.0,7911582800.0,7078599189.0,3960624456.22,1281790286.91,1323712448.59,32710619895.0,4297704442.97,0.8468811280150945,0.32632740486987083,0.7978635426452881,0.08567321484095912,0.032475028353548284,0.22534389523638904,民营,民营,吴洁,True,证监会2012版,K70,房地产业,正常上市
000671,2015,70173296581.34,56431194546.23,40211446077.18,16917818000.0,9399599000.0,13742102035.11,13794976813.92,1732717894.18,1418204903.07,46229436628.15,7078599189.0,0.8041690685119645,0.46636292588915584,0.7125747806780461,0.19658442008535004,0.029771086063101762,0.16644183839241145,民营,民营,吴洁,True,证监会2012版,K70,房地产业,正常上市
000690,2005,2030093203.1,1505960622.92,596346110.96,217000000.0,909614511.96,524132580.18,153495143.19,82925914.64,84320839.67,1325814020.33,483416665.54,0.7418184646007202,0.7481035657994414,0.3959905072442782,0.07560989956303943,0.049420862448779634,0.16460915432622988,民营,民营,叶华能,True,证监会2001版,J01,房地产开发与经营业,正常上市
000690,2006,2951774513.08,1280661119.42,506276977.21,360000000.0,774384142.21,1671113393.66,1071458891.94,268877396.08,268877396.08,2030093203.1,524132580.18,0.4338614327568358,0.8857801060781423,0.39532470341513004,0.36298805589387545,0.10794240690363813,0.24496334286373417,民营,民营,叶华能,True,证监会2001版,J01,房地产开发与经营业,正常上市
000690,2007,4721363263.92,1964446643.38,421801643.38,360000000.0,1313000000.0,2756916620.54,424694474.75,331150486.83,331150486.83,2951774513.08,1671113393.66,0.41607614868189186,0.8516393181957128,0.21471779078420467,0.08995166247754245,0.08631422931635963,0.1495701184355355,民营,民营,叶华能,False,证监会2001版,D0101,电力生产业,正常上市
000690,2008,4918656746.75,2519435515.31,391435515.31,0.0,2128000000.0,2399221231.44,258710492.0,360429622.82,360429622.82,4721363263.92,2756916620.54,0.5122202351230782,0.844633643952647,0.1553663560473531,0.05259779352786568,0.07477777482226397,0.13980604598521043,民营,民营,叶华能,False,证监会2001版,D0101,电力生产业,正常上市
000690,2009,6444436507.58,3471173361.69,923915802.93,330000000.0,2538000000.0,2973263145.89,169413542.59,557736214.45,557736214.45,4918656746.75,2399221231.44,0.5386310125962412,0.8262335818927998,0.2661681531458215,0.026288340709189142,0.09816626546428633,0.20762692835495297,民营,民营,叶华能,False,证监会2001版,D0101,电力生产业,正常上市
000690,2010,7371291181.14,4182562745.89,1154391502.07,640000000.0,2417802000.0,3188728435.25,1000164842.14,330572789.36,330572789.36,6444436507.58,2973263145.89,0.5674124984495795,0.7310833538611591,0.27600100039249,0.13568380593877455,0.04785456065841537,0.10729413859369226,民营,民营,叶华能,False,证监会2001版,D0101,电力生产业,正常上市
000690,2011,8119212428.38,4812259840.96,1180624840.96,789000000.0,2629460000.0,3306952587.42,251319322.65,170022527.17,170022527.17,7371291181.14,3188728435.25,0.592700324496889,0.7103648001098066,0.24533688536745277,0.03095365774290314,0.02195183984405894,0.0523494077300346,民营,民营,叶华能,False,证监会2001版,D0101,电力生产业,正常上市
000690,2012,9532982684.12,5701489713.23,1685317634.26,795000000.0,2958144000.0,3831492970.89,434518430.04,451319795.97,451319795.97,8119212428.38,3306952587.42,0.5980803597522018,0.6582742737027187,0.29559250634957934,0.04558053281307422,0.05113469379798643,0.12644763969506223,民营,民营,叶华能,False,证监会2012版,D44,电力、热力生产和供应业,正常上市
000690,2013,9823898841.34,5238351532.25,1514833148.8,436000000.0,2693364000.0,4585547309.09,2095791973.01,1107336299.44,1107336299.44,9532982684.12,3831492970.89,0.5332253127654842,0.5973948065023925,0.28918126999952254,0.2133360702158991,0.11441267520117089,0.2631177379711034,民营,民营,叶华能,False,证监会2012版,D44,电力、热力生产和供应业,正常上市
000690,2014,9555576986.61,4541720461.1,1671396520.08,329600000.0,2453074000.0,5013856525.51,2103364011.97,1021474204.98,1021474204.98,9823898841.34,4585547309.09,0.47529526133944644,0.6126916052702281,0.36800955373532374,0.2201189959452363,0.10541814588264367,0.21282034230046828,民营,民营,叶华能,False,证监会2012版,D44,电力、热力生产和供应业,正常上市
000690,2015,9701528229.93,4643296604.12,1618555943.58,679000000.0,2051134000.0,5058231625.81,1268879463.8,644315400.16,644315400.16,9555576986.61,5013856525.51,0.47861496602102893,0.5879732079957052,0.34857905526514377,0.13079170969017068,0.06691716048854476,0.12794077861114808,民营,民营,叶华能,False,证监会2012版,D44,电力、热力生产和供应业,正常上市
000691,2005,838445734.48,367412523.66,367412523.66,263403646.0,0.0,471033210.82,52759762.79,13236580.45,12221500.68,756136813.52,457801380.37,0.43820668237744387,0.7169152629205181,1.0,0.06292567380370936,0.016601938189530468,0.02850148040468996,民营,民营,张燕瑾,False,证监会2001版,M,综合类,*ST
000691,2006,589190624.67,185816803.48,185816803.48,148500000.0,0.0,403373821.19,5173228.76,-89802725.53,-84119908.43,838445734.48,471033210.82,0.3153763751486613,0.7991742254676311,1.0,0.00878022925584988,-0.12580616198857195,-0.20540256938137932,民营,民营,张燕瑾,False,证监会2001版,M,综合类,ST
000691,2007,663567310.36,246758248.29,246758248.29,146289495.37,0.0,416809062.07,12214039.25,9473711.14,24345011.48,589190624.67,403373821.19,0.3718661911722688,0.5928454119923677,1.0,0.018406631941187114,0.015124567763800487,0.023101460255655716,民营,民营,魏军,False,证监会2001版,M,综合类,ST
000691,2008,459502873.62,301861668.74,301861668.74,146289495.37,0.0,157641204.88,1200430.65,-221167857.19,-194274756.24,663567310.36,416809062.07,0.6569309705550042,0.4846242849601495,1.0,0.002612455152985034,-0.3938629309990454,-0.7700156825212177,民营,民营,朱全祖,False,证监会2001版,M,综合类,ST
000691,2009,446288336.71,302153018.9,302153018.9,146289495.37,0.0,144135317.81,35218287.16,6533499.92,6570911.32,459502873.62,157641204.88,0.6770354366135727,0.4841569874184038,1.0,0.07891375208150463,0.014426061647517424,0.04330025319240317,民营,民营,"俞金花,朱全祖",False,证监会2001版,M,综合类,*ST
000691,2010,222354553.3,72592881.73,52592881.73,0.0,0.0,150460389.96,187073.49,5626353.76,6132369.29,446288336.71,144135317.81,0.3264735560960514,0.0,0.7244908932753563,0.0008413297017021327,0.016829173970326235,0.038197119724450765,民营,民营,"俞金花,朱全祖",True,证监会2001版,J01,房地产开发与经营业,*ST
000691,2011,248288321.19,139628921.85,119628921.85,0.0,0.0,112015779.9,1593758.88,-41102272.23,-39849208.46,222354553.3,150460389.96,0.5623660475884826,0.0,0.8567631996651416,0.006418984478856711,-0.17466437699514484,-0.313188601097945,民营,民营,"俞金花,朱全祖",True,证监会2001版,J01,房地产开发与经营业,*ST
000691,2012,260409773.74,159703483.33,139703483.33,0.0,0.0,106200631.33,881822.24,-7953108.93,-7655439.05,248288321.19,112015779.9,0.6132776087331199,0.0,0.8747679162471779,0.003386287032684244,-0.031268483248770164,-0.07289194140047905,民营,民营,"俞金花,朱全祖",True,证监会2012版,K70,房地产业,正常上市
000691,2013,280365564.04,184627108.04,164627108.04,0.0,0.0,101731141.01,3054440.3,-4967834.41,-4969065.91,260409773.74,106200631.33,0.6585227706982555,0.0,0.8916735456005358,0.010894491662907003,-0.018373006544248255,-0.047783312324937405,民营,民营,"俞金花,朱全祖",True,证监会2012版,K70,房地产业,正常上市
000691,2014,349999627.61,269316556.45,182875434.36,2.0,38000000.0,85934401.73,8356866.98,-43523545.07,-43070974.36,280365564.04,101731141.01,0.7694766942726462,0.14109790538278658,0.6790352467392838,0.023876788204220456,-0.13808993785356644,-0.46384162414193864,民营,民营,"俞金花,朱全祖",True,证监会2012版,K70,房地产业,正常上市
000691,2015,286904163.6,192783150.45,104342028.36,0.0,40000000.0,94121013.15,15326714.22,14209421.78,11593772.13,349999627.61,85934401.73,0.6719426725322015,0.20748701277383863,0.5412403942794888,0.05342102403703144,0.044620308360874134,0.15783387341580404,民营,民营,"俞金花,朱全祖",True,证监会2012版,K70,房地产业,正常上市
000711,2005,557498553.77,206833978.87,206833978.87,165000000.0,0.0,350664574.9,23327430.03,2356241.11,2350393.24,515162278.34,362047548.18,0.37100361511490276,0.7977412652478457,1.0,0.04184303236708287,0.0043932640019401226,0.006612041618760338,民营,民营,张国明,True,证监会2001版,J01,房地产开发与经营业,正常上市
000711,2006,539680015.36,214150925.46,214150925.46,185000000.0,0.0,325529089.9,32375745.55,-30374845.0,-30311885.92,557498553.77,350664574.9,0.39681092381593575,0.8638767243364309,1.0,0.05999063264998496,-0.055369008937324604,-0.08984066719697549,民营,民营,张国明,True,证监会2001版,J01,房地产开发与经营业,正常上市
000711,2007,709633960.05,340018621.78,95142596.65,0.0,212500000.0,369615338.27,134010814.07,13889379.9,14126455.73,539680015.36,325529089.9,0.4791464908979873,0.6249657706615036,0.2798158411204887,0.18884498433609034,0.022235210961186573,0.039961134225198175,民营,民营,张国明,True,证监会2001版,J01,房地产开发与经营业,正常上市
000711,2008,707838644.99,335772394.68,122467259.39,35000000.0,179200000.0,372066250.31,31655160.43,3523512.46,5353535.38,709633960.05,369615338.27,0.47436290326412406,0.6379321331765176,0.3647329599763987,0.044720870574178964,0.004971542232945756,0.009501415470609174,民营,民营,张国明,True,证监会2001版,J01,房地产开发与经营业,正常上市
000711,2009,812859299.59,442668608.79,141505592.14,65000000.0,267200000.0,370190690.8,125892909.01,-1875559.51,791155.67,707838644.99,372066250.31,0.544582080826631,0.7504485147660294,0.3196648448300738,0.1548766300311744,-0.0024667088118120774,-0.005053666476180647,民营,民营,张国明,True,证监会2001版,J01,房地产开发与经营业,正常上市
000711,2010,791870960.99,414515156.33,151494258.32,65000000.0,229200000.0,377355804.66,77371886.06,7165113.86,9475388.21,812859299.59,370190690.8,0.5234630094425632,0.7097448561465487,0.36547338741793506,0.09770769465175157,0.008929991583021938,0.019169680825246792,民营,民营,张国明,True,证监会2001版,J05,房地产管理业,正常上市
000711,2011,810375083.51,451008365.87,145505611.63,65000000.0,304200000.0,359366717.64,258961843.01,16478882.58,18632180.09,791870960.99,377355804.66,0.5565427356385824,0.8186100922713688,0.3226228660954395,0.31955800255895256,0.020569727897368512,0.04473565577594668,民营,民营,张国明,True,证监会2001版,J05,房地产管理业,正常上市
000711,2012,778149150.0,418689744.08,141829108.49,65000000.0,275700000.0,359459405.92,39283307.08,92688.28,2198683.16,810375083.51,359366717.64,0.5380584738542733,0.8137290316213279,0.338745122122935,0.050483004549963205,0.00011669734467342202,0.000257887900737273,民营,民营,张国明,True,证监会2012版,K70,房地产业,正常上市
000711,2013,1096400506.94,704058279.59,301058279.59,190000000.0,403000000.0,392342227.35,38652439.63,-29461588.28,-27437219.92,778149150.0,359459405.92,0.6421542813355606,0.8422598202315389,0.427604203114148,0.03525394177158588,-0.031433243895062093,-0.07837596242470318,民营,民营,张国明,True,证监会2012版,K70,房地产业,正常上市
000711,2014,1229598072.39,911263602.07,552263602.07,404000000.0,359000000.0,318334470.32,49025462.0,-74628832.73,-72031131.19,1096400506.94,392342227.35,0.741106888935467,0.8372988872449105,0.6060415458441377,0.03987112789198506,-0.0641692848767747,-0.210021893146843,民营,民营,梁辉,True,证监会2012版,K70,房地产业,正常上市
000711,2015,297622602.01,8391341.48,8391341.48,0.0,0.0,289231260.53,95920787.88,-10005884.89,37626057.58,1229598072.39,318334470.32,0.028194570651989846,0.0,1.0,0.3222899982467632,-0.013103391091704567,-0.032937621007694144,民营,民营,"郭绍增,朱锦",True,证监会2012版,K70,房地产业,*ST
000718,2005,1519703979.65,1108831065.53,983247865.31,109000000.0,125583200.22,410872914.12,252005446.03,15584101.38,15584101.38,2104378684.96,-233309789.12,0.7296362188808458,0.2115590079611214,0.886742711199227,0.16582535112399907,0.008600301274682464,0.17553308300921153,民营,民营,张桂平,False,证监会2001版,C31,造纸及纸制品业,*ST
000718,2006,2049003467.15,1563269281.22,1563269281.22,313000000.0,0.0,485734185.93,397876033.82,77361271.81,72309980.7,1519703979.65,410872914.12,0.7629412571928844,0.2002214229884501,1.0,0.19418026382035056,0.04335534529700301,0.17256448628543292,民营,民营,张桂平,False,证监会2001版,C31,造纸及纸制品业,ST
000718,2007,3496107837.23,2686203460.47,2416203460.47,30000000.0,270000000.0,809904376.76,162643159.97,225402150.2,212950763.13,2049003467.15,485734185.93,0.7683411340647618,0.11168178599081605,0.8994863926082656,0.04652120802396752,0.08129761075199995,0.3479398602215434,民营,民营,"张桂平,张康黎",False,证监会2001版,C31,造纸及纸制品业,正常上市
000718,2008,6381535621.06,4398394116.85,4198394116.85,150000000.0,200000000.0,1983141504.21,789509435.4,568954823.89,519974315.38,3496107837.23,809904376.76,0.6892375719622494,0.07957449712365922,0.9545288587864803,0.12371778240875181,0.1152005184824714,0.4074081473322644,民营,民营,"张桂平,张康黎",False,证监会2001版,C31,造纸及纸制品业,正常上市
000718,2009,9138986778.95,6097448206.03,4986448206.03,382480000.0,1111000000.0,3041538572.92,828932073.71,803424643.18,714012193.1,6381535621.06,1983141504.21,0.6671908334602656,0.2449352498842123,0.817792630218443,0.09070284198455071,0.10353061868323223,0.3197913621752016,民营,民营,"张桂平,张康黎",False,证监会2001版,C31,造纸及纸制品业,正常上市
000718,2010,15211798896.32,11456195796.92,8675065796.92,464009000.0,2781130000.0,3755603099.4,974561916.13,879197549.88,771607255.54,9138986778.95,3041538572.92,0.7531124934665981,0.2832649736025336,0.7572379130646748,0.06406618459607454,0.07221102116412526,0.2586962556512118,民营,民营,"张桂平,张康黎",True,证监会2001版,J01,房地产开发与经营业,正常上市
000718,2011,17350427755.56,12972575174.1,10563025174.1,272500000.0,2409550000.0,4377852581.46,854895516.19,814568738.22,787003011.5,15211798896.32,3755603099.4,0.7476804236104725,0.20674769380830146,0.814258158641415,0.04927230199935826,0.05003151331931229,0.20030077501667057,民营,民营,"张桂平,张康黎",True,证监会2001版,J01,房地产开发与经营业,正常上市
000718,2012,19138438217.29,13981929809.95,11410929809.95,1195950000.0,2571000000.0,5156508407.34,1147328480.04,858655825.88,863104220.29,17350427755.56,4377852581.46,0.7305679622968649,0.2694155993630661,0.81611980356457,0.0599489084226049,0.04706399078112724,0.18011816982567827,民营,民营,"张桂平,张康黎",True,证监会2012版,K70,房地产业,正常上市
000718,2013,20696857295.79,16368308807.2,12728488807.2,1354850000.0,3639820000.0,4328548488.59,1829530001.86,654153598.47,487222758.31,19138438217.29,5156508407.34,0.7908596253659013,0.3051427034296281,0.7776300506745732,0.08839651236480957,0.032842914307248325,0.13793351071002952,民营,民营,"张桂平,张康黎",True,证监会2012版,K70,房地产业,正常上市
000718,2014,21376167781.21,16501599021.67,14492539021.67,1779400000.0,2009060000.0,4874568759.54,1607901750.69,762597661.84,762510748.04,20696857295.79,4328548488.59,0.7719624579376279,0.22958138753856347,0.8782505866636506,0.07521936425402555,0.036251144786681296,0.16572594725878423,民营,民营,"张桂平,张康黎",True,证监会2012版,K70,房地产业,正常上市
000718,2015,24783722067.35,15220074237.49,13156181079.03,1349093457.35,2009450000.0,9563647829.86,5232368619.17,882355022.85,900161982.26,21376167781.21,4874568759.54,0.6141157569524587,0.22066537948134674,0.8643966431269942,0.21112117885081946,0.03823037818091873,0.12222493233655908,民营,民营,"张桂平,张康黎",True,证监会2012版,K70,房地产业,正常上市
000732,2005,356929534.86,1104428445.56,596942271.19,330514994.17,0.0,-747498910.7,14687655.96,-1126142891.61,-1119104565.49,1150442057.94,423822288.85,3.0942478492097734,0.2992633841501724,0.5404988196291166,0.041150015690802955,-1.494180860232541,6.958444420072347,民营,民营,邱忠保,False,证监会2001版,C4320,化学农药制造业,正常上市
000732,2006,331691946.08,1115074286.59,593937958.78,313114517.44,0.0,-783382340.51,15470711.35,-23989063.61,-23063662.09,356929534.86,-747498910.7,3.3617767924972703,0.2808014866861768,0.532644296369094,0.046641805846768,-0.06967271359950555,0.03134020171850583,民营,民营,邱忠保,False,证监会2001版,C4320,化学农药制造业,*ST
000732,2007,470062974.84,1128547849.9,707012193.16,279356841.78,0.0,-658484875.06,92666405.21,24341026.71,24369691.86,331691946.08,-783382340.51,2.400843951353827,0.24753655044821857,0.6264795889892022,0.19713615019677264,0.06071936965991825,-0.03376320155858109,民营,民营,邱忠保,False,证监会2001版,C4320,化学农药制造业,暂停上市
000732,2008,445288557.64,820661348.29,490090760.65,103580000.0,64931949.9,-375372790.65,114816156.05,283112084.41,283063389.32,470062974.84,-658484875.06,1.8429877305616185,0.20533676924242367,0.5971900122641268,0.257846634682279,0.6185865743687623,-0.5476809696343903,民营,民营,黄其森,False,证监会2001版,C4320,化学农药制造业,暂停上市
000732,2009,586661978.56,490073613.23,365515176.34,11964300.0,44561652.25,96588365.33,289980017.08,118350510.7,118528372.55,445288557.64,-375372790.65,0.8353594252569727,0.11534175830738186,0.7458372915263597,0.49428806992362934,0.22937244867531667,-0.8490467899284726,民营,民营,黄其森,False,证监会2001版,C4320,化学农药制造业,暂停上市
000732,2010,5181027574.14,3478213223.39,1818992987.94,6400000.0,1466694645.94,1702814350.75,677564222.48,349216646.13,335623431.36,586661978.56,96588365.33,0.671336558938764,0.42352051220835324,0.5229676477876016,0.13077796108669987,0.12109412025011744,0.38814729244242635,民营,民营,黄其森,False,证监会2001版,C4320,化学农药制造业,正常上市
000732,2011,8228471745.96,5752520179.64,3099917477.31,2200000.0,2540305377.94,2475951566.32,371761355.63,368837215.57,366900299.72,5181027574.14,1702814350.75,0.6990994630885574,0.44198113149411206,0.5388798962029885,0.04517987873173736,0.055011332901465766,0.17652925427735627,民营,民营,黄其森,True,证监会2001版,J01,房地产开发与经营业,正常上市
000732,2012,13640356924.37,11266160230.33,5251590954.55,404565097.0,5842857252.0,2374196694.04,2726793209.76,315550956.18,344312498.96,8228471745.96,2475951566.32,0.8259432134214731,0.5545298683202737,0.46613849325629325,0.19990629459910125,0.028858514640806167,0.13012012797999636,民营,民营,黄其森,True,证监会2012版,K70,房地产业,正常上市
000732,2013,35695370103.33,30604993765.0,16904660206.73,6225965097.0,13525899752.0,5090376338.33,6617371792.18,701844469.9,728358392.64,13640356924.37,2374196694.04,0.8573939330620606,0.6453804565576587,0.5523497353579676,0.18538459674249658,0.028451773681411153,0.18804678227581478,民营,民营,黄其森,True,证监会2012版,K70,房地产业,正常上市
000732,2014,62395452580.47,55673151729.97,32107623803.16,7986423558.72,23362410545.85,6722300850.5,3353985909.27,712311113.03,783762082.3,35695370103.33,5090376338.33,0.8922629683336233,0.5630871098625854,0.5767164747361664,0.05375369150411146,0.014523501659806964,0.1206011307417352,民营,民营,黄其森,True,证监会2012版,K70,房地产业,正常上市
000732,2015,84781627859.65,67713337350.4,33002302081.6,5485943024.23,25164645000.0,17068290509.25,5735783614.91,1264522395.45,1325155637.5,62395452580.47,6722300850.5,0.7986793726406699,0.4526521542664584,0.4873825951130002,0.06765361505449252,0.017183686368401358,0.10630441054015802,民营,民营,黄其森,True,证监会2012版,K70,房地产业,正常上市
000736,2005,136986334.12,817811584.44,503175784.44,296967079.12,0.0,-680825250.32,1378820.85,-19999566.84,-19999566.84,297928325.39,-620485258.01,5.970023139122748,0.36312407988613843,0.6152710404372075,0.010065389798606869,-0.09197007460053275,0.030737578328889206,国有,国企,重庆渝富资产经营管理有限公司,False,证监会2001版,C73,专用设备制造业,ST
000736,2006,155142494.83,277458865.14,277458865.14,0.0,0.0,-122316370.31,1335052.43,1158671.22,1158671.22,136986334.12,-680825250.32,1.78841306789626,0.0,1.0,0.00860533041874121,0.0079326044208962,-0.002885347217072664,国有,国企,重庆渝富资产经营管理有限公司,False,证监会2001版,C73,专用设备制造业,*ST
000736,2007,180626458.5,278260585.49,278260585.49,0.0,0.0,-97634126.99,1422449.25,10774657.37,10774657.37,155142494.83,-122316370.31,1.5405305944699126,0.0,1.0,0.007875087967801793,0.06417899727263028,-0.09797347587083631,国有,国企,重庆国有资产监督管理委员会,False,证监会2001版,C73,专用设备制造业,ST
000736,2008,1893577870.24,754967411.98,629967411.98,2000000.0,125000000.0,1138610458.26,35260830.52,122546000.22,123643200.66,180626458.5,-97634126.99,0.3986988989707153,0.16821918136430025,0.8344299396020667,0.018621273027198453,0.11816193662505951,0.23544435457142976,国有,国企,国务院国有资产监督管理委员会,True,证监会2001版,J01,房地产开发与经营业,ST
000736,2009,1966441520.25,759790795.42,524590795.42,47500000.0,235200000.0,1206650724.83,302036568.16,102656996.78,103456263.25,1893577870.24,1138610458.26,0.38637853584550297,0.37207610529649554,0.690441103764642,0.1535954998151184,0.05318988657565706,0.08754419125697908,国有,国企,国务院国有资产监督管理委员会,True,证监会2001版,J01,房地产开发与经营业,ST
000736,2010,2123925629.55,644633516.68,438433516.68,139040000.0,206200000.0,1479292112.87,222308230.97,128212921.43,128634272.69,1966441520.25,1206650724.83,0.30351039966337223,0.5355601144942937,0.6801283292529158,0.1046685570704756,0.06269017754861884,0.09546958306811178,国有,国企,国务院国有资产监督管理委员会,True,证监会2001版,J01,房地产开发与经营业,ST
000736,2011,2524538309.63,974111252.97,691038475.19,120520000.0,161800000.0,1550427056.66,385496551.36,71414674.02,72292270.61,2123925629.55,1479292112.87,0.38585718792786594,0.28982315843208384,0.7094040573733955,0.1526998223356329,0.03072613876514129,0.04714276804148719,国有,国企,国务院国有资产监督管理委员会,True,证监会2001版,J01,房地产开发与经营业,正常上市
000736,2012,2834921764.18,1141451437.17,816425151.9,0.0,207200000.0,1693470327.01,699134874.15,121894935.67,125031849.64,2524538309.63,1550427056.66,0.4026394843034282,0.18152327225914303,0.7152517621986288,0.2466152269116409,0.04548776704790183,0.07515338572892434,国有,国企,国务院国有资产监督管理委员会,True,证监会2012版,K70,房地产业,正常上市
000736,2013,4645423119.02,1837011316.84,941939354.47,0.0,267400000.0,2808411802.18,637082722.5,46945539.27,60267414.63,2834921764.18,1693470327.01,0.39544542440464203,0.14556252187927593,0.5127564244352671,0.13714202262686442,0.012551704501067676,0.020855961094852864,国有,国企,国务院国有资产监督管理委员会,True,证监会2012版,K70,房地产业,正常上市
000736,2014,6088118720.46,3138461274.5,1092441516.22,150000000.0,924000000.0,2949657445.96,549424330.66,67269165.32,75653885.63,4645423119.02,2808411802.18,0.5155059253284185,0.34220591113430354,0.3480818849338968,0.0902453378271978,0.012534383584842658,0.023365181077573745,国有,国企,国务院国有资产监督管理委员会,True,证监会2012版,K70,房地产业,正常上市
000736,2015,8126938033.56,5155440130.74,2229048439.81,0.0,1077000000.0,2971497902.82,661505830.77,27784318.78,28424001.41,6088118720.46,2949657445.96,0.6343643952311104,0.20890553913685153,0.43236821363107314,0.081396686924193,0.003909139338770861,0.00938476264964901,国有,国企,国务院国有资产监督管理委员会,True,证监会2012版,K70,房地产业,正常上市
000797,2005,3455593202.29,2380606475.38,2073882388.79,1030113923.02,306361811.11,1074986726.91,325837755.98,48751911.72,24104279.49,3472715774.74,1024729243.02,0.6889139826419346,0.5614013689165772,0.8711571653013168,0.09429285708863804,0.01407324987428571,0.046436672786391464,国有,国企,福建省国有资产管理委员会,False,证监会2001版,E01,土木工程建筑业,正常上市
000797,2006,3752500797.72,2593619633.48,2260044501.73,1020475106.87,333212856.27,1158881164.24,400946174.7,57029354.33,33315404.19,3455593202.29,1074986726.91,0.691170974582036,0.5219300261556408,0.8713862559320527,0.1068477253738661,0.015823698839088636,0.05105884242835968,国有,国企,福建省国有资产管理委员会,False,证监会2001版,E01,土木工程建筑业,正常上市
000797,2007,4256719017.06,3088460923.58,2626123738.03,1140518478.46,420686756.1,1168258093.48,409915591.31,93683467.22,69777172.31,3752500797.72,1158881164.24,0.7255496336972498,0.5054961915303509,0.8503017532065518,0.09629848474074701,0.023393905870112103,0.0805138471272972,国有,国企,福建省国有资产管理委员会,False,证监会2001版,E01,土木工程建筑业,正常上市
000797,2008,4593801851.61,3402868166.56,2781266270.8,915549088.93,595191506.34,1190933685.05,382622271.68,64328945.59,36105604.17,4256719017.06,1168258093.48,0.7407520560268375,0.4439609533263893,0.817330009470104,0.08329098294605405,0.014536759258478976,0.05453473191576061,国有,国企,福建省国有资产管理委员会,False,证监会2001版,E01,土木工程建筑业,正常上市
000797,2009,5130065876.15,3714323987.12,3069643481.4,886835578.82,600673692.05,1415741889.03,1315669333.1,170434397.29,66323422.56,4593801851.61,1190933685.05,0.7240304660390672,0.4004791386072328,0.8264339600003849,0.2564624636140892,0.03505485719503127,0.13076763290740784,国有,国企,福建省国有资产管理委员会,False,证监会2001版,E01,土木工程建筑业,正常上市
000797,2010,5200743286.71,3679165347.66,3049413996.36,1013295233.86,584023829.15,1521577939.05,920488944.29,110863808.18,73725338.71,5130065876.15,1415741889.03,0.7074306776613554,0.43415256235382765,0.8288330934350286,0.17699180550638233,0.02146275406549244,0.07548637170536987,国有,国企,福建省国有资产管理委员会,True,证监会2001版,J01,房地产开发与经营业,正常上市
000797,2011,5624596882.14,4102613306.74,3473039561.53,791634717.49,608516079.32,1521983575.4,1000891516.62,86492960.13,77600064.39,5200743286.71,1521577939.05,0.729405749906662,0.34128266354271186,0.8465432400914557,0.1779490224087293,0.015979721427855757,0.05683667618962522,国有,国企,福建省人民政府国有资产监督管理委员会,True,证监会2001版,J01,房地产开发与经营业,正常上市
000797,2012,6708509278.94,5104146895.14,3798233047.86,1115087068.55,1269014219.83,1604362383.8,1661091399.52,134177973.05,98127258.91,5624596882.14,1521983575.4,0.7608466624863189,0.4670910413354409,0.7441465000696889,0.24760961496090622,0.021758991011271753,0.08583693218925444,国有,国企,福建省人民政府国有资产监督管理委员会,True,证监会2012版,K70,房地产业,正常上市
000797,2013,7106304422.61,5414670995.18,4037948043.1,1126065743.22,1354499148.97,1691633427.43,893237872.68,119498907.21,104114997.25,6708509278.94,1604362383.8,0.7619531437398376,0.4581192272620321,0.7457420860278449,0.12569653923606217,0.017300111285118873,0.07251156497398908,国有,国企,福建省人民政府国有资产监督管理委员会,True,证监会2012版,K70,房地产业,正常上市
000797,2014,7957952283.39,6235420014.62,4755442374.01,1606601172.09,1454863705.92,1722532268.77,1011664470.48,98721414.69,113554326.58,7106304422.61,1691633427.43,0.7835457907475388,0.49097973686325486,0.7626498877156725,0.12712622977038537,0.01310670902875412,0.0578304765933756,国有,国企,福建省人民政府国有资产监督管理委员会,True,证监会2012版,K70,房地产业,正常上市
000797,2015,9989144670.53,8606786959.35,5935288040.91,3223344240.0,2136028539.47,1382357711.18,1871371145.81,129138109.84,127633376.61,7957952283.39,1722532268.77,0.861614006326464,0.6226914648616735,0.689605548382046,0.1873404788430909,0.01439097478233589,0.08318369454242601,国有,国企,福建省人民政府国有资产监督管理委员会,True,证监会2012版,K70,房地产业,正常上市
000803,2005,338742774.74,218842147.74,218478493.29,67972838.56,23654.45,119900627.0,4202286.04,-57780878.26,-56788844.95,338690610.27,177163399.29,0.646042259965459,0.31071022521120867,0.9983382796515411,0.01240553704274708,-0.1705876313112235,-0.38901296115601103,民营,民营,胡先成,False,证监会2001版,C11,纺织业,正常上市
000803,2006,277099418.82,155296190.54,154956190.54,61505000.0,0.0,121803228.28,20518536.94,2582131.98,2932402.12,338742774.74,119900627.0,0.5604349197169493,0.39604963770285156,0.9978106352846278,0.07404756396594453,0.0083856936306149,0.02136608021422537,民营,民营,胡先成,True,证监会2001版,J01,房地产开发与经营业,正常上市
000803,2007,226463132.14,121076055.49,120027368.99,19770528.6,0.0,105387076.65,14255885.72,5774190.85,6085840.72,277099418.82,121803228.28,0.534639145656391,0.1632901610478457,0.9913386136031941,0.06295013932416595,0.022933360866458346,0.05083131387828451,民营,民营,胡先成,True,证监会2001版,J01,房地产开发与经营业,正常上市
000803,2008,221847530.17,89465271.4,86845688.97,1200000.0,0.0,132382258.77,2850804.85,5377617.39,6816731.0,226463132.14,105387076.65,0.40327368680392106,0.01341302587274105,0.97071956090886,0.012850288880004439,0.02399058439650253,0.04523390184441471,民营,民营,胡先成,True,证监会2001版,J01,房地产开发与经营业,正常上市
000803,2009,230029983.81,98591596.67,90476498.85,12200000.0,0.0,131438387.14,8048544.69,2464128.37,2476583.31,221847530.17,132382258.77,0.4286032413558513,0.12374279768320542,0.9176897616623211,0.03498911123102948,0.010906178306137455,0.01868033005150488,民营,民营,胡先成,True,证监会2001版,J01,房地产开发与经营业,正常上市
000803,2010,213275736.63,99953253.77,93755713.33,26700000.0,0.0,113322482.86,5016627.61,-18165904.28,-17873712.98,230029983.81,131438387.14,0.46865740730462574,0.26712487080649444,0.9379956108856545,0.023521792442349237,-0.08195655252077307,-0.14843797768818195,民营,民营,胡先成,True,证监会2001版,J01,房地产开发与经营业,正常上市
000803,2011,274294222.8,154883622.76,133939771.99,51200000.0,0.0,119410600.04,59782420.14,3267061.18,3353347.51,213275736.63,113322482.86,0.5646623584665597,0.3305707800968537,0.8647768537642385,0.21794997914917805,0.01340140472895172,0.02807560609166837,民营,民营,胡先成,True,证监会2001版,J01,房地产开发与经营业,正常上市
000803,2012,286265682.86,155640840.66,129664183.95,57200000.0,0.0,130624842.2,19453991.85,8238042.16,8241914.69,274294222.8,119410600.04,0.5436936733213569,0.36751279264132447,0.8330987123955053,0.06795782035639282,0.029392191902489265,0.0658949954150308,民营,民营,胡先成,False,证监会2012版,C17,纺织业,正常上市
000803,2013,490820328.06,343310056.96,288020896.72,67200000.0,0.0,147510271.1,57694359.27,4357222.12,4253799.58,286265682.86,130624842.2,0.6994617731440664,0.19574142568107075,0.8389526927070422,0.11754680067559711,0.011214259576855437,0.031331693926039794,民营,民营,胡先成,False,证监会2012版,C17,纺织业,正常上市
000803,2014,457348369.14,306112500.0,270966055.02,112200000.0,0.0,151235869.14,24563054.94,3725598.04,3759330.54,490820328.06,147510271.1,0.6693201958402418,0.3665319122871493,0.8851845482298174,0.053707538055046494,0.007858513049422361,0.024941564346284188,民营,民营,胡先成,False,证监会2012版,C17,纺织业,正常上市
000803,2015,473690121.38,355772340.42,314276327.3,140590000.0,4000000.0,117917780.96,5374784.95,-33318088.18,-33277876.79,457348369.14,151235869.14,0.7510655687383337,0.4064115828377977,0.8833635771937394,0.011346626639250266,-0.0715718813330506,-0.24757671439804863,民营,民营,胡先成,False,证监会2012版,C17,纺织业,正常上市
000809,2005,195020099.82,30933675.58,29071255.28,16000000.0,0.0,164086424.24,21649326.23,11062690.37,8594979.14,243730035.73,153660757.74,0.15861788404657376,0.5172356566105812,0.9397931133277891,0.11101074325150041,0.05042820263124133,0.06963202821226795,民营,民营,刘武,False,证监会2001版,C1,纺织、服装、皮毛,正常上市
000809,2006,203850727.86,64323694.71,62353931.6,45900000.0,0.0,139527033.15,27180341.1,8627521.35,7046514.85,195020099.82,164086424.24,0.3155431201313936,0.7135784131638853,0.9693773325851295,0.1333345305426961,0.04325972596282,0.056832272351602035,民营,民营,"封玮,黎雪松,刘武",False,证监会2001版,C1,纺织、服装、皮毛,正常上市
000809,2007,224980146.5,94000251.34,91929271.33,65900000.0,0.0,130979895.16,26756819.78,5897980.63,5902460.21,203850727.86,139527033.15,0.417815761978802,0.7010619552668953,0.9779683566748216,0.11892969311405441,0.027507257441770357,0.04360687296882049,民营,民营,"封玮,黎雪松,刘武",False,证监会2001版,C1,纺织、服装、皮毛,正常上市
000809,2008,242550952.98,108304652.42,104600402.42,88900000.0,0.0,134246300.56,34987895.17,3266405.4,3310237.65,224980146.5,130979895.16,0.4465233019675271,0.8208326975211578,0.9657978681688105,0.14424967100782737,0.01397299731989157,0.024631091895978126,民营,民营,"封玮,黎雪松,刘武",False,证监会2001版,C1,纺织、服装、皮毛,正常上市
000809,2009,239901523.89,107030776.85,102569439.89,88000000.0,0.0,132870747.04,32754520.03,-5376091.41,-4934865.25,242550952.98,134246300.56,0.4461446309906556,0.822193415668925,0.9583172514364499,0.13653318869711997,-0.02228651180268942,-0.04025270163999821,民营,民营,"封玮,黎雪松,刘武",False,证监会2001版,C1,纺织、服装、皮毛,正常上市
000809,2010,243439334.28,107518409.37,104258409.37,80000000.0,0.0,135920924.91,25309566.22,2050715.76,2918018.4,239901523.89,132870747.04,0.44166407901171,0.744058626506446,0.9696796109698623,0.1039666259968052,0.00848558827724316,0.015258774538085164,民营,民营,"封玮,黎雪松,刘武",False,证监会2001版,C8,医药、生物制品,正常上市
000809,2011,3509593130.12,1401786903.09,903420236.41,360000000.0,0.0,2107806227.03,144623609.34,607046982.63,607046982.63,243439334.28,135920924.91,0.39941578727733323,0.25681506882853694,0.6444775838742425,0.04120808423597953,0.32349679273400533,0.5411058845592053,国有,国企,铁岭市财政局,False,证监会2001版,C8,医药、生物制品,正常上市
000809,2012,4384657310.53,1644211865.21,897431364.53,315000000.0,0.0,2740445445.32,144957026.2,632639218.29,632639218.29,3509593130.12,2107806227.03,0.37499210286316637,0.19158115001181308,0.5458124853121524,0.033060058274537805,0.16027847686015634,0.2609762285642044,国有,国企,铁岭市财政局,True,证监会2012版,K70,房地产业,正常上市
000809,2013,5649171950.92,2199309952.8,1404115618.12,645000000.0,750000000.0,3449861998.12,372767709.08,709416552.8,709416552.8,4384657310.53,2740445445.32,0.3893154557707931,0.634289859064198,0.6384346218832788,0.0659862564493709,0.14140494806416137,0.22920236491703935,国有,国企,铁岭市财政局,False,证监会2012版,N78,公共设施管理业,正常上市
000809,2014,6208286170.11,2729652377.0,1091412274.32,395000000.0,600000000.0,3478633793.11,208652439.45,28771794.99,28771794.99,5649171950.92,3449861998.12,0.43967889079308264,0.3645152798150605,0.39983562871090084,0.03360870194008841,0.004852944821111581,0.008305351076757228,国有,国企,铁岭市财政局,False,证监会2012版,N78,公共设施管理业,正常上市
000809,2015,6302315407.17,3058007405.06,1253725944.37,395000000.0,270000000.0,3244308002.11,361007984.22,-179339704.8,-179339704.8,6208286170.11,3478633793.11,0.48521967046920167,0.21746186712943957,0.4099813304230377,0.05728180214676173,-0.028670036959004698,-0.05335155658420551,国有,国企,铁岭市财政局,False,证监会2012版,N78,公共设施管理业,正常上市
000836,2005,959634468.98,732421911.1,490191654.43,348190000.0,3200000.0,227212557.88,273396268.79,-418367036.95,-417242581.76,1211368927.51,692032444.42,0.7632300993507399,0.4797644563531136,0.6692749725275116,0.2848962575100019,-0.3854135259543129,-0.9102405471951948,民营,民营,杜克荣,False,证监会2001版,G87,计算机应用服务业,正常上市
000836,2006,1442413411.04,1116846368.01,752852111.34,336490000.0,124964000.0,325567043.03,342290152.75,46573932.59,26337695.3,959634468.98,227212557.88,0.7742900609921107,0.4131758970772498,0.6740874420189359,0.23730377860477883,0.038778521425319984,0.16850814506660086,民营,民营,杜克荣,False,证监会2001版,G87,计算机应用服务业,正常上市
000836,2007,1414203795.82,1016035896.36,673382639.69,209840000.0,98623000.0,398167899.46,85183087.86,34473635.52,26739525.21,1442413411.04,325567043.03,0.7184508338636373,0.30359458864109456,0.6627547728406323,0.06023395504366339,0.02413598534463321,0.09526591434536501,民营,民营,杜克荣,False,证监会2001版,G87,计算机应用服务业,正常上市
000836,2008,1279766837.3,654090032.98,516007126.38,133500000.0,55229970.0,625676804.32,75607146.53,229958904.86,232588999.63,1414203795.82,398167899.46,0.511100939574253,0.2885382141356842,0.78889311923788,0.05907884493202909,0.17072116676615365,0.44920661114131766,民营,民营,杜克荣,False,证监会2001版,G87,计算机应用服务业,正常上市
000836,2009,1927961870.51,953158934.74,457496434.74,51010000.0,469100000.0,974802935.77,101927292.6,51427497.9,55914962.94,1279766837.3,625676804.32,0.4943868181832158,0.5456697524866345,0.479979170383368,0.05286789856120825,0.03206474274135913,0.06426510328347931,民营,民营,杜克荣,False,证监会2001版,G87,计算机应用服务业,正常上市
000836,2010,2509669547.89,1545558589.13,1102733589.13,177014877.0,439700000.0,964110958.76,194377016.62,9574063.74,7007998.5,1927961870.51,974802935.77,0.6158414722087319,0.3990239395241243,0.7134854653104625,0.07745123926112987,0.004314943192579052,0.009875697695508844,民营,民营,杜克荣,True,证监会2001版,J01,房地产开发与经营业,正常上市
000836,2011,2098318568.56,1138222647.98,710872647.98,200740000.0,419450000.0,960095920.58,135957879.22,-58541309.82,-65002901.95,2509669547.89,964110958.76,0.5424451105921066,0.544875821176682,0.6245462161920459,0.06479372639460698,-0.025408620135548572,-0.06084720977619577,民营,民营,杜克荣,False,证监会2001版,G8101,通信设备制造业,正常上市
000836,2012,2352860766.98,1351319894.86,842093094.86,208100000.0,503866800.0,1001540872.12,100274792.43,59595476.55,18556934.43,2098318568.56,960095920.58,0.5743305825080667,0.5268676963227582,0.6231633960715445,0.042618243220021515,0.026777387320329166,0.06076096938207678,民营,民营,杜克荣,False,证监会2012版,C38,电气机械及器材制造业,正常上市
000836,2013,2455794330.68,1409426322.27,1079355340.9,353000000.0,289750400.0,1046368008.41,139082937.61,18089209.39,13765503.39,2352860766.98,1001540872.12,0.5739187132497922,0.45603689234694883,0.7658118227575084,0.056634603261539615,0.007523604426860482,0.017666029540648803,民营,民营,杜克荣,False,证监会2012版,C38,电气机械及器材制造业,正常上市
000836,2014,2283191519.88,1423412666.45,1146610077.03,402500000.0,240034000.0,859778853.43,99156527.3,-186589154.98,-143624291.01,2455794330.68,1046368008.41,0.6234311287757462,0.4514038796651176,0.8055359517698073,0.043428913622284064,-0.07874644949950674,-0.19577626332515202,民营,民营,杜克荣,False,证监会2012版,C38,电气机械及器材制造业,正常上市
000836,2015,3349136518.81,1480773923.89,1375825412.31,337660000.0,96450000.0,1868362594.92,773008996.95,133241946.29,137817404.05,2283191519.88,859778853.43,0.4421360298612557,0.29316426565615833,0.9291259051183857,0.23080844647821705,0.04731327627749118,0.0976796466111284,民营,民营,杜克荣,False,证监会2012版,C38,电气机械及器材制造业,正常上市
000838,2005,147946419.98,59796443.9,59796443.9,1587000.0,0.0,88149976.08,11734165.6,4525038.51,4525038.51,147124559.71,83624937.57,0.40417634916805373,0.02654003978320189,1.0,0.07931361638616381,0.030670847500855428,0.052685673522968476,国有,国企,国务院国资委,False,证监会2001版,E0199,其他土木工程建筑业,正常上市
000838,2006,121569014.93,27097721.64,27097721.64,0.0,0.0,94471293.29,18297381.15,1348234.58,1348234.58,147946419.98,88149976.08,0.22289990303534984,0.0,1.0,0.1505102361858876,0.010004878425239132,0.0147653620484743,国有,国企,国务院国资委,False,证监会2001版,E0199,其他土木工程建筑业,正常上市
000838,2007,919024340.92,574817755.28,550208889.4,0.0,0.0,344206585.64,335597631.91,58803187.65,58803187.65,121569014.93,94471293.29,0.6254652131461197,0.0,0.95718840336097,0.36516729423515176,0.11301857218176664,0.2680927873246294,国有,"国企,民营","北京电力实业开发总公司,北京国华置业有限公司,北京联合电力有限责任公司,北京首创资产管理有限公司,北京英大置业有限公司,国投电力公司,江苏昆仑投资有限公司,上海通维投资有限公司,张家港骏马涤纶制品有限公司,张家港市能源投资发展有限公司",False,证监会2001版,E0199,其他土木工程建筑业,正常上市
000838,2008,637329344.27,286750834.83,282757929.59,0.0,0.0,350578509.44,5977818.91,10546729.86,10546729.86,919024340.92,344206585.64,0.44992567407742023,0.0,0.9860753492056363,0.00937948168202897,0.013553127364764073,0.03035968944839156,民营,民营,张家港众合融通科技发展有限公司,False,证监会2001版,E0199,其他土木工程建筑业,正常上市
000838,2009,626637300.11,273580493.99,273580493.99,0.0,0.0,353056806.12,18493459.85,2478296.68,2478296.68,637329344.27,350578509.44,0.43658507711235134,0.0,1.0,0.029512223174001383,0.003921458989474603,0.007044264621731234,民营,民营,张家港众合融通科技发展有限公司,False,证监会2001版,E0199,其他土木工程建筑业,正常上市
000838,2010,636947134.25,308056637.06,308056637.06,0.0,0.0,328890497.19,8296808.03,-24166308.93,-24166308.93,626637300.11,353056806.12,0.48364553429184376,0.0,1.0,0.013025897415755584,-0.03825040618237772,-0.07087441745924601,民营,民营,张家港众合融通科技发展有限公司,True,证监会2001版,J01,房地产开发与经营业,正常上市
000838,2011,1165275249.91,863949206.49,567949206.49,0.0,296000000.0,301326043.42,31995300.74,-27564453.77,-27564453.77,636947134.25,328890497.19,0.7414121312168322,0.34261273437887707,0.6573872656211229,0.027457290234621522,-0.030589403408001224,-0.08747613556229349,民营,民营,国投资产管理公司等10家公司,True,证监会2001版,J01,房地产开发与经营业,正常上市
000838,2012,1590164802.35,1257594673.29,744641253.11,0.0,509000000.0,332570129.06,111041624.73,31244085.64,31244085.64,1165275249.91,301326043.42,0.7908580742269503,0.404740900077449,0.5921154636906502,0.06983026197404124,0.022678109519656386,0.09857792804699662,其他,其他,国投资产管理公司等10家公司,True,证监会2012版,K70,房地产业,*ST
000838,2013,2036163537.75,1652917070.97,1349209474.17,0.0,297000000.0,383246466.78,220848721.33,59726323.72,59726323.72,1590164802.35,332570129.06,0.811780115067037,0.17968233568167344,0.8162596284266265,0.10846315496546123,0.03294038383648017,0.16687605195828706,民营,民营,卢生举,True,证监会2012版,K70,房地产业,正常上市
000838,2014,2692280744.31,2223838986.41,1299929722.63,0.0,896580000.0,468441757.9,189913595.06,73295132.57,74550622.88,2036163537.75,383246466.78,0.8260056055112275,0.40316767782157287,0.5845430944299209,0.07054004136135239,0.031001796023307757,0.17211728528368175,民营,民营,卢生举,True,证监会2012版,K70,房地产业,正常上市
000838,2015,5220108177.03,3636143061.84,2641323481.43,10000000.0,954380000.0,1583965115.19,830545968.73,77515248.82,83877292.52,2692280744.31,468441757.9,0.6965646953141874,0.26522058774882035,0.7264080198465593,0.1591051259023031,0.01959338692539204,0.07553594741504344,民营,民营,卢生举,True,证监会2012版,K70,房地产业,正常上市
000861,2005,437292203.04,195451906.45,141627040.83,45310000.0,45000000.0,241840296.59,10898654.66,16762881.97,13818780.07,444118617.72,225941978.02,0.4469595046315555,0.46205740143600427,0.7246132483554499,0.02492304821406358,0.03803647873427771,0.07166959023394194,民营,民营,"邵建聪,邵建佳,邵建明",False,证监会2001版,C6,金属、非金属,正常上市
000861,2006,439225412.39,175973889.21,140071800.55,35840000.0,27300000.0,263251523.18,10176674.81,24547919.6,22320177.12,437292203.04,241840296.59,0.40064596502387273,0.3588032308853009,0.7959805922277713,0.023169594752326987,0.056012381651810474,0.09720181020226465,民营,民营,"邵建聪,邵建佳,邵建明",False,证监会2001版,C6,金属、非金属,正常上市
000861,2007,567440871.68,283447141.95,193929563.38,96142500.0,80000000.0,283993729.73,29517158.99,32518437.48,29219493.37,439225412.39,263251523.18,0.49951837468247423,0.6214297974155318,0.6841824618369555,0.05201803476476712,0.06460619173322543,0.11884410986511738,民营,民营,"邵建聪,邵建佳,邵建明",False,证监会2001版,C6,金属、非金属,正常上市
000861,2008,1264636723.5,554842344.82,464773603.7,191000000.0,83000000.0,709794378.68,60916311.99,146834982.17,143252281.09,567440871.68,283993729.73,0.43873654347504804,0.4938339738451111,0.8376678673484811,0.04816902028703424,0.1602934095764362,0.2955056131732688,民营,民营,"邵建聪,邵建佳,邵建明",False,证监会2001版,C6,金属、非金属,正常上市
000861,2009,1586385804.98,746197590.38,428608656.1,153000000.0,311000000.0,840188214.6,100731570.78,147620449.74,143581060.97,1264636723.5,709794378.68,0.4703758619356831,0.6218192151541373,0.5743902977249387,0.06349752403468459,0.10355614399069844,0.19048013878351058,民营,民营,"邵建聪,邵建佳,邵建明",False,证监会2001版,C6,金属、非金属,正常上市
000861,2010,2478530572.48,1538466929.53,907106247.39,260000000.0,629035536.75,940063642.95,348070208.03,261979598.32,257882378.72,1586385804.98,840188214.6,0.6207173502768702,0.5778710739148611,0.5896169946708701,0.14043409909675772,0.12889790292990003,0.29431745537458825,民营,民营,"邵建聪,邵建佳,邵建明",False,证监会2001版,H1130,日用百货零售业,正常上市
000861,2011,3371679801.93,2061149004.04,1615571199.69,520000000.0,442155929.35,1310530797.89,717001747.92,390419595.92,387172731.39,2478530572.48,940063642.95,0.6113122019653727,0.46680561544269983,0.783820673092224,0.21265416351504596,0.13347198508545063,0.3469479785743022,民营,民营,"邵建聪,邵建佳,邵建明",False,证监会2001版,H1130,日用百货零售业,正常上市
000861,2012,3949236416.99,2259303254.15,1743109975.98,440000000.0,511153821.95,1689933162.84,402815976.92,435536957.55,430662257.47,3371679801.93,1310530797.89,0.5720860985759822,0.4209943132701967,0.7715254571417844,0.10199844587349759,0.11898427588186537,0.29031307374479226,民营,民营,"邵建聪,邵建佳,邵建明",True,证监会2012版,K70,房地产业,正常上市
000861,2013,4929322873.68,3056022355.18,1957398511.11,1193000000.0,1027401714.74,1873300518.5,405806407.96,403235846.58,397623383.56,3949236416.99,1689933162.84,0.6199679821132345,0.7265659267761535,0.6405052985925258,0.08232498019693403,0.0908336213970523,0.22633140716628944,民营,民营,"邵建聪,邵建佳,邵建明",False,证监会2012版,L72,商务服务业,正常上市
000861,2014,6806208155.99,3863005718.72,1407602238.68,130000000.0,872254607.46,2943202437.27,1424460138.95,284753093.26,282268043.86,4929322873.68,1873300518.5,0.5675709044132378,0.25944942369696916,0.3643800556283946,0.2092883594364305,0.04852836953693559,0.11824059732751782,民营,民营,"邵建聪,邵建佳,邵建明",False,证监会2012版,L72,商务服务业,正常上市
000861,2015,7732416734.84,4830779334.68,2177291085.61,550000000.0,1334687500.0,2901637400.16,843204105.77,206738820.43,195924245.58,6806208155.99,2943202437.27,0.6247437897279807,0.39014150086920607,0.45071218011953096,0.10904793865684577,0.02843994146384465,0.0707423389452204,民营,民营,"邵建聪,邵建佳,邵建明",False,证监会2012版,L72,商务服务业,正常上市
000863,2005,644327805.85,945330855.0,920620855.0,673578551.63,0.0,-301003049.15,15379893.4,-443043624.91,-442590279.36,1166611059.38,142606280.48,1.4671582483591803,0.7125320707214196,0.973861003404993,0.0238696720215431,-0.4892971633846191,5.594099281570907,民营,民营,吴力,False,证监会2001版,G8705,计算机网络开发、维护与咨询,ST
000863,2006,254239237.99,1327802801.17,995737920.76,661019060.19,0.0,-1073563563.18,10885333.24,-773455142.15,-771600000.47,644327805.85,-301003049.15,5.222650963193284,0.49782924061279266,0.7499140082266739,0.042815315708380756,-1.7215301795282008,1.1253803711104722,民营,民营,吴力,False,证监会2001版,G8705,计算机网络开发、维护与咨询,*ST
000863,2007,268878686.89,1309316465.57,976147581.74,654018991.18,0.0,-1040437778.68,15985969.53,31557092.7,30373405.41,254239237.99,-1073563563.18,4.869543513151899,0.49951177456191104,0.7455398350276168,0.05945420856856521,0.12065001484030202,-0.029855319459953185,民营,民营,孙冲,False,证监会2001版,G8705,计算机网络开发、维护与咨询,暂停上市
000863,2008,197990014.28,1235207517.24,916807414.3,617163623.49,0.0,-1037217502.96,535108.41,3220275.72,4895779.04,268878686.89,-1040437778.68,6.238736441996281,0.49964367515267116,0.7422294646882924,0.002702704032554101,0.013795209282309151,-0.003099913396083754,民营,民营,郭英,False,证监会2001版,G8705,计算机网络开发、维护与咨询,暂停上市
000863,2009,185614361.66,1215404915.85,890018653.43,617163623.49,0.0,-1029790554.19,567374.21,7426948.77,7654033.99,197990014.28,-1037217502.96,6.548011182864846,0.5077843732912528,0.7322815975345638,0.00305673658506711,0.03872191891346754,-0.00718618269949108,民营,民营,郭英,False,证监会2001版,G8705,计算机网络开发、维护与咨询,暂停上市
000863,2010,170847695.99,1195674054.78,878773076.51,597576275.12,0.0,-1024826358.79,1641059.35,4964195.4,5560682.89,185614361.66,-1029790554.19,6.998479246977873,0.49978192027421053,0.7349603957674663,0.0096053935084735,0.027852587917641454,-0.004832234533492641,民营,民营,郭英,False,证监会2001版,G8705,计算机网络开发、维护与咨询,暂停上市
000863,2011,4769120913.03,3791617365.07,2338461505.54,19000000.0,1433960000.0,977503547.96,389505765.58,231642962.49,234695258.01,170847695.99,-1024826358.79,0.795034857411708,0.38320322440373034,0.6167451196639478,0.08167244502352793,0.09378317184730199,-9.78990716853834,民营,民营,黄辉,False,证监会2001版,G8705,计算机网络开发、维护与咨询,暂停上市
000863,2012,5217160690.2,3825572673.57,2674539437.31,12200000.0,1137000000.0,1391588016.63,823152216.93,411140468.67,433090407.62,4769120913.03,977503547.96,0.7332671736095878,0.30039946906238585,0.6991213252300176,0.15777781552257392,0.08234105245680619,0.34708702256609725,民营,民营,黄辉,True,证监会2012版,K70,房地产业,正常上市
000863,2013,8076093413.78,6133089667.53,3356510902.56,0.0,2651255129.08,1943003746.25,450606371.35,454169035.74,480127692.12,5217160690.2,1391588016.63,0.7594129182638341,0.4322870319533008,0.5472789547379598,0.05579509154526911,0.06833075365707812,0.2723985831163609,民营,民营,黄辉,True,证监会2012版,K70,房地产业,正常上市
000863,2014,11518221849.54,8447113087.19,3787954919.04,365800000.0,4542875129.08,3071108762.35,1969562845.94,118793773.97,146152694.18,8076093413.78,1943003746.25,0.7333695424113879,0.5811068324069176,0.44843189382469767,0.1709953907528407,0.012125330471984245,0.047383768819008264,民营,民营,黄辉,True,证监会2012版,K70,房地产业,正常上市
000863,2015,13476580504.14,10462812199.8,6463661861.88,100000000.0,3900095129.08,3013768304.34,356153357.17,79587768.43,104636629.85,11518221849.54,3071108762.35,0.7763699550183244,0.3823154858075789,0.6177748141177145,0.026427576124417457,0.00636834549070017,0.026159203401390486,民营,民营,黄辉,True,证监会2012版,K70,房地产业,正常上市
000882,2005,1346638705.38,843786875.34,743786875.34,360000000.0,100000000.0,502851830.04,709180522.41,13066189.8,10405120.45,1615299165.3,490078331.07,0.6265874224236684,0.5451613593949837,0.8814866610010905,0.5266301344055608,0.008822730503121776,0.026318446778559455,民营,民营,任武,False,证监会2001版,H0120,纺织品、服装、鞋帽批发业,正常上市
000882,2006,1207759938.96,651374970.05,651374970.05,230000000.0,0.0,556384968.91,258351172.33,18153060.42,18377489.46,1346638705.38,502851830.04,0.5393248683268115,0.35309922943822214,1.0,0.21390937387148787,0.014213177305134649,0.034275735960070046,民营,民营,任武,False,证监会2001版,H0120,纺织品、服装、鞋帽批发业,正常上市
000882,2007,1136503230.15,549283306.4,525402814.87,127000000.0,0.0,587219923.75,415490487.55,25585774.92,25585774.92,1207759938.96,556384968.91,0.48330993861539967,0.23121037635816272,0.9565242721711086,0.3655867194457177,0.021828415219877932,0.04474582976029082,民营,民营,任武,False,证监会2001版,H0120,纺织品、服装、鞋帽批发业,正常上市
000882,2008,855203773.49,215784137.62,210839040.34,117000000.0,0.0,639419635.87,170477673.55,50214289.53,50214289.53,1136503230.15,587219923.75,0.2523189727512623,0.5422085297392862,0.9770831288409697,0.1993415824795743,0.05042336994169269,0.08187293347290359,民营,民营,任武,False,证监会2001版,H0120,纺织品、服装、鞋帽批发业,正常上市
000882,2009,2644618625.14,850234812.83,409994052.45,90000000.0,290000000.0,1794383812.31,389284974.57,74929948.32,74935548.16,855203773.49,639419635.87,0.3214961903193095,0.4469353574633964,0.4822127326042296,0.1471989083300781,0.04281928611539328,0.06157436285664947,国有,国企,国务院国有资产监督管理委员会,False,证监会2001版,H0120,纺织品、服装、鞋帽批发业,正常上市
000882,2010,5330545753.65,1991079263.62,1173072205.46,240000000.0,700000000.0,3339466490.03,1863282827.15,49300333.43,49301745.4,2644618625.14,1794383812.31,0.37352259142633615,0.47210576553892547,0.5891639910543925,0.3495482288795944,0.012363465149662509,0.01920598791418947,国有,国企,国务院国有资产监督管理委员会,False,证监会2001版,H0120,纺织品、服装、鞋帽批发业,正常上市
000882,2011,5976011416.48,2902845397.11,2144208815.95,250000000.0,683800000.0,3073166019.37,1347071221.91,66762930.35,65471695.11,5330545753.65,3339466490.03,0.48574964048844455,0.3216843724883412,0.7386576006027467,0.22541309378947844,0.011809594971381086,0.020822316030783026,国有,国企,国务院国有资产监督管理委员会,False,证监会2001版,H0120,纺织品、服装、鞋帽批发业,正常上市
000882,2012,7384925763.62,3895742414.96,2811218699.4,850000000.0,879475987.5,3489183348.66,506039307.18,53495556.58,52923553.89,5976011416.48,3073166019.37,0.527526279837694,0.4439400256183923,0.7216130842236048,0.06852327611373926,0.008007755123596744,0.01630378194754944,国有,国企,海南省文化广电出版体育厅,True,证监会2012版,K70,房地产业,正常上市
000882,2013,13304854949.68,6524383399.75,2508714946.86,390025000.0,1943972956.25,6780471549.93,3171343451.42,63224274.09,65715267.51,7384925763.62,3489183348.66,0.4903761389677473,0.3577346414589053,0.384513722316829,0.23835986663622177,0.006111642744416095,0.012312833238180292,国有,国企,海南省文化广电出版体育厅,True,证监会2012版,K70,房地产业,正常上市
000882,2014,13266279127.19,6563313728.91,4746427553.28,640000000.0,1550100000.0,6702965398.28,1718325209.61,65344339.15,74318827.22,13304854949.68,6780471549.93,0.494736592377143,0.3336881475516058,0.7231754795406163,0.12952578436919768,0.004918445630582385,0.009692534537149272,国有,国企,海南省文化广电出版体育厅,True,证监会2012版,K70,房地产业,正常上市
000882,2015,13606583366.36,6945649034.8,1709460480.38,490000000.0,2513000000.0,6660934331.56,3598358883.82,194439973.98,220892346.85,13266279127.19,6702965398.28,0.5104623877858975,0.4323570029170746,0.24611961701707608,0.26445719597149864,0.014471102512928742,0.029099286572143106,国有,国企,海南省文化广电出版体育厅,True,证监会2012版,K70,房地产业,正常上市
000886,2005,5223445757.63,2997617331.82,224933904.0,25000000.0,155890564.52,2225828425.81,195386310.3,17106320.38,15535960.57,5389464341.19,2234943408.46,0.5738773734639276,0.06034478203732979,0.07503756453911067,0.03740563592808349,0.003223681388180603,0.0076696683962090275,国有,国企,海南省政府国有资产监督管理委员会,False,证监会2001版,F1101,公路管理及养护业,正常上市
000886,2006,5118970819.12,2918109630.43,172370401.3,0.0,13946365.83,2200861188.69,877747959.78,11342865.99,12279974.17,5223445757.63,2225828425.81,0.5700578756047003,0.004779246702922853,0.05906919997196962,0.17146961582619322,0.0021934653097418324,0.005124762284143652,国有,国企,海南省政府国有资产监督管理委员会,False,证监会2001版,F1101,公路管理及养护业,正常上市
000886,2007,5205100439.14,2971122039.79,226109691.44,0.0,13219485.05,2233978399.35,530425647.88,29760278.55,25378388.33,5118970819.12,2200861188.69,0.5708097421998827,0.004449324151940375,0.0761024584018708,0.1019049784114518,0.005765221452959197,0.013421129652697409,国有,国企,海南省政府国有资产监督管理委员会,False,证监会2001版,F1101,公路管理及养护业,正常上市
000886,2008,2620486648.53,360450872.99,243169301.05,0.0,14657177.86,2260035775.54,683644450.43,23842830.81,26664931.36,5205100439.14,2233978399.35,0.13755111982432733,0.04066345501792316,0.6746253630428751,0.26088453868425554,0.006093557082143212,0.010610928173400166,国有,国企,海南省政府国有资产监督管理委员会,False,证监会2001版,F1101,公路管理及养护业,正常上市
000886,2009,2695030086.99,378707225.39,276082831.31,0.0,0.0,2316322861.6,403140718.84,54860000.5,53279420.2,2620486648.53,2260035775.54,0.14052059278231174,0.0,0.729013899921462,0.14958672290380848,0.020641455282572153,0.023975393910248617,国有,国企,海南省政府国有资产监督管理委员会,False,证监会2001版,F1101,公路管理及养护业,正常上市
000886,2010,2956823731.51,521347583.3,521347583.3,0.0,0.0,2435476148.21,910960099.57,118941100.58,118142989.3,2695030086.99,2316322861.6,0.17632014304544172,0.0,1.0,0.30808738778107275,0.04208923457668865,0.05006150316309606,国有,国企,海南省政府国有资产监督管理委员会,False,证监会2001版,F1101,公路管理及养护业,正常上市
000886,2011,2982275933.68,466666354.72,466666354.72,0.0,0.0,2515609578.96,939681800.09,156361472.89,156556473.96,2956823731.51,2435476148.21,0.15647993850929612,0.0,1.0,0.31508881840134534,0.052654941558384426,0.06316249869475596,国有,国企,海南省政府国有资产监督管理委员会,False,证监会2001版,F1101,公路管理及养护业,正常上市
000886,2012,2983819095.74,373844685.2,373844685.2,0.0,0.0,2609974410.54,1212417714.71,91842535.42,92008168.48,2982275933.68,2515609578.96,0.12529066716334722,0.0,1.0,0.40633083836783856,0.03078815706659254,0.03583690584649232,国有,国企,海南省交通运输厅,True,证监会2012版,K70,房地产业,正常上市
000886,2013,3211678468.23,466460692.76,464687680.88,0.0,0.0,2745217775.47,525653871.53,131517152.85,132040603.25,2983819095.74,2609974410.54,0.14523891397418523,0.0,0.9961990111760345,0.16366951945214336,0.04245571933232281,0.04911762203178357,国有,国企,海南省交通运输厅,True,证监会2012版,K70,房地产业,正常上市
000886,2014,3251368179.83,515065507.51,510565123.6,0.0,0.0,2736302672.32,603088248.05,39747703.36,39739022.21,3211678468.23,2745217775.47,0.158415005321523,0.0,0.9912625018674686,0.18548752853991848,0.012299989625459687,0.014502437321391438,国有,国企,海南省交通运输厅,True,证监会2012版,K70,房地产业,正常上市
000886,2015,3101463838.97,599502599.11,535204151.9,0.0,0.0,2501961239.86,702328473.35,-235582521.14,-235549853.9,3251368179.83,2736302672.32,0.1932966593313871,0.0,0.8927470084275612,0.22645064067013085,-0.07416614210570602,-0.08994679347568724,国有,国企,海南省交通运输厅,True,证监会2012版,K70,房地产业,正常上市
000897,2005,3769098637.28,2654477857.86,1804866243.19,986740000.0,847000000.0,1114620779.42,433677748.87,43287268.09,19390555.8,3178928590.17,966584567.86,0.7042739162102759,0.6908100568894304,0.679932679734257,0.11506139547012942,0.0124603046801493,0.04159826722199579,国有,国企,天津泰达投资控股有限公司,False,证监会2001版,K01,公共设施服务业,正常上市
000897,2006,5284332827.11,3034110163.92,2365184049.25,1087220000.0,668314500.0,2250222663.19,1124978717.62,65390310.16,45077700.43,3769098637.28,1114620779.42,0.5741709054271198,0.5785994592008782,0.7795313688261856,0.21288945159709982,0.014445420041494919,0.038866777177174607,国有,国企,天津泰达投资控股有限公司,False,证监会2001版,K01,公共设施服务业,正常上市
000897,2007,6725954265.57,3908697023.85,2420389173.24,1553000000.0,1453282100.0,2817257241.72,605351128.86,88645546.72,74313484.32,5284332827.11,2250222663.19,0.5811364260768954,0.7691264075103124,0.6192317180050854,0.09000226658673224,0.01476160328823904,0.03498604765422326,国有,国企,天津泰达投资控股有限公司,False,证监会2001版,K01,公共设施服务业,正常上市
000897,2008,7141785814.45,4365021927.58,2060658595.48,1162000000.0,2280539200.0,2776763886.87,408363044.08,70072465.85,60358968.71,6725954265.57,2817257241.72,0.6111947405014914,0.7886648124832145,0.47208436284361216,0.0571794022797152,0.010105823363528015,0.02505262823977288,国有,国企,天津市人民政府,False,证监会2001版,K01,公共设施服务业,正常上市
000897,2009,8361173738.17,5697530985.54,3863587450.7,1429414933.34,1113909200.0,2663642752.63,1549202999.44,17965401.19,16537859.77,7141785814.45,2776763886.87,0.6814271732603671,0.4463905751096059,0.6781160928313612,0.18528534963550133,0.0023176737485538818,0.006604433227311519,国有,国企,天津市人民政府,False,证监会2001版,K01,公共设施服务业,正常上市
000897,2010,7641125744.34,5225671646.94,3590541686.57,2374000000.0,780319200.0,2415454097.4,1464163761.03,96195655.89,95784614.69,8361173738.17,2663642752.63,0.6838876654805482,0.6036198623093889,0.6870966890299195,0.19161623692877294,0.012022729107793385,0.037879039809777124,国有,国企,天津市人民政府,True,证监会2001版,J01,房地产开发与经营业,正常上市
000897,2011,8848936566.34,6546527802.11,4238568627.66,2573000000.0,1006374200.0,2302408764.23,1753294413.27,-301108741.79,-297997573.96,7641125744.34,2415454097.4,0.7398095525977652,0.5467591841351896,0.6474529331860279,0.19813617151910248,-0.036520024741808654,-0.12764624603181804,国有,国企,天津市人民政府,True,证监会2001版,J01,房地产开发与经营业,正常上市
000897,2012,10588157595.15,7822127046.63,6132439929.99,2659500000.0,570000000.0,2766030548.52,3103639442.85,61941744.57,69073140.94,8848936566.34,2302408764.23,0.7387618645016197,0.4128672394027866,0.7839862346178631,0.29312365394633433,0.006373560168548538,0.02444213721339481,国有,国企,天津市国资委,True,证监会2012版,K70,房地产业,正常上市
000897,2013,8134065641.08,5894620956.15,4973382674.0,1379500000.0,309780000.0,2239444684.93,1134345412.95,-511592363.59,-537904406.04,10588157595.15,2766030548.52,0.7246832293041763,0.2865799196532787,0.8437154332733049,0.13945614198404568,-0.05465081332862227,-0.20441310354357198,国有,国企,天津市国有资产监督管理委员会,True,证监会2012版,K70,房地产业,正常上市
000897,2014,6901306924.8,5019706079.16,4655628624.06,1858000000.0,350000000.0,1881600845.64,1108876272.38,196855496.13,10185359.5,8134065641.08,2239444684.93,0.7273558666289097,0.4398663916134085,0.9274703639299685,0.1606762725470488,0.02618564924380087,0.0955366761515843,国有,国企,天津市国有资产监督管理委员会,True,证监会2012版,K70,房地产业,正常上市
000897,2015,6290936566.27,4725905877.82,3626497423.58,1285000000.0,1092000000.0,1565030688.45,739571994.96,-186628282.51,-187078904.95,6901306924.8,1881600845.64,0.7512245319971597,0.5029723531219542,0.7673655627802848,0.1175615088737899,-0.028293638248313276,-0.10829604537885404,国有,国企,天津市国有资产监督管理委员会,True,证监会2012版,K70,房地产业,正常上市
000909,2005,1395446605.72,819569606.43,778914352.54,168555883.99,40070400.0,575876999.29,178980583.95,4996150.54,4198648.98,1216323774.87,544847327.14,0.587317066142514,0.25455590636012554,0.9503943855762392,0.12826043161834377,0.0038258727314851985,0.008915931281539927,国有,国企,杭州市人民政府,False,证监会2001版,G8101,通信设备制造业,正常上市
000909,2006,1772259834.11,1193292057.13,1127112096.02,254000000.0,60000000.0,578967776.98,247232708.67,3129896.63,2090180.22,1395446605.72,575876999.29,0.6733166515220675,0.26313759328559083,0.9445400137254159,0.1395013890805443,0.0019761279584783564,0.005420462895644146,国有,国企,杭州市人民政府,False,证监会2001版,G8101,通信设备制造业,正常上市
000909,2007,2094557380.46,1485695249.77,1117624530.78,180000000.0,354609200.0,608862130.69,252156615.45,2712681.0,2397787.28,1772259834.11,578967776.98,0.7093122698045714,0.3598377258611836,0.7522569187409188,0.12038658754463062,0.0014030562343514638,0.004567456977609003,国有,国企,杭州市人民政府,False,证监会2001版,G8101,通信设备制造业,正常上市
000909,2008,2351237005.12,1749361897.34,1647660522.94,144543250.0,100000000.0,601875107.78,151981668.51,-16336989.28,-18593463.25,2094557380.46,608862130.69,0.7440176781543628,0.1397899716301363,0.9418637306810888,0.06463902540622157,-0.007349412889174212,-0.026986845305336335,国有,国企,杭州市人民政府,False,证监会2001版,G8101,通信设备制造业,正常上市
000909,2009,2030774801.88,1440345294.85,1439198720.45,185000000.0,0.0,590429507.03,311472563.49,25180342.92,20261409.22,2351237005.12,601875107.78,0.7092589949001696,0.12844142349856896,0.9992039586590108,0.1533762203478459,0.01149259473914512,0.04223810359739759,国有,国企,杭州市人民政府,False,证监会2001版,G8101,通信设备制造业,正常上市
000909,2010,2668510951.95,2049338910.07,1897337469.0,473200000.0,150000000.0,619172041.88,482814025.46,27656698.06,22882597.13,2030774801.88,590429507.03,0.7679709572008526,0.30409806642411974,0.9258290367088146,0.18093012700854244,0.011770596430514703,0.04572860887111478,国有,国企,杭州市人民政府,False,证监会2001版,G8101,通信设备制造业,正常上市
000909,2011,3209196507.04,2525421121.78,1697759147.38,259700000.0,827000000.0,683775385.26,733616789.28,42862834.68,47696375.13,2668510951.95,619172041.88,0.7869325285129768,0.43030447105552755,0.6722677389279786,0.22859827613256717,0.014584881938770517,0.06579365181922178,国有,国企,杭州市人民政府,False,证监会2001版,G8101,通信设备制造业,正常上市
000909,2012,3578251223.42,2876572130.05,2641535155.65,278700000.0,235000000.0,701679093.37,617609905.15,41679213.78,42508952.13,3209196507.04,683775385.26,0.8039044635051216,0.17858060802079415,0.9182926887371621,0.17260104631773293,0.01228126254083884,0.06016684694139397,国有,国企,杭州市人民政府,True,证监会2012版,K70,房地产业,正常上市
000909,2013,4696695510.51,3847825089.76,2699788115.36,470855000.0,1148000000.0,848870420.75,955882033.58,35100067.27,32566231.87,3578251223.42,701679093.37,0.8192621985286367,0.4207194875640703,0.701640031025525,0.20352224908789193,0.008483454552300184,0.04527435847789837,国有,国企,杭州市人民政府,False,证监会2012版,S90,综合,正常上市
000909,2014,5113241508.19,4223059841.27,3255402455.0,110000000.0,967136545.58,890181666.92,305149698.03,42319016.68,35120092.48,4696695510.51,848870420.75,0.8259065867524202,0.2550606872897337,0.7708634443647864,0.059678326858067336,0.008627785601340804,0.048669061703263246,国有,国企,杭州市人民政府,False,证监会2012版,S90,综合,正常上市
000909,2015,4395222506.19,3508006996.79,2727222710.88,185000000.0,283985347.23,887215509.4,134185078.18,23329254.38,28180309.49,5113241508.19,890181666.92,0.7981409341277962,0.133689969164584,0.7774279564936855,0.03052975770646897,0.004907050043985718,0.026251031216671446,国有,国企,杭州市人民政府,False,证监会2012版,S90,综合,正常上市
000918,2005,1561478182.39,1495486803.84,1346722947.92,831749201.49,73388926.13,65991378.55,66471781.07,-256021068.25,-256754745.78,1700342409.5,327122732.5,0.957737879853695,0.6052464824803894,0.900524795312125,0.04256977895666671,-0.1569804721244055,-1.3025279991408742,国有,国企,湖南省国资委,False,证监会2001版,A09,农、林、牧、渔服务业,正常上市
000918,2006,1602528451.64,1478278541.96,1341912447.07,749295100.56,50000000.0,124249909.68,68976658.99,10510173.78,9399088.16,1561478182.39,65991378.55,0.9224663315319956,0.5406931629408902,0.9077534503685639,0.04304239273843186,0.006643585172647489,0.11049308883246516,国有,国企,湖南省国资委,False,证监会2001版,A09,农、林、牧、渔服务业,*ST
000918,2007,1291174393.8,1373312395.01,1291291119.05,674364299.36,0.0,-82138001.21,72229558.15,-198956801.29,-187270584.39,1602528451.64,124249909.68,1.0636149551945986,0.49104945226616814,0.9402748593415245,0.055940977839116134,-0.13751018118776306,-9.448956768688566,国有,国企,湖南省国有资产管理委员会,False,证监会2001版,A09,农、林、牧、渔服务业,*ST
000918,2008,1325688219.89,1802184063.85,1748921045.96,668345860.17,0.0,-476495843.96,58123605.21,-391679704.66,-391716448.29,1291174393.8,-82138001.21,1.3594328114340017,0.37085327385606487,0.9704452952623417,0.04384409873901033,-0.2993506060355978,1.402277030102988,国有,国企,湖南省国有资产管理委员会,False,证监会2001版,A09,农、林、牧、渔服务业,ST
000918,2009,14634768713.72,11087671502.07,8624820242.36,159000000.0,2405830119.2,3547097211.65,2513527555.12,1340163328.78,1196884489.49,1325688219.89,-476495843.96,0.7576253317673125,0.2313227009585522,0.7778747991180835,0.171750411932618,0.16793545878474753,0.8728995843496279,国有,国企,浙江省国有资产监督管理委员会,True,证监会2001版,J01,房地产开发与经营业,正常上市
000918,2010,20806856438.36,14573287025.67,10348176910.72,2698400000.0,3758830119.2,6233569412.69,2593049905.34,1185996708.54,1115203876.66,14634768713.72,3547097211.65,0.7004079193242451,0.44308673175968905,0.7100784395786816,0.1246247799624067,0.06692676780203438,0.24251858366965473,国有,国企,浙江省国有资产监督管理委员会,True,证监会2001版,J01,房地产开发与经营业,正常上市
000918,2011,25301485785.4,19480457044.45,11574427497.51,3776975000.0,7423560880.0,5821028740.95,2085261817.27,186785165.65,206084974.95,20806856438.36,6233569412.69,0.7699333236663527,0.5749626846250531,0.5941558491723152,0.08241657564921669,0.008102011768002714,0.030989861838504915,国有,国企,浙江省国有资产监督管理委员会,True,证监会2001版,J01,房地产开发与经营业,正常上市
000918,2012,28318425485.99,22469867377.96,16641547557.02,2518100000.0,5346025880.0,5848558108.03,3165127092.43,30109367.08,111547179.89,25301485785.4,5821028740.95,0.7934716352459827,0.3499854159225559,0.7406161895438325,0.11176917636172554,0.0011230666506554057,0.005160314151589996,国有,国企,浙江省国有资产监督管理委员会,True,证监会2012版,K70,房地产业,正常上市
000918,2013,32191246957.93,26232537213.93,17935566572.99,4481919520.98,7716480000.0,5958709744.0,3292077689.05,26079858.95,57158292.0,28318425485.99,5848558108.03,0.814896585031723,0.46501028175430953,0.6837145193666535,0.10226623694796107,0.0008620062841745063,0.004417594193142005,国有,国企,浙江省国有资产监督管理委员会,True,证监会2012版,K70,房地产业,正常上市
000918,2014,36723089602.97,30759181797.61,21506547006.64,5795726790.8,8589882681.13,5963907805.36,1592549171.75,-74254621.03,38090871.38,32191246957.93,5958709744.0,0.837597874529662,0.46768504983600595,0.6991911276492753,0.04336642665330647,-0.0021549832657644687,-0.012456093760046165,国有,国企,浙江省国有资产监督管理委员会,True,证监会2012版,K70,房地产业,正常上市
000918,2015,34684309995.71,31394129796.77,23677434940.67,5788923901.28,7130320000.0,3290180198.94,1446009987.76,-2683584140.16,-2343442826.94,36723089602.97,5963907805.36,0.9051392344449998,0.41151782148168353,0.754199434542252,0.04169060846068014,-0.07516263455166088,-0.5799780894482627,国有,国企,浙江省国有资产监督管理委员会,True,证监会2012版,K70,房地产业,正常上市
000926,2005,3464904734.45,2328958367.01,994942743.6,280000000.0,1297000000.0,1135946367.44,213021633.13,165352632.19,163381045.03,3081988184.12,924671569.78,0.6721565369039465,0.6771267457325176,0.4272050362486054,0.06147979510432742,0.050513315017260745,0.16048839447945296,其他,其他,湖北省汉川市钢丝绳厂,False,证监会2001版,C69,金属制品业,正常上市
000926,2006,4690121917.6,2878347337.81,1461585620.25,404990000.0,1389000000.0,1811774579.79,493469560.33,267881510.35,258192689.5,3464904734.45,1135946367.44,0.6137041612945724,0.6232708528377132,0.5077863957037416,0.1052146551837431,0.06569727403224618,0.18175499997836,其他,其他,湖北省汉川市钢丝绳厂,False,证监会2001版,C69,金属制品业,正常上市
000926,2007,5866184044.98,3703720157.85,1863842746.14,636107650.0,1821369600.0,2162463887.13,447387742.17,330150070.02,317489256.27,4690121917.6,1811774579.79,0.6313678755134638,0.6635159097512808,0.5032353057748176,0.0762655482234406,0.06255030333344186,0.16614507295827338,其他,其他,湖北省汉川市钢丝绳厂,True,证监会2001版,J01,房地产开发与经营业,正常上市
000926,2008,7216118395.59,3630243071.52,1745045445.67,289000000.0,1874963720.0,3585875324.07,1000564580.98,330559095.81,330369143.34,5866184044.98,2162463887.13,0.5030742114401223,0.5960933406847432,0.48069658457865777,0.13865689642668236,0.050535308644889795,0.11501029555317205,其他,其他,湖北省汉川市钢丝绳厂,True,证监会2001版,J01,房地产开发与经营业,正常上市
000926,2009,9445297605.6,5444072440.46,2855599490.46,430000000.0,2572538900.0,4001225165.14,567847788.2,334742668.17,336377731.69,7216118395.59,3585875324.07,0.5763791325359909,0.5515244208885469,0.5245337055468561,0.060119629037769025,0.04018177904520142,0.08823994585179266,其他,其他,湖北省汉川市钢丝绳厂,True,证监会2001版,J01,房地产开发与经营业,正常上市
000926,2010,15528053351.97,10162850168.57,4706350168.57,690660000.0,5456500000.0,5365203183.4,1964265308.42,514790773.26,500795839.68,9445297605.6,4001225165.14,0.6544832077924737,0.604865751047962,0.463093530899927,0.12649784643937995,0.04122720848592848,0.10992253484547149,其他,其他,湖北省汉川市钢丝绳厂,True,证监会2001版,J01,房地产开发与经营业,正常上市
000926,2011,21910226771.67,14430017925.2,9874702548.48,730349485.41,4149715151.0,7480208846.47,1377261225.13,515005663.07,522521673.69,15528053351.97,5365203183.4,0.6585973790037658,0.33818839738845036,0.6843167208569587,0.06285928664648983,0.027512250101724367,0.08018515278021986,其他,其他,湖北省汉川市钢丝绳厂,True,证监会2001版,J01,房地产开发与经营业,正常上市
000926,2012,25497463988.1,18078363366.26,13317145697.62,303100000.0,3286200000.1,7419100621.84,1470616396.74,612847123.0,611170359.96,21910226771.67,7480208846.47,0.7090259397835569,0.19854120239660525,0.736634474472067,0.05767696730256609,0.025854333471144728,0.0822651713226699,其他,其他,湖北省汉川市钢丝绳厂,True,证监会2012版,K70,房地产业,正常上市
000926,2013,27110988725.25,18209509754.29,11283685157.54,639093860.0,5305000000.0,8901478970.96,2430105104.04,681280084.16,671794600.02,25497463988.1,7419100621.84,0.6716652770885649,0.32642800054513404,0.6196589205199038,0.08963542896451819,0.02590002362822267,0.08348724140416607,其他,其他,湖北省汉川市钢丝绳厂,True,证监会2012版,K70,房地产业,正常上市
000926,2014,28778766698.33,20738368184.33,12594828421.26,971848600.0,5097131568.42,8040398514.0,1224466750.45,714239919.6,704869572.03,27110988725.25,8901478970.96,0.7206135134878252,0.29264501982396796,0.6073201280502246,0.04254757555406481,0.025558885136887206,0.08431650154878763,其他,其他,湖北省汉川市钢丝绳厂,True,证监会2012版,K70,房地产业,正常上市
000926,2015,39395203061.17,28603077295.42,14784108417.26,1197847840.0,5980117233.65,10792125765.75,6117094002.64,611617258.1,468870301.25,28778766698.33,8040398514.0,0.7260548257869677,0.25095079803876047,0.516871253556598,0.15527509765952527,0.017942838307865198,0.06495329558742713,其他,其他,湖北省汉川市钢丝绳厂,True,证监会2012版,K70,房地产业,正常上市
000931,2005,4846459901.82,4180761185.57,3735231014.24,498430000.0,125000000.0,665698716.25,520841577.2,-530511012.82,-531275493.34,5719055863.25,1189478834.63,0.8626422729712447,0.14911877821478633,0.8934332406099256,0.10746845898888123,-0.10042311698097876,-0.5719247870031126,国有,国企,北京市人民政府国有资产监督管理委员会,False,证监会2001版,K01,公共设施服务业,正常上市
000931,2006,4450592154.28,3791582677.12,3448558585.79,388835000.0,73312286.0,659009477.16,208708167.26,2496743.9,4191424.49,4846459901.82,665698716.25,0.8519276864032014,0.12188769845077903,0.909530103774355,0.046894471572573024,0.0005371044251305083,0.003769500199999522,其他,外资,黄俊烈,False,证监会2001版,K01,公共设施服务业,正常上市
000931,2007,4708229088.47,3796908580.84,3679495611.69,774890000.0,0.0,911320507.63,164972522.36,95712285.79,89018199.43,4450592154.28,659009477.16,0.8064409164240253,0.20408445015248933,0.9690766931438669,0.03503918761387415,0.020900568589165242,0.12190085742112299,其他,外资,黄俊烈,False,证监会2001版,K01,公共设施服务业,正常上市
000931,2008,4015765370.2,3217136534.73,3128199619.11,599861277.17,0.0,798628835.47,82022321.0,65912666.62,60527677.81,4708229088.47,911320507.63,0.801126619250112,0.1864581346468541,0.972355256091901,0.02042507802090912,0.015110662193164343,0.07709312195237979,其他,外资,黄光裕,False,证监会2001版,K01,公共设施服务业,正常上市
000931,2009,3808731374.52,2949773730.0,2873800541.81,481200000.0,2332277.27,858957644.52,157896771.82,56048821.95,49919158.91,4015765370.2,798628835.47,0.7744767062685666,0.16392181961360133,0.9742444013866786,0.04145652614839478,0.014326498886416425,0.06762702595201928,其他,外资,黄光裕,False,证监会2001版,K01,公共设施服务业,正常上市
000931,2010,4010685266.11,3135835806.63,3074742612.66,373200000.0,0.0,874849459.48,231039783.66,16645282.08,10461780.47,3808731374.52,858957644.52,0.7818703285265451,0.11901133318618112,0.9805177318784253,0.05760606188978962,0.004257422988183147,0.01920084655507329,其他,外资,黄光裕,True,证监会2001版,J01,房地产开发与经营业,正常上市
000931,2011,4332619462.54,3540810098.25,3373331195.54,299080000.0,0.0,791809364.29,146595632.0,55931886.31,41637638.63,4010685266.11,874849459.48,0.8172446550785235,0.08446654627081426,0.9527003996083342,0.033835335244064624,0.013407609605324854,0.06711857941444967,其他,外资,黄俊烈,True,证监会2001版,J01,房地产开发与经营业,正常上市
000931,2012,4196138424.06,3366367524.39,3087307838.87,315000000.0,0.0,829770899.67,229425340.47,31430774.62,29888445.64,4332619462.54,791809364.29,0.8022536876018618,0.09357267075497924,0.917103618812219,0.05467535083078076,0.007370539775641331,0.038765610705256234,其他,外资,黄俊烈,False,证监会2012版,E49,建筑安装业,正常上市
000931,2013,4345437854.03,3710053030.0,3686599544.99,352300000.0,0.0,635384824.03,537452316.5,-210528884.97,-196930068.99,4196138424.06,829770899.67,0.8537811734113887,0.09495821141942005,0.9936783962869662,0.12368197050650757,-0.049295089832547115,-0.2873808996061461,其他,外资,黄俊烈,False,证监会2012版,E49,建筑安装业,正常上市
000931,2014,2514627841.49,1822406206.0,1641712298.98,326000000.0,140000000.0,692221635.49,133646169.14,13697004.84,13750904.01,4345437854.03,635384824.03,0.7247220347803691,0.2557058895353652,0.9008487205404084,0.053147494406492475,0.003993257629863486,0.020634134071556405,其他,外资,黄俊烈,False,证监会2012版,E49,建筑安装业,正常上市
000931,2015,2756854625.67,1898555385.16,1766618725.76,351400000.0,30000000.0,858299240.51,216928850.15,154482020.52,152389929.51,2514627841.49,692221635.49,0.6886672106254399,0.2008895831963615,0.9305068156392597,0.07868708350817724,0.05861046545535677,0.199264676678884,其他,外资,黄俊烈,False,证监会2012版,S90,综合,正常上市
000965,2005,1034669092.71,472435331.92,458275979.55,208600000.0,0.0,562233760.79,18483968.68,-81475458.69,-80887040.9,1159501676.68,644883926.93,0.45660524243804346,0.4415419125242804,0.9700290147384707,0.017864618562816913,-0.0742653760834221,-0.13499174027329613,国有,国企,天津市国有资产管理委员会,True,证监会2001版,J01,房地产开发与经营业,正常上市
000965,2006,822208492.57,325795974.49,311636622.12,96650000.0,0.0,496412518.08,10006919.74,-68657858.87,-68570384.01,1034669092.71,562233760.79,0.39624496394053343,0.2966580546346394,0.9565392040458296,0.012170781292614835,-0.07394979552154703,-0.12970878043095843,国有,国企,天津市国有资产管理委员会,True,证监会2001版,J01,房地产开发与经营业,正常上市
000965,2007,1003813988.84,369290966.06,369290966.06,30000000.0,0.0,634523022.78,95839753.94,105906121.61,105602091.9,822208492.57,496412518.08,0.3678878459212846,0.0812367557215732,1.0,0.09547561102505824,0.11599651448784185,0.18728940383192055,国有,国企,天津港保税区管委会,True,证监会2001版,J01,房地产开发与经营业,*ST
000965,2008,3310356501.89,1571692839.37,1451692839.37,13000000.0,120000000.0,1738663662.52,97002003.64,114537274.49,114665225.42,1003813988.84,634523022.78,0.474780537525993,0.08462213268930585,0.9236492035885963,0.02930258526071682,0.053098167880064086,0.09652613947269055,国有,国企,天津港保税区国有资产管理局,True,证监会2001版,J01,房地产开发与经营业,正常上市
000965,2009,3906608383.74,2010749260.9,1960749260.9,0.0,50000000.0,1895859122.84,536061348.6,157195460.32,157894525.96,3310356501.89,1738663662.52,0.5147045885810047,0.02486635254443425,0.9751336474555657,0.13721911590401098,0.043562761579455225,0.08650129307384698,国有,国企,天津港保税区国有资产管理局,True,证监会2001版,J01,房地产开发与经营业,正常上市
000965,2010,4720526153.74,2608654520.15,2313654520.15,0.0,295000000.0,2111871633.59,1106094481.27,216795860.75,214163229.08,3906608383.74,1895859122.84,0.5526194401196577,0.1130851163775559,0.8869148836224441,0.23431593115815247,0.05025906569745612,0.10818883499205774,国有,国企,天津港保税区国有资产管理局,True,证监会2001版,J01,房地产开发与经营业,正常上市
000965,2011,4706142327.98,2366816280.95,2106265530.64,0.0,258403621.0,2339326047.03,846632398.99,248665651.24,251941966.29,4720526153.74,2111871633.59,0.5029206760021429,0.10917772667014154,0.8899150929427361,0.17989944629519886,0.052757907360847005,0.1117297721117449,国有,国企,天津港保税区国有资产管理局,True,证监会2001版,J01,房地产开发与经营业,正常上市
000965,2012,4617733711.42,2165453527.01,2163753527.01,0.0,0.0,2452280184.41,570290957.22,154668037.38,158933224.95,4706142327.98,2339326047.03,0.4689429192624668,0.0,0.9992149450547908,0.12350018274324219,0.03317676827242612,0.06455790810402978,国有,国企,天津港保税区国有资产管理局,True,证监会2012版,K70,房地产业,正常上市
000965,2013,5291349995.53,2686350980.09,2486350980.09,0.0,200000000.0,2604999015.44,974818677.24,167257911.77,167257911.77,4617733711.42,2452280184.41,0.5076872598409409,0.07445043536094433,0.9255495646390557,0.18422872765239542,0.03375850214136131,0.06614541343691718,国有,国企,天津港保税区国有资产管理局,True,证监会2012版,K70,房地产业,正常上市
000965,2014,5132947572.44,880821651.54,879962002.95,0.0,0.0,4252125920.9,1503944905.19,265162075.31,265162075.31,5291349995.53,2604999015.44,0.17160152896735945,0.0,0.999024037853183,0.2929982985341665,0.05087384998002066,0.07733914075409296,国有,国企,天津港保税区国有资产管理局,True,证监会2012版,K70,房地产业,正常上市
000965,2015,6615762147.04,2208036878.65,1402222627.49,0.0,0.0,4407725268.39,2425710868.57,186876400.01,186876400.01,5132947572.44,4252125920.9,0.33375396962206566,0.0,0.6350539889294434,0.3666562997061953,0.03181224227544728,0.04315926357744295,国有,国企,天津港保税区国有资产管理局,True,证监会2012版,K70,房地产业,正常上市
000979,2005,743698988.39,694337415.09,693717415.09,399322359.98,0.0,49361573.3,36255138.32,-126144776.66,-125025605.39,832680643.55,168305592.93,0.9336269457527964,0.5751128360672308,0.9991070623784264,0.04874974806472051,-0.1600436520544961,-1.1590611376518585,民营,民营,吴彦,False,证监会2001版,C43,化学原料及化学制品制造业,正常上市
000979,2006,761500314.74,696525094.97,695615094.97,499319883.98,0.0,64975219.77,24379912.08,12085215.31,7386046.57,743698988.39,49361573.3,0.9146747302498692,0.7168727840330091,0.9986935144094999,0.03201562968273239,0.01605796027791043,0.21139678638006076,民营,民营,吴彦,False,证监会2001版,C43,化学原料及化学制品制造业,*ST
000979,2007,469044239.94,693641183.73,693031183.73,474637333.98,0.0,-224596943.79,19765414.09,-231982676.58,-238356106.18,761500314.74,64975219.77,1.4788395734669515,0.6842692520471113,0.9991205827821241,0.04213976509450022,-0.37704067796281704,2.9066554443545978,国有,国企,宿州经济技术开发区管委会,False,证监会2001版,C43,化学原料及化学制品制造业,ST
000979,2008,411568293.95,737048180.35,736438180.35,472677018.56,0.0,-325479886.4,18954912.98,-100882942.61,-101208261.51,469044239.94,-224596943.79,1.7908283781440693,0.6413108819229988,0.999172374321974,0.046055328504733574,-0.22911993351800644,0.36679582586728626,民营,民营,王永红,False,证监会2001版,C43,化学原料及化学制品制造业,ST
000979,2009,297298142.25,516153892.87,515543892.87,101359506.98,0.0,-218855750.62,15946531.58,127057574.08,126778875.48,411568293.95,-325479886.4,1.7361490689570565,0.19637458591352464,0.998818181925146,0.05363818105055784,0.3584809989343377,-0.46683540609461016,民营,民营,王永红,False,证监会2001版,C43,化学原料及化学制品制造业,*ST
000979,2010,5507766397.52,3740900825.04,2871694112.46,500000000.0,869206712.58,1766865572.48,915743474.82,911697170.79,920978208.23,297298142.25,-218855750.62,0.679204700243719,0.3660098935034878,0.7676477529792023,0.1662640367667617,0.3141040601853918,1.1778958478371369,民营,民营,王永红,True,证监会2001版,J01,房地产开发与经营业,正常上市
000979,2011,6073816361.42,3739140950.69,3209140950.69,868000000.0,530000000.0,2334675410.73,242829726.06,537809838.25,559358347.16,5507766397.52,1766865572.48,0.6156163980262032,0.3738826694249172,0.8582562125928426,0.0399797609296223,0.09287328846911816,0.2622476968785973,民营,民营,王永红,True,证监会2001版,J01,房地产开发与经营业,正常上市
000979,2012,8974084058.49,6109499460.51,3319801900.51,500000000.0,2789697560.0,2864584597.98,316197485.58,1033820926.06,1088883142.94,6073816361.42,2334675410.73,0.6807936521087143,0.5384561503382779,0.5433836146427737,0.0352345134633388,0.13740400949120357,0.39768002536057184,民营,民营,王永红,True,证监会2012版,K70,房地产业,正常上市
000979,2013,11609404428.17,8995513399.29,3947142977.34,1336000000.0,5048370421.95,2613891028.88,1379266181.03,210719624.08,218657888.91,8974084058.49,2864584597.98,0.7748471039102194,0.7097282988266024,0.43879018374332485,0.11880593785528194,0.020474626953207255,0.07692637092218822,民营,民营,王永红,True,证监会2012版,K70,房地产业,正常上市
000979,2014,17819895394.63,12152270289.24,6789270289.24,499000000.0,5363000000.0,5667625105.39,1989747397.44,294373148.89,291384949.71,11609404428.17,2613891028.88,0.681949586129561,0.48237900083496316,0.5586832853159489,0.11165875856036772,0.020005446997548876,0.07109160789335307,民营,民营,王永红,True,证监会2012版,K70,房地产业,正常上市
000979,2015,20054588053.98,14170191297.2,5322495681.99,1701006000.0,7904203399.76,5884396756.78,2442823246.13,292499999.55,286986303.83,17819895394.63,5667625105.39,0.7065810207149984,0.6778461347701049,0.3756121262132653,0.1218086973192751,0.01544575518485308,0.05064048580237972,民营,民营,王永红,True,证监会2012版,K70,房地产业,正常上市
000981,2005,1130543140.64,550243828.01,550243828.01,224483354.94,0.0,580299312.63,439545860.72,-6674447.68,13434689.27,1061329907.78,596312965.67,0.4867075021113366,0.40797069137851427,1.0,0.3887917629319066,-0.006090177243441393,-0.011345194679836955,国有,国企,深圳兰光电子集团有限公司,False,证监会2001版,G81,通信及相关设备制造业,正常上市
000981,2006,719886327.82,304751474.81,248751474.81,119688173.31,0.0,415134853.01,22701036.96,-164142444.87,-164274557.08,1130543140.64,580299312.63,0.42333277217927645,0.39274025953318403,0.816243711257136,0.03153419655675994,-0.17741010686195544,-0.3297906592636731,国有,国企,甘肃省国有资产监督管理委员会,False,证监会2001版,G81,通信及相关设备制造业,正常上市
000981,2007,621297074.9,291036077.27,235036077.27,119688173.31,0.0,330260997.63,14410115.77,-108538436.88,-108584589.07,719886327.82,415134853.01,0.4684330395678159,0.4112485793263455,0.8075839925919299,0.02319359989312578,-0.16185472719074448,-0.29122361437029315,国有,国企,甘肃省国有资产管理委员会,False,证监会2001版,G81,通信及相关设备制造业,ST
000981,2008,448356676.32,344985414.9,288985414.9,158688173.31,0.0,103371261.42,5736743.92,-228907486.35,-226141124.79,621297074.9,330260997.63,0.7694441348159559,0.4599851659120097,0.8376742969953307,0.012795045157096278,-0.42800296093744017,-1.055767792052601,国有,国企,甘肃省国有资产监督管理委员会,False,证监会2001版,G81,通信及相关设备制造业,*ST
000981,2009,447621221.19,82169671.66,40830457.89,0.0,0.0,365451549.53,315528326.56,51211327.34,52774956.0,448356676.32,103371261.42,0.18356965168351963,0.0,0.49690423565214475,0.7049002853822897,0.11431381841521025,0.21846772871920558,国有,国企,甘肃省人民政府国有资产监督管理委员会,False,证监会2001版,G81,通信及相关设备制造业,暂停上市
000981,2010,381470648.58,15896217.29,15896217.29,0.0,0.0,365574431.29,281921017.09,5271833.9,5701965.16,447621221.19,365451549.53,0.041670879133617875,0.0,1.0,0.7390372447773711,0.012717128444312137,0.014423109542800452,国有,国企,甘肃省人民政府国有资产监督管理委员会,False,证监会2001版,G81,通信及相关设备制造业,暂停上市
000981,2011,16254956447.22,12962110521.49,9846346624.04,80000000.0,2761315420.0,3292845925.73,642291896.97,644663481.0,629254373.89,381470648.58,365574431.29,0.7974251154457471,0.21920160419010143,0.7596252637805899,0.0395136030696562,0.07750023214572924,0.3524272325693686,其他,外资,熊续强,True,证监会2001版,J01,房地产开发与经营业,正常上市
000981,2012,18770674750.27,14829008791.41,10834822847.09,683000000.0,3639030000.0,3941665958.86,928966610.7,723682848.87,717936361.52,16254956447.22,3292845925.73,0.7900093624070013,0.29145778121755667,0.7306505107317954,0.049490315242217794,0.04132304396112413,0.20006404313509898,其他,外资,熊续强,True,证监会2012版,K70,房地产业,正常上市
000981,2013,24013482003.04,19563923669.99,12496049373.61,587800000.0,6867783820.4,4449558333.05,3089610197.17,679905245.75,635937580.98,18770674750.27,3941665958.86,0.8147058251491098,0.38108837195252715,0.6387292030165842,0.12866148261126267,0.03178303827139933,0.1620515009723905,其他,外资,熊续强,True,证监会2012版,K70,房地产业,正常上市
000981,2014,26502315170.55,21507725346.5,14421888960.47,988220000.0,6977500000.0,4994589824.05,2198189309.75,602473043.1,611755223.85,24013482003.04,4449558333.05,0.811541376973733,0.37036552548762575,0.6705445940063999,0.08294329365581918,0.023852856999551697,0.12758652936783246,其他,外资,熊续强,True,证监会2012版,K70,房地产业,正常上市
000981,2015,24715980029.62,19292249989.99,12044874528.02,625000000.0,6944600000.0,5423730039.63,2276125495.4,435163489.86,527117066.56,26502315170.55,4994589824.05,0.7805577592662675,0.39236480990696115,0.6243374688939661,0.0920912499796592,0.01699250192374836,0.08353813197405321,其他,外资,熊续强,True,证监会2012版,K70,房地产业,正常上市
001979,2015,210899226412.99,148735931765.01,102893866689.22,2579995850.0,32199831280.42,62163294647.98,40643513774.07,8046573580.91,4850331780.69,,,0.7052464548814906,0.23383607926946084,0.6917889004237622,0.19271532885796602,,,国有,国企,国务院国有资产监督管理委员会,True,证监会2012版,K70,房地产业,正常上市
002016,2005,301418503.58,62077316.55,61477316.55,33000000.0,0.0,239341187.03,133996573.87,6152437.91,6197013.19,300368009.32,253167613.24,0.20595058303553668,0.5315951435081806,0.9903346337543967,0.44455324500154897,0.020447244257274882,0.024984073001851542,民营,民营,"周靖人,周曙光",False,证监会2001版,C73,专用设备制造业,正常上市
002016,2006,301100808.07,64593118.46,63593118.46,37500000.0,0.0,236507689.61,59119178.06,331013.92,433846.89,301418503.58,239341187.03,0.21452323185058797,0.5805572001175681,0.9845184746635315,0.19634347193866036,0.0010987661759538226,0.0013912564944455093,民营,民营,"周靖人,周曙光",False,证监会2001版,C73,专用设备制造业,正常上市
002016,2007,268288411.88,60012499.36,58712499.36,29800000.0,0.0,208275912.52,25352644.0,-28916727.13,-28895080.16,301100808.07,236507689.61,0.22368651310531587,0.49656322129223845,0.9783378460510097,0.09449772288838076,-0.10157103828744518,-0.13002604858417557,民营,民营,梁社增,False,证监会2001版,C73,专用设备制造业,正常上市
002016,2008,1456924294.45,604090026.25,463290026.25,42500000.0,140000000.0,852834268.2,36485766.05,119774779.16,84051129.63,268288411.88,208275912.52,0.41463377922327016,0.30210728876439547,0.7669221574902636,0.02504300751177579,0.13885218758305318,0.2257537084013814,民营,民营,梁社增,True,证监会2001版,J01,房地产开发与经营业,正常上市
002016,2009,1876217398.78,916299112.45,730999112.45,150000000.0,185000000.0,959918286.33,123534042.01,107084018.13,72469572.6,1456924294.45,852834268.2,0.4883757676726687,0.3656011398988232,0.7977734590350688,0.06584207250733702,0.06425410497699521,0.11814521277314002,民营,民营,梁社增,True,证监会2001版,J01,房地产开发与经营业,正常上市
002016,2010,1919966890.62,830442162.13,753642162.13,0.0,76800000.0,1089524728.49,119202913.9,129606442.16,94125715.34,1876217398.78,959918286.33,0.43252941818274365,0.09248085357686535,0.9075191464231347,0.06208592162831868,0.06828248171296486,0.1264796739629115,民营,民营,梁社增,True,证监会2001版,J01,房地产开发与经营业,正常上市
002016,2011,2453795358.73,1243227487.66,798427487.66,143000000.0,444800000.0,1210567871.07,127488322.6,118084478.32,84873981.16,1919966890.62,1089524728.49,0.5066549185680471,0.47280164397455193,0.6422215528413053,0.05195556432464016,0.05399675226404861,0.10267802117409461,民营,民营,梁社增,True,证监会2001版,J01,房地产开发与经营业,正常上市
002016,2012,2610529425.98,1301316629.69,647316629.69,20000000.0,654000000.0,1309212796.29,291252264.78,237019925.22,170118122.39,2453795358.73,1210567871.07,0.4984876311828901,0.5179369759998844,0.4974320737330499,0.1115682749565878,0.0936037617238139,0.18812742576386876,民营,民营,梁社增,True,证监会2012版,K70,房地产业,正常上市
002016,2013,3562292557.15,1582102160.07,993900210.61,145000000.0,584000000.0,1980190397.08,1172753868.24,712702132.79,554450764.9,2610529425.98,1309212796.29,0.44412471314140334,0.46077934687084016,0.628214938133973,0.32921323822383014,0.23091614653323153,0.4333321827050549,民营,民营,梁社增,True,证监会2012版,K70,房地产业,正常上市
002016,2014,4527653402.29,2791942878.05,1649888575.59,399900000.0,1114000000.0,1735710524.24,931562246.32,6958777.72,14700684.71,3562292557.15,1980190397.08,0.6166423597349323,0.5422388874436306,0.590946393839671,0.20574946082419512,0.001720352090085333,0.003745405417068027,民营,民营,梁社增,True,证监会2012版,K70,房地产业,正常上市
002016,2015,5040757695.13,3329938222.4,2927542852.38,148000000.0,376666400.0,1710819472.73,748417189.7,61945291.1,63879330.43,4527653402.29,1735710524.24,0.6606027156625948,0.1575604005115311,0.8791583077087899,0.14847315323707472,0.012947874097237055,0.03594646856662144,民营,民营,"梁家荣,梁社增",True,证监会2012版,K70,房地产业,正常上市
002077,2006,1174568650.35,539293613.81,539293613.81,235500000.0,0.0,635275036.54,297501324.93,54325328.58,54146288.76,,,0.4591418421131028,0.4366823451444943,1.0,0.25328559964660224,,,国有,国企,镇江新区大港开发总公司,False,证监会2001版,M,综合类,正常上市
002077,2007,1591771549.0,867120635.43,837120385.43,424230000.0,30000000.0,724650913.57,170073816.68,74954771.23,73900803.8,1174568650.35,635275036.54,0.5447519375344734,0.5238371472670006,0.9654024494698791,0.10684561913852879,0.05419056647306932,0.110233606798866,国有,国企,镇江新区大港开发总公司,False,证监会2001版,M,综合类,正常上市
002077,2008,1857920742.84,1176912188.95,1091912188.95,503990000.0,85000000.0,681008553.89,240902787.97,7354889.98,2249954.39,1591771549.0,724650913.57,0.633456617288735,0.5004536494141303,0.9277771096280054,0.12966257516548219,0.004264084653229777,0.01046468245013872,国有,国企,镇江新区大港开发总公司,False,证监会2001版,M,综合类,正常上市
002077,2009,2259809561.93,1582178496.14,1577178496.14,503600000.0,5000000.0,677631065.79,679483898.81,11597035.38,10674759.19,1857920742.84,681008553.89,0.700137977462461,0.32145551291514723,0.9968398003055924,0.3006819292461458,0.005632731879776554,0.017071540108231864,国有,国企,镇江市人民政府国有资产监督管理委员会,False,证监会2001版,M,综合类,正常上市
002077,2010,3116360427.61,2379586099.03,2189061023.18,499510000.0,125000000.0,736774328.58,765268110.87,51093109.41,50416066.66,2259809561.93,677631065.79,0.7635785892888368,0.2624448009065826,0.919933522923308,0.24556469915673382,0.019007252192325737,0.07224676830755122,国有,国企,镇江市人民政府国有资产监督管理委员会,False,证监会2001版,M,综合类,正常上市
002077,2011,4482094417.26,3680815644.1,3483850420.71,1043117929.52,86914621.29,801278773.16,1188944774.79,61540577.36,60982504.17,3116360427.61,736774328.58,0.8212267081937468,0.3070060171639771,0.946488701843648,0.2652654460404757,0.016198182029481516,0.08002399564797746,国有,国企,镇江市人民政府国有资产监督管理委员会,False,证监会2001版,M,综合类,正常上市
002077,2012,4962812832.65,3975973690.7,3871276480.25,1628769000.0,12072422.24,986839141.95,1254661898.47,66177947.12,65870926.37,4482094417.26,801278773.16,0.8011532622270875,0.4126892051821192,0.9736675293664815,0.25281265701089245,0.014013466806808633,0.07401966789861161,国有,国企,镇江市人民政府国有资产监督管理委员会,True,证监会2012版,K70,房地产业,正常上市
002077,2013,5856161312.33,4800601275.27,4050019831.09,1340819970.0,300000000.0,1055560037.06,1089528997.06,48153577.13,54096017.88,4962812832.65,986839141.95,0.8197522266271006,0.3417946786067367,0.8436484512790983,0.18604832397052043,0.008901690028040829,0.0471539331046355,国有,国企,镇江市人民政府国有资产监督管理委员会,True,证监会2012版,K70,房地产业,正常上市
002077,2014,5485971736.4,4414895888.65,3286616712.65,1738420000.0,600000000.0,1071075847.75,695164828.48,23185297.54,38527088.91,5856161312.33,1055560037.06,0.8047609613729325,0.5296659443344313,0.7444381012696977,0.12671680823061998,0.004088348715428991,0.02180467065905026,国有,国企,镇江市人民政府国有资产监督管理委员会,True,证监会2012版,K70,房地产业,正常上市
002077,2015,5266195738.09,3465747645.16,2968789439.29,2135920000.0,300000000.0,1800448092.93,931083236.11,-42534688.88,-18425634.88,5485971736.4,1071075847.75,0.6581121966455797,0.7028555594351542,0.8566086580008172,0.17680376545359766,-0.007911835261293215,-0.029625167512918205,国有,国企,镇江市人民政府国有资产监督管理委员会,True,证监会2012版,K70,房地产业,正常上市
002113,2006,474815897.83,225736208.75,105596576.66,14097050.0,100639632.09,249079689.08,86032833.71,26307465.13,26281231.79,,,0.4754183880145082,0.5082777048721919,0.4677874995984666,0.18119198220444302,,,国有,国企,岳阳市财政局,False,证监会2001版,C4310,化学肥料制造业,正常上市
002113,2007,553588843.23,123413044.54,103913044.54,25000000.0,0.0,430175798.69,101203149.56,23317592.01,23338664.95,474815897.83,249079689.08,0.2229326801817888,0.20257177912742544,0.8419940122806081,0.18281284169224676,0.045347111072175796,0.06865632278232099,国有,国企,岳阳市财政局,False,证监会2001版,C4310,化学肥料制造业,正常上市
002113,2008,708837777.52,274085000.39,250585000.39,170000000.0,0.0,434752777.13,130480504.48,5316978.44,5316978.44,553588843.23,430175798.69,0.38666816171809726,0.6202455433829077,0.914260174885304,0.18407667962691007,0.008423425730425767,0.012294606950543198,国有,国企,岳阳市财政局,False,证监会2001版,C4310,化学肥料制造业,正常上市
002113,2009,662124132.22,297335699.85,274085699.85,185000000.0,0.0,364788432.37,141619236.01,-71475584.23,-71475584.23,708837777.52,434752777.13,0.4490633785738624,0.6221923573029705,0.9218055550957077,0.21388623238239715,-0.10427070762827421,-0.17879149537444824,国有,国企,岳阳市财政局,False,证监会2001版,C4310,化学肥料制造业,正常上市
002113,2010,337103380.13,279447028.15,256447028.15,35000000.0,0.0,57656351.98,2145712.27,-341429173.69,-341429173.69,662124132.22,364788432.37,0.8289653697397946,0.12524735092624747,0.9176945979627518,0.0063651461138495,-0.6833862548220297,-1.6164440245858132,其他,外资,广东恒润华创实业发展有限公司,False,证监会2001版,C4310,化学肥料制造业,ST
002113,2011,177975295.41,94746025.2,94746025.2,14000000.0,0.0,83229270.21,1895122.23,3612713.66,3612713.66,337103380.13,57656351.98,0.5323549258998811,0.14776345467208052,1.0,0.010648231967443711,0.014027812959690055,0.05128576789940782,民营,民营,赖淦锋,False,证监会2001版,C4310,化学肥料制造业,*ST
002113,2012,154482114.65,64807222.63,64807222.63,0.0,0.0,89674892.02,15320804.58,4987266.66,4987266.66,177975295.41,83229270.21,0.4195127881103225,0.0,1.0,0.09917526449395998,0.03000243946495238,0.057688219828575964,民营,民营,赖淦锋,False,证监会2012版,C26,化学原料及化学制品制造业,ST
002113,2013,118932977.71,25565562.35,25565562.35,0.0,0.0,93367415.36,7568711.02,3233130.54,3233130.54,154482114.65,89674892.02,0.2149577252857298,0.0,1.0,0.06363845558845042,0.023649978588182716,0.03532659292026895,民营,民营,赖淦锋,True,证监会2012版,K70,房地产业,正常上市
002113,2014,118774965.14,24163870.37,24163870.37,0.0,0.0,94611094.77,12878897.73,641274.38,641274.38,118932977.71,93367415.36,0.20344245390026475,0.0,1.0,0.10843107985609299,0.005395481297860216,0.006822847777190222,民营,民营,赖淦锋,True,证监会2012版,K70,房地产业,正常上市
002113,2015,110879530.14,20154370.01,20154370.01,0.0,0.0,90725160.13,12437203.65,-4388218.14,-4388218.14,118774965.14,94611094.77,0.18176817654757788,0.0,1.0,0.1121686179071682,-0.038215826210149156,-0.04735412553110784,民营,民营,赖淦锋,True,证监会2012版,K70,房地产业,正常上市
002133,2007,4430544053.03,3043916092.05,1736427171.85,0.0,1295000000.0,1386627960.98,1297547792.8,199857732.67,152210729.65,,,0.6870298671262054,0.4254387968782183,0.5704582910104333,0.2928642119950532,,,民营,民营,"王鹤鸣,王轶磊",True,证监会2001版,J01,房地产开发与经营业,正常上市
002133,2008,5398549712.52,3855964825.63,2337605069.51,650000000.0,1508000000.0,1542584886.89,135043083.52,129489836.63,117806318.74,4430544053.03,1386627960.98,0.7142593902001999,0.559652408044832,0.6062309111256156,0.02501469667062915,0.026348275785881514,0.08841271929020764,民营,民营,"王鹤鸣,王轶磊",True,证监会2001版,J01,房地产开发与经营业,正常上市
002133,2009,6538733059.37,4749637863.74,3001733637.28,180000000.0,1718000000.0,1789095195.63,708610085.22,164903569.68,166293494.79,5398549712.52,1542584886.89,0.7263850382963366,0.39960941327544935,0.6319921062184622,0.10837115979288407,0.027628325948400274,0.09899123901192279,民营,民营,"王鹤鸣,王轶磊",True,证监会2001版,J01,房地产开发与经营业,正常上市
002133,2010,6960128618.69,5022749778.06,3567818427.84,250000000.0,1428000000.0,1937378840.63,1072571878.29,216637556.51,219399958.41,6538733059.37,1789095195.63,0.7216461150692581,0.3340799510518549,0.7103317078275883,0.15410230716280557,0.03209715925337702,0.11626945708035785,民营,民营,"王鹤鸣,王轶磊",True,证监会2001版,J01,房地产开发与经营业,正常上市
002133,2011,6707011826.9,4563161130.53,3615416104.68,322800000.0,919250000.0,2143850696.37,692518347.67,327442029.1,288238718.18,6960128618.69,1937378840.63,0.6803568039388871,0.2721906951060786,0.7923051589151484,0.10325288899782423,0.04791668460620178,0.1604624420809684,民营,民营,"王鹤鸣,王轶磊",True,证监会2001版,J01,房地产开发与经营业,正常上市
002133,2012,7106550504.07,4798194095.92,3350644544.6,660000000.0,1432500000.0,2308356408.15,1057051337.86,271138186.23,248580967.57,6707011826.9,2143850696.37,0.6751790609483492,0.4361015745026435,0.6983136733566322,0.14874323868585962,0.0392568085963037,0.12179944906638922,民营,民营,"王鹤鸣,王轶磊",True,证监会2012版,K70,房地产业,正常上市
002133,2013,8014440268.8,5547205772.63,3434979845.27,780000000.0,2093621973.68,2467234496.17,995235470.26,242950261.32,219377374.68,7106550504.07,2308356408.15,0.6921513651084434,0.5180305349151633,0.6192270462037381,0.12418028419706674,0.0321341722866335,0.1017466806464629,民营,民营,"王鹤鸣,王轶磊",True,证监会2012版,K70,房地产业,正常上市
002133,2014,8561668868.33,5221050782.33,3064938241.37,405000000.0,2130955052.63,3340618086.0,1158454524.41,150099460.15,131296377.32,8014440268.8,2467234496.17,0.6098169483805783,0.4857173696169794,0.5870347501202064,0.1353070928373761,0.0181103368599066,0.05168845387391635,民营,民营,"王鹤鸣,王轶磊",True,证监会2012版,K70,房地产业,正常上市
002133,2015,8735020499.21,5539964835.97,4661968706.55,185000000.0,816250000.0,3195055663.24,1031442232.08,-58021980.98,-64401603.37,8561668868.33,3340618086.0,0.6342245947185857,0.18073219409247201,0.8415159382024723,0.11808126061905456,-0.006709027345878976,-0.017755470424681796,民营,民营,"王鹤鸣,王轶磊",True,证监会2012版,K70,房地产业,正常上市
002146,2007,4840309447.63,3081578908.77,2212818908.77,54699250.0,868760000.0,1758730538.86,512484455.63,284411161.79,284421278.94,,,0.6366491527269725,0.29967081075609875,0.7180795865627332,0.10587844871797028,,,民营,民营,耿建明,True,证监会2001版,J01,房地产开发与经营业,正常上市
002146,2008,6530301153.02,4439158907.46,3119101362.95,84300000.0,1316171836.0,2091142245.56,690389104.07,370666612.72,370698047.24,4840309447.63,1758730538.86,0.6797785895995115,0.3154813479748403,0.7026334105112467,0.10572086767403108,0.06519731010730609,0.19256044730623095,民营,民营,耿建明,True,证监会2001版,J01,房地产开发与经营业,正常上市
002146,2009,13651701707.63,9786686978.09,6775614602.18,236564000.0,2529150000.0,3865014729.54,1922003947.46,609449073.81,609540169.65,6530301153.02,2091142245.56,0.7168840330447724,0.2825996178473632,0.6923297554472668,0.140788598273121,0.06039530149886932,0.20464506773674065,民营,民营,耿建明,True,证监会2001版,J01,房地产开发与经营业,正常上市
002146,2010,21254343105.82,15937221958.28,11807980891.64,399564000.0,3635850000.0,5317121147.54,2029804138.41,1022491867.46,1021375873.62,13651701707.63,3865014729.54,0.7498336635920764,0.25320686444373997,0.7409058443529614,0.09550067618199812,0.05858537527952829,0.22271329484729024,民营,民营,耿建明,True,证监会2001版,J01,房地产开发与经营业,正常上市
002146,2011,28171191463.32,21090665015.53,17797832070.09,1330045000.0,3123300000.0,7080526447.79,2685134941.21,1528452667.89,1532227120.84,21254343105.82,5317121147.54,0.7486607388612184,0.21115242201802567,0.8438724932089463,0.09531492286033239,0.06184870558160136,0.24657140092701849,民营,民营,耿建明,True,证监会2001版,J01,房地产开发与经营业,正常上市
002146,2012,40482887005.56,30994402216.86,24024012878.62,2675196770.0,6631121546.0,9488484788.7,4056905571.96,2165784830.73,2140136235.99,28171191463.32,7080526447.79,0.7656173882214272,0.3002580353344466,0.7751081214772284,0.10021285219610984,0.06309267793061187,0.2614259595600108,民营,民营,耿建明,True,证监会2012版,K70,房地产业,正常上市
002146,2013,59405450908.18,46921480833.29,37600035360.88,4557276300.0,9061860000.0,12483970074.89,4622799667.84,3119962307.82,2906363563.11,40482887005.56,9488484788.7,0.7898514381418325,0.29025376135054654,0.8013394865876314,0.07781776919739618,0.062469000345451504,0.2839885053526733,民营,民营,耿建明,True,证监会2012版,K70,房地产业,正常上市
002146,2014,75792173016.94,60316559180.32,49583334237.51,7676558006.05,10549010000.0,15475613836.62,5886778280.43,3455481134.88,3231977600.81,59405450908.18,12483970074.89,0.7958151452767938,0.3021652470520336,0.8220517700500393,0.07767000266787799,0.05111748320064913,0.24717686399170605,民营,民营,耿建明,True,证监会2012版,K70,房地产业,正常上市
002146,2015,102871331415.26,80855803496.01,59403398604.25,9155106800.0,11273940000.0,22015527919.25,13671571823.27,2572165512.04,2428235122.13,75792173016.94,15475613836.62,0.7859896667383445,0.25266024103029433,0.7346831771597123,0.13289972663114527,0.02879340713946531,0.13721457344719437,民营,民营,耿建明,True,证监会2012版,K70,房地产业,正常上市
002208,2007,1039209658.55,743103398.66,584103398.66,0.0,159000000.0,296106259.89,208475203.64,75682266.73,75650795.39,,,0.7150659085451972,0.2139675316876716,0.7860324683123284,0.2006093784105929,,,国有,国企,合肥市国有资产控股有限公司,True,证监会2001版,J01,房地产开发与经营业,正常上市
002208,2008,1462438116.25,701394268.87,601394268.87,20000000.0,100000000.0,761043847.38,362513539.99,83289887.49,83229206.3,1039209658.55,296106259.89,0.479606118765916,0.17108779658740184,0.8574268361771651,0.24788299481660206,0.06658802116669585,0.15757438213781963,国有,国企,合肥市国有资产控股有限公司,True,证监会2001版,J01,房地产开发与经营业,正常上市
002208,2009,2171647099.55,1331789039.53,1151789039.53,80000000.0,180000000.0,839858060.02,497270864.81,110824212.64,110842724.52,1462438116.25,761043847.38,0.6132621823343064,0.19522611485956987,0.8648434589433747,0.22898327491287254,0.06099153215129183,0.1384522213731232,国有,国企,合肥市国有资产控股有限公司,True,证监会2001版,J01,房地产开发与经营业,正常上市
002208,2010,3118976996.22,2146756397.18,1507383597.18,340000000.0,636152000.0,972220599.04,308976344.06,137923839.02,138143930.2,2171647099.55,839858060.02,0.6882886279000234,0.4547101856933012,0.7021679773075854,0.09906336097844246,0.05213896754837446,0.15222720970793488,国有,国企,合肥市国有资产控股有限公司,True,证监会2001版,J01,房地产开发与经营业,正常上市
002208,2011,3406586337.27,2305835489.78,1662149789.78,300000000.0,642892000.0,1100750847.49,522523639.95,160540248.45,160964214.17,3118976996.22,972220599.04,0.6768756935800637,0.4089155554154305,0.720844915930488,0.15338629003272072,0.04920349102309299,0.15488901086286783,国有,国企,合肥市国有资产控股有限公司,True,证监会2001版,J01,房地产开发与经营业,正常上市
002208,2012,3989327694.33,2766553219.29,2406553219.29,450000000.0,360000000.0,1222774475.04,558370989.48,154033627.55,154282933.37,3406586337.27,1100750847.49,0.6934885853629122,0.29278308993017527,0.8698741822532554,0.13996618785506348,0.04165370957311602,0.13258614059973192,国有,国企,合肥市国有资产控股有限公司,True,证监会2012版,K70,房地产业,正常上市
002208,2013,5037788123.08,3673284021.05,2265284021.05,0.0,1408000000.0,1364504102.03,774382155.14,157734626.99,157954448.73,3989327694.33,1222774475.04,0.729146191008174,0.38330823098114974,0.6166917690188503,0.15371471292972097,0.03494684906684983,0.12193091875605357,国有,国企,合肥市国有资产控股有限公司,True,证监会2012版,K70,房地产业,正常上市
002208,2014,5792729202.59,4288075747.92,3962275747.92,0.0,325800000.0,1504653454.67,796255177.66,172159352.64,172629880.21,5037788123.08,1364504102.03,0.7402513733945563,0.07597813545109004,0.92402186454891,0.13745769046203377,0.031791528966387546,0.12000690044921157,国有,国企,合肥市国有资产控股有限公司,True,证监会2012版,K70,房地产业,正常上市
002208,2015,6697361942.61,5048129770.99,3504235414.84,0.0,1530000000.0,1649232171.62,1079179570.53,87824196.87,91519553.63,5792729202.59,1504653454.67,0.7537489856823708,0.3030825413388587,0.6941650816858412,0.16113502298032256,0.014063019372560983,0.055692696106618145,国有,国企,合肥市国有资产控股有限公司,True,证监会2012版,K70,房地产业,正常上市
002244,2008,13934191555.82,10479534571.05,8446474571.05,0.0,2033060000.0,3454656984.77,1149918414.08,602198825.11,604267385.45,,,0.7520733821599382,0.19400289070245388,0.8059971092975462,0.08252494660156331,,,民营,民营,戚金兴,True,证监会2001版,J01,房地产开发与经营业,正常上市
002244,2009,19010912794.1,14814971336.76,10723291336.76,0.0,4091680000.0,4195941457.34,1657862538.2,628164472.57,643672485.47,13934191555.82,3454656984.77,0.7792877436878148,0.27618548203650056,0.7238145179634994,0.08720583573001896,0.03813401019453899,0.1642131598784461,民营,民营,戚金兴,True,证监会2001版,J01,房地产开发与经营业,正常上市
002244,2010,29699899483.38,23715701055.72,18300961055.72,200000000.0,5414740000.0,5984198427.66,3897240711.39,1432290758.67,966205559.82,19010912794.1,4195941457.34,0.7985111555340871,0.23675201449066074,0.7716812171279239,0.131220670075698,0.058807919297711134,0.2813892097456184,民营,民营,戚金兴,True,证监会2001版,J01,房地产开发与经营业,正常上市
002244,2011,34798450521.38,28045946247.49,22239346247.49,620000000.0,5806600000.0,6752504273.89,1108209737.73,782892137.73,783987330.4,29699899483.38,5984198427.66,0.8059538809137122,0.2291454152870722,0.7929611663389796,0.03184652538046547,0.02427634622194901,0.12293482168422218,民营,民营,戚金兴,True,证监会2001版,J01,房地产开发与经营业,正常上市
002244,2012,38363420208.99,30677311178.64,24248951178.64,0.0,6428360000.0,7686109030.35,1554991712.3,1242886332.82,1265970943.23,34798450521.38,6752504273.89,0.7996500575684111,0.20954770001081252,0.7904522999891875,0.040533187704041226,0.033976340965925285,0.17216145437664954,民营,民营,戚金兴,True,证监会2012版,K70,房地产业,正常上市
002244,2013,39564823125.51,31076676809.15,25873756809.15,0.0,5182920000.0,8488146316.36,2033363210.1,1456276818.68,1410124475.18,38363420208.99,7686109030.35,0.7854622959027676,0.16677845034170374,0.8325779802019214,0.05139320865026082,0.03737481447975318,0.1800734299617968,民营,民营,戚金兴,True,证监会2012版,K70,房地产业,正常上市
002244,2014,38245772847.6,29035439044.05,24495386914.27,0.0,4532634322.5,9210333803.55,1877209236.82,806007487.19,829044722.0,39564823125.51,8488146316.36,0.7591803454920125,0.1561069669249185,0.8436375588158928,0.04908278999355608,0.020717165242341604,0.09108211346162744,民营,民营,戚金兴,True,证监会2012版,K70,房地产业,正常上市
002244,2015,42230217558.73,31294858062.02,25092598916.09,0.0,5302000000.0,10935359496.71,3575247517.07,1503856537.98,1002862807.1,38245772847.6,9210333803.55,0.7410536784116235,0.16942080355477318,0.8018121975936624,0.08466088321941194,0.0373740423792712,0.14929806738997575,民营,民营,戚金兴,True,证监会2012版,K70,房地产业,正常上市
002285,2009,1206456437.96,217183333.19,217183333.19,0.0,0.0,989273104.77,968034103.63,150872145.23,150830445.74,,,0.18001755086759352,0.0,1.0,0.8023779998777669,,,民营,民营,"陈劲松,佟捷",True,证监会2001版,J0901,房地产经纪业,正常上市
002285,2010,1596575467.66,380017911.93,380017911.93,0.0,0.0,1216557555.73,1022580673.9,246528531.7,241771755.29,1206456437.96,989273104.77,0.23802063831468503,0.0,1.0,0.6404837695512959,0.17590133826569526,0.22352444012553427,民营,民营,"陈劲松,佟捷",True,证监会2001版,J0901,房地产经纪业,正常上市
002285,2011,1756241584.68,365905367.86,365905367.86,0.0,0.0,1390336216.82,895061180.43,168813289.82,157316820.64,1596575467.66,1216557555.73,0.20834569176123377,0.0,1.0,0.5096458187972395,0.10069937439752742,0.1295129794681821,民营,民营,"陈劲松,佟捷",True,证监会2001版,J0901,房地产经纪业,正常上市
002285,2012,2338101496.76,827288524.36,827288524.36,25500000.0,0.0,1510812972.4,1019364355.55,224990522.2,211291633.11,1756241584.68,1390336216.82,0.3538291752973113,0.030823587236057815,1.0,0.4359795145602419,0.10990311154915221,0.1551044138205734,民营,民营,"陈劲松,佟捷",True,证监会2012版,K70,房地产业,正常上市
002285,2013,2497644886.02,724544029.04,724544029.04,1000000.0,0.0,1773100856.98,958460010.94,350545830.06,318288144.61,2338101496.76,1510812972.4,0.2900908904606378,0.0013801783741492857,1.0,0.38374551014227937,0.14498106489136275,0.21349270917147223,民营,民营,"陈劲松,佟捷",True,证监会2012版,K70,房地产业,正常上市
002285,2014,4115952685.29,2028417394.42,1983577394.42,424200000.0,0.0,2087535290.87,790782844.62,418970125.96,394344162.95,2497644886.02,1773100856.98,0.4928184431442469,0.209128555674457,0.9778940960951376,0.1921263204618892,0.12669961286350592,0.21704719632453617,民营,民营,"陈劲松,佟捷",True,证监会2012版,K70,房地产业,正常上市
002285,2015,7398023267.87,3753881061.77,3709041061.77,1176000000.0,0.0,3644142206.1,2926144765.79,544007870.0,509389237.73,4115952685.29,2087535290.87,0.5074167687567706,0.31327577529734035,0.988055029111962,0.39553062484926194,0.09449522427579807,0.1898250103176897,民营,民营,"陈劲松,佟捷",True,证监会2012版,K70,房地产业,正常上市
002305,2009,2275907474.2,936238488.41,737002488.41,337370000.0,198236000.0,1339668985.79,709337540.78,166180003.13,166186365.12,,,0.41136931049409003,0.5720828684469187,0.7871952472939244,0.31167239829437177,,,民营,民营,许晓明,True,证监会2001版,J01,房地产开发与经营业,正常上市
002305,2010,3687099201.88,2203046439.04,1163687839.04,633500000.0,1038358600.0,1484052762.84,1022060564.56,192383777.05,192414797.02,2275907474.2,1339668985.79,0.5975012654708877,0.7588848652362179,0.5282175710953642,0.27719909571157336,0.06452576275714335,0.13626255996600223,民营,民营,许晓明,True,证监会2001版,J01,房地产开发与经营业,正常上市
002305,2011,4848260426.25,3114189189.82,2113499189.82,654900000.0,999690000.0,1734071236.43,733940053.18,293961473.59,293972564.36,3687099201.88,1484052762.84,0.6423312520422386,0.5313068343467068,0.6786675635278793,0.15138214300663774,0.06888086416914188,0.18269120373029893,民营,民营,许晓明,True,证监会2001版,J01,房地产开发与经营业,正常上市
002305,2012,6498100124.03,4378013497.0,2446013497.0,737000000.0,1932000000.0,2120086627.03,1138311591.61,445503765.6,445508023.95,4848260426.25,1734071236.43,0.6737374637873136,0.6096372251544934,0.5587039644067137,0.17517606221555732,0.07852804670287093,0.23118086045393954,民营,民营,许晓明,True,证监会2012版,K70,房地产业,正常上市
002305,2013,8012229035.92,5384931840.39,2476356240.39,959500000.0,2908575600.0,2627297195.53,1231285396.84,540222395.53,540580206.4,6498100124.03,2120086627.03,0.6720891048232096,0.7183146815317643,0.459867703768494,0.1536757613043719,0.07446039157003678,0.22758741054928566,国有,国企,国务院国有资产监督管理委员会,True,证监会2012版,K70,房地产业,正常上市
002305,2014,10441620975.28,7427647459.66,5582147459.66,1880260000.0,1845500000.0,3013973515.62,722736593.95,490554118.0,490901109.57,8012229035.92,2627297195.53,0.7113500362869494,0.5016070054798409,0.7515364036832629,0.06921689607974103,0.053165503968253036,0.1739161770876967,国有,国企,国务院国有资产监督管理委员会,True,证监会2012版,K70,房地产业,正常上市
002305,2015,19086660285.79,15892881349.25,5996038651.67,835030000.0,6426000000.0,3193778936.54,2480534715.18,83763764.07,30687210.02,10441620975.28,3013973515.62,0.8326695771434793,0.4568731018899008,0.37727826187747626,0.1299616946096513,0.0056734601875005775,0.026986824850225535,国有,国企,国务院国有资产监督管理委员会,True,证监会2012版,K70,房地产业,正常上市
600007,2005,5696211000.0,3133866000.0,923336000.0,650000000.0,0.0,2562345000.0,584822000.0,246679000.0,246679000.0,4496241000.0,2536128000.0,0.5501667687520705,0.20741154854738525,0.2946316147531515,0.10266859847712805,0.04840425051793229,0.09676583557469069,其他,外资,香格里拉（亚洲）有限公司,False,证监会2001版,K39,租赁服务业,正常上市
600007,2006,6019502706.0,2172893628.0,1172893628.0,890000000.0,0.0,3846609078.0,205100160.0,241190411.0,241190411.0,5696211000.0,2562345000.0,0.36097560448542476,0.40959207046834784,0.5397841904850025,0.03407260865512434,0.04117383149717605,0.07526669970313368,其他,外资,香格里拉(亚洲)有限公司,False,证监会2001版,K39,租赁服务业,正常上市
600007,2007,7136593833.0,3117639772.0,657639772.0,170000000.0,1460000000.0,4018954061.0,322469492.0,289661407.0,289268188.0,6019502706.0,3846609078.0,0.4368526281520833,0.5228314106842232,0.21094155197350362,0.04518535025895455,0.04403455175953236,0.0736530625668149,其他,外资,香格里拉（亚洲）有限公司,False,证监会2001版,K39,租赁服务业,正常上市
600007,2008,8129605661.0,3907108875.0,647108875.0,50000000.0,2260000000.0,4222496786.0,192766589.0,355005105.0,354489970.0,7136593833.0,4018954061.0,0.4806025086485434,0.5912300050763238,0.16562345603947368,0.023711677667805638,0.04650864219867242,0.08615111867814552,其他,外资,香格里拉（亚洲）有限公司,False,证监会2001版,K39,租赁服务业,正常上市
600007,2009,8966157472.0,4605222666.0,935222666.0,250000000.0,2670000000.0,4360934806.0,183943897.0,290030400.0,289551960.0,8129605661.0,4222496786.0,0.5136227732316143,0.6340627178698942,0.20307870733475628,0.02051535427237698,0.03393009106919053,0.06757912540954285,国有,"国企,外资","香格里拉（亚洲）有限公司,中国人寿保险(集团)公司",False,证监会2001版,K39,租赁服务业,正常上市
600007,2010,9408555879.0,5067778256.0,791748256.0,0.0,3276030000.0,4340777623.0,241638229.0,121337372.0,120778328.0,8966157472.0,4360934806.0,0.5386350807897455,0.6464430435805556,0.15623182704622268,0.025682818076187355,0.013206994817516051,0.02788815948355675,国有,"国企,外资","香格里拉（亚洲）有限公司,中国人寿保险(集团)公司",False,证监会2001版,K39,租赁服务业,正常上市
600007,2011,9424950560.0,4980616477.0,804586477.0,0.0,3176030000.0,4444334083.0,420995861.0,194761888.0,194156561.0,9408555879.0,4340777623.0,0.5284501436153952,0.6376780895832064,0.16154355203125992,0.044668230174779826,0.020682488269597156,0.044339080598595634,其他,外资,香格里拉(亚洲)有限公司,False,证监会2001版,K39,租赁服务业,正常上市
600007,2012,9370785454.0,4674740659.0,848710659.0,0.0,2826030000.0,4696044795.0,443971052.0,383257441.0,382577911.0,9424950560.0,4444334083.0,0.4988632683938513,0.6045319315327605,0.1815524583948904,0.04737821116270324,0.04078131771105221,0.08386029640903907,其他,外资,"香格里拉(亚洲)有限公司,中国人寿保险(集团)公司",True,证监会2012版,K70,房地产业,正常上市
600007,2013,9320750892.0,4460722497.0,860722497.0,0.0,2600000000.0,4860028395.0,423912391.0,325798805.0,325196780.0,9370785454.0,4696044795.0,0.47857973554776984,0.582865220095757,0.19295584909818253,0.0454804978603005,0.03486056993594549,0.0681867538103274,其他,外资,"香格里拉(亚洲)有限公司,中国人寿保险(集团)公司",True,证监会2012版,K70,房地产业,正常上市
600007,2014,9705531424.0,4480141590.0,1884141590.0,0.0,2100000000.0,5225389834.0,790386059.0,537099470.0,536507160.0,9320750892.0,4860028395.0,0.4616070356458206,0.4687351856663084,0.42055402762393496,0.08143665961922705,0.056458688153526504,0.10651010355834396,其他,外资,香格里拉(亚洲)有限公司,True,证监会2012版,K70,房地产业,正常上市
600007,2015,10219156999.0,4567360550.0,1673360550.0,432756142.0,2000000000.0,5651796449.0,472891713.0,628263122.0,627598722.0,9705531424.0,5225389834.0,0.4469410295239559,0.5326393910373465,0.3663736487805851,0.046275021809164395,0.06306378385066905,0.11551941938916961,其他,外资,香格里拉(亚洲)有限公司,True,证监会2012版,K70,房地产业,正常上市
600048,2006,16496053303.94,12489412327.67,8863285787.77,655000000.0,3621900000.0,4006640976.27,920469923.72,721631930.26,658770681.96,,,0.7571151776459746,0.34244205314005277,0.7096639581778879,0.05579940284868929,,,国有,国企,中国保利集团公司,True,证监会2001版,J01,房地产开发与经营业,正常上市
600048,2007,40894664218.5,28060194964.49,18910201043.52,618109200.0,9038150000.0,12834469254.01,4625992464.5,1628270080.6,1489088024.65,16496053303.94,4006640976.27,0.6861578521482536,0.3441265897197056,0.6739155257991165,0.11311970773945823,0.05674332543283989,0.19336849629692474,国有,国企,国务院国有资产监督管理委员会,True,证监会2001版,J01,房地产开发与经营业,正常上市
600048,2008,53632162746.67,37959020487.15,19514717965.34,70000000.0,14048461894.21,15673142259.52,5469760525.36,3043671657.77,2238861382.6,40894664218.5,12834469254.01,0.7077659848708387,0.37193957359857116,0.5140996188757342,0.10198657382504335,0.06439804985502141,0.21353396487288617,国有,国企,国务院国有资产监督管理委员会,True,证监会2001版,J01,房地产开发与经营业,正常上市
600048,2009,89830723861.34,62869175061.39,38233616965.76,308019786.77,20249781838.75,26961548799.95,15227911967.21,4007727232.01,3519226528.73,53632162746.67,15673142259.52,0.6998627235647457,0.326993341418046,0.6081456759759603,0.16951785884209666,0.05587127551616176,0.18800310884953889,国有,国企,国务院国有资产监督管理委员会,True,证监会2001版,J01,房地产开发与经营业,正常上市
600048,2010,152327972577.53,120307641793.6,68896674806.23,450000000.0,47029378401.38,32020330783.93,19151445548.58,5505278120.39,4919983998.37,89830723861.34,26961548799.95,0.789793494641093,0.39464973042058044,0.5726708110897,0.125725073501077,0.04546834948609612,0.1866769305837658,国有,国企,国务院国有资产监督管理委员会,True,证监会2001版,J01,房地产开发与经营业,正常上市
600048,2011,195014565272.62,152950155487.36,98585942340.95,2123400000.0,49979786059.93,42064409785.26,18152615651.13,7367200495.85,6530945957.44,152327972577.53,32020330783.93,0.7843011893677982,0.34065467860368326,0.644562550634983,0.09308338392957269,0.04242037581373547,0.19888577429705775,国有,国企,国务院国有资产监督管理委员会,True,证监会2001版,J01,房地产开发与经营业,正常上市
600048,2012,251168617582.24,196389097098.44,140471133055.12,1348000000.0,55850413333.13,54779520483.8,32672702564.71,9978598275.36,8438233558.38,195014565272.62,42064409785.26,0.7819014134364793,0.29125045217993595,0.7152695090028794,0.13008274233946443,0.04472870631973578,0.20607586345652465,国有,国企,国务院国有资产监督管理委员会,True,证监会2012版,K70,房地产业,正常上市
600048,2013,313939854320.52,244786678393.28,166634556840.12,1370000000.0,75101300578.37,69153175927.24,33752969830.8,11864462305.31,10747161554.27,251168617582.24,54779520483.8,0.7797247626399246,0.31239976407339215,0.6807337635114319,0.10751412847487522,0.041990035170987684,0.19146621753406964,国有,国企,国务院国有资产监督管理委员会,True,证监会2012版,K70,房地产业,正常上市
600048,2014,365765643330.35,284893358385.82,187313493217.54,3257400000.0,90494984084.52,80872284944.53,40069512626.0,14231361345.19,12200315103.96,313939854320.52,69153175927.24,0.778895895721162,0.32907886872376574,0.6574863460448546,0.10954968941631914,0.04187508088245573,0.18971928181382292,国有,国企,国务院国有资产监督管理委员会,True,证监会2012版,K70,房地产业,正常上市
600048,2015,403833203006.96,306692819047.9,221833742799.07,3100899970.0,66411738488.19,97140383959.06,37484915370.82,16827717865.39,12347579022.33,365765643330.35,80872284944.53,0.7594541923850036,0.22665231834897756,0.7233092169804716,0.09282276715164986,0.0437311410885731,0.1890620254056607,国有,国企,国务院国有资产监督管理委员会,True,证监会2012版,K70,房地产业,正常上市
600052,2005,5124312694.9,3594622234.76,3025622234.76,1117700000.0,489000000.0,1529690460.14,170514822.69,-177260351.09,-183931319.42,5028890851.14,1676069996.71,0.7014837791490687,0.4469732547868896,0.8417079840830646,0.03327564745603948,-0.0349171274438078,-0.11058864408364254,民营,民营,楼忠福,True,证监会2001版,J01,房地产开发与经营业,正常上市
600052,2006,5371496644.63,4124403923.83,2787703923.83,850590000.0,1336700000.0,1247092720.8,310145723.71,-272364510.09,-255207649.9,5124312694.9,1529690460.14,0.7678314251491257,0.5303287554747647,0.6759046823040759,0.05773916363143581,-0.05189966800639243,-0.1961726878493976,民营,民营,楼忠福,True,证监会2001版,J01,房地产开发与经营业,正常上市
600052,2007,10223155058.89,9038982828.76,7378977531.24,950200000.0,1645000000.0,1184172230.13,1136987000.79,180752789.88,182666935.79,5371496644.63,1247092720.8,0.8841676348144354,0.2871119515508604,0.8163504313518288,0.11121684003034683,0.023181382093862443,0.1486903266637879,民营,民营,楼忠福,True,证监会2001版,J01,房地产开发与经营业,*ST
600052,2008,8995877389.33,7494163302.47,7236100268.95,816850000.0,242000000.0,1501714086.86,434801460.17,367215143.95,367341066.12,10223155058.89,1184172230.13,0.8330664123278091,0.14128995556462104,0.9655647971488764,0.04833341333505919,0.038213697275276744,0.27344057090363233,民营,民营,楼忠福,True,证监会2001版,J01,房地产开发与经营业,正常上市
600052,2009,8499736503.35,6565651732.57,5004938541.49,832600000.0,1543000000.0,1934084770.78,1017045397.31,438051642.03,436896645.36,8995877389.33,1501714086.86,0.7724535613524348,0.36182242018952115,0.762291200531118,0.11965610897574906,0.0500755954854807,0.2549926000795584,民营,民营,楼忠福,True,证监会2001版,J01,房地产开发与经营业,正常上市
600052,2010,7955102937.35,5876979417.1,4838454436.31,1149500000.0,1021590000.0,2078123520.25,1062903498.04,128707159.7,127730211.63,8499736503.35,1934084770.78,0.7387684940576943,0.36942276736291957,0.8232893282273123,0.13361278998032347,0.01564368466357089,0.0641577656811824,民营,民营,楼忠福,True,证监会2001版,J01,房地产开发与经营业,正常上市
600052,2011,8364458853.27,5885463324.62,4851759287.83,876000000.0,1014000000.0,2478995528.65,422908167.07,284550203.17,286011914.92,7955102937.35,2078123520.25,0.703627506317296,0.3211301975315647,0.8243631843790749,0.05056013479038974,0.03487228478567985,0.12488161933741228,民营,民营,楼忠福,True,证监会2001版,J01,房地产开发与经营业,正常上市
600052,2012,9447186641.81,7312741520.03,5942718484.32,1208900000.0,1365000000.0,2134445121.78,614574268.07,34614175.58,57315290.44,8364458853.27,2478995528.65,0.7740655284258194,0.3519746996321348,0.8126526102478213,0.06505368120389468,0.0038866903778835317,0.01500579641217396,民营,民营,楼忠福,True,证监会2012版,K70,房地产业,正常上市
600052,2013,10162660641.48,8328669222.67,5745346186.96,1441000000.0,2578300000.0,1833991418.81,219604489.02,50280526.74,55772996.32,9447186641.81,2134445121.78,0.8195362923637964,0.4825861001971087,0.6898276343262147,0.02160895623373081,0.005128089578019834,0.025340219618340997,民营,民营,楼忠福,True,证监会2012版,K70,房地产业,正常上市
600052,2014,9405283463.45,7397906802.83,6341203310.17,1115000000.0,1013300000.0,2007376660.62,254737153.57,215939962.38,212020503.08,10162660641.48,1833991418.81,0.7865692545662346,0.28768948524545335,0.8571618268757093,0.02708447380240452,0.022070786917834203,0.11242867536507575,民营,民营,楼忠福,True,证监会2012版,K70,房地产业,正常上市
600052,2015,5870298133.43,4569343709.78,3774341993.01,633000000.0,791000000.0,1300954423.65,71713819.25,-656201014.73,-656112599.81,9405283463.45,2007376660.62,0.7783835856238095,0.31164212859543483,0.8260140258067221,0.012216384520848483,-0.08591502857921003,-0.3966960972255859,民营,民营,楼忠福,True,证监会2012版,K70,房地产业,正常上市
600053,2005,158029122.8,261299394.62,238541092.69,49000000.0,0.0,-103270271.82,514894.27,5209538.31,5209538.31,204542923.93,-120915626.7,1.6534888632565388,0.18752435332373904,0.9129033499557213,0.0032582239328863755,0.028736568949450404,-0.04647516498041689,国有,国企,南昌市国有工业资产经营管理有限公司,True,证监会2001版,J01,房地产开发与经营业,ST
600053,2006,2367522718.66,1715305000.49,1095488698.56,144800000.0,600000000.0,652217718.17,58509006.53,69932663.22,69932663.22,158029122.8,-103270271.82,0.7245146950314588,0.43420849340918255,0.6386553401564496,0.024713176380041522,0.05538010510967973,0.25478819032673694,国有,国企,江西省国资委,True,证监会2001版,J01,房地产开发与经营业,ST
600053,2007,2099791294.44,1532703838.72,909484446.66,150000000.0,596000000.0,567087455.72,100871326.02,175369498.02,175369157.27,2367522718.66,652217718.17,0.7299315140406665,0.48672155778183707,0.5933856389500098,0.04803873903425325,0.0785122771785214,0.2876548082880866,国有,国企,江西省国资委,True,证监会2001版,J01,房地产开发与经营业,正常上市
600053,2008,2427152721.18,1666540526.66,1145740496.56,0.0,500000000.0,760612194.52,68426949.9,193524738.8,193537779.16,2099791294.44,567087455.72,0.6866236772483704,0.3000227069197506,0.6874963304110208,0.028192272081969828,0.08549906432783455,0.2915188518201654,国有,国企,江西省国有资产监督管理委员会,True,证监会2001版,J01,房地产开发与经营业,正常上市
600053,2009,2625404512.02,1866955059.29,1111155029.19,0.0,735000000.0,758449452.73,342157294.91,12890763.01,12904652.37,2427152721.18,760612194.52,0.7111113928320154,0.39368917657799396,0.5951696714181061,0.13032555301230225,0.005102668773466117,0.016972007730346572,国有,国企,江西省人民政府国有资产监督管理委员会,True,证监会2001版,J01,房地产开发与经营业,正常上市
600053,2010,2602368807.41,1837505323.62,1569304335.93,0.0,250000000.0,764863483.79,117049363.63,6480011.51,6486572.28,2625404512.02,758449452.73,0.7060895129037348,0.1360540275918681,0.8540407016826339,0.04497800745870953,0.002479071342254195,0.008507787670737637,国有,国企,江西省国有资产监督管理委员会,True,证监会2001版,J01,房地产开发与经营业,正常上市
600053,2011,2757909832.64,1977535372.32,1519514473.52,135000000.0,450000000.0,780374460.32,94704455.57,15510976.53,15510976.53,2602368807.41,764863483.79,0.7170413437436463,0.2958227742412977,0.7683880120623784,0.034339213867389015,0.005787376952424741,0.020075842156379028,国有,国企,江西省国有资产监督管理委员会,True,证监会2001版,J01,房地产开发与经营业,正常上市
600053,2012,2986445010.52,2193423406.47,1846265370.11,100000000.0,340000000.0,793021604.05,81857039.78,12647143.73,12647143.73,2757909832.64,780374460.32,0.7344596665076651,0.200599664753335,0.8417277597494499,0.02740952520192128,0.004403329555819271,0.01607623664047236,国有,国企,江西省国有资产监督管理委员会,True,证监会2012版,K70,房地产业,正常上市
600053,2013,2828016671.69,2018095315.47,1761412906.65,100000000.0,250000000.0,809921356.22,127957775.37,25570568.17,25570568.17,2986445010.52,793021604.05,0.7136079980264057,0.17343085696548852,0.872809571058233,0.04524647137017529,0.008795506641048485,0.03190452661608482,国有,国企,江西省国有资产监督管理委员会,True,证监会2012版,K70,房地产业,正常上市
600053,2014,2518737767.74,1641939517.36,1635944039.65,100000000.0,0.0,876798250.38,86621685.71,75547710.16,75547710.16,2828016671.69,809921356.22,0.6518898229065232,0.060903583197014145,0.9963485392448318,0.03439091072498725,0.028259278040849725,0.08957945335358385,国有,国企,江西省国有资产监督管理委员会,True,证监会2012版,K70,房地产业,正常上市
600053,2015,4592220891.72,3390515278.08,2694699675.8,225930398.0,0.0,1201705613.64,635455151.32,285621182.81,286535708.62,2518737767.74,876798250.38,0.7383171145345524,0.06663600646800245,0.7947758540483468,0.1383764340399559,0.08033267987854954,0.27483343933514254,民营,民营,"蔡蕾,黄晓捷,覃正宇,吴刚,吴强",True,证监会2012版,K70,房地产业,正常上市
600064,2005,3156342575.39,1860099318.52,1860099318.52,1046600000.0,0.0,1296243256.87,341369724.18,71081437.27,93175149.68,3199013146.98,1292580910.14,0.5893211126774365,0.5626581277567125,1.0,0.10815357206206304,0.02236898778767107,0.054914071164668184,国有,国企,南京市人民政府国有资产监督管理委员会,True,证监会2001版,J01,房地产开发与经营业,正常上市
600064,2006,2889208766.77,1471502383.58,1471502383.58,365000000.0,0.0,1417706383.19,259422839.66,81067722.76,101423932.92,3156342575.39,1296243256.87,0.5093098153738024,0.24804580955689384,1.0,0.08979027152476163,0.026818967591807935,0.059741508510974255,国有,国企,南京市人民政府国有资产监督管理委员会,True,证监会2001版,J01,房地产开发与经营业,正常上市
600064,2007,13728302146.87,6424954392.13,4050394517.62,1240000000.0,480000000.0,7303347754.74,342623578.59,161843490.37,162918806.73,2889208766.77,1417706383.19,0.4680079388837508,0.26770618046827654,0.6304160730823823,0.024957461958842218,0.019478668160483104,0.03711557979352589,国有,国企,南京市人民政府国有资产监督管理委员会,True,证监会2001版,J01,房地产开发与经营业,正常上市
600064,2008,10826028005.49,7219687042.1,4544089578.0,1979000000.0,2040000000.0,3606340963.39,468479599.56,190959589.71,191927939.59,13728302146.87,7303347754.74,0.6668823541227509,0.5566723289477916,0.6294025698762497,0.04327345165950326,0.015554045948318914,0.035007339740621285,国有,国企,南京市人民政府国有资产监督管理委员会,True,证监会2001版,J01,房地产开发与经营业,正常上市
600064,2009,15252801250.02,8586751906.75,5096932509.38,1411000000.0,950000000.0,6666049343.27,688993306.14,261080755.8,255575519.31,10826028005.49,3606340963.39,0.5629622890902575,0.27495845060389257,0.5935809680693498,0.04517159142417178,0.020022429169809317,0.05083154903698139,国有,国企,南京市人民政府国有资产监督管理委员会,True,证监会2001版,J01,房地产开发与经营业,正常上市
600064,2010,14577862417.11,9299818466.84,7043846524.32,3230000000.0,280000000.0,5278043950.27,643698985.14,336757410.6,314129244.7,15252801250.02,6666049343.27,0.6379411604217657,0.3774267220930677,0.757417636638389,0.04415592401149925,0.02257793620401871,0.05638894511685308,国有,国企,南京市人民政府国有资产监督管理委员会,True,证监会2001版,J01,房地产开发与经营业,正常上市
600064,2011,14966114227.84,9913786730.03,7426523962.29,3890000000.0,1200000000.0,5052327497.81,705124284.71,386522034.0,364910906.25,14577862417.11,5278043950.27,0.66241554615348,0.5134264170301147,0.7491107247439774,0.047114720225663265,0.02616587730521841,0.07483216570529781,国有,国企,南京市人民政府国有资产监督管理委员会,True,证监会2001版,J01,房地产开发与经营业,正常上市
600064,2012,16348407710.53,10763833608.97,8148424371.75,4482299379.38,1255000000.0,5584574101.56,1047499331.16,415698088.67,383809256.67,14966114227.84,5052327497.81,0.658402567366669,0.5330163571646857,0.7570187971838901,0.06407347735066005,0.02654986012484137,0.07816149934011252,国有,国企,南京市人民政府国有资产监督管理委员会,True,证监会2012版,K70,房地产业,正常上市
600064,2013,15561918254.83,10174502754.04,9089114099.86,4350080950.79,392875000.0,5387415500.79,1021062241.97,460031212.16,430469705.33,16348407710.53,5584574101.56,0.6538077496250894,0.4661609579796624,0.8933226831405571,0.06561287787597071,0.02883274916460479,0.08385556837594337,国有,国企,南京市人民政府国有资产监督管理委员会,True,证监会2012版,K70,房地产业,正常上市
600064,2014,20367050487.5,11662536007.47,9780729810.96,4250000000.0,252000000.0,8704514480.03,1017371066.67,639168248.57,609779804.05,15561918254.83,5387415500.79,0.5726178179126978,0.38602238802233174,0.8386451972963102,0.04995181149545427,0.03557954881220728,0.09071408237763715,国有,国企,南京市人民政府国有资产监督管理委员会,True,证监会2012版,K70,房地产业,正常上市
600064,2015,22647555588.73,13172791087.82,11026511571.35,2628396725.06,0.0,9474764500.91,1241295490.47,880973414.63,848201705.11,20367050487.5,8704514480.03,0.5816429519826465,0.19953225611315606,0.8370672166467044,0.05480924798293465,0.040961593978973046,0.09692061115885325,国有,国企,南京市人民政府国有资产监督管理委员会,True,证监会2012版,K70,房地产业,正常上市
600067,2005,2977465345.24,2280014970.67,1745931819.55,540490069.58,528891217.33,697450374.57,527336527.01,115530063.6,97407400.26,2656705928.89,537372850.92,0.7657570135333409,0.46902380057432436,0.7657545419699346,0.17710920728365145,0.04101049044443172,0.1871200042486334,民营,民营,薛黎曦,False,证监会2001版,C7615,电工器械制造业,正常上市
600067,2006,4406808535.4,3596856001.7,2861752271.89,1648154389.22,729911796.02,809952533.7,659752059.64,121529363.93,113843031.62,2977465345.24,697450374.57,0.8162042831691844,0.6611513455406729,0.7956260329958819,0.14971198642741015,0.03291572492960323,0.16124337197873065,民营,民营,薛黎曦,False,证监会2001版,C7615,电工器械制造业,正常上市
600067,2007,6835475670.82,5617788275.15,4773833718.43,2851310000.0,826555973.28,1217687395.67,1121580846.42,233222358.24,206946042.29,4406808535.4,809952533.7,0.8218576944296367,0.6546821975382826,0.8497710281369646,0.16408234048844952,0.041490208566505635,0.23004316975792008,民营,民营,"韩国龙,薛黎曦",False,证监会2001版,C7615,电工器械制造业,正常上市
600067,2008,7376845304.76,5669489950.79,4659736199.34,2669590744.25,997746551.01,1707355353.97,748019298.21,221845829.56,173904332.09,6835475670.82,1217687395.67,0.7685521000598579,0.6468548894330406,0.8218968972139551,0.10140097389968736,0.031218803732505282,0.15168723916072932,民营,民营,"韩国龙,薛黎曦",False,证监会2001版,C7615,电工器械制造业,正常上市
600067,2009,10735663436.16,8693335793.6,7379265840.15,1504177502.28,1311951231.02,2042327642.56,2298427675.78,347671858.29,283652445.09,7376845304.76,1707355353.97,0.8097623258492805,0.3239410969691546,0.8488416892377016,0.21409274698742944,0.038390248779235706,0.18544066717732652,民营,民营,"韩国龙,薛黎曦",False,证监会2001版,C7615,电工器械制造业,正常上市
600067,2010,9664816912.4,7138139398.92,6993524643.92,1003964055.05,128000000.0,2526677513.48,1016447115.24,572670891.45,518522679.0,10735663436.16,2042327642.56,0.7385695418359906,0.15857970709023503,0.9797405532565139,0.10516982623187555,0.056142883075831394,0.2506764041152185,民营,民营,"韩国龙,薛黎曦",False,证监会2001版,C7615,电工器械制造业,正常上市
600067,2011,9364643790.6,5829270266.56,4944731077.96,826245082.52,868000000.0,3535373524.04,844599548.27,824437984.5,795814606.91,9664816912.4,2526677513.48,0.6224764547276511,0.29064445548856266,0.8482590190277814,0.0901902482524523,0.08664859160932786,0.271999684396349,民营,民营,"韩国龙,薛黎曦",False,证监会2001版,C7615,电工器械制造业,正常上市
600067,2012,14795009774.91,9763913381.42,8821351077.22,1198978044.8,800750000.0,5031096393.49,2000407913.71,861742385.16,830837471.35,9364643790.6,3535373524.04,0.6599463961137799,0.2048080484414511,0.9034647003327962,0.13520828604671664,0.0713373130805329,0.2011896133310579,民营,民营,"韩国龙,薛黎曦",True,证监会2012版,K70,房地产业,正常上市
600067,2013,15717764882.65,9631014572.13,8092202017.56,1505626894.84,1382091088.0,6086750310.52,907864289.35,1284801264.06,1277775337.61,14795009774.91,5031096393.49,0.6127470823005605,0.29983528331442977,0.8402232139671995,0.0577603938046015,0.08421399092538254,0.23112411931288745,民营,民营,"韩国龙,林淑英,薛黎曦",True,证监会2012版,K70,房地产业,正常上市
600067,2014,19792848386.72,12736757311.25,8150725560.23,921106549.25,2689690747.34,7056091075.47,3334528941.79,907451339.38,751069734.64,15717764882.65,6086750310.52,0.6435029997903545,0.2834942370614764,0.6399372588367296,0.16847140323811605,0.051108739378642624,0.13809058676570873,民营,民营,"韩国龙,林淑英,薛黎曦",True,证监会2012版,K70,房地产业,正常上市
600067,2015,19889090557.06,11159460473.35,7254017529.03,1114316511.11,958588750.0,8729630083.71,3869433360.0,455335474.95,212450534.53,19792848386.72,7056091075.47,0.5610845021462655,0.18575317920255394,0.6500329963400452,0.19455054261525662,0.022949255357461416,0.057689537317743005,民营,民营,"韩国龙,林淑英,薛黎曦",True,证监会2012版,K70,房地产业,正常上市
600077,2005,365617709.07,60692738.86,60692738.86,0.0,0.0,304924970.21,52752393.08,9762045.58,12039360.73,501641608.64,346618919.57,0.16600054470660217,0.0,1.0,0.1442829265961518,0.02251240287801508,0.029965887895276704,国有,国企,辽宁省国资委,False,证监会2001版,G8101,通信设备制造业,正常上市
600077,2006,446030351.41,128501984.14,128501984.14,30000000.0,0.0,317528367.27,67455620.04,13710943.84,13710943.84,365617709.07,304924970.21,0.2881014346529938,0.2334594302241721,1.0,0.15123549289136481,0.03378544102450388,0.044054527510475575,民营,民营,潘广超,False,证监会2001版,G8101,通信设备制造业,正常上市
600077,2007,477128212.37,141871396.62,141871396.62,15580000.0,0.0,335256815.75,79582681.45,17373820.17,17373820.17,446030351.41,317528367.27,0.2973443886608461,0.10981776715521277,1.0,0.16679517032685082,0.03763994800386296,0.05322982390507998,民营,民营,潘广超,False,证监会2001版,G8101,通信设备制造业,正常上市
600077,2008,558531338.34,181698441.37,180536131.37,0.0,0.0,376832896.97,57660689.38,-24442187.28,-21136668.76,477128212.37,335256815.75,0.32531467600371783,0.0,0.9936030821660536,0.10323626522259646,-0.047201200941455274,-0.06864917957215563,民营,民营,潘广超,False,证监会2001版,G8101,通信设备制造业,正常上市
600077,2009,557305931.41,213512416.56,213512416.56,47550000.0,0.0,343793514.85,138021443.07,-33039382.12,-26169437.63,558531338.34,376832896.97,0.3831152774918571,0.22270367581474015,1.0,0.24765830631086555,-0.059218997277985484,-0.09169628417186758,民营,民营,潘广超,False,证监会2001版,G8101,通信设备制造业,正常上市
600077,2010,377456041.27,85484486.34,85484486.34,0.0,0.0,291971554.93,78332150.09,11071836.32,11071836.32,557305931.41,343793514.85,0.22647534280383042,0.0,1.0,0.20752655018168814,0.023689102987911676,0.034829961085566706,民营,民营,俞建午,False,证监会2001版,G8101,通信设备制造业,*ST
600077,2011,10808060321.65,7740787167.67,4572887167.67,148000000.0,3167900000.0,3067273153.98,880034288.26,319344226.36,324059535.31,377456041.27,291971554.93,0.7162050300703967,0.42836728722488515,0.5907522153262421,0.08142388754966262,0.057099594868704764,0.1901285878417712,民营,民营,俞建午,False,证监会2001版,G8101,通信设备制造业,正常上市
600077,2012,10692184784.08,7586707064.45,4636177064.45,20000000.0,2950530000.0,3105477719.63,814366377.41,401508896.6,387313350.59,10808060321.65,3067273153.98,0.7095562990780084,0.39154404865839504,0.6110921411707493,0.0761646374296244,0.037349239008721294,0.1300907504032108,民营,民营,俞建午,True,证监会2012版,K70,房地产业,正常上市
600077,2013,11324671859.54,8594097594.76,6078377594.76,300000000.0,2515720000.0,2730574264.78,551620549.78,364823715.94,368198332.5,10692184784.08,3105477719.63,0.7588827033006046,0.32763416623483577,0.7072735127497404,0.04870962767149055,0.0331403998168574,0.12502414883025828,民营,民营,俞建午,True,证监会2012版,K70,房地产业,正常上市
600077,2014,13685071178.9,9800687904.12,5971227904.12,1201900000.0,3829460000.0,3884383274.78,1303055249.98,54557905.92,37089740.39,11324671859.54,2730574264.78,0.7161590740741602,0.5133680461230608,0.6092662027947877,0.095217279687159,0.0043629321449760155,0.016495315531119485,民营,民营,俞建午,True,证监会2012版,K70,房地产业,正常上市
600077,2015,13767985549.71,9833900496.28,6883200496.28,43800000.0,2950700000.0,3934085053.43,942790529.28,82170209.89,77542312.69,13685071178.9,3884383274.78,0.7142584847125393,0.3045078604499577,0.6999461199433327,0.06847701327663425,0.005986233933969686,0.021019515956474423,民营,民营,俞建午,True,证监会2012版,K70,房地产业,正常上市
600082,2005,1029144910.74,521463481.83,419803481.83,50000000.0,100160000.0,507681428.91,178379422.28,45974219.5,50452490.44,798640137.85,467794029.75,0.5066958757586869,0.28795880293100373,0.8050486687135999,0.1733277990479858,0.05030593672430539,0.09426012534062984,国有,国企,天津市人民政府,True,证监会2001版,J01,房地产开发与经营业,正常上市
600082,2006,1002285947.84,425889782.15,241794040.98,78000000.0,170308638.62,576396165.69,205323444.07,51195225.05,55850767.42,1029144910.74,507681428.91,0.42491844075817264,0.583034975308576,0.5677385349781395,0.20485515586892855,0.05040311840668425,0.09444937392860678,国有,国企,天津市人民政府,True,证监会2001版,J01,房地产开发与经营业,正常上市
600082,2007,1918662699.07,405573038.86,316868854.27,100000000.0,80000000.0,1513089660.21,934425347.0,100051614.83,106469472.93,1002285947.84,576396165.69,0.211383188434625,0.4438164837237475,0.7812867816871331,0.48701908232902413,0.06850624706178396,0.09576673226477138,国有,国企,天津市人民政府,True,证监会2001版,J01,房地产开发与经营业,正常上市
600082,2008,3359723477.97,1752781128.26,1051832349.59,460000000.0,700000000.0,1606942349.71,905922524.96,136309743.13,137327824.3,1918662699.07,1513089660.21,0.5217039853884222,0.6618053910424865,0.6000933788202995,0.2696419901519316,0.051648264661999184,0.08737714401429816,国有,国企,天津市人民政府,True,证监会2001版,J01,房地产开发与经营业,正常上市
600082,2009,2755795811.57,1079617952.98,479360393.39,150000000.0,600000000.0,1676177858.59,699497073.79,91083072.67,90999548.76,3359723477.97,1606942349.71,0.39176268011124254,0.6946901891820373,0.4440092831606332,0.25382761337150395,0.02978751872332043,0.05548567636343893,国有,国企,天津市人民政府,True,证监会2001版,J01,房地产开发与经营业,正常上市
600082,2010,2953780050.74,1274786573.1,1012086573.1,150000000.0,262000000.0,1678993477.64,669063113.96,66694647.66,66710484.28,2755795811.57,1676177858.59,0.43157802923769906,0.3231913550815858,0.7939262888836589,0.22651081071266024,0.02336238251960679,0.039756328947981937,国有,国企,天津市人民政府,True,证监会2001版,J01,房地产开发与经营业,正常上市
600082,2011,3063864478.74,1409782158.86,1083113841.33,330000000.0,324677061.0,1654082319.88,946949052.35,81781584.94,81781584.94,2953780050.74,1678993477.64,0.4601320223666571,0.46438171804457734,0.7682845427735051,0.3090701494536823,0.02718059683962986,0.04907274236058489,国有,国企,天津市人民政府,True,证监会2001版,J01,房地产开发与经营业,正常上市
600082,2012,2788450295.58,1123957955.11,962855009.08,350000000.0,154667625.0,1664492340.47,456910533.66,42715811.89,42715811.89,3063864478.74,1654082319.88,0.40307620217996953,0.4490093447940488,0.8566646151686048,0.16385823135676952,0.01459792015201824,0.025743468965977633,国有,国企,天津市人民政府,False,证监会2012版,S90,综合,正常上市
600082,2013,3134984446.18,1430000856.5,1078491087.91,400000000.0,344938125.0,1704983589.68,259427772.69,40491249.21,40491249.21,2788450295.58,1664492340.47,0.4561428871656655,0.5209354397334237,0.7541891202426704,0.08275249116661951,0.013671543952206702,0.024034152520684388,国有,国企,天津市人民政府,False,证监会2012版,S90,综合,正常上市
600082,2014,3431260264.68,1685525957.13,1384276057.13,390000000.0,294849900.0,1745734307.55,260947909.66,40750717.87,40750717.87,3134984446.18,1704983589.68,0.4912264961303344,0.40631228317961726,0.8212724647011975,0.0760501651087479,0.012412183725837035,0.023618689839996414,国有,国企,天津市人民政府,False,证监会2012版,S90,综合,正常上市
600082,2015,3567372847.94,1811255054.8,1357560470.8,450000000.0,246929584.0,1756117793.14,473402031.29,10383485.59,10383485.59,3431260264.68,1745734307.55,0.5077279925606654,0.3847771644049079,0.7495136961535783,0.132703266933079,0.002967289590099073,0.005930282200070101,国有,国企,天津市人民政府,False,证监会2012版,S90,综合,正常上市
600094,2005,6006955216.95,4336677958.28,4102487766.33,2500271629.98,204000000.0,1670277258.67,526016496.27,-263479248.15,-233934449.23,6366057688.38,1983262217.47,0.7219427816014126,0.6235813809546882,0.9459977904278408,0.08756790707973383,-0.04258934346322381,-0.14423232586958024,国有,国企,国务院国有资产监督管理委员会,False,证监会2001版,C47,化学纤维制造业,正常上市
600094,2006,3303238017.34,3305215496.21,2959543498.23,1882346614.15,317800000.0,-1977478.87,138320434.96,-992616493.08,-951242092.42,6006955216.95,1670277258.67,1.0005986486167873,0.6656590520868754,0.8954161995257578,0.04187419563286129,-0.2132322000415918,-1.1899737746162111,国有,国企,国务院国有资产监督管理委员会,False,证监会2001版,C47,化学纤维制造业,正常上市
600094,2007,2393318814.92,3671537114.5,3147519529.51,1661437833.6,180683959.43,-1278218299.58,33853560.4,-1051841398.12,-1011760667.96,3303238017.34,-1977478.87,1.5340777382484774,0.5017304021672311,0.8572756944440253,0.014145027477725152,-0.3692902323604843,1.643250846200289,国有,国企,国务院国有资产监督管理委员会,False,证监会2001版,C47,化学纤维制造业,*ST
600094,2008,136845850.05,136845850.05,136845850.05,0.0,0.0,0.0,83814543.85,835947672.11,843404673.37,2393318814.92,-1278218299.58,1.0,0.0,1.0,0.6124741365512822,0.6607851921131084,-1.3079888973341685,国有,国企,国务院国有资产监督管理委员会,False,证监会2001版,C47,化学纤维制造业,暂停上市
600094,2009,23889302.91,12027996.53,12027996.53,0.0,0.0,11861306.38,12840765.91,1202869.38,1202869.38,136845850.05,0.0,0.5034888031397983,0.0,1.0,0.537511117774177,0.014967097835771392,0.20282241120223046,其他,外资,"俞丽,俞培俤",False,证监会2001版,C47,化学纤维制造业,暂停上市
600094,2010,17792970.99,4358790.91,4358790.91,0.0,0.0,13434180.08,7390336.31,1572873.7,1572873.7,23889302.91,11861306.38,0.2449726306219308,0.0,1.0,0.41535145053366945,0.07546966865452127,0.1243600278245054,其他,外资,"俞丽,俞培俤",False,证监会2001版,C47,化学纤维制造业,暂停上市
600094,2011,7415296172.48,4210917375.41,3241017375.41,750000000.0,969900000.0,3204378797.07,609687602.75,997562075.1,696528292.97,17792970.99,13434180.08,0.5678690746079377,0.4084383156134809,0.7696701422678557,0.08222026316530709,0.26841116952737276,0.6200248940406322,其他,外资,"俞丽,俞培俤",True,证监会2001版,J01,房地产开发与经营业,ST
600094,2012,10385491421.79,6853754135.95,4754254135.95,0.0,2099500000.0,3531737285.84,1001192719.24,253658488.77,188955450.37,7415296172.48,3204378797.07,0.6599354674319989,0.3063284673413497,0.6936715326586503,0.09640301826636515,0.028499692772206507,0.07531298025387342,其他,外资,"俞丽,俞培俤",True,证监会2012版,K70,房地产业,正常上市
600094,2013,15086413008.44,10629414136.03,6008777329.66,0.0,4512510000.0,4456998872.41,1656223849.62,410761586.57,255450881.08,10385491421.79,3531737285.84,0.7045686824352111,0.4245304531605526,0.5652971323501588,0.10978248101079002,0.03225213000426533,0.10283518655095521,其他,外资,"俞丽,俞培俤",True,证监会2012版,K70,房地产业,正常上市
600094,2014,21528554501.37,14412040796.51,8793594838.72,351000000.0,5556000000.0,7116513704.86,1538717152.62,588288369.33,345433272.88,15086413008.44,4456998872.41,0.6694383868453812,0.4098656174655314,0.6101561161865046,0.07147331477931236,0.032133764377771684,0.10166116214110815,其他,外资,"俞丽,俞培俤",True,证监会2012版,K70,房地产业,正常上市
600094,2015,36476383114.47,26639737144.25,18850256450.7,1820000000.0,5689000000.0,9836645970.22,3297968563.49,640659661.62,457241571.49,21528554501.37,7116513704.86,0.7303283623447344,0.28187215058992293,0.7075991909615631,0.09041380427276277,0.022089831933378327,0.07557997139161339,其他,外资,"俞丽,俞培俤",True,证监会2012版,K70,房地产业,正常上市
600133,2005,1485536948.97,663499499.21,541126499.21,240100000.0,120000000.0,822037449.76,100964973.52,-4724406.06,3916384.57,1463089459.29,789311334.4,0.44663951285091813,0.5427283674347236,0.8155642918409068,0.06796530614065457,-0.003204479242786065,-0.005863914884775048,民营,民营,李劲风等37位自然人,False,证监会2001版,M,综合类,正常上市
600133,2006,1253344744.01,443602338.83,363452838.83,155100000.0,80000000.0,809742405.18,140868845.2,12210475.8,13067774.18,1485536948.97,822037449.76,0.3539348139847951,0.5299791714806456,0.8193212862416503,0.11239433194517473,0.008916395207063195,0.014965837166127996,民营,民营,李劲风等37位自然人,False,证监会2001版,M,综合类,正常上市
600133,2007,1571183081.28,734497967.54,434497967.54,191100000.0,300000000.0,836685113.74,174798362.67,31701816.59,32165132.44,1253344744.01,809742405.18,0.46748082784956196,0.6686199577172489,0.5915577533798114,0.11125270170780896,0.02244751586877719,0.0385098235126625,民营,民营,李劲风等37位自然人,False,证监会2001版,M,综合类,正常上市
600133,2008,2454241634.72,1611877180.0,637877180.0,198100000.0,958000000.0,842364454.72,342925947.12,20953559.11,22524246.0,1571183081.28,836685113.74,0.6567719971810747,0.7172382699778652,0.39573559816759735,0.1397278663472449,0.010410607867892864,0.024958833263294664,民营,民营,李劲风等36位自然人,False,证监会2001版,M,综合类,正常上市
600133,2009,2951406338.5,2050742081.92,1052350409.8,121100000.0,884000000.0,900664256.58,371859365.92,58299801.86,61815396.67,2454241634.72,842364454.72,0.6948355620060955,0.4901152655232874,0.5131559054051013,0.12599395788686654,0.02156995873531601,0.06689482678287996,民营,民营,李劲风等36位自然人,False,证监会2001版,M,综合类,正常上市
600133,2010,3154149080.38,2228589197.65,1380075711.97,186100000.0,727350000.0,925559882.73,455351489.23,52454846.15,17586379.09,2951406338.5,900664256.58,0.7065579783506961,0.40987814217318,0.6192598050036591,0.14436587416316446,0.01718266154387713,0.0574462301980292,民营,民营,李劲风等36位自然人,False,证监会2001版,M,综合类,正常上市
600133,2011,2993117161.12,2107044552.89,1129580408.97,171100000.0,759300000.0,886072608.23,408735896.7,10439445.61,15752578.87,3154149080.38,925559882.73,0.7039632728915834,0.441566363048125,0.5360970689588312,0.1365586025196068,0.003396451430563925,0.011524904374471718,国有,国企,湖北省人民政府国有资产监督管理委员会,False,证监会2001版,M,综合类,正常上市
600133,2012,7516410736.41,6113595577.59,4566861780.5,1122920000.0,1384600000.0,1402815158.82,878480098.6,14471781.33,15128649.81,2993117161.12,886072608.23,0.8133663515719453,0.4101547065349836,0.7470009624516695,0.11687494595586471,0.0027540307178595966,0.012645252020068897,国有,国企,湖北省人民政府国有资产监督管理委员会,True,证监会2012版,K70,房地产业,正常上市
600133,2013,10363385569.11,9048724869.97,6287308850.76,910150000.0,2536000000.0,1314660699.14,1880641016.22,-466345923.93,-463812037.53,7516410736.41,1402815158.82,0.8731437047890419,0.3808437154981623,0.6948281598908693,0.18146975268638085,-0.05216456786882139,-0.343219920474351,国有,国企,湖北省人民政府国有资产监督管理委员会,False,证监会2012版,E48,土木工程建筑业,正常上市
600133,2014,13480655595.18,11809642569.41,7943809442.34,1538650000.0,2460900000.0,1671013025.77,1357481521.08,296437683.44,295647723.9,10363385569.11,1314660699.14,0.8760436379394285,0.3386681668385002,0.672654519021304,0.10069847949868006,0.024864718308233717,0.19857339465244872,国有,国企,湖北省人民政府国有资产监督管理委员会,False,证监会2012版,E48,土木工程建筑业,正常上市
600133,2015,16421224955.17,14500465336.02,10056124284.01,1541920000.0,2297880000.0,1920759619.15,1655295034.33,159378968.64,142009189.84,13480655595.18,1671013025.77,0.8830318916893423,0.2648052949350331,0.6935035566775917,0.10080216541999522,0.010660130112661726,0.08874669106098158,国有,国企,湖北省人民政府国有资产监督管理委员会,False,证监会2012版,E48,土木工程建筑业,正常上市
600158,2005,2307391495.83,1147692020.82,1102692020.82,302443178.32,45000000.0,1159699475.01,256433648.11,67668390.41,31030639.91,2563304044.64,1133519858.96,0.49739804575606256,0.3027320675034054,0.9607908749179518,0.11113573425811617,0.02778592496605539,0.059016064802535136,国有,国企,国家体育总局,False,证监会2001版,K99,其他社会服务业,正常上市
600158,2006,3040483366.27,1866689171.53,1556189171.53,288354412.57,310500000.0,1173794194.74,444482471.84,69660011.16,40852350.97,2307391495.83,1159699475.01,0.6139448721339378,0.32081099612270164,0.8336627196773719,0.1461880952124009,0.026051473886823877,0.059704478364805726,国有,国企,国家体育总局,False,证监会2001版,K99,其他社会服务业,正常上市
600158,2007,3264422533.44,1966909504.2,1751909504.2,132369467.7,215000000.0,1297513029.24,1113788137.54,258419639.63,150246798.53,3040483366.27,1173794194.74,0.6025290795083748,0.1766067360792409,0.8906914631604026,0.34118994282468285,0.08197414639983326,0.20913598853469895,国有,国企,国家体育总局,False,证监会2001版,K99,其他社会服务业,正常上市
600158,2008,2883693118.07,1439510068.83,1369010068.83,150000000.0,70500000.0,1444183049.24,428032119.61,303473433.36,197467802.18,3264422533.44,1297513029.24,0.4991897576790127,0.15317711544679727,0.9510250039047655,0.14843192464823496,0.0987207953010662,0.2213764215093061,国有,国企,国家体育总局,False,证监会2001版,K99,其他社会服务业,正常上市
600158,2009,3334628098.4,1896780569.29,1896780569.29,291660000.0,0.0,1437847529.11,700934620.26,97475151.7,50976871.29,2883693118.07,1444183049.24,0.5688132269382907,0.15376580966831274,1.0,0.21019873868282882,0.03135095415843906,0.067643384794207,国有,国企,国家体育总局,False,证监会2001版,K99,其他社会服务业,正常上市
600158,2010,3658939890.3,2169187239.27,1766560994.2,2000000.0,400000000.0,1489752651.03,975361421.12,204179107.76,75261160.85,3334628098.4,1437847529.11,0.5928458253770729,0.18532286781075002,0.814388431860084,0.26656940271298885,0.0583905405909849,0.13948565049632974,国有,国企,国家体育总局,False,证监会2001版,K99,其他社会服务业,正常上市
600158,2011,3576277705.17,2008869702.88,1800111949.1,3000000.0,200000000.0,1567408002.29,761872556.14,149927655.69,79560816.56,3658939890.3,1489752651.03,0.5617208361576349,0.10105185005725889,0.8960819840725776,0.21303506577204803,0.04144385533998876,0.09808294210981836,国有,国企,国家体育总局,False,证监会2001版,K99,其他社会服务业,正常上市
600158,2012,3484256846.95,1854455960.0,1608481231.19,10000000.0,225000000.0,1629800886.95,443550366.15,102359547.83,77957530.86,3576277705.17,1567408002.29,0.5322385924629316,0.12672180147109022,0.8673601670163146,0.1273012827795026,0.028994843683405096,0.06403056626952618,国有,国企,国家体育总局,True,证监会2012版,K70,房地产业,正常上市
600158,2013,3628606960.2,1800947443.55,1438958251.15,81300000.0,337821436.5,1827659516.65,703502297.01,188720735.28,136311915.47,3484256846.95,1629800886.95,0.4963192385682731,0.23272274713016292,0.7990006906106863,0.1938766873145238,0.053064627805833695,0.10916725761110607,国有,国企,国家体育总局,True,证监会2012版,K70,房地产业,正常上市
600158,2014,3643893293.58,1840211425.76,1541238104.12,123140000.0,275000000.0,1803681867.82,391415793.77,108058512.05,103120977.52,3628606960.2,1827659516.65,0.5050124351890819,0.21635557437948727,0.8375331674095409,0.10741691982573053,0.029717018433608123,0.059514378081955685,国有,国企,国家体育总局,True,证监会2012版,K70,房地产业,正常上市
600158,2015,3897337617.19,2075259006.99,1794171692.4,10000000.0,275334100.0,1822078610.2,509638428.23,71135480.55,77592111.68,3643893293.58,1803681867.82,0.5324811989181149,0.1374932473676405,0.8645531407678625,0.1307657889278404,0.018865747884316324,0.039238929863809724,国有,国企,国家体育总局,True,证监会2012版,K70,房地产业,正常上市
600159,2005,1217529350.93,929021895.28,929021895.28,154500000.0,0.0,288507455.65,103659335.74,11426129.88,11341213.97,215277235.14,67767235.14,0.763038603192912,0.1663039383516735,1.0,0.08513908569088757,0.015949298378562553,0.06414224852550605,国有,国企,北京市顺义区国有资产监督管理委员会,False,证监会2001版,C05,饮料制造业,ST
600159,2006,1150331776.5,839065289.43,838886231.63,183300000.0,0.0,311266487.07,132243052.96,22759031.42,22603209.76,1217529350.93,288507455.65,0.7294115546237803,0.2184573743057834,0.9997865984897056,0.11496079275699292,0.01922328227475225,0.07589203131028613,国有,国企,北京市顺义区国有资产监督管理委员会,False,证监会2001版,C05,饮料制造业,正常上市
600159,2007,3075414549.04,1847246608.59,810667550.79,240610000.0,1036400000.0,1228167940.45,878609705.19,35878637.75,35352198.47,1150331776.5,311266487.07,0.6006496292236841,0.691304557854752,0.4388518279152674,0.28568821899612223,0.01698097092726698,0.04661275220120913,国有,国企,北京市顺义区国有资产监督管理委员会,False,证监会2001版,C05,饮料制造业,正常上市
600159,2008,3175876090.82,1946869122.56,1474690064.76,145000000.0,472000000.0,1229006968.26,80853248.08,2537583.47,2360464.39,3075414549.04,1228167940.45,0.6130179726430464,0.3169190947918919,0.757467488528907,0.025458565059798655,0.0008118590595739219,0.0020654479752377206,国有,国企,北京市顺义区国有资产监督管理委员会,False,证监会2001版,C05,饮料制造业,正常上市
600159,2009,3006940360.75,1438543853.93,1438364796.13,65000000.0,0.0,1568396506.82,254964291.5,339389538.56,338877612.36,3175876090.82,1229006968.26,0.478407843636511,0.045184580103293064,0.9998755284383505,0.08479193496089361,0.10978476919651042,0.24264611207026127,国有,国企,北京市顺义区国有资产管理委员会,False,证监会2001版,C05,饮料制造业,正常上市
600159,2010,2596612336.15,999401851.44,999222793.64,0.0,0.0,1597210484.71,138887861.74,28813977.89,28712277.82,3006940360.75,1568396506.82,0.384886814841916,0.0,0.9998208350327328,0.0534881005556375,0.010284181999730451,0.0182043936389423,国有,国企,北京市顺义区国有资产管理委员会,True,证监会2001版,J01,房地产开发与经营业,正常上市
600159,2011,2884359421.85,1012151617.28,1011972559.48,120000000.0,0.0,1872207804.57,274289824.5,276947155.96,276927429.28,2596612336.15,1597210484.71,0.3509103649193677,0.11855931260820521,0.9998230919192905,0.09509557734801066,0.1010576839976485,0.1596504848180034,国有,国企,北京市顺义区国有资产管理委员会,True,证监会2001版,J01,房地产开发与经营业,正常上市
600159,2012,3246882642.18,1474772416.75,1144593358.95,65000000.0,330000000.0,1772110225.43,322869582.99,-101287932.43,-97427127.85,2884359421.85,1872207804.57,0.4542118022965617,0.2678379358833367,0.7761152473087167,0.09943986850513978,-0.03303993917455105,-0.05558676909984171,国有,国企,北京市顺义区人民政府国有资产监督管理委员会,True,证监会2012版,K70,房地产业,正常上市
600159,2013,3344790502.68,1343642506.53,1048463448.73,1000000.0,295000000.0,2001147996.15,656329427.62,229037770.72,229249758.79,3246882642.18,1772110225.43,0.4017120072104402,0.220296692432297,0.780314290173575,0.19622437551593103,0.06949306061954762,0.12140052828088377,国有,国企,北京市顺义区人民政府国有资产监督管理委员会,True,证监会2012版,K70,房地产业,正常上市
600159,2014,3003508928.99,868667016.04,868667016.04,0.0,0.0,2134841912.95,493489739.27,133693916.8,131176245.73,3344790502.68,2001147996.15,0.28921739091753246,0.0,1.0,0.16430440226323798,0.04211960013512788,0.06464905366710243,国有,国企,北京市顺义区人民政府国有资产监督管理委员会,True,证监会2012版,K70,房地产业,正常上市
600159,2015,2920929510.37,767814696.98,767814696.98,0.0,0.0,2153114813.39,631945728.85,59773062.04,59633523.82,3003508928.99,2134841912.95,0.26286656157023774,0.0,1.0,0.2163509001523115,0.02017847350489378,0.027879508052320992,国有,国企,北京市顺义区人民政府国有资产监督管理委员会,True,证监会2012版,K70,房地产业,正常上市
600162,2005,2557167561.76,1751402751.19,1546199446.1,724350000.0,190000000.0,805764810.57,404688388.46,24317644.88,19643929.59,2330214452.24,785895124.68,0.6848994869873043,0.5220672397475338,0.8828348848084351,0.15825650008694328,0.009951194652000452,0.03055633221826427,民营,民营,"刘志强,翟美卿",False,证监会2001版,C73,专用设备制造业,正常上市
600162,2006,1269160026.81,389162788.12,389162788.12,40000000.0,0.0,879997238.69,304671451.27,68971390.77,63907741.29,2557167561.76,805764810.57,0.3066301962709544,0.10278475029237849,1.0,0.24005755368437154,0.03605095965961264,0.08182814508165775,民营,民营,"刘志强,翟美卿",False,证监会2001版,C73,专用设备制造业,正常上市
600162,2007,2027614325.87,1387982827.4,868424878.81,0.0,500000000.0,639631498.47,753482311.55,148803346.12,137445013.21,1269160026.81,879997238.69,0.6845398603131543,0.3602350044464246,0.6256740801590122,0.3716102721984365,0.0902720842868942,0.1958417111775541,民营,民营,"刘志强,翟美卿",True,证监会2001版,J01,房地产开发与经营业,正常上市
600162,2008,5377195262.08,3840474180.31,2647770695.31,313840000.0,1165000000.0,1536721081.77,1438356305.75,353368055.83,210743783.71,2027614325.87,639631498.47,0.7142151238942424,0.3850670335402774,0.6894384836344022,0.2674919238833103,0.09544284741772244,0.32473419889623945,民营,民营,"刘志强,翟美卿",True,证监会2001版,J01,房地产开发与经营业,正常上市
600162,2009,6120541955.22,4349526561.29,2112744008.38,0.0,2234000000.0,1771015393.93,2443719192.77,381246828.28,255577400.93,5377195262.08,1536721081.77,0.7106440235378891,0.5136191188903629,0.4857411441472826,0.39926516485780084,0.06631684497126257,0.23051825989210256,民营,民营,"刘志强,翟美卿",True,证监会2001版,J01,房地产开发与经营业,正常上市
600162,2010,7325176184.38,5550356715.13,2633489437.77,0.0,2914000000.0,1774819469.25,2603879377.12,240946241.67,144013386.32,6120541955.22,1771015393.93,0.7577096544060503,0.5250113009955881,0.47447210565606296,0.35546986332867175,0.035839847179359056,0.13590381445678093,民营,民营,"刘志强,翟美卿",True,证监会2001版,J01,房地产开发与经营业,正常上市
600162,2011,8304668529.41,6487531071.73,4751149578.12,0.0,1707725729.98,1817137457.68,1392798908.28,116474240.81,44073592.7,7325176184.38,1774819469.25,0.7811908505144036,0.2632319924326172,0.732350955330844,0.1677127634110341,0.014904081639049984,0.06485280485228372,民营,民营,"刘志强,翟美卿",True,证监会2001版,J01,房地产开发与经营业,正常上市
600162,2012,12496505298.08,10634553841.65,8904190796.51,324678157.0,1707606550.87,1861951456.43,2468019102.13,44066247.24,30690972.05,8304668529.41,1817137457.68,0.8510022272614027,0.19110201877116845,0.8372886092914336,0.19749674355031033,0.004236900052415678,0.023954978131133297,民营,民营,"刘志强,翟美卿",True,证监会2012版,K70,房地产业,正常上市
600162,2013,13310120921.41,11124877007.84,9134310797.15,120000000.0,1969020687.77,2185243913.57,1709827293.9,373669373.81,192433192.04,12496505298.08,1861951456.43,0.8358208819835043,0.18777921646215154,0.821070722014527,0.1284606882233246,0.028959180532307848,0.18465596031258555,民营,民营,"刘志强,翟美卿",True,证监会2012版,K70,房地产业,正常上市
600162,2014,13773840939.92,11437513712.38,8880794721.55,649181200.0,1847805319.71,2336327227.54,2028769228.23,247609668.56,256183335.42,13310120921.41,2185243913.57,0.8303793954256619,0.21831549954840748,0.7764619955766611,0.14729146627141051,0.018284597344196726,0.10952373006309232,民营,民营,"刘志强,翟美卿",True,证监会2012版,K70,房地产业,正常上市
600162,2015,17232510773.46,12368567545.11,9217002162.1,556700000.0,2441424328.33,4863943228.35,3779136133.23,328162264.06,389717521.48,13773840939.92,2336327227.54,0.7177461083708697,0.2423986704519659,0.7451956039763074,0.2193026995839918,0.021167421894294644,0.09115276046097827,民营,民营,"刘志强,翟美卿",True,证监会2012版,K70,房地产业,正常上市
600167,2005,793125604.42,351651088.02,351651088.02,95000000.0,0.0,441474516.4,54259505.49,-13285524.57,-13173977.1,867024625.94,461402307.95,0.44337376836693704,0.270154147780134,1.0,0.06841224793099336,-0.01600520763367188,-0.029429317957218648,民营,民营,"苏素玉,苏壮奇",True,证监会2001版,J01,房地产开发与经营业,正常上市
600167,2006,792165488.44,349021527.99,349021527.99,30000000.0,0.0,443143960.45,87063598.33,1260438.55,1331594.61,793125604.42,441474516.4,0.4405916858071197,0.08595458329682043,1.0,0.1099058209433651,0.0015901666964217424,0.002849677195276865,民营,民营,"苏素玉,苏壮奇",True,证监会2001版,J01,房地产开发与经营业,正常上市
600167,2007,874350818.94,415972489.41,410957258.94,0.0,5000000.0,458378329.53,150652032.33,15437304.98,15417872.0,792165488.44,443143960.45,0.47575009984469974,0.0120200256682643,0.9879433602036677,0.17230158543528293,0.018526437349142576,0.034247195330783166,民营,民营,"苏素玉,苏壮奇",True,证监会2001版,J01,房地产开发与经营业,正常上市
600167,2008,999968741.81,528619109.4,528613609.39,0.0,0.0,471349632.41,234626751.97,14855008.29,14872017.71,874350818.94,458378329.53,0.5286356335930756,0.0,0.9999895955142328,0.23463408620684714,0.01585109455300764,0.03195560184939058,民营,民营,"苏素玉,苏壮奇",True,证监会2001版,J01,房地产开发与经营业,正常上市
600167,2009,1269822511.67,752409313.74,752409313.74,0.0,0.0,517413197.93,472114808.96,46063565.52,46074292.63,999968741.81,471349632.41,0.592531087474952,0.0,1.0,0.37179590424735875,0.0405883716834103,0.09317414471205475,民营,民营,"苏素玉,苏壮奇",False,证监会2001版,D0110,蒸汽、热水的生产和供应业,正常上市
600167,2010,1522406493.08,949444614.42,949444614.42,0.0,0.0,572961878.66,660191940.53,56503680.73,56485735.59,1269822511.67,517413197.93,0.6236472445011493,0.0,1.0,0.4336502396244759,0.040472096403180946,0.10364081487758797,民营,民营,"苏素玉,苏壮奇",False,证监会2001版,D0110,蒸汽、热水的生产和供应业,正常上市
600167,2011,1825898222.66,1170724257.09,1170724257.09,0.0,0.0,655173965.57,754001814.9,82212086.91,82204403.88,1522406493.08,572961878.66,0.6411771710826623,0.0,1.0,0.41294843575758405,0.0491066936193294,0.13388109677972018,民营,民营,"苏素玉,苏壮奇",False,证监会2001版,D0110,蒸汽、热水的生产和供应业,正常上市
600167,2012,2247528045.35,1482206941.1,1482206941.1,0.0,0.0,765321104.25,718388200.69,110147138.68,110143533.23,1825898222.66,655173965.57,0.6594831793830546,0.0,1.0,0.3196348104204092,0.054080830943239545,0.15508274688198312,民营,民营,"苏素玉,苏壮奇",False,证监会2012版,D44,电力、热力生产和供应业,正常上市
600167,2013,2711027595.84,1840818125.48,1840818125.48,0.0,0.0,870209470.36,1118516191.4,138700122.83,138684594.26,2247528045.35,765321104.25,0.6790112089986419,0.0,1.0,0.4125801571021754,0.055943759782723125,0.16960871900921046,民营,民营,"苏素玉,苏壮奇",False,证监会2012版,D44,电力、热力生产和供应业,正常上市
600167,2014,2893100150.01,1902289812.26,865456886.2,0.0,0.0,990810337.75,1340997065.58,162800867.39,162792099.22,2711027595.84,870209470.36,0.6575264296513982,0.0,0.4549553283743874,0.4635156047312654,0.05810034131022734,0.17495876903678528,民营,民营,"苏素玉,苏壮奇",False,证监会2012版,D44,电力、热力生产和供应业,正常上市
600167,2015,3230253816.33,2062829144.44,1018389978.88,0.0,0.0,1167424671.89,697011676.74,176614334.14,176602940.52,2893100150.01,990810337.75,0.6385966124431824,0.0,0.49368605326567855,0.21577613288973632,0.057685489067216024,0.16366552609065474,民营,民营,"苏素玉,苏壮奇",False,证监会2012版,D44,电力、热力生产和供应业,正常上市
600173,2005,896410965.42,476978681.71,443978681.71,233950000.0,30000000.0,419432283.71,1169124.94,-134158518.27,-134158518.27,1021310046.91,550690801.98,0.5320982229244806,0.5533790295484944,0.9308145179954525,0.001304228735591408,-0.13991453126646358,-0.2765804056184886,国有,国企,牡丹江市国有资产管理委员会,False,证监会2001版,C61,非金属矿物制品业,正常上市
600173,2006,946043740.52,516445824.53,513115824.53,230304116.96,0.0,429597915.99,5493147.43,9105632.28,9105632.28,896410965.42,419432283.71,0.5459005777535526,0.4459405149990167,0.9935520826351331,0.005806441282493609,0.00988424003113217,0.02144948974304429,国有,国企,牡丹江市国有资产管理委员会,False,证监会2001版,C61,非金属矿物制品业,*ST
600173,2007,2211738780.55,1670724726.4,1390798826.49,0.0,250000000.0,541014054.15,230240976.23,121926315.65,120109464.07,946043740.52,429597915.99,0.755389714686169,0.1496356617278828,0.8324524109287762,0.10409953392992695,0.07722274402145074,0.2512359612305492,民营,民营,陈建成及家人,False,证监会2001版,C61,非金属矿物制品业,ST
600173,2008,2108778965.87,1374538329.85,986990114.24,70000000.0,360000000.0,734240636.02,154814688.05,119672581.88,102433020.38,2211738780.55,541014054.15,0.6518171662827257,0.3128323093375831,0.7180520854210795,0.07341437417369606,0.055397333793692306,0.18768420583349799,民营,民营,"陈建成,陈嫣妮父女",False,证监会2001版,C61,非金属矿物制品业,正常上市
600173,2009,3163059030.06,1789798451.72,1614086602.6,174990000.0,150000000.0,1373260578.34,977244214.36,159211979.09,136511326.19,2108778965.87,734240636.02,0.5658441510925737,0.18157910444479597,0.9018259017091335,0.3089554147022867,0.06040093766648971,0.15109075905168487,民营,民营,"陈建成,陈嫣妮父女",False,证监会2001版,C61,非金属矿物制品业,正常上市
600173,2010,3660040624.63,1954017007.8,1465671650.95,0.0,341000000.0,1706023616.83,896501357.42,362049887.19,270259338.04,3163059030.06,1373260578.34,0.5338785025091176,0.17451229883813912,0.7500813171530063,0.24494300729534357,0.10612475429437336,0.23515197964377046,民营,民营,"陈建成,陈嫣妮父女",True,证监会2001版,J01,房地产开发与经营业,正常上市
600173,2011,3180357519.53,1468934057.12,1030498611.01,140000000.0,296250000.0,1711423462.41,669218546.86,129448763.31,141053692.54,3660040624.63,1706023616.83,0.46187702108946604,0.2969840598939575,0.7015281632385876,0.21042242664557365,0.03784831250517693,0.0757575817904328,民营,民营,"陈建成,陈嫣妮父女",True,证监会2001版,J01,房地产开发与经营业,正常上市
600173,2012,3369335397.79,1826959829.71,995819210.41,0.0,321250000.0,1542375568.08,531192118.91,74043304.16,74250437.03,3180357519.53,1711423462.41,0.5422315127512481,0.1758385678633083,0.5450690235307856,0.15765486548427837,0.022609702498937005,0.04551190990357483,民营,民营,"陈建成,陈嫣妮父女",True,证监会2012版,K70,房地产业,正常上市
600173,2013,3522166780.53,1953154874.81,1169003008.46,0.0,267100000.0,1569011905.72,272514063.58,63026987.04,65404270.48,3369335397.79,1542375568.08,0.5545321946725356,0.13675310823775974,0.5985203854219286,0.0773711412776976,0.01829121878195927,0.04051374994000594,民营,民营,"陈建成,陈嫣妮父女",True,证监会2012版,K70,房地产业,正常上市
600173,2014,4451084059.32,2844234202.91,1703231554.21,47000000.0,526200000.0,1606849856.41,910057968.76,254092374.49,259998293.98,3522166780.53,1569011905.72,0.6389980878825547,0.20153052073332997,0.5988366051105727,0.20445760103192281,0.06373620486641562,0.16001475726675476,民营,民营,"陈建成,陈嫣妮父女",True,证监会2012版,K70,房地产业,正常上市
600173,2015,4401769544.07,2770655884.99,1550035548.41,0.0,606000000.0,1631113659.08,959444721.64,60521175.67,60405167.7,4451084059.32,1606849856.41,0.6294413774393499,0.21872077412536103,0.5594471535809633,0.21796795857533025,0.013672693208622537,0.037382246823025954,民营,民营,"陈建成,陈嫣妮父女",True,证监会2012版,K70,房地产业,正常上市
600175,2005,1427251534.88,928152221.55,747152221.55,319850000.0,181000000.0,499099313.33,256234752.52,9655675.44,12921963.19,1053084882.44,497195559.85,0.650307390720751,0.5396205367731471,0.8049888845843274,0.1795301993082415,0.007785778874651966,0.019383167975522673,民营,民营,闻掌华,True,证监会2001版,J01,房地产开发与经营业,正常上市
600175,2006,1655415521.84,1091254693.19,1071254693.19,461000000.0,20000000.0,564160828.65,322896511.61,23849048.27,17012470.22,1427251534.88,499099313.33,0.6592028882132667,0.4407770275827371,0.9816724728655827,0.19505465990260829,0.015472996487253289,0.044860231900705635,民营,民营,闻掌华,True,证监会2001版,J01,房地产开发与经营业,正常上市
600175,2007,2102339455.59,1417031622.33,1329031622.33,660799980.0,88000000.0,685307833.26,348747850.37,88888908.19,77985312.05,1655415521.84,564160828.65,0.6740260801186003,0.5284285602383111,0.9378983513047485,0.16588560398402813,0.04730958177097157,0.14228273329259813,民营,民营,闻掌华,True,证监会2001版,J01,房地产开发与经营业,正常上市
600175,2008,2605700962.59,1911779658.09,1846279658.09,1111200000.0,65500000.0,693921304.5,557753460.04,60432574.81,59259764.26,2102339455.59,685307833.26,0.7336911201774051,0.6154998014654077,0.9657387295011607,0.21405121617854694,0.025672071368223973,0.08763239284249502,民营,民营,闻掌华,True,证监会2001版,J01,房地产开发与经营业,正常上市
600175,2009,3387176021.82,1580682982.6,1440682982.6,650130000.0,140000000.0,1806493039.22,1182434412.27,121628189.79,123412783.72,2605700962.59,693921304.5,0.46666691439043256,0.49986620258310616,0.9114306906943985,0.3490915159568983,0.04059091822054957,0.09728642782383598,民营,民营,闻掌华,False,证监会2001版,M,综合类,正常上市
600175,2010,3632224110.94,1685670330.41,1453670330.41,888000000.0,232000000.0,1946553780.53,742404003.41,151232925.49,151174690.67,3387176021.82,1806493039.22,0.4640876440781507,0.6644241046394795,0.8623692926103935,0.20439377657725802,0.043089985648256765,0.0805920803834118,民营,民营,闻掌华,False,证监会2001版,M,综合类,正常上市
600175,2011,4140186707.83,2084308282.45,1840808282.45,904000000.0,243500000.0,2055878425.38,539497068.37,126604054.2,124322325.49,3632224110.94,1946553780.53,0.5034334027758015,0.5505423596221434,0.8831746714004428,0.13030742486798794,0.032577808134963034,0.06326355959911385,民营,民营,闻掌华,False,证监会2001版,M,综合类,正常上市
600175,2012,5125822192.8,2977270114.7,2613770114.7,690000000.0,363500000.0,2148552078.1,686402172.24,89330105.54,86187458.5,4140186707.83,2055878425.38,0.5808375715572089,0.3538476387474686,0.8779082898104368,0.13391064816960616,0.0192812475140028,0.042493320066088205,民营,民营,闻掌华,False,证监会2012版,F51,批发业,正常上市
600175,2013,10349445481.62,8073885498.26,4406114499.24,1295158345.0,923851596.07,2275559983.36,1463214940.03,171736434.1,143099565.4,5125822192.8,2148552078.1,0.7801273520014903,0.27483792550045677,0.545724174586023,0.14138099887849861,0.02219495490651492,0.07763656603369369,民营,民营,闻掌华,False,证监会2012版,F51,批发业,正常上市
600175,2014,14454469926.41,9642502187.9,5746065505.97,2277227250.0,3230273391.08,4811967738.51,3023989404.43,221642399.97,189142633.46,10349445481.62,2275559983.36,0.6670948320479069,0.5711692394523019,0.5959102102336584,0.2092079072996526,0.017871565543095318,0.06254434794973077,民营,民营,闻掌华,False,证监会2012版,F51,批发业,正常上市
600175,2015,15027596734.76,10150905051.13,5755465825.77,3652297617.12,2796568620.73,4876691683.63,1472019002.41,70496143.22,49927406.74,14454469926.41,4811967738.51,0.6754842594125624,0.6352996314483419,0.566990410882555,0.09795438541447586,0.004782306751436017,0.014552300818605727,民营,民营,闻掌华,False,证监会2012版,S90,综合,正常上市
600177,2005,11744547093.32,7327090410.42,6973472492.8,2901217802.0,353340560.62,4417456682.9,760850990.89,645609643.53,564790935.7,10642112210.04,3939844132.08,0.6238716871923876,0.44418154824343753,0.9517382893055185,0.06478334028927797,0.057678069316318296,0.15450195172412134,民营,民营,李如成,False,证监会2001版,C1301,服装制造业,正常上市
600177,2006,13196989273.48,7957281300.3,7303908115.38,2297429328.0,647472872.75,5239707973.18,644177922.25,862029234.66,755008256.25,11744547093.32,4417456682.9,0.6029618676958803,0.3700889901478,0.9178898972824592,0.04881249115997292,0.0691239883528152,0.17852636158942983,民营,民营,李如成,False,证监会2001版,C1301,服装制造业,正常上市
600177,2007,35344369875.56,18771575162.07,13735565975.36,5905186413.48,1933930604.4,16572794713.49,2192846691.04,2650586842.28,2475709994.64,13196989273.48,5239707973.18,0.5311051018354753,0.4176057123708928,0.7317215447702119,0.06204231957623085,0.10920942012116779,0.24303372064681236,民营,民营,李如成,False,证监会2001版,C1301,服装制造业,正常上市
600177,2008,31631666106.26,21724196248.52,17847634847.01,7455568284.18,2335006252.05,9907469857.74,3983223089.71,1791530810.23,1583184708.37,35344369875.56,16572794713.49,0.6867863417482368,0.4506760307367873,0.821555589115335,0.12592517499170583,0.05349766626129662,0.13531064279293067,民营,民营,李如成,False,证监会2001版,C1301,服装制造业,正常上市
600177,2009,41934001116.14,26360785219.92,20740889042.0,8207684616.79,3389198985.07,15573215896.22,2103247227.65,3494180331.84,3263921145.98,31631666106.26,9907469857.74,0.6286255668022573,0.43992936876161826,0.7868084682973243,0.05015613038748359,0.09499486550639366,0.27426109058285164,民营,民营,李如成,False,证监会2001版,C1301,服装制造业,正常上市
600177,2010,48262700064.47,33055848554.15,27590442529.07,11996743137.18,4129045196.67,15206851510.32,4355722568.12,2934320517.64,2672171883.12,41934001116.14,15573215896.22,0.6849150277542186,0.4878346507255366,0.8346614513275338,0.09025028774398373,0.06506491876602698,0.19066368366799155,民营,民营,李如成,False,证监会2001版,C1301,服装制造业,正常上市
600177,2011,48932573341.8,35545186233.66,32244220488.84,12984498130.72,2797680071.17,13387387108.14,3234915085.07,2058501531.74,1762708183.64,48262700064.47,15206851510.32,0.7264115456461391,0.44400324978308453,0.9071332550314757,0.06610964566432513,0.04235805836227438,0.14398016042372,民营,民营,李如成,False,证监会2001版,C1301,服装制造业,正常上市
600177,2012,49859736648.34,35558240283.89,33336279900.57,15115552010.24,1681662235.94,14301496364.45,3073187883.2,1657871789.53,1598604794.05,48932573341.8,13387387108.14,0.7131654251341469,0.47238598176046803,0.937512082555821,0.06163666496827189,0.03356277001105581,0.11974999217076944,民营,民营,李如成,False,证监会2012版,C18,纺织服装、服饰业,正常上市
600177,2013,48346126550.49,34125729945.69,31571087123.34,12920611987.36,2074593648.17,14220396604.8,3533175898.61,1358962393.36,1359596966.93,49859736648.34,14301496364.45,0.7058627522114101,0.43941054621818754,0.9251402731482775,0.07308084743707748,0.027675789389654086,0.09529258067303761,民营,民营,李如成,False,证监会2012版,C18,纺织服装、服饰业,正常上市
600177,2014,47623722113.54,30879818443.05,27640361533.15,11081987406.66,2317357716.0,16743903670.49,3461303832.5,3214818723.16,3162418735.01,48346126550.49,14220396604.8,0.6484125362866271,0.43391916786595414,0.8950946905379527,0.0726802458709104,0.06699643206512486,0.2076467864333092,民营,民营,李如成,False,证监会2012版,C18,纺织服装、服饰业,正常上市
600177,2015,66277283054.85,45908532389.23,26956646166.34,13316396484.8,17452153120.0,20368750665.62,6127938358.18,4376014694.77,4371497355.2,47623722113.54,16743903670.49,0.6926737227782384,0.6702141846733964,0.5871816144718219,0.0924591062839528,0.0768389126733438,0.2358233208079763,民营,民营,李如成,True,证监会2012版,K70,房地产业,正常上市
600185,2005,1816239543.6,1256921093.65,1096921093.65,424024259.46,160000000.0,559318449.95,148510465.88,10919051.47,11175746.1,1463387859.1,557859346.16,0.6920458802249372,0.46464671681500663,0.8727048175034022,0.08176810509567192,0.006658714621673631,0.01954756263151668,民营,民营,荣海,False,证监会2001版,G87,计算机应用服务业,正常上市
600185,2006,1340385505.31,756717675.82,756717675.82,270396259.46,0.0,583667829.49,49384557.02,8622039.64,7151291.51,1816239543.6,559318449.95,0.5645522671069089,0.35732779621804284,1.0,0.03684354749015173,0.005462821530214518,0.015086864637122893,民营,民营,荣海,False,证监会2001版,G87,计算机应用服务业,正常上市
600185,2007,1193792203.27,667763466.42,607763466.42,170522061.79,60000000.0,526028736.85,81963388.88,-63595298.56,-64861458.73,1340385505.31,583667829.49,0.5593632330575473,0.34521514485641186,0.9101478247654505,0.068658003172988,-0.05019008599490441,-0.11461745577847454,国有,国企,珠海市人民政府国有资产监督管理委员会,False,证监会2001版,G87,计算机应用服务业,正常上市
600185,2008,775513827.61,688687446.5,469799903.8,163988459.84,55500000.0,86826381.11,30363169.76,-432697225.61,-430861298.95,1193792203.27,526028736.85,0.8880401895894184,0.31870547511134284,0.6821670791119901,0.03915232543767022,-0.439441324837304,-1.4120702036406634,国有,国企,珠海市国有资产监督管理委员会,False,证监会2001版,G87,计算机应用服务业,正常上市
600185,2009,5392872301.65,3733729917.58,2015444080.59,0.0,1193318750.0,1659142384.07,1110229819.04,235165512.72,235165512.72,775513827.61,86826381.11,0.6923453233701882,0.319604999917467,0.5397937518459559,0.2058698513406881,0.07624863547516343,0.26938112228571937,国有,国企,珠海市人民政府国有资产监督管理委员会,False,证监会2001版,G87,计算机应用服务业,*ST
600185,2010,9629643142.47,7845270965.42,5254498919.62,30000000.0,2068685187.18,1784372177.05,2247284091.4,144098723.34,144098723.34,5392872301.65,1659142384.07,0.8147000724065971,0.2675095858932702,0.6697664035800066,0.23337148201148944,0.019184366809408347,0.08369282068209523,国有,国企,珠海市人民政府国有资产监督管理委员会,True,证监会2001版,J01,房地产开发与经营业,正常上市
600185,2011,11455352435.08,9446255265.5,7201546296.08,230000000.0,1612333658.02,2009097169.58,1627664039.49,252648676.12,252648676.12,9629643142.47,1784372177.05,0.8246149840464538,0.1950332281140704,0.7623704943038944,0.14208764406982063,0.023964783411100612,0.1332019072959929,国有,国企,珠海市人民政府国有资产监督管理委员会,True,证监会2001版,J01,房地产开发与经营业,正常上市
600185,2012,12747297831.8,10165777422.25,6628749327.95,330000000.0,2942545135.59,2581520409.55,650823521.28,320282359.14,321371350.38,11455352435.08,2009097169.58,0.7974848910245104,0.32191784254761746,0.6520651645826466,0.05105580256047878,0.026466717950991415,0.13953780885433673,国有,国企,珠海市人民政府国有资产监督管理委员会,True,证监会2012版,K70,房地产业,正常上市
600185,2013,15671907479.34,12669739773.83,7849286391.73,0.0,4290992164.9,3002167705.51,1425645718.46,351156589.27,352767958.02,12747297831.8,2581520409.55,0.8084363559785109,0.33868037082839425,0.6195301980821346,0.0909682321912252,0.024712625523863656,0.12577944255979512,国有,国企,珠海市人民政府国有资产监督管理委员会,True,证监会2012版,K70,房地产业,正常上市
600185,2014,18518761264.53,15195904494.5,8894429518.83,200000000.0,5016911564.9,3322856770.03,2390061022.27,312848573.41,313162163.73,15671907479.34,3002167705.51,0.8205680864629726,0.34331036805266885,0.585317545398449,0.1290616034263488,0.018300231314784695,0.09892406728854294,国有,国企,珠海市人民政府国有资产监督管理委员会,True,证监会2012版,K70,房地产业,正常上市
600185,2015,20612641815.72,16650883204.77,9834462132.92,836629627.86,3481652400.0,3961758610.95,3016083829.36,1369563723.97,1370765032.99,18518761264.53,3322856770.03,0.807799570459299,0.25934252103954075,0.5906270563535457,0.14632204141149038,0.06999819153743721,0.3760153837485796,国有,国企,珠海市人民政府国有资产监督管理委员会,True,证监会2012版,K70,房地产业,正常上市
600193,2005,686600599.37,374356730.31,348756730.31,103860000.0,25600000.0,312243869.06,5953720.22,11339800.31,8974688.51,763461075.81,303948085.39,0.5452321635802477,0.34581988119405743,0.9316160284368309,0.008671300644745895,0.015640438615953853,0.03680606417564042,民营,民营,陈榕生,False,证监会2001版,M,综合类,正常上市
600193,2006,711662320.49,405435991.41,391835991.41,62740000.0,13600000.0,306226329.08,5231619.99,9189345.73,11237637.84,686600599.37,312243869.06,0.5697027645510945,0.18829112761920694,0.9664558640867014,0.007351267362866534,0.013143945390356309,0.029716373586427376,民营,民营,陈榕生,False,证监会2001版,M,综合类,正常上市
600193,2007,790864837.05,371808149.16,369332248.49,17100000.0,0.0,419056687.89,12307892.9,116314429.72,118417453.15,711662320.49,306226329.08,0.47012856273504244,0.045991461022661356,0.9933409187625564,0.015562574441809293,0.15482506141244706,0.3207421847706414,民营,民营,陈榕生,False,证监会2001版,M,综合类,正常上市
600193,2008,614746049.3,148130337.71,124306591.6,25354857.37,10000000.0,466615711.59,9752919.73,52586422.1,52972309.44,790864837.05,419056687.89,0.24096183762168671,0.23867398074265825,0.8391703787468533,0.01586495714955057,0.07482358398141473,0.11874914952949822,其他,"民营,外资","陈冠全,陈榕生",False,证监会2001版,M,综合类,正常上市
600193,2009,721835694.64,389073055.47,164586159.28,0.0,0.0,332762639.17,8531317.83,11186927.59,10559605.13,614746049.3,466615711.59,0.5390050095320401,0.0,0.423021221763044,0.011818919309961266,0.01673960854354178,0.027989068203721438,其他,"民营,外资","陈冠全,陈榕生,关福荣",False,证监会2001版,M,综合类,正常上市
600193,2010,907969090.08,442358581.38,79935175.42,0.0,140000000.0,465610508.7,28651815.48,119565585.22,119040680.07,721835694.64,332762639.17,0.48719563938131893,0.31648532636859955,0.18070221486521398,0.031555937083139605,0.14672381176073346,0.29952306271570395,其他,"民营,外资","陈冠全,陈榕生,关福荣",False,证监会2001版,M,综合类,正常上市
600193,2011,862781694.02,439316512.32,96816512.32,15000000.0,160000000.0,423465181.7,43753666.21,-34439440.95,-34586257.28,907969090.08,465610508.7,0.5091861769494338,0.39834605595823647,0.22037986191030862,0.050712325624500044,-0.038898123055192274,-0.07747246116808235,其他,"民营,外资","陈冠全,陈榕生,关福荣",False,证监会2001版,M,综合类,正常上市
600193,2012,1086538324.65,551345755.91,278845755.91,50000000.0,100000000.0,535192568.74,39818452.04,109606067.96,111653027.8,862781694.02,423465181.7,0.5074333260058743,0.27206158457214197,0.5057547880272756,0.036647075521083414,0.11245569420128669,0.22866568993927924,其他,"民营,外资","陈冠全,陈榕生,关福荣",True,证监会2012版,K70,房地产业,正常上市
600193,2013,1227258678.8,505432101.32,260932101.32,69000000.0,80000000.0,721826577.48,182868275.74,80802951.37,83377891.86,1086538324.65,535192568.74,0.41183827831163183,0.2947972627992318,0.5162554982925357,0.14900548588404083,0.06984446020936004,0.12856280131131448,其他,"民营,外资","陈冠全,陈榕生,关福荣",False,证监会2012版,B08,黑色金属矿采选业,正常上市
600193,2014,829138967.04,493564450.3,329064450.3,40000000.0,0.0,335574516.74,161020355.63,-401547818.26,-398202453.22,1227258678.8,721826577.48,0.5952734944565561,0.08104311397566633,0.6667101937750722,0.19420189139685184,-0.390535185714021,-0.7594995323060542,其他,"民营,外资","陈冠全,陈榕生,关福荣",False,证监会2012版,B08,黑色金属矿采选业,正常上市
600193,2015,403257866.06,19263894.76,19263894.76,0.0,0.0,383993971.3,66129969.94,64364934.81,64364934.81,829138967.04,335574516.74,0.047770660863274424,0.0,1.0,0.16398928701904264,0.10445488511698774,0.17889870354195397,其他,"民营,外资","陈冠全,陈榕生,关福荣",False,证监会2012版,B08,黑色金属矿采选业,正常上市
600208,2005,2647840710.94,1905890657.59,1700998268.4,1054280610.0,194500000.0,741950053.35,570383996.29,10470296.91,6963263.35,2526562800.47,785935237.24,0.7197905258105186,0.6552215390882308,0.8924952025059578,0.21541476945095767,0.0040469580259491185,0.01370560600914856,民营,民营,高存班,False,证监会2001版,C99,其他制造业,正常上市
600208,2006,7332752041.43,4935917704.95,3650946516.78,648000000.0,1278553712.39,2396834336.48,742375771.81,227572873.6,235195710.25,2647840710.94,741950053.35,0.6731330443279818,0.39031317529016946,0.7396692439014203,0.10124108487721688,0.045603077742243384,0.14500701248378872,民营,民营,"黄伟,李萍",False,证监会2001版,C99,其他制造业,正常上市
600208,2007,10323750492.52,6141231280.08,4720434589.26,947900000.0,1411986982.59,4182519212.44,1828437834.41,433962617.67,414595715.77,7332752041.43,2396834336.48,0.594864364896225,0.38426935494916886,0.7686462818248572,0.17710984353358614,0.049156124417684056,0.1319164913219278,民营,民营,"黄伟,李萍",False,证监会2001版,C99,其他制造业,正常上市
600208,2008,13833079634.62,8752970061.89,5771177054.05,1450650000.0,1538477478.94,5080109572.73,1752149795.88,864741813.15,840545397.65,10323750492.52,4182519212.44,0.6327564282926538,0.3414986522065823,0.6593392886349996,0.12666375399841556,0.07159398055115432,0.18671628394187645,民营,民营,"黄伟,李萍",False,证监会2001版,C99,其他制造业,正常上市
600208,2009,21945320909.67,15255917794.39,10966540790.37,3488700000.0,2406570000.0,6689403115.28,5613836226.71,1226229967.3,1150170256.16,13833079634.62,5080109572.73,0.6951786149396258,0.3864251288878762,0.7188384821005449,0.25581016790856387,0.06854582366151626,0.20837395732606703,民营,民营,"黄伟,李萍",True,证监会2001版,J01,房地产开发与经营业,正常上市
600208,2010,28453106034.22,19473790825.41,12567783044.76,2402200000.0,5136468586.0,8979315208.81,6212615371.01,1734231334.13,1559964145.58,21945320909.67,6689403115.28,0.684417047544449,0.38711869987651887,0.6453691095603826,0.21834577088133042,0.06882085173256575,0.22136224524040257,民营,民营,"黄伟,李萍",True,证监会2001版,J01,房地产开发与经营业,正常上市
600208,2011,35307862599.2,23956326432.48,14165554067.67,3276271710.0,7128598586.0,11351536166.72,5121490740.87,1456099535.63,1407209199.2,28453106034.22,8979315208.81,0.6784983476463059,0.43432662037419356,0.5913074405458232,0.14505241506706334,0.045673695580176386,0.14324038956701501,民营,民营,"黄伟,李萍",True,证监会2001版,J01,房地产开发与经营业,正常上市
600208,2012,46459599769.13,32546483626.4,22149383790.42,3587600000.0,6853084942.0,13913116142.73,7265773004.79,2334479866.49,2309431581.17,35307862599.2,11351536166.72,0.7005330176784144,0.3207930251958483,0.6805461396282325,0.15638905717861415,0.05710046022888894,0.18480205766511265,民营,民营,"黄伟,李萍",True,证监会2012版,K70,房地产业,正常上市
600208,2013,58579251340.62,44413221170.65,27025953801.44,2827890000.0,13025720000.0,14166030169.97,10049909108.7,974541801.93,983137478.08,46459599769.13,13913116142.73,0.7581732465715724,0.35695699573524037,0.6085114542266034,0.17156090046735023,0.018555835134025762,0.06941391957413047,民营,民营,"黄伟,李萍",True,证监会2012版,K70,房地产业,正常上市
600208,2014,70849233162.2,50342833842.75,31780147717.64,3082900000.0,13389640000.0,20506399319.45,12752155568.04,1146004368.93,1081922249.92,58579251340.62,14166030169.97,0.7105628613861875,0.32720724565195,0.6312745090375309,0.17999002951585402,0.017708688675946455,0.06610464774495792,民营,民营,"黄伟,李萍",True,证监会2012版,K70,房地产业,正常上市
600208,2015,89067439340.57,63666692589.46,35665463757.43,2972380000.0,14910477393.0,25400746751.11,15931802925.46,1041679563.63,1160723279.77,70849233162.2,20506399319.45,0.7148144491503302,0.28088246248809384,0.5601903021319252,0.17887348107697423,0.013027779371934547,0.04538202231212205,民营,民营,"黄伟,李萍",True,证监会2012版,K70,房地产业,正常上市
600215,2005,4514303785.94,2253791233.54,1755002091.23,1181150000.0,486000000.0,2260512552.4,57034688.85,33281236.2,33034349.76,4331715199.52,2223634215.74,0.4992555531064465,0.7397091510474241,0.7786888444292338,0.012634215939927898,0.007524568114697382,0.014843954901951116,国有,国企,长春市国有资产监督管理委员会,True,证监会2001版,J01,房地产开发与经营业,正常上市
600215,2006,4650811202.97,2366671206.61,1171997851.36,292550000.0,1178516000.0,2284139996.36,71815363.25,31504548.14,31524905.14,4514303785.94,2260512552.4,0.5088727758070781,0.6215759907381231,0.4952094097763414,0.015441470340515828,0.006874883332750594,0.01386444741461961,国有,国企,长春市国有资产监督管理委员会,True,证监会2001版,J01,房地产开发与经营业,正常上市
600215,2007,4568595980.4,2275078318.06,1895267187.67,334700000.0,355000000.0,2293517662.34,105621319.27,1536174.61,1514481.88,4650811202.97,2284139996.36,0.49798194627418274,0.30315439891674567,0.8330557997168767,0.023118988792865947,0.000333248023315633,0.0006711618581090029,国有,国企,长春市国有资产监督管理委员会,True,证监会2001版,J01,房地产开发与经营业,正常上市
600215,2008,3231778146.68,940569828.32,697463020.32,111700000.0,216000000.0,2291208318.36,93654815.24,2110920.85,2095951.01,4568595980.4,2293517662.34,0.29103787006117543,0.34840581755138983,0.7415324193056186,0.02897934542202763,0.0005412357960297488,0.0009208492978146111,国有,国企,长春市国有资产监督管理委员会,True,证监会2001版,J01,房地产开发与经营业,正常上市
600215,2009,3081370407.37,787367566.54,563826609.48,3000000.0,186000000.0,2294002840.83,135826400.73,2794522.47,2877635.98,3231778146.68,2291208318.36,0.2555251276045164,0.24004036746209864,0.7160907223517905,0.04407986797209818,0.0008853023007694832,0.0012189285827759635,国有,国企,长春市国有资产监督管理委员会,True,证监会2001版,J01,房地产开发与经营业,正常上市
600215,2010,3611677527.94,1217956606.59,1023760431.32,0.0,186000000.0,2393720921.35,159224885.68,100893711.21,100881735.62,3081370407.37,2294002840.83,0.33722739562651055,0.1527148003414978,0.8405557519707498,0.04408613018416886,0.030148808789407525,0.04304592861209037,国有,国企,长春市国有资产监督管理委员会,True,证监会2001版,J01,房地产开发与经营业,正常上市
600215,2011,3905178896.93,1508602519.66,1354406344.39,220000000.0,146000000.0,2396576377.27,253363385.71,2855455.92,2865274.6,3611677527.94,2393720921.35,0.3863081716553283,0.24260863629108012,0.897788732777172,0.06487881666808606,0.0007597473620894345,0.0011921831744441441,国有,国企,长春市国有资产监督管理委员会,True,证监会2001版,J01,房地产开发与经营业,正常上市
600215,2012,4455002800.52,2048462846.99,1194266671.72,335000000.0,846000000.0,2406539953.53,350604533.29,9963576.26,9993743.12,3905178896.93,2396576377.27,0.4598117978177023,0.5765298607857862,0.583006264172596,0.07869906013281888,0.002383578879162175,0.0041487965619772865,国有,国企,长春市国有资产监督管理委员会,True,证监会2012版,K70,房地产业,正常上市
600215,2013,4730578400.05,2320552888.43,2086916898.38,570000000.0,226000000.0,2410025511.62,377399048.17,8135886.89,8128646.88,4455002800.52,2406539953.53,0.49054316241867435,0.3430217014095051,0.8993188256062248,0.07977862668252386,0.0017714473830997516,0.003378293910408473,国有,国企,长春市国有资产监督管理委员会,True,证监会2012版,K70,房地产业,正常上市
600215,2014,4049035498.15,1632222623.88,1524537209.05,330000000.0,100000000.0,2416812874.27,116384125.55,9224134.96,9238280.6,4730578400.05,2410025511.62,0.40311393284296,0.2634444552531906,0.9340252896544111,0.028743666387507784,0.0021012620980727036,0.0038220193934664763,国有,国企,长春市国有资产监督管理委员会,True,证监会2012版,K70,房地产业,正常上市
600215,2015,4046252431.46,1627554220.64,1469477845.37,379000000.0,150000000.0,2418698210.82,330786401.11,4656932.57,4679634.98,4049035498.15,2416812874.27,0.4022374402510358,0.32502757406876576,0.9028748945716597,0.08175130116403616,0.001150529199329999,0.001926138721658343,国有,国企,长春市国有资产监督管理委员会,True,证监会2012版,K70,房地产业,正常上市
600223,2005,4589693479.71,2865836751.5,2745836751.5,1589580358.05,120000000.0,1723856728.21,332080531.51,-142332353.74,-121067420.52,4199200660.32,1858763337.72,0.624407003249611,0.5965379420705639,0.9581274125481184,0.07235353144562989,-0.03238913826296562,-0.07945712976575563,民营,民营,"吕翠珍,孙梅,孙启玉",False,证监会2001版,M,综合类,正常上市
600223,2006,4223559734.04,3321003036.81,3142203036.81,2443653988.12,178800000.0,902556697.23,33369789.63,-821472147.17,-672949025.58,4589693479.71,1723856728.21,0.7863042660541066,0.7896572086965047,0.946160844173227,0.007900868398061105,-0.18641746180363453,-0.62554671645602,民营,民营,"吕翠珍,孙梅,孙启玉",False,证监会2001版,M,综合类,正常上市
600223,2007,3932331232.27,3250369396.65,3138959611.92,2653208189.79,111409784.73,681961835.62,38296278.81,10065211.5,22753744.36,4223559734.04,902556697.23,0.8265756887355782,0.8505550099534407,0.965723962068796,0.009738823244524311,0.002468206488187971,0.012704441496050123,民营,民营,"吕翠珍,孙梅,孙启玉",False,证监会2001版,M,综合类,*ST
600223,2008,4805409978.07,4347067184.96,3065199054.34,200000000.0,1278000000.0,458342793.11,822679977.6,-313760270.41,-297393985.19,3932331232.27,681961835.62,0.904619419528886,0.3399993460219778,0.705118859203508,0.17119870757217132,-0.07181724952867792,-0.550309562032466,国有,国企,山东省人民政府国有资产监督管理委员会,False,证监会2001版,M,综合类,ST
600223,2009,7235845056.07,6542891190.75,4981823060.13,200000000.0,1257200000.0,692953865.32,831418659.02,440012217.91,439366882.16,4805409978.07,458342793.11,0.9042331807894788,0.2227149982350484,0.7614100425776671,0.11490277259634522,0.07308411235580581,0.7643767828007697,国有,国企,山东省人民政府国有资产监督管理委员会,False,证监会2001版,M,综合类,ST
600223,2010,11137811533.45,9987277990.04,8564136416.98,200000000.0,1101080000.0,1150533543.41,1482785302.48,442579678.09,440981641.53,7235845056.07,692953865.32,0.8967002144043629,0.13027373437462403,0.8575045598531196,0.13313075894907864,0.04817545989647367,0.48015481526385717,国有,国企,山东省人民政府国有资产监督管理委员会,True,证监会2001版,J01,房地产开发与经营业,正常上市
600223,2011,17634377861.55,16231141412.14,14256139839.08,771300000.0,1672940000.0,1403236449.41,1251588247.7,230402906.0,234627546.18,11137811533.45,1150533543.41,0.9204260870200804,0.1505895326727819,0.8783202288174997,0.07097433533104466,0.01601566727070406,0.18044139186205851,国有,国企,山东省人民政府国有资产监督管理委员会,True,证监会2001版,J01,房地产开发与经营业,正常上市
600223,2012,21558537421.98,19826952588.04,18202647935.54,178700000.0,1322548000.0,1731584833.94,2385936900.92,326348384.53,246602027.84,17634377861.55,1403236449.41,0.9196798558247944,0.07571753618382997,0.9180759299601184,0.11067248460405384,0.016653437600603345,0.2082086058706674,国有,国企,山东省人民政府国有资产监督管理委员会,True,证监会2012版,K70,房地产业,正常上市
600223,2013,27298931080.63,25274635327.91,22632914959.87,650000000.0,2340000000.0,2024295752.72,3885620422.07,365710918.78,264026432.99,21558537421.98,1731584833.94,0.9258470690027734,0.11830042100343324,0.8954793873871315,0.14233599149334636,0.014970522623801658,0.19474043987389733,国有,国企,山东省人民政府国有资产监督管理委员会,True,证监会2012版,K70,房地产业,正常上市
600223,2014,30817631617.56,28565336192.97,25005236724.65,765000000.0,3408800000.0,2252295424.59,2191708403.99,244030076.14,206420706.11,27298931080.63,2024295752.72,0.9269153628500565,0.14611415639586214,0.8753699433372625,0.07111865153002725,0.008397952831701113,0.11412364007798204,国有,国企,山东省人民政府国有资产监督管理委员会,True,证监会2012版,K70,房地产业,正常上市
600223,2015,34760903817.61,32350125016.71,27847417603.53,929425000.0,4451466000.0,2410778800.9,2029304808.74,140983376.31,112491753.95,30817631617.56,2252295424.59,0.9306468320401182,0.1663329275302824,0.8608132917305825,0.05837894260137007,0.0042996805395074476,0.060467995786700285,国有,国企,山东省人民政府国有资产监督管理委员会,True,证监会2012版,K70,房地产业,正常上市
600225,2005,939075188.79,795723601.5,757089892.07,399280536.83,0.0,143351587.29,39236333.06,-297976103.33,-277561748.28,1176304511.04,540458729.25,0.8473481261125547,0.5017829508604816,0.9514483303534388,0.0417818866139527,-0.28172351597582834,-0.8715168406283313,民营,民营,高扬瑜,False,证监会2001版,A01,农业,正常上市
600225,2006,411905608.64,739848063.95,593352465.28,380370830.0,0.0,-327942455.31,33087319.89,-393305759.78,-384415479.85,939075188.79,143351587.29,1.7961592375320565,0.5141201937722527,0.801992320034103,0.08032743229509623,-0.5822521837885395,4.261378301091105,民营,民营,高扬瑜,False,证监会2001版,A01,农业,*ST
600225,2007,538804448.24,838996678.29,669750444.73,379266645.97,0.0,-300192230.05,37874240.87,47955406.86,48932949.9,411905608.64,-327942455.31,1.5571450477637578,0.45204785165896233,0.7982754426335168,0.07029311096765417,0.10088334821528663,-0.15269147836507557,民营,民营,高扬瑜,False,证监会2001版,A01,农业,暂停上市
600225,2008,491215549.61,727284862.96,665992145.66,281946345.97,0.0,-236069313.35,5885831.37,64122916.7,64504210.81,538804448.24,-300192230.05,1.4805819228186627,0.38766975683021576,0.9157239199912083,0.011982176408448487,0.12450810049095398,-0.2391479213424425,民营,民营,高扬瑜,False,证监会2001版,A01,农业,暂停上市
600225,2009,7087854444.84,6233629609.48,5075629609.48,408950000.0,1158000000.0,854224835.36,844705972.77,147371959.4,132910769.93,491215549.61,-236069313.35,0.8794804772011252,0.2513704050713903,0.8142334285888702,0.11917654056580562,0.038889193399168374,0.4768119159424607,国有,国企,天津市国有资产监督管理委员会,True,证监会2001版,J01,房地产开发与经营业,ST
600225,2010,9538204455.81,8473672201.59,6573250506.48,503000000.0,1898100000.0,1064532254.22,1364270591.81,218143299.26,185533818.08,7087854444.84,854224835.36,0.8883928039966095,0.2833600289080639,0.7757263144126102,0.14303222353123105,0.02624113153496306,0.2273797975206437,国有,国企,天津市国有资产监督管理委员会,True,证监会2001版,J01,房地产开发与经营业,正常上市
600225,2011,10545663194.16,9189389027.43,8068107332.32,686000000.0,1118960000.0,1356274166.73,960924248.07,271161110.29,238877442.91,9538204455.81,1064532254.22,0.8713903391603594,0.19641784612799157,0.8779808220369151,0.09112032409703193,0.027002877634518273,0.22402543874911565,国有,国企,天津市国有资产监督管理委员会,True,证监会2001版,J01,房地产开发与经营业,正常上市
600225,2012,10755457032.89,9329668437.44,7288063583.84,1020940000.0,2023614451.0,1425788595.45,1289040251.0,85410885.53,65467008.19,10545663194.16,1356274166.73,0.8674357964436135,0.32633040192320123,0.7811706956908532,0.11984988151206755,0.0080193796964291,0.061401120557807096,国有,国企,天津市国有资产监督管理委员会,True,证监会2012版,K70,房地产业,正常上市
600225,2013,12746599984.57,11645858326.16,8194986041.88,1682000000.0,3396883635.58,1100741658.41,2279318107.14,-291751579.37,-276097235.94,10755457032.89,1425788595.45,0.9136442926158765,0.43611071793406103,0.7036824433516994,0.17881773256391176,-0.02482774840970335,-0.2309503944583808,国有,国企,天津市国有资产监督管理委员会,True,证监会2012版,K70,房地产业,正常上市
600225,2014,13499223714.83,12366990526.97,7541288045.33,1428200000.0,4769023349.65,1132233187.86,1350159844.25,44263233.27,13324377.47,12746599984.57,1100741658.41,0.9161260520028163,0.5011100587596523,0.6097916893268349,0.10001759158689541,0.0033729734510875263,0.03964508005447359,国有,国企,天津市国有资产监督管理委员会,True,证监会2012版,K70,房地产业,正常上市
600225,2015,14798945635.71,12711518716.19,10077830433.54,1443621519.75,2510970000.0,2087426919.52,1575315187.9,-756340022.94,-679527402.21,13499223714.83,1132233187.86,0.8589475918822881,0.31110299312333484,0.7928108873965148,0.10644779882823201,-0.053455049587903265,-0.4698260050533546,国有,国企,天津市国有资产监督管理委员会,True,证监会2012版,K70,房地产业,正常上市
600238,2005,1019502760.3,495592224.06,495592224.06,267000000.0,0.0,523910536.24,175916308.04,51142259.14,28410280.56,1232719342.27,534979385.1,0.48611170401752174,0.5387493730484259,1.0,0.17255108557845852,0.045414934061469174,0.0965959881368607,国有,国企,海口市人民政府,False,证监会2001版,C0199,其他加工业,正常上市
600238,2006,972710751.07,429996658.74,429996658.74,163000000.0,0.0,542714092.33,123733469.2,31967489.0,32239986.15,1019502760.3,523910536.24,0.44206014816531597,0.3790727129778906,1.0,0.12720479244615202,0.032092432681090174,0.059941404208635425,国有,国企,海口市人民政府,False,证监会2001版,C0199,其他加工业,正常上市
600238,2007,1062695844.76,475006943.53,460006943.53,245000000.0,15000000.0,587688901.23,228209027.52,56714158.9,56559591.81,972710751.07,542714092.33,0.44698296871319365,0.5473604197610623,0.9684215142445541,0.21474538424636347,0.05572759665434124,0.10034325673782764,国有,国企,海口市人民政府,False,证监会2001版,C0199,其他加工业,正常上市
600238,2008,1034148372.68,612485546.27,586204217.07,280000000.0,15000000.0,421662826.41,102690697.2,-230740777.81,-225616474.32,1062695844.76,587688901.23,0.5922608036240884,0.4816440188613955,0.9570906948579413,0.09929977159261646,-0.22008385352699908,-0.457205890655189,国有,国企,海口市人民政府,False,证监会2001版,C0199,其他加工业,正常上市
600238,2009,1332730651.2,702639461.06,617252000.15,276000000.0,0.0,630091190.14,298794155.07,114488243.48,114165285.56,1034148372.68,421662826.41,0.527217904403518,0.39280458228694864,0.8784761379880591,0.2241969559272638,0.09674194779276941,0.21770916331852636,国有,国企,海口市人民政府,False,证监会2001版,C0199,其他加工业,正常上市
600238,2010,1298352365.45,564351042.24,524920625.75,205000000.0,5864862.05,734001323.21,368024544.29,195521587.09,196398899.28,1332730651.2,630091190.14,0.4346670882710641,0.3736413088085095,0.9301314013109742,0.28345505741228055,0.1486244150053052,0.286669100777966,国有,国企,海口市人民政府,False,证监会2001版,C0199,其他加工业,正常上市
600238,2011,1397549026.55,763651243.4,558123889.3,245356000.0,185000000.0,633897783.15,340286065.83,-46868622.7,-46121270.56,1298352365.45,734001323.21,0.5464217919318045,0.5635504475628541,0.7308622805550191,0.24348774845490231,-0.034770279683879475,-0.06852643222308713,国有,国企,海口市人民政府,False,证监会2001版,C0199,其他加工业,正常上市
600238,2012,1669325931.87,869110089.82,663306420.89,59120000.0,186000000.0,800215842.05,258015375.37,165339896.07,158214567.06,1397549026.55,633897783.15,0.5206353494110116,0.28203561651293957,0.763201841354041,0.15456261143740094,0.10782304352909138,0.23058130564367504,国有,国企,海口市人民政府,False,证监会2012版,C15,酒、饮料和精制茶制造业,正常上市
600238,2013,1423635020.15,533887104.7,468094241.39,20000000.0,49000000.0,889747915.45,356509812.67,134547740.1,135455523.71,1669325931.87,800215842.05,0.37501683868646857,0.1292408065161496,0.8767663374320118,0.25042219924629044,0.08700254687155196,0.15923150955502074,国有,国企,海口市人民政府,False,证监会2012版,C15,酒、饮料和精制茶制造业,正常上市
600238,2014,1416827999.83,529496367.23,512650878.37,60000000.0,0.0,887331632.6,207573378.81,42411032.88,41888157.64,1423635020.15,889747915.45,0.3737195815536765,0.1133152250201133,0.9681858273209214,0.14650570064602478,0.029862055996982228,0.047731158604056724,国有,国企,海口市政府国有资产监督管理委员会,True,证监会2012版,K70,房地产业,正常上市
600238,2015,1331336773.68,430859666.64,354565282.43,55000000.0,60000000.0,900477107.04,234949109.9,13279866.47,13118468.78,1416827999.83,887331632.6,0.32362935897056605,0.26690825088551856,0.8229252118097494,0.17647609120761232,0.009664534381640255,0.014856025899810834,不明,,,True,证监会2012版,K70,房地产业,正常上市
600239,2005,322681910.35,14209029.46,14209029.46,0.0,0.0,308472880.89,8061684.01,-16747769.45,-16341599.95,335804748.81,328021981.1,0.04403416802816136,0.0,1.0,0.0249833775970144,-0.050867452565749254,-0.052624994953260514,国有,国企,北京大学,False,证监会2001版,C05,饮料制造业,正常上市
600239,2006,348049863.28,37722937.23,37722937.23,0.0,0.0,310326926.05,111349616.14,5088294.25,5407396.83,322681910.35,308472880.89,0.1083837151220271,0.0,1.0,0.31992432087359046,0.015172366809051416,0.016445687904015037,其他,其他,阳泉盂县南娄集团职工合股基金会,False,证监会2001版,C05,饮料制造业,正常上市
600239,2007,957629740.04,208973061.59,164209719.44,0.0,0.0,748656678.45,95030464.35,47527559.25,47564061.16,348049863.28,310326926.05,0.2182190598855788,0.0,0.7857937199684398,0.09923508050828768,0.07280125863825997,0.08976070837742607,国有,国企,云南省国有资产监督管理委员会,True,证监会2001版,J01,房地产开发与经营业,正常上市
600239,2008,1488933772.23,636670987.39,445028020.41,84000000.0,150000000.0,852262784.84,202653233.65,58155118.6,57957944.01,957629740.04,748656678.45,0.427601951990415,0.3675367727360579,0.6989921470025979,0.1361062778141455,0.04754024844099945,0.07265214763581826,国有,国企,云南省人民政府国有资产监督管理委员会,True,证监会2001版,J01,房地产开发与经营业,正常上市
600239,2009,9305967472.28,5751752011.69,2448033641.81,770000000.0,3267000000.0,3554215460.59,2660633775.09,314727108.24,210912105.31,1488933772.23,852262784.84,0.6180713642963978,0.7018730974136409,0.4256152971885014,0.2859061976108685,0.05831032653495776,0.1428474580880577,国有,国企,云南省人民政府国有资产监督管理委员会,True,证监会2001版,J01,房地产开发与经营业,正常上市
600239,2010,12031147891.35,8263358336.68,3033097624.22,0.0,5020000000.0,3767789554.67,1721926744.18,326432894.54,329140131.26,9305967472.28,3554215460.59,0.6868304181200435,0.6075011872251571,0.3670538660724011,0.14312239860487533,0.03059765942836101,0.08916489236477491,国有,国企,云南省人民政府国有资产监督管理委员会,True,证监会2001版,J01,房地产开发与经营业,正常上市
600239,2011,13815210556.1,9885908019.88,5686244066.51,357393551.56,3978640000.0,3929302536.22,909346338.41,186314132.4,195516632.56,12031147891.35,3767789554.67,0.7155814223558795,0.4386075151458504,0.5751868270547619,0.06582211213628482,0.014417050880015304,0.04841156379576508,国有,国企,云南省人民政府国有资产监督管理委员会,True,证监会2001版,J01,房地产开发与经营业,正常上市
600239,2012,22226195615.51,18146050736.22,9502420640.87,510000000.0,8607230887.17,4080144879.29,4577459129.9,208772774.59,218246749.63,13815210556.1,3929302536.22,0.8164263039040848,0.5024360958592364,0.5236632906521591,0.20594883663786948,0.011585162554198641,0.05213163000127055,国有,国企,云南省国有资产监督管理委员会,True,证监会2012版,K70,房地产业,正常上市
600239,2013,24181437575.86,19302024718.74,11557194410.99,157000000.0,7582400000.0,4879412857.12,1679300888.88,458884040.19,319860656.11,22226195615.51,4080144879.29,0.7982165931279847,0.40096311722603645,0.5987555491921694,0.06944586663269446,0.01977623113412017,0.10243452940208854,国有,国企,云南省国有资产监督管理委员会,True,证监会2012版,K70,房地产业,正常上市
600239,2014,33478043707.37,28531125829.27,13708814207.63,320000000.0,14710470000.0,4946917878.1,3843006172.71,496465699.63,440736573.71,24181437575.86,4879412857.12,0.8522339620157984,0.5268095654529091,0.4804862692647819,0.11479183808652428,0.017220609293770905,0.10104803369797925,国有,国企,云南省国有资产监督管理委员会,True,证监会2012版,K70,房地产业,正常上市
600239,2015,45192299651.35,39606750995.16,20151131998.5,1135000000.0,15923930448.33,5585548656.19,3461485906.44,211328808.9,278648620.59,33478043707.37,4946917878.1,0.8764048588082164,0.4307076450278546,0.5087802329699422,0.07659459538781398,0.005372515229440036,0.04012902546843854,国有,国企,云南省国有资产监督管理委员会,True,证监会2012版,K70,房地产业,正常上市
600240,2005,1364269874.04,637073210.72,637073210.72,45000000.0,0.0,727196663.32,411130136.45,8939844.66,11360210.65,897042559.19,717078695.23,0.46697007889900916,0.0706355238970768,1.0,0.3013554314092739,0.007906775312096576,0.012379695612857755,民营,民营,田强,True,证监会2001版,J01,房地产开发与经营业,正常上市
600240,2006,1384918287.58,652841247.19,652841247.19,90000000.0,0.0,732077040.39,82181946.35,117343294.34,118000407.09,1364269874.04,727196663.32,0.47139333276533735,0.13785893643727876,1.0,0.059340646366656306,0.0853657788711368,0.16082424296644424,其他,外资,周文焕,True,证监会2001版,J01,房地产开发与经营业,正常上市
600240,2007,2912974870.88,1017033355.49,331833355.49,0.0,685200000.0,1895941515.39,1393180355.82,143531348.65,143803679.25,1384918287.58,732077040.39,0.3491390762264824,0.6737242159278789,0.3262757840721211,0.4782672070902983,0.06679149218377939,0.10923160974972619,其他,外资,周文焕,True,证监会2001版,J01,房地产开发与经营业,正常上市
600240,2008,3546720360.17,1524251564.94,542409064.94,0.0,981842500.0,2022468795.23,702890714.4,94633854.22,97158138.85,2912974870.88,1895941515.39,0.4297636718297521,0.6441472802677745,0.35585271973222554,0.19818047182222995,0.029299789180492843,0.04830216680653146,其他,外资,周文焕,True,证监会2001版,J01,房地产开发与经营业,正常上市
600240,2009,6675977525.94,4606627518.91,2816200433.11,850000000.0,1621227500.0,2069350007.03,1219905698.39,116143845.73,117022881.61,3546720360.17,2022468795.23,0.6900304114282307,0.5364504705135638,0.6113366929602237,0.1827306478564326,0.0227227385615708,0.056768811788953724,其他,外资,周文焕,True,证监会2001版,J01,房地产开发与经营业,正常上市
600240,2010,8413787073.46,6045082548.04,2710085462.24,0.0,3165797500.0,2368704525.42,1330215997.8,279302799.71,292106342.65,6675977525.94,2069350007.03,0.7184734407064193,0.5236979768004075,0.4483123994921611,0.1580995556680965,0.037018841197974106,0.12586722297700684,其他,外资,周文焕,True,证监会2001版,J01,房地产开发与经营业,正常上市
600240,2011,8445139822.9,5619257586.35,3392448304.88,385000000.0,2072329689.86,2825882236.55,336163227.23,441760128.71,448257955.79,8413787073.46,2368704525.42,0.6653836057412236,0.4373050446787158,0.6037182408439068,0.03980552534114989,0.05240667231380902,0.1700848013336354,其他,外资,周文焕（ZHOU WEN HUAN）,True,证监会2001版,J01,房地产开发与经营业,正常上市
600240,2012,10162402964.72,7121275323.48,2242718226.54,100000000.0,4740270000.0,3041127641.24,1480390035.52,223408626.59,230976066.15,8445139822.9,2825882236.55,0.7007471902267959,0.6796914569558693,0.3149321048078838,0.1456732271549703,0.024012695189247514,0.07615757642942785,其他,外资,周文焕(ZHOU WEN HUAN),True,证监会2012版,K70,房地产业,正常上市
600240,2013,13734677594.25,10286585633.13,5589852184.64,90000000.0,4509900000.0,3448091961.12,2632037496.22,497275785.26,500419077.52,10162402964.72,3041127641.24,0.7489499161914409,0.44717461790091995,0.5434118165153622,0.1916344579738732,0.041618120174377764,0.1532621226377208,其他,外资,周文焕(ZHOU WEN HUAN),True,证监会2012版,K70,房地产业,正常上市
600240,2014,16888011570.23,13036419000.17,6400048792.97,400000000.0,6416630000.0,3851592570.06,2983426539.14,410414630.75,414644717.26,13734677594.25,3448091961.12,0.7719333295075694,0.5228912939904056,0.4909361069850962,0.17665943244609988,0.026804610695395744,0.11244722398535108,其他,外资,周文焕(ZHOU WEN HUAN),True,证监会2012版,K70,房地产业,正常上市
600240,2015,20263082657.47,15672978884.62,11061327585.49,1130000000.0,1670000000.0,4590103772.85,3151957210.8,879220613.08,882616633.81,16888011570.23,3851592570.06,0.7734745571322114,0.17865142425143307,0.7057578311640906,0.15555171264319098,0.047332151655681234,0.20830425008557402,其他,外资,周文焕(ZHOU WEN HUAN),True,证监会2012版,K70,房地产业,正常上市
600246,2005,1914669866.96,1397953167.9,1397953167.9,0.0,0.0,516716699.06,870063916.25,81722718.21,40402920.94,1817185369.75,448793980.85,0.730127523299663,0.0,1.0,0.4544198095264518,0.0437973678111087,0.16928392385595933,国有,国企,天津经济技术开发区管理委员会,True,证监会2001版,J01,房地产开发与经营业,正常上市
600246,2006,4640051249.02,3583474845.29,2753474845.29,119000000.0,830000000.0,1056576403.73,564660637.89,28929011.31,29172920.18,1914669866.96,516716699.06,0.7722920832063753,0.26482675084138907,0.7683812400438852,0.12169275889124259,0.008826923616772307,0.036775107268567725,国有,国企,天津经济技术开发区管理委员会,True,证监会2001版,J01,房地产开发与经营业,正常上市
600246,2007,8075202989.05,5431146445.49,3971146445.49,119000000.0,1460000000.0,2644056543.56,2087997288.0,275047920.51,164939688.02,4640051249.02,1056576403.73,0.6725708880451242,0.2907305144222717,0.7311801449927063,0.25856901564348667,0.04326266944572686,0.14864912269206249,民营,民营,冯仑,True,证监会2001版,J01,房地产开发与经营业,正常上市
600246,2008,7385165614.59,4059037863.24,2626287863.24,0.0,1432750000.0,3326127751.35,890762438.13,831190677.7,527436425.34,8075202989.05,2644056543.56,0.5496204249260217,0.3529777371567439,0.6470222628432561,0.12061509309557335,0.10752533772115937,0.27844724271197063,民营,民营,冯仑,True,证监会2001版,J01,房地产开发与经营业,正常上市
600246,2009,9499566358.67,6157857713.67,4169297310.57,0.0,1003000000.0,3341708645.0,2042145359.48,344898940.51,274591002.43,7385165614.59,3326127751.35,0.6482251379874712,0.16288132117333798,0.67706944597217,0.21497248215084983,0.040853350951168106,0.10345153060407991,民营,民营,冯仑,True,证监会2001版,J01,房地产开发与经营业,正常上市
600246,2010,11876151579.0,8250228669.0,5188779763.0,16135486.0,2066000000.0,3625922910.0,3421054264.0,553520394.0,413608344.0,9499566358.67,3341708645.0,0.6946887309512336,0.2523730637701674,0.6289255693598764,0.28806084540460714,0.05178964239835352,0.15888337080705467,民营,民营,冯仑,True,证监会2001版,J01,房地产开发与经营业,正常上市
600246,2011,11307764036.0,7531181334.0,5101599873.0,383864514.0,1023460350.0,3776582702.0,1673278966.0,472869690.0,311458769.0,11876151579.0,3625922910.0,0.6660186142922093,0.18686641598264828,0.6773970306581918,0.1479761127551707,0.04079290986498011,0.12775936008300862,民营,民营,冯仑,True,证监会2001版,J01,房地产开发与经营业,正常上市
600246,2012,10746006948.0,6720655211.0,4137785628.0,278819221.0,702283250.0,4025351737.0,1738332325.0,475807037.0,374845287.0,11307764036.0,3776582702.0,0.6254095352367903,0.1459831579209993,0.6156818789375624,0.16176541978911813,0.04314972141002079,0.12197155480352531,民营,民营,冯仑,True,证监会2012版,K70,房地产业,正常上市
600246,2013,11925947884.0,7719678190.0,5010030663.0,0.0,1247614350.0,4206269694.0,2322380651.0,506879301.0,380672731.0,10746006948.0,4025351737.0,0.6473010166644125,0.16161481337604824,0.648994755958862,0.19473342275088545,0.04471421231702284,0.12315418177301259,民营,民营,冯仑,True,证监会2012版,K70,房地产业,正常上市
600246,2014,14230816410.0,10418353708.0,7485568448.0,1332000000.0,2860000000.0,3812462702.0,1554568848.0,97649064.0,45089851.0,11925947884.0,4206269694.0,0.7320981037095678,0.4023668342898615,0.7184982059355515,0.10923961094091579,0.007466448288666909,0.024355237006963962,民营,民营,冯仑,True,证监会2012版,K70,房地产业,正常上市
600246,2015,13667897961.0,10473553085.0,5842537926.0,1343685352.0,3065000000.0,3194344876.0,1519113186.0,-589013413.0,-612220333.0,14230816410.0,3812462702.0,0.7662885042663657,0.4209350271317215,0.5578372380971228,0.11114460982476163,-0.04222512945702361,-0.1681260421220604,民营,民营,冯仑,True,证监会2012版,K70,房地产业,正常上市
600256,2005,4693799532.28,2823300841.02,2423432657.95,436934600.0,399068183.07,1870498691.26,258174638.41,203575119.18,193717458.39,4534118861.8,1669707678.62,0.6014958290407835,0.2961082896033033,0.858368553127503,0.05500333719718797,0.0441215690226736,0.11500748708437607,民营,民营,孙广信,True,证监会2001版,J01,房地产开发与经营业,正常上市
600256,2006,4057387210.15,1744130419.12,1486443047.47,626600000.0,255657371.65,2313256791.03,226063591.83,197241653.14,182862619.93,4693799532.28,1870498691.26,0.42986541061618816,0.505843692638044,0.8522545282020734,0.055716543706865615,0.0450776926479415,0.09428928338423773,民营,民营,孙广信,True,证监会2001版,J01,房地产开发与经营业,正常上市
600256,2007,4541111123.8,2049300835.42,1954441573.08,844800000.0,92697365.83,2491810288.38,560547757.37,417474351.45,390225754.19,4057387210.15,2313256791.03,0.4512774031623225,0.4574718116668614,0.9537114021033622,0.12343845858168162,0.09710401403502268,0.17376421371468573,民营,民营,孙广信,True,证监会2001版,J01,房地产开发与经营业,正常上市
600256,2008,4855348938.99,1885378883.27,1664032038.4,713600000.0,154000000.0,2969970055.72,210609846.32,482832428.88,477245776.68,4541111123.8,2491810288.38,0.3883096574439391,0.4601727576874284,0.8825982157569856,0.04337687135701737,0.10276900570077817,0.17680404500395988,民营,民营,孙广信,True,证监会2001版,J01,房地产开发与经营业,正常上市
600256,2009,9209683075.91,4831120955.36,3040499829.12,865133705.7,242000000.0,4378562120.55,962491811.29,528869914.66,537403189.01,4855348938.99,2969970055.72,0.5245697290058638,0.2291670434108392,0.6293570078692909,0.10450867889337191,0.07520351380640071,0.1439389260260261,民营,民营,孙广信,True,证监会2001版,J01,房地产开发与经营业,正常上市
600256,2010,12682617179.35,7627502481.67,2790720489.21,1192695100.0,3394353690.0,5055114697.68,800639387.88,686266380.89,688378485.22,9209683075.91,4378562120.55,0.601413917475109,0.6013827987632054,0.36587605129156076,0.06312887762500718,0.06269477148479294,0.14549287496553465,民营,民营,孙广信,True,证监会2001版,J01,房地产开发与经营业,正常上市
600256,2011,18851446621.1,10653712750.8,2642040817.0,1073836000.0,4782864304.39,8197733870.3,2876548028.36,962532785.7,976629031.17,12682617179.35,5055114697.68,0.5651403292771993,0.5497332658936401,0.24799249602460008,0.1525903070558174,0.06104717690628028,0.14525673944929252,民营,民营,孙广信,True,证监会2001版,J01,房地产开发与经营业,正常上市
600256,2012,23212326665.03,14460015251.96,7010426458.51,2321784992.43,4247468824.39,8752311413.07,1906366773.2,985044728.92,964003224.75,18851446621.1,8197733870.3,0.6229455349577001,0.45430476402364534,0.48481459641335883,0.08212734555696191,0.04683577586915181,0.1162291560231341,民营,民营,孙广信,False,证监会2012版,S90,综合,正常上市
600256,2013,28959691308.13,18791545298.84,11195994115.57,3212154749.51,4321011771.47,10168146009.29,1753537855.07,753469716.12,751080073.35,23212326665.03,8752311413.07,0.6488862432578677,0.4008806301547229,0.5957995437587098,0.060550985727452156,0.028884054916473577,0.07964603595995066,民营,民营,孙广信,False,证监会2012版,S90,综合,正常上市
600256,2014,37636264252.2,25049161539.61,12756845375.38,2885745682.68,7275821881.47,12587102712.59,2751564865.09,1683877037.12,1638038642.0,28959691308.13,10168146009.29,0.6655591897154292,0.4056649779706841,0.5092723505019408,0.0731094044470463,0.05056994896918499,0.1479990008196123,民营,民营,孙广信,False,证监会2012版,B07,石油和天然气开采业,正常上市
600256,2015,40870858648.45,28171544052.34,14893738537.21,3469306068.78,7353567456.0,12699314596.11,2394389428.93,229981478.58,248387955.94,37636264252.2,12587102712.59,0.6892819232073655,0.38417750566572245,0.5286802352593409,0.05858427026271457,0.005858869108502151,0.01819011968143648,民营,民营,孙广信,False,证监会2012版,B07,石油和天然气开采业,正常上市
600266,2005,5600184867.08,3579555566.0,3367345566.0,1400000000.0,200000000.0,2020629301.08,326708912.23,173161575.71,145820256.92,5970945186.81,1866314856.93,0.6391852503016424,0.44698286435260776,0.9407161039723332,0.05833895129971839,0.029929933360620435,0.08909908075378864,国有,国企,北京市国有资产监督管理委员会,False,证监会2001版,E01,土木工程建筑业,正常上市
600266,2006,7012103520.31,5009226415.56,4697226415.56,2000000000.0,300000000.0,2002877104.75,859160971.62,118063303.17,78344997.3,5600184867.08,2020629301.08,0.7143685772822912,0.45915273321556865,0.9377149335811924,0.12252542609097378,0.018721947919941615,0.05868677281036663,国有,国企,北京市资产监督管理委员会,False,证监会2001版,E01,土木工程建筑业,正常上市
600266,2007,10216466137.32,6676931398.35,5980298158.36,1350000000.0,200000000.0,3539534738.97,1304056896.22,313366944.6,264883417.91,7012103520.31,2002877104.75,0.653546080279135,0.23214256782435044,0.8956656586044672,0.12764265830201071,0.036377592664660875,0.11307963155248743,国有,国企,北京市国有资产监督管理委员会,False,证监会2001版,E01,土木工程建筑业,正常上市
600266,2008,10625126725.97,7015154840.85,4209925006.33,500000000.0,2300000000.0,3609971885.12,1211076142.42,311397579.67,316157982.97,10216466137.32,3539534738.97,0.6602419925687584,0.39913587989466737,0.6001186148900313,0.11398227744991318,0.029882320580063723,0.08711022901098023,国有,国企,北京市国有资产监督管理委员会,False,证监会2001版,E01,土木工程建筑业,正常上市
600266,2009,15058273644.79,10160155531.51,6730973074.8,400000000.0,1920000000.0,4898118113.28,1941053709.6,833813090.09,849971464.46,10625126725.97,3609971885.12,0.67472246627855,0.22834296116874522,0.6624872083822957,0.12890280488903078,0.0649301165774979,0.1960047649347395,国有,国企,北京市国有资产监督管理委员会,False,证监会2001版,E01,土木工程建筑业,正常上市
600266,2010,17951025261.44,12415560477.04,10611493822.95,530000000.0,403000000.0,5535464784.4,2564281093.86,1415232932.29,1201148140.16,15058273644.79,4898118113.28,0.6916351738253889,0.07514763443224248,0.8546930960204135,0.1428487262712647,0.08574753049498403,0.2712841688553008,国有,国企,北京市国有资产监督管理委员会,True,证监会2001版,J01,房地产开发与经营业,正常上市
600266,2011,21990415239.49,15469908289.58,10220738751.95,30000000.0,3845000000.0,6520506949.91,2994111613.89,1301229943.03,855470599.7,17951025261.44,5535464784.4,0.70348413711622,0.2504862942600679,0.660685154729349,0.13615530135662135,0.0651568860166524,0.21586479658488905,国有,国企,北京市国有资产监督管理委员会,True,证监会2001版,J01,房地产开发与经营业,正常上市
600266,2012,30008907812.25,21575310742.24,15277626061.5,179000000.0,4637800000.0,8433597070.01,5686315632.41,1425542934.58,1094868120.63,21990415239.49,6520506949.91,0.7189635449988853,0.22325518540827782,0.7081068840222804,0.18948759041769514,0.05482928818752375,0.19065574676771924,国有,国企,北京市人民政府国有资产监督管理委员会,True,证监会2012版,K70,房地产业,正常上市
600266,2013,36256809903.56,26819619793.5,17289079068.06,0.0,8347400000.0,9437190110.06,5070473631.16,1420663868.47,1284374807.88,30008907812.25,8433597070.01,0.7397126185353285,0.3112422944199632,0.6446429591910241,0.13984886272805094,0.04287779314675863,0.15899286966545761,国有,国企,北京市人民政府国有资产监督管理委员会,True,证监会2012版,K70,房地产业,正常上市
600266,2014,50351931500.64,33664626375.84,20222117171.53,0.0,11477656403.75,16687305124.8,6599969791.86,1499542175.4,1372788811.44,36256809903.56,9437190110.06,0.6685865938511635,0.3409411491935386,0.6006933493265426,0.13107679477551146,0.03462796366943352,0.1147997051747083,国有,国企,北京市人民政府国有资产监督管理委员会,True,证监会2012版,K70,房地产业,正常上市
600266,2015,64034559471.63,43629291469.14,26346017106.1,20000000.0,5782762456.46,20405268002.49,6995199796.82,1483596553.74,1429031990.9,50351931500.64,16687305124.8,0.6813397613591706,0.13300152858463052,0.6038607600294207,0.1092410075830875,0.02594006584395808,0.07999426454717849,国有,国企,北京市国有资产监督管理委员会,True,证监会2012版,K70,房地产业,正常上市
600275,2005,2189631580.96,1339908369.6,1320126626.34,220964400.0,9400000.0,849723211.36,15038809.11,16089799.26,4116362.84,2767575191.97,834091491.03,0.6119332499819645,0.1719254877620999,0.9852364954881911,0.0068681915445367005,0.006491477962090326,0.01911112812729596,民营,民营,傅小安,False,证监会2001版,A0705,淡水渔业,正常上市
600275,2006,2380349149.06,1656669677.43,1647528072.05,68382000.0,0.0,723679471.63,1083084.42,-117540485.32,-98986474.0,2189631580.96,849723211.36,0.6959775955910582,0.04127678615213223,0.9944819383703687,0.00045501073673486517,-0.05144025424347274,-0.14940928548136592,民营,民营,傅小安,False,证监会2001版,A0705,淡水渔业,正常上市
600275,2007,2513402063.35,2220930127.62,2220730127.62,13692017.14,0.0,292471935.73,1272829.77,-82399412.2,-81433103.51,2380349149.06,723679471.63,0.8836350379452711,0.006164992301974256,0.9999099476397241,0.0005064170944076901,-0.03367535807339139,-0.1621793988635548,民营,民营,翦英海,False,证监会2001版,A0705,淡水渔业,正常上市
600275,2008,3077437735.36,2759909892.53,2759709892.53,10592000.0,0.0,317527842.83,4031529.78,1255907.1,958513.63,2513402063.35,292471935.73,0.8968207092603109,0.0038378064547210087,0.9999275338660363,0.0013100280579773907,0.000449273148656408,0.004117729691524694,民营,民营,翦英海,False,证监会2001版,A0705,淡水渔业,*ST
600275,2009,2984513982.9,2748616628.12,2748416628.12,10292000.0,0.0,235897354.78,3161544.66,-81630488.05,-79405099.43,3077437735.36,317527842.83,0.920959541107332,0.0037444290683199158,0.9999272361238181,0.0010593164173846432,-0.026932081231894372,-0.29500098081014803,民营,民营,翦英海,False,证监会2001版,A0705,淡水渔业,ST
600275,2010,2896195107.92,2635853272.23,2635653272.23,480000.0,0.0,260341835.69,6225853.86,24444480.91,23016313.48,2984513982.9,235897354.78,0.9101090133817078,0.0001821042184164931,0.9999241232423265,0.0021496665894416575,0.0083134467400058,0.09851894561914003,民营,民营,翦英海,False,证监会2001版,A0705,淡水渔业,ST
600275,2011,2817878418.34,2587464221.01,2587264221.01,480000.0,0.0,230414197.33,3970565.29,-30329515.7,-29578786.0,2896195107.92,260341835.69,0.9182313204748784,0.0001855098115376587,0.9999227042451927,0.0014090619609979634,-0.010615724687691026,-0.1236032311752099,民营,民营,翦英海,False,证监会2001版,A0705,淡水渔业,ST
600275,2012,345506602.69,90252266.89,90052266.89,480000.0,0.0,255254335.8,19606545.86,5164939.28,5117053.41,2817878418.34,230414197.33,0.2612171987085796,0.005318425969123046,0.997783989179532,0.056747239292534286,0.0032654509303570597,0.02126940053831937,民营,民营,翦英海,True,证监会2012版,K70,房地产业,正常上市
600275,2013,314798697.55,98566293.45,98016293.45,480000.0,0.0,216232404.1,1837557.21,-39021931.7,-39062050.8,345506602.69,255254335.8,0.31310896206724154,0.004869818912724875,0.9944199991625028,0.005837245275476839,-0.11819360433974033,-0.16552716501964132,民营,民营,翦英海,True,证监会2012版,K70,房地产业,正常上市
600275,2014,366667359.44,144737800.01,140849466.69,37980000.0,0.0,221929559.43,3322626.08,5697155.33,5762378.05,314798697.55,216232404.1,0.394738708760588,0.26240553606159517,0.9731353294044034,0.009061690369916064,0.016720290824649545,0.02600479185414244,民营,民营,翦英海,True,证监会2012版,K70,房地产业,正常上市
600275,2015,385793346.17,199697249.8,198843916.48,80000000.0,0.0,186096096.37,28356865.74,-35833463.06,-35848923.19,366667359.44,221929559.43,0.5176275116782427,0.40060641836640853,0.9957268649375259,0.0735027340971934,-0.09524341349081016,-0.17564318591556566,民营,民营,翦英海,True,证监会2012版,K70,房地产业,正常上市
600322,2005,4173613468.75,2389768669.51,2067558423.35,828500000.0,314190000.0,1783844799.24,302278861.92,21875294.97,21639134.58,3550169182.71,1798921377.99,0.5725898402914963,0.478159252223479,0.8651709471837429,0.07242617558701063,0.005664399415968803,0.012211399732992225,国有,国企,天津市国有资产监督管理委员会,True,证监会2001版,J01,房地产开发与经营业,正常上市
600322,2006,5047190487.45,3163638971.97,2593911725.81,851500000.0,561707000.0,1883551515.48,554349997.67,30490055.15,33241276.52,4173613468.75,1783844799.24,0.6268118827368393,0.4467029937742849,0.8199139499772851,0.10983338137294578,0.006613318165060588,0.016627630358693787,国有,国企,天津市国有资产监督管理委员会,True,证监会2001版,J01,房地产开发与经营业,正常上市
600322,2007,8131553792.17,4219555672.89,3072845438.61,1220000000.0,1119660000.0,3911998119.28,1905401192.55,58446579.33,56179237.0,5047190487.45,1883551515.48,0.5189113643880799,0.5544801826012056,0.7282391030772652,0.2343219071347398,0.008869825241299131,0.020169468993744655,国有,国企,天津市国有资产监督管理委员会,True,证监会2001版,J01,房地产开发与经营业,正常上市
600322,2008,9520443481.46,5535153135.1,3268979900.82,642000000.0,2239123000.0,3985290346.36,1003510557.02,128755778.62,112364598.92,8131553792.17,3911998119.28,0.5813965647586788,0.5205136930593608,0.5905852685611275,0.10540586254980924,0.01458823912377847,0.03260759162596084,国有,国企,天津市国有资产管理委员会,True,证监会2001版,J01,房地产开发与经营业,正常上市
600322,2009,10208610242.89,6090835396.8,4002092495.85,0.0,1770423000.0,4117774846.09,1066450922.21,165874978.11,156416168.77,9520443481.46,3985290346.36,0.5966370790815616,0.29066997951219364,0.6570679118914652,0.10446582804478721,0.016815299955848743,0.04094129176315979,国有,国企,天津市国有资产监督管理委员会,True,证监会2001版,J01,房地产开发与经营业,正常上市
600322,2010,12682784446.82,8303740119.54,6173995136.91,0.0,1815500000.0,4379044327.28,1270476620.47,285678070.55,226184932.87,10208610242.89,4117774846.09,0.654725321112118,0.21863641851312812,0.7435197932533586,0.10017331965210141,0.024959429027573955,0.06724353307302282,国有,国企,天津市国有资产监督管理委员会,True,证监会2001版,J01,房地产开发与经营业,正常上市
600322,2011,12315769358.26,7506614425.78,6817954371.45,96000000.0,653500000.0,4809154932.48,665073851.61,405806496.96,267888908.91,12682784446.82,4379044327.28,0.6095124232531545,0.09984527744304926,0.9082595674602746,0.054001811195331054,0.032466397866386595,0.08833210632190837,国有,国企,天津市国有资产监督管理委员会,True,证监会2001版,J01,房地产开发与经营业,正常上市
600322,2012,12198351314.39,7209804260.55,4622967864.35,558210000.0,2293100000.0,4988547053.84,1296310953.29,337193242.81,260219560.87,12315769358.26,4809154932.48,0.5910474354058673,0.39547675595044346,0.6412057383645721,0.10626935721721541,0.027510123435608352,0.06883108779605762,国有,国企,天津市国有资产监督管理委员会,True,证监会2012版,K70,房地产业,正常上市
600322,2013,17604480748.38,12020649232.99,8100491321.93,1672530000.0,3647570000.0,5583831515.39,3159647798.03,178751239.13,143704443.04,12198351314.39,4988547053.84,0.6828175965426395,0.44258008838651436,0.6738813490787714,0.17947974968365693,0.011995587449777825,0.033814763245470635,国有,国企,天津市国有资产监督管理委员会,True,证监会2012版,K70,房地产业,正常上市
600322,2014,18780210414.98,12837913909.85,6929220086.27,900550000.0,4691434594.0,5942296505.13,775619956.13,307507095.34,168363178.81,17604480748.38,5583831515.39,0.6835873308219094,0.43558358727655133,0.5397465768136595,0.04129985442076454,0.0169031032287373,0.05335826476897431,国有,国企,天津市人民政府国有资产监督管理委员会,True,证监会2012版,K70,房地产业,正常上市
600322,2015,24391013134.57,18788312431.73,7211970526.41,403950000.0,6413809873.0,5602700702.84,3124646549.79,182260295.65,4494808.1,18780210414.98,5942296505.13,0.7702965156908899,0.36287239196033694,0.3838540876204672,0.1281064682533158,0.008443601115025604,0.03157390034259653,国有,国企,天津市人民政府国有资产监督管理委员会,True,证监会2012版,K70,房地产业,正常上市
600325,2005,3534135150.35,2435713527.25,1513695847.25,860700000.0,835000000.0,1098421623.1,837507744.55,128811674.62,128811674.62,2315293870.33,1051316657.4,0.6891964861640284,0.696182034968004,0.6214588991337631,0.23697671676960574,0.044042478048575605,0.1198394016503629,国有,国企,珠海市国有资产监督管理委员会,True,证监会2001版,J01,房地产开发与经营业,正常上市
600325,2006,5545631703.62,4327991897.94,1998474217.94,100000000.0,1850000000.0,1217639805.68,1493229574.98,142251468.4,142255518.24,3534135150.35,1098421623.1,0.7804326232329554,0.45055537209488405,0.4617555358389688,0.26926230496072623,0.031333727107277554,0.12283911526036845,国有,国企,珠海市人民政府国有资产监督管理委员会,True,证监会2001版,J01,房地产开发与经营业,正常上市
600325,2007,9241185991.14,6973797045.01,4297348430.21,310000000.0,2675000000.0,2267388946.13,1572160301.58,359087317.73,362828235.28,5545631703.62,1217639805.68,0.7546430784637533,0.42803081029378015,0.6162135781231124,0.1701253825090536,0.0485685730550732,0.20607423542402786,国有,国企,珠海市人民政府国有资产监督管理委员会,True,证监会2001版,J01,房地产开发与经营业,正常上市
600325,2008,13529483552.71,8725356388.24,5365263258.38,429500000.0,3358500000.0,4804127164.47,1852039287.77,645226432.26,651262114.65,9241185991.14,2267388946.13,0.6449142241273713,0.4341369946911797,0.6149047694614835,0.1368891340570816,0.05667171367249195,0.18248602482650758,国有,国企,珠海市人民政府国有资产监督管理委员会,True,证监会2001版,J01,房地产开发与经营业,正常上市
600325,2009,17464430623.86,11935797236.49,6682651882.66,560000000.0,3486000000.0,5528633387.37,2907535725.27,688344645.97,679739911.09,13529483552.71,4804127164.47,0.6834346617738141,0.3389802892789272,0.5598831607351592,0.1664832818138204,0.04441805201166605,0.13323538129361248,国有,国企,珠海市人民政府国有资产监督管理委员会,True,证监会2001版,J01,房地产开发与经营业,正常上市
600325,2010,20326276966.78,13777315141.28,8376784036.14,324000000.0,3626500000.0,6548961825.5,4300932877.1,765744443.38,751805935.1,17464430623.86,5528633387.37,0.6778080985414489,0.2867394669781048,0.6080128058507736,0.21159471968866592,0.04052554144657824,0.12680412447736542,国有,国企,珠海市人民政府国有资产监督管理委员会,True,证监会2001版,J01,房地产开发与经营业,正常上市
600325,2011,22540474538.61,15588557842.83,9730035209.98,220000000.0,4077046079.08,6951916695.78,2654628844.92,777724900.37,770053243.96,20326276966.78,6548961825.5,0.6915807303048597,0.2756538560144252,0.6241780226292938,0.11777164852376273,0.03628569336644089,0.11521100632735196,国有,国企,珠海市人民政府国有资产监督管理委员会,True,证监会2001版,J01,房地产开发与经营业,正常上市
600325,2012,28964301616.71,20216639407.2,11868885742.7,946500000.0,6555252717.45,8747662209.51,3687053222.67,587350011.36,545823587.36,22540474538.61,6951916695.78,0.6979847011238371,0.3710682357414115,0.587084999818169,0.1272964655409774,0.02280759398269249,0.07482366436746803,国有,国企,珠海市人民政府国有资产监督管理委员会,True,证监会2012版,K70,房地产业,正常上市
600325,2013,43728167241.85,33665392927.67,19017197228.8,946900000.0,12848330000.0,10062774314.18,6417535971.52,547678099.44,538337740.2,28964301616.71,8747662209.51,0.7698788915957714,0.40977481028185275,0.5648886163205756,0.14675977467855328,0.015068358745818206,0.058231301410815235,国有,国企,珠海市人民政府国有资产监督管理委员会,True,证监会2012版,K70,房地产业,正常上市
600325,2014,67431090991.88,54445196200.96,33342393345.03,5769810000.0,19284580000.0,12985894790.92,6644985860.37,628761027.79,646702088.06,43728167241.85,10062774314.18,0.8074197732840516,0.4601763194593508,0.6124028504179051,0.0985448368493724,0.011312796392864193,0.05455942162412089,国有,国企,珠海市人民政府国有资产监督管理委员会,True,证监会2012版,K70,房地产业,正常上市
600325,2015,91636076503.46,72666335339.84,33964516957.69,9185880000.0,33870632353.54,18969741163.62,8963667089.75,688786843.57,708014186.78,67431090991.88,12985894790.92,0.7929882870650431,0.5925235138414069,0.46740374065717655,0.09781810212500258,0.00866032701047724,0.04310894294514222,国有,国企,珠海市人民政府国有资产监督管理委员会,True,证监会2012版,K70,房地产业,正常上市
600340,2005,464536212.36,109154148.51,109154148.51,60000000.0,0.0,355382063.85,173886544.3,-23193346.4,-22261870.0,489440025.5,397555410.25,0.23497446615724588,0.5496813526469237,1.0,0.3743229045946665,-0.04862457885120555,-0.06160762931270868,其他,外资,陈和贵,False,证监会2001版,C76,电器机械及器材制造业,正常上市
600340,2006,438108552.88,99376472.69,99376472.69,25000000.0,0.0,338732080.19,80914857.4,7602655.44,7166940.63,464536212.36,355382063.85,0.22683070676600026,0.25156859891763583,1.0,0.18469134388746564,0.016845287831428492,0.02190606690637291,其他,外资,陈天麟,False,证监会2001版,C76,电器机械及器材制造业,正常上市
600340,2007,468079620.35,160730589.94,160730589.94,55000000.0,0.0,307349030.41,56138678.61,-31172134.49,-32181893.7,438108552.88,338732080.19,0.3433830121034023,0.3421875078075135,1.0,0.11993403722217832,-0.06879836972246202,-0.09649604044622566,其他,外资,陈天麟,False,证监会2001版,C76,电器机械及器材制造业,正常上市
600340,2008,377196871.18,111437832.16,111437832.16,40000000.0,0.0,265759039.02,40118447.14,-38530925.1,-38819198.37,468079620.35,307349030.41,0.295436788251675,0.3589445274076121,1.0,0.10635943775062573,-0.09116762499867179,-0.1344630346535583,其他,外资,陈天麟,False,证监会2001版,C76,电器机械及器材制造业,正常上市
600340,2009,340167650.95,67680058.44,67680058.44,20000000.0,0.0,272487592.51,83825905.44,7465255.23,7465255.23,377196871.18,265759039.02,0.19896088958190808,0.29550801906783936,1.0,0.24642527061552147,0.020813003709283396,0.02773916191088662,其他,外资,陈天麟,False,证监会2001版,C76,电器机械及器材制造业,*ST
600340,2010,363664125.98,88961698.55,88961698.55,0.0,0.0,274702427.43,58981425.12,2214834.92,2214834.92,340167650.95,272487592.51,0.244625994687451,0.0,1.0,0.16218653671449498,0.006293648546704584,0.008095304516858179,民营,民营,王文学,False,证监会2001版,C76,电器机械及器材制造业,ST
600340,2011,27579843007.6,23571008273.27,21310000354.12,289000000.0,929100000.0,4008834734.33,3574279930.71,1279383399.74,1357969727.64,363664125.98,274702427.43,0.8546462090728613,0.05167789115671178,0.9040767415234404,0.12959754447206456,0.09156927894727658,0.5973490372215344,民营,民营,王文学,True,证监会2001版,J01,房地产开发与经营业,正常上市
600340,2012,43193448032.69,38234854258.78,31948141744.15,670000000.0,5228200000.0,4958593773.91,5556479361.6,1866719169.59,1783624332.26,27579843007.6,4008834734.33,0.8852003255179535,0.1542623900193258,0.8355763965495865,0.12864171800766408,0.05275208040070679,0.41633321478386076,民营,民营,王文学,True,证监会2012版,K70,房地产业,正常上市
600340,2013,74093810903.27,64138570566.48,54415091427.59,3394600000.0,7303900000.0,9955240336.79,9943755630.76,2686376090.68,2714894781.44,43193448032.69,4958593773.91,0.8656400552836102,0.16680290666769604,0.8483988799093742,0.1342049424848945,0.04580848960153101,0.36025291293171174,民营,民营,王文学,True,证监会2012版,K70,房地产业,正常上市
600340,2014,113964189090.04,96567913330.45,84783495096.2,7938000000.0,9488610300.0,17396275759.59,16193922419.66,3801406142.51,3537537462.28,74093810903.27,9955240336.79,0.8473531387491761,0.1804596340439408,0.8779675585002611,0.1420965879629576,0.04042801840544122,0.27796675907213203,民营,民营,王文学,True,证监会2012版,K70,房地产业,正常上市
600340,2015,168623352113.69,142993351996.41,113839397420.94,7008404590.0,20594585785.97,25630000117.28,36801674322.0,4987091306.22,4800773031.39,113964189090.04,17396275759.59,0.8480044442480326,0.19303687892191662,0.7961167133406178,0.21824779225825974,0.03529590359841507,0.2318160800387074,民营,民营,王文学,True,证监会2012版,K70,房地产业,正常上市
600376,2005,2803121054.24,2015670139.63,1455615747.79,580000000.0,550000000.0,787450914.61,302471274.99,20795275.09,25944284.75,1991243003.23,761380110.31,0.7190806606732515,0.5606076003127302,0.7221497799521877,0.10790517752791379,0.008674883609474467,0.026852864845051918,国有,国企,北京市人民政府国有资产监督管理委员会,True,证监会2001版,J01,房地产开发与经营业,正常上市
600376,2006,4186795895.33,3366924633.33,3157870241.49,1150000000.0,199000000.0,819871262.0,191967789.56,1696303.1,6911882.38,2803121054.24,787450914.61,0.8041769213267612,0.4006623690491683,0.9379093937029299,0.04585076377239289,0.0004853571543805973,0.0021107194620778136,国有,国企,北京市人民政府国有资产监督管理委员会,True,证监会2001版,J01,房地产开发与经营业,正常上市
600376,2007,22806410031.17,18872837774.32,14756247497.58,3392210000.0,4021000000.0,3933572256.85,3117590551.85,338623672.97,317191754.07,4186795895.33,819871262.0,0.8275233913854086,0.39279784464035655,0.7818775148726502,0.13669799620322198,0.02508954837687979,0.14247510110393535,国有,国企,北京市人民政府国有资产监督管理委员会,True,证监会2001版,J01,房地产开发与经营业,正常上市
600376,2008,22153697488.26,18163067300.57,13071315680.66,1230000000.0,5063000000.0,3990630187.69,2800558901.55,573593562.79,570718661.44,22806410031.17,3933572256.85,0.8198661785553057,0.34647231636930126,0.7196645513860862,0.126414965404042,0.02551566686276786,0.14477004261425,国有,国企,北京市人民政府国有资产监督管理委员会,True,证监会2001版,J01,房地产开发与经营业,正常上市
600376,2009,33102593683.14,23401750628.08,13880151070.63,610000000.0,9452000000.0,9700843055.06,11969187156.06,905491884.29,931702261.67,22153697488.26,3990630187.69,0.7069461339520086,0.429967832745235,0.5931244756524781,0.3615785297862087,0.03277425484389629,0.1322709204824955,国有,国企,北京市人民政府国有资产监督管理委员会,True,证监会2001版,J01,房地产开发与经营业,正常上市
600376,2010,42741284220.94,31940344034.5,20305693928.61,510000000.0,11593676500.0,10800940186.44,10520402567.15,1337384075.31,1344539666.86,33102593683.14,9700843055.06,0.7472949074106585,0.37894634093253193,0.6357381093540206,0.24614147091995417,0.03526676410194621,0.1304651463295981,国有,国企,北京市人民政府国有资产监督管理委员会,True,证监会2001版,J01,房地产开发与经营业,正常上市
600376,2011,61792429246.16,49041065901.05,34354865762.19,266290000.0,9859105309.0,12751363345.11,11025714550.1,1912130794.39,1876684051.52,42741284220.94,10800940186.44,0.7936419800828204,0.20646768423488138,0.7005326073358131,0.17843147914087187,0.03658400205961892,0.1623731446759391,国有,国企,北京市人民政府国有资产监督管理委员会,True,证监会2001版,J01,房地产开发与经营业,正常上市
600376,2012,70864100912.44,56915377831.9,37060237490.8,3610000000.0,14967040000.0,13948723080.54,14607117201.57,1536087658.8,1617055322.0,61792429246.16,12751363345.11,0.8031623501753715,0.32639755207928917,0.6511462965291682,0.2061285899840685,0.023158869856817473,0.11506237353032123,国有,国企,北京市人民政府国有资产监督管理委员会,True,证监会2012版,K70,房地产业,正常上市
600376,2013,92117097736.89,76654074912.11,48264101647.47,2881400000.0,26419540000.0,15463022824.78,13104539857.89,1417854889.99,1288838664.97,70864100912.44,13948723080.54,0.8321373208158778,0.38224895458716135,0.6296351720741348,0.14225958242106063,0.017398999415149146,0.09641419414911634,国有,国企,北京市人民政府国有资产监督管理委员会,True,证监会2012版,K70,房地产业,正常上市
600376,2014,97613884588.85,81482789558.26,61218487147.16,2695400000.0,18257700000.0,16131095030.59,11637064836.2,1981657859.98,1647765531.37,92117097736.89,15463022824.78,0.8347458960522447,0.2571475536563287,0.7513057355920411,0.11921526210349434,0.0208891329785853,0.1254447343047548,国有,国企,北京市人民政府国有资产监督管理委员会,True,证监会2012版,K70,房地产业,正常上市
600376,2015,140515411235.99,116210126352.85,76092789614.28,4666620000.0,30727830000.0,24305284883.14,19588434763.85,2554256595.68,2083492751.19,97613884588.85,16131095030.59,0.8270276216014467,0.3045728553166827,0.6547862221854804,0.13940417347497927,0.0214526867585316,0.12633458292406205,国有,国企,北京市人民政府国有资产监督管理委员会,True,证监会2012版,K70,房地产业,正常上市
600383,2005,6607407838.92,3548994492.86,3046127081.38,693887897.82,500000000.0,3058413346.06,785343339.26,356035117.23,320032092.45,5860637249.07,2727017101.3,0.5371235709040315,0.3364017330040688,0.8583070747244924,0.11885800882973294,0.05711161849630385,0.12307990579766298,国有,国企,深圳市福田区国有资产管理委员会,True,证监会2001版,J01,房地产开发与经营业,正常上市
600383,2006,10717758110.2,7155138713.56,4901993997.49,1273118665.29,2252986639.86,3562619396.64,935734635.18,520026985.36,445285578.72,6607407838.92,3058413346.06,0.667596585031203,0.492807399871582,0.68510118304206,0.0873069372865832,0.06003140020559673,0.15708334502147092,国有,国企,深圳市福田区国有资产管理委员会,True,证监会2001版,J01,房地产开发与经营业,正常上市
600383,2007,25314964946.93,16113141446.75,10700825801.49,1943275000.0,5404671714.29,9201823500.18,2510694476.52,1322812337.08,964969816.03,10717758110.2,3562619396.64,0.6365065675788769,0.456021982961744,0.6641054965509747,0.09917827189503879,0.07342283484835029,0.2072651893659302,不明,,,True,证监会2001版,J01,房地产开发与经营业,正常上市
600383,2008,35101596643.65,24691734491.9,15700309675.15,1483675000.0,7797286094.11,10409862151.75,4449995745.41,1094307515.21,840859892.38,25314964946.93,9201823500.18,0.7034362209380245,0.3758731934022121,0.6358528470448443,0.12677473878428316,0.03622541523053578,0.1115974969854066,不明,,,True,证监会2001版,J01,房地产开发与经营业,正常上市
600383,2009,55517814147.68,38667254049.62,24554350756.51,853275000.0,12916964106.76,16850560098.06,9638644246.82,1933404038.05,1776233152.95,35101596643.65,10409862151.75,0.69648372586794,0.3561214636314555,0.6350166661692725,0.1736135399924203,0.04267085873030148,0.14184696189461815,不明,,,True,证监会2001版,J01,房地产开发与经营业,正常上市
600383,2010,72816537483.21,51810936975.95,32549268093.04,200000000.0,18063609367.76,21005600507.26,13631399765.56,3132835504.33,2694043630.78,55517814147.68,16850560098.06,0.7115270619383204,0.35250490405602475,0.6282316050016423,0.1872019768682783,0.04882302305684347,0.16551258522977297,不明,,,True,证监会2001版,J01,房地产开发与经营业,正常上市
600383,2011,90500054223.4,64358275531.32,48980338732.59,2279446546.81,14171764608.04,26141778692.08,18638387570.9,3740874593.67,3017226801.49,72816537483.21,21005600507.26,0.7111407400094055,0.2556192038869035,0.7610573516494189,0.20594891053756736,0.045811323327029654,0.15868854885246167,不明,,,True,证监会2001版,J01,房地产开发与经营业,正常上市
600383,2012,102520943485.38,71524508163.4,49753667559.14,2835490749.13,16479882107.3,30996435321.98,20616228441.72,4292017620.96,3385246950.58,90500054223.4,26141778692.08,0.6976575295915,0.27005250860730734,0.69561705262588,0.20109284738156918,0.04447202814105823,0.15023282386473835,不明,,,True,证监会2012版,K70,房地产业,正常上市
600383,2013,123926332991.27,85890877299.85,60052524819.23,2736310901.31,16963097519.64,38035455691.42,18609949221.67,4510178223.98,3608834967.29,102520943485.38,30996435321.98,0.6930801164422463,0.22935390859006166,0.6991723301367988,0.15016944964377327,0.039834245694229525,0.1306694096820994,不明,,,True,证监会2012版,K70,房地产业,正常上市
600383,2014,124667406137.16,84147935299.47,55625997984.47,2984799876.31,21699929535.21,40519470837.69,17033919257.24,4963989320.77,3997451139.05,123926332991.27,38035455691.42,0.6749794345355178,0.2933491989277065,0.6610500636350177,0.1366349055060884,0.0399365594497573,0.1263826354399428,不明,,,True,证监会2012版,K70,房地产业,正常上市
600383,2015,139346146137.68,91730070527.1,65014579124.02,1582932882.43,12566005595.98,47616075610.58,15001166057.6,4843316919.69,3200350433.51,124667406137.16,40519470837.69,0.6582892535575885,0.154245367926867,0.7087597202360442,0.10765397159084832,0.03668991139248846,0.10990609611827211,不明,,,True,证监会2012版,K70,房地产业,正常上市
600393,2005,1382660932.48,808606956.19,539752966.19,178200000.0,268853990.0,574053976.29,29779731.48,41071962.63,43493284.17,1561821707.58,602250030.08,0.5848194139250379,0.5528693348205068,0.6675096745806045,0.021537985763860266,0.027897574990737983,0.0698322243358594,民营,民营,杨树坪,True,证监会2001版,J01,房地产开发与经营业,正常上市
600393,2006,2046859878.17,1511829455.18,1317443382.68,144740000.0,194386072.5,535030422.99,172913750.72,31629519.34,31768195.77,1382660932.48,574053976.29,0.7386091599644108,0.22431503192244873,0.8714232800307121,0.0844775710170224,0.018445445347220524,0.0570371729338784,民营,民营,杨树坪,True,证监会2001版,J01,房地产开发与经营业,正常上市
600393,2007,2380782544.2,1819009140.5,1371359140.5,98500000.0,447650000.0,561773403.7,249342701.25,95710468.31,95866717.39,2046859878.17,535030422.99,0.7640383389618772,0.300245879935423,0.7539044801737762,0.10473140516652484,0.04323315172265818,0.1745261385508487,民营,民营,杨树坪,True,证监会2001版,J01,房地产开发与经营业,正常上市
600393,2008,2511299222.95,1588255743.94,1441955743.94,38000000.0,146300000.0,923043479.01,106095881.52,135441825.31,135609615.24,2380782544.2,561773403.7,0.6324438479594203,0.11603924664097569,0.907886371223143,0.0422474074576307,0.05537185670913465,0.18243572912883316,民营,民营,杨树坪,True,证监会2001版,J01,房地产开发与经营业,正常上市
600393,2009,2589999002.5,1640570035.67,1448632280.67,0.0,191930000.0,949428966.83,143233412.5,67141581.14,67301694.54,2511299222.95,923043479.01,0.6334249681511219,0.11698982416292689,0.8830054488215655,0.055302497167660586,0.026323331110122368,0.07171435957753702,民营,民营,杨树坪,True,证监会2001版,J01,房地产开发与经营业,正常上市
600393,2010,3062969442.79,2037128410.97,1696318863.47,163000000.0,46050000.0,1025841031.82,234750975.25,71948461.98,73817482.79,2589999002.5,949428966.83,0.6650828384087367,0.10261994230420587,0.8327009992768596,0.0766416314738582,0.02545510829445609,0.07284924291785248,其他,外资,杨树坪,True,证监会2001版,J01,房地产开发与经营业,正常上市
600393,2011,3131996552.92,2123224849.32,1827424849.32,165000000.0,0.0,1008771703.6,66765290.69,7298810.49,11279715.98,3062969442.79,1025841031.82,0.6779141718213229,0.07771197669094922,0.8606836199685892,0.02131716608300666,0.0023563682173734,0.0071746434718873665,其他,外资,杨树坪,True,证监会2001版,J01,房地产开发与经营业,正常上市
600393,2012,3535550674.62,2497536635.0,2029420034.86,330000000.0,171266600.14,1038014039.62,208601860.7,29242336.02,30174524.04,3131996552.92,1008771703.6,0.7064066859311625,0.2007044033370105,0.8125686752378709,0.059001236270618714,0.008771542224467752,0.028573910207128964,其他,外资,杨树坪,True,证监会2012版,K70,房地产业,正常上市
600393,2013,3345264397.72,2273599727.95,1781699727.95,733420000.0,194000000.0,1071664669.77,270350132.38,22597576.38,25320051.46,3535550674.62,1038014039.62,0.6796472438769251,0.4079082120739924,0.7836470536335244,0.08081577425218167,0.006568284757670462,0.021422765731502258,其他,外资,杨树坪,True,证监会2012版,K70,房地产业,正常上市
600393,2014,3408624803.25,2309305882.59,1479605882.59,471050000.0,829700000.0,1099318920.66,418768647.59,57654250.89,61543900.14,3345264397.72,1071664669.77,0.6774890214928204,0.5632644899086061,0.640714551391758,0.1228556006488949,0.017072903974118987,0.05311348380904214,其他,外资,杨树坪,True,证监会2012版,K70,房地产业,正常上市
600393,2015,7332503438.81,5903950907.85,4179180907.85,1704900000.0,1724770000.0,1428552530.96,398223529.52,60345696.24,64509465.97,3408624803.25,1099318920.66,0.80517533433413,0.5809109956249549,0.7078617307425922,0.05430935462126808,0.011236379434275617,0.047744276079645695,其他,外资,杨树坪,True,证监会2012版,K70,房地产业,正常上市
600463,2005,699003620.01,219368481.18,219368481.18,90000000.0,0.0,479635138.83,67383417.88,34598070.89,34190558.91,586196510.85,469025452.94,0.31383025051695973,0.4102686015597275,1.0,0.09639924022000916,0.053840752205414844,0.07294088357870399,国有,国企,北京市顺义区国有资产监督管理委员会,True,证监会2001版,J01,房地产开发与经营业,正常上市
600463,2006,1056669741.26,558746747.19,438746747.19,249000000.0,120000000.0,497922994.07,112760333.44,38322818.43,37298914.72,699003620.01,479635138.83,0.5287808719910312,0.6604065291757711,0.7852336490485295,0.10671293880862122,0.043655977558694006,0.07840519584510533,国有,国企,北京市顺义区国有资产监督管理委员会,True,证监会2001版,J01,房地产开发与经营业,正常上市
600463,2007,1414738275.49,868952385.15,728344871.47,383000000.0,140000000.0,545785890.34,115221271.35,55020414.76,47457449.35,1056669741.26,497922994.07,0.6142142332644779,0.6018741750846553,0.8381873206369898,0.08144352446398093,0.044525561450880165,0.10543249287583209,国有,国企,北京市顺义区人民政府国有资产监督管理委员会,True,证监会2001版,J01,房地产开发与经营业,正常上市
600463,2008,1553718997.98,937523345.27,846915831.59,245000000.0,90000000.0,616195652.71,85893142.75,74716827.37,69743477.14,1414738275.49,545785890.34,0.6034059868540451,0.3573244353755505,0.903354392040333,0.05528228905076801,0.050340510566055215,0.1286024340350214,国有,国企,北京市顺义区人民政府国有资产监督管理委员会,True,证监会2001版,J01,房地产开发与经营业,正常上市
600463,2009,2125276301.35,1502808380.0,969500866.32,203000000.0,520000000.0,622467921.35,273999244.44,54803153.43,55118240.28,1553718997.98,616195652.71,0.7071120018820136,0.48109926030622746,0.6451260714423219,0.12892405767003215,0.02979245634805811,0.08848755154778673,国有,国企,北京市顺义区人民政府国有资产监督管理委员会,True,证监会2001版,J01,房地产开发与经营业,正常上市
600463,2010,2242820006.51,1584485781.14,819084591.01,0.0,750000000.0,658334225.37,325007188.23,60802018.62,60819962.78,2125276301.35,622467921.35,0.7064703259917774,0.4733396846643791,0.5169403226961671,0.14491006290591107,0.027839138304067233,0.09494365507694938,国有,国企,北京市顺义区人民政府国有资产监督管理委员会,True,证监会2001版,J01,房地产开发与经营业,正常上市
600463,2011,2380338134.02,1668378220.54,1049288571.29,155000000.0,600000000.0,711959913.48,291067983.12,73785688.11,73336973.09,2242820006.51,658334225.37,0.7008996733259839,0.4525352768964048,0.6289272770237789,0.12228009918424237,0.03192003641975404,0.10769321128662726,国有,国企,北京市顺义区人民政府国有资产监督管理委员会,True,证监会2001版,J01,房地产开发与经营业,正常上市
600463,2012,2454943939.84,1678146252.63,1060717151.83,315000000.0,600000000.0,776797687.21,575801006.14,79986470.73,73895186.95,2380338134.02,711959913.48,0.6835782379370229,0.5452444913940051,0.6320767037840941,0.23454751727549736,0.03308451068963052,0.10745398806753816,国有,国企,北京市顺义区人民政府国有资产监督管理委员会,False,证监会2012版,E48,土木工程建筑业,正常上市
600463,2013,2639993990.58,1811685177.04,1185554301.08,635500000.0,600000000.0,828308813.54,457762561.45,76711126.33,75389550.85,2454943939.84,776797687.21,0.6862459473409549,0.6819617534314691,0.6543931120621098,0.1733953043390946,0.030112683364398252,0.09558384604903919,国有,国企,北京市顺义区人民政府国有资产监督管理委员会,False,证监会2012版,E48,土木工程建筑业,正常上市
600463,2014,2771490767.18,1922686501.91,1729749234.01,405000000.0,168322160.0,848804265.27,421695400.92,45695451.73,42543352.33,2639993990.58,828308813.54,0.6937372928239409,0.29818806104399276,0.8996522481910931,0.15215471973196446,0.016888323177654083,0.05449298834688395,国有,国企,北京市顺义区人民政府国有资产监督管理委员会,False,证监会2012版,E48,土木工程建筑业,正常上市
600463,2015,3687337864.74,2240722924.76,1899500237.01,740000000.0,318622160.0,1446614939.98,1158687486.18,30258674.71,22725789.51,2771490767.18,848804265.27,0.6076803935399604,0.4724467038303663,0.8477175897209388,0.31423415176024316,0.009369709721189825,0.026364399705982637,国有,国企,北京市顺义区人民政府国有资产监督管理委员会,False,证监会2012版,E48,土木工程建筑业,正常上市
600466,2005,827879359.4,224117201.46,215717201.46,98000000.0,4000000.0,603762157.94,88102772.84,-75180364.42,-75283213.11,997841234.53,678942522.36,0.27071239174561307,0.4551190151203309,0.9625196105195022,0.1064198205205308,-0.08235692215988938,-0.11722162641897704,民营,民营,曾雁鸣,False,证监会2001版,C8105,化学药品制剂制造业,正常上市
600466,2006,707911830.05,245296540.39,240566540.39,80500000.0,0.0,462615289.66,27739224.37,-137310939.45,-137433785.95,827879359.4,603762157.94,0.3465071919658055,0.32817421669303637,0.9807172168328191,0.03918457524299428,-0.1788145945793243,-0.2575278383072211,民营,民营,曾雁鸣,False,证监会2001版,C8105,化学药品制剂制造业,正常上市
600466,2007,541548054.8,74888631.97,70158631.97,0.0,0.0,466659422.83,127219078.98,5817898.23,5511450.53,707911830.05,462615289.66,0.13828621727328935,0.0,0.9368395459287491,0.23491743318510025,0.009312661095475587,0.012521374254144697,民营,民营,曾雁鸣,False,证监会2001版,C8105,化学药品制剂制造业,*ST
600466,2008,530220642.56,52985043.29,48410598.85,0.0,0.0,477235599.27,159896025.8,10576176.44,10157601.84,541548054.8,466659422.83,0.09993017818804402,0.0,0.9136653637336304,0.30156507115225356,0.01973593083293332,0.022409645548230297,民营,民营,杨铿,False,证监会2001版,C8105,化学药品制剂制造业,ST
600466,2009,548851387.37,56422971.89,51115194.12,0.0,0.0,492428415.48,181173332.7,15192816.21,14689732.39,530220642.56,477235599.27,0.10280191175314146,0.0,0.905928780562147,0.33009542631959254,0.028159039968787936,0.03133624838891651,民营,民营,杨铿,False,证监会2001版,C8105,化学药品制剂制造业,正常上市
600466,2010,580466699.94,62256769.71,54945658.61,0.0,0.0,518209930.23,71126897.54,31481514.75,30966585.38,548851387.37,492428415.48,0.10725295648559198,0.0,0.8825652032051118,0.12253398437387027,0.055753140065237024,0.06230025781949409,民营,民营,杨铿,False,证监会2001版,C8105,化学药品制剂制造业,正常上市
600466,2011,625903716.0,84124534.58,75266312.37,18800776.0,0.0,541779181.42,69895886.15,23569251.19,23582570.82,580466699.94,518209930.23,0.13440491313523373,0.22348742960498647,0.8947010850731533,0.1116719462806321,0.039074650502988195,0.04447074206887208,民营,民营,杨铿,False,证监会2001版,C8105,化学药品制剂制造业,正常上市
600466,2012,642743563.59,79549316.73,68847094.52,0.0,0.0,563194246.86,68487079.45,21415065.44,21436700.36,625903716.0,541779181.42,0.12376524828297425,0.0,0.8654643100666138,0.10655428281143746,0.03376047193656679,0.03876123152270668,民营,民营,杨铿,False,证监会2012版,C27,医药制造业,正常上市
600466,2013,667049986.04,81360624.69,66321491.14,0.0,0.0,585689361.35,67696650.46,22495114.49,22528632.76,642743563.59,563194246.86,0.12197080637540283,0.0,0.8151546450472565,0.10148662300690091,0.03434909951473586,0.03915995376598358,民营,民营,杨铿,False,证监会2012版,C27,医药制造业,正常上市
600466,2014,744389977.76,146137632.18,81320741.3,0.0,47929224.22,598252345.58,167747654.87,12562984.23,12581186.24,667049986.04,585689361.35,0.19631864553006714,0.32797318189037594,0.5564668052089141,0.2253491582124495,0.01780165582980498,0.02122230200433809,民营,民营,杨铿,False,证监会2012版,C27,医药制造业,正常上市
600466,2015,56243929889.42,44892810603.89,34302777806.64,3095917907.9,9242929224.22,11351119285.53,5585730040.51,954241979.45,805003276.3,744389977.76,598252345.58,0.7981805448544013,0.2748512950323237,0.7641040368202662,0.09931258451342191,0.033489037110552025,0.15971416889665496,民营,民营,杨铿,True,证监会2012版,K70,房地产业,正常上市
600503,2005,280862256.09,174115639.11,174115639.11,14770716.0,0.0,106746616.98,6773342.52,2677916.96,3530377.62,341371251.84,104068700.02,0.6199324947892112,0.08483279316838617,1.0,0.0241162433653226,0.008607434109129527,0.025405335799200967,民营,民营,王栋,False,证监会2001版,G87,计算机应用服务业,*ST
600503,2006,308727082.93,198474781.83,192326311.33,9496500.0,0.0,110252301.1,6890614.53,3505684.12,3539899.9,280862256.09,106746616.98,0.642881019528182,0.04784738853187936,0.9690214018964567,0.02231943652174617,0.011891952204655045,0.03231061381336082,民营,民营,王栋,False,证监会2001版,G87,计算机应用服务业,ST
600503,2007,190100274.82,106464240.05,106464240.05,8200000.0,0.0,83636034.77,255820.92,-26616266.33,-26107785.94,308727082.93,110252301.1,0.5600425362394014,0.0770211668833492,1.0,0.0013457156768564844,-0.10671534316022585,-0.2745525274696866,民营,民营,王栋,False,证监会2001版,G87,计算机应用服务业,ST
600503,2008,2748006218.73,1699863377.99,1699863377.99,16000000.0,0.0,1048142840.74,336151388.51,222319675.6,204872776.68,190100274.82,83636034.77,0.6185806154309205,0.009412521151505227,1.0,0.12232555596812057,0.1513353420565636,0.39286768892875606,民营,民营,"刘雅娟,王伟林",False,证监会2001版,G87,计算机应用服务业,正常上市
600503,2009,3914420238.38,2372146316.81,622146316.81,16000000.0,1750000000.0,1542273921.57,829764589.1,94721467.58,94717472.73,2748006218.73,1048142840.74,0.606001954913181,0.7444734700745064,0.26227147642673493,0.21197636905826997,0.02843452552603121,0.07313222255057698,民营,民营,"刘雅娟,王伟林",True,证监会2001版,J01,房地产开发与经营业,正常上市
600503,2010,7373781344.64,4906641892.23,1803641892.23,162510000.0,3103000000.0,2467139452.41,1209110909.41,518267984.82,518972067.86,3914420238.38,1542273921.57,0.6654173297119308,0.6655284962147241,0.3675919155800201,0.16397433730373664,0.09182472176960267,0.2585255928876868,民营,民营,"刘雅娟,王伟林",True,证监会2001版,J01,房地产开发与经营业,正常上市
600503,2011,5646355152.65,3244267510.84,3160786893.79,169400000.0,0.0,2402087641.81,213158973.07,623173706.78,598364821.06,7373781344.64,2467139452.41,0.5745773021942077,0.05221517628678507,0.9742682695643722,0.037751605647752824,0.095724604255832,0.25596411698264654,民营,民营,"刘雅娟,王伟林",True,证监会2001版,J01,房地产开发与经营业,正常上市
600503,2012,4304042200.91,1850606883.3,1640606883.3,400000000.0,210000000.0,2453435317.61,92232502.49,63602675.16,35436678.88,5646355152.65,2402087641.81,0.42996950236889586,0.329621599003376,0.8865237118185099,0.021429274664291013,0.012783946791279562,0.026198074107180183,民营,民营,"刘雅娟,王伟林",True,证监会2012版,K70,房地产业,正常上市
600503,2013,3077497759.08,1107333010.93,897333010.93,0.0,210000000.0,1970164748.15,55439834.53,23107075.87,22731466.97,4304042200.91,2453435317.61,0.3598160251011948,0.18964484750945002,0.8103551524905499,0.018014581608200235,0.00626077376678763,0.010447181267066046,民营,民营,"刘雅娟,王栋,王伟林",True,证监会2012版,K70,房地产业,正常上市
600503,2014,4394309716.16,800714922.42,640714922.42,0.0,160000000.0,3593594793.74,634803408.14,19815377.59,19815377.59,3077497759.08,1970164748.15,0.1822163147662042,0.1998214289755362,0.8001785710244638,0.1444603246342699,0.005304038589233997,0.007123017247890893,民营,民营,"刘雅娟,王栋,王伟林",True,证监会2012版,K70,房地产业,正常上市
600503,2015,5417488105.09,1763500688.5,1763500688.5,400000000.0,0.0,3653987416.59,886042656.5,18051782.81,21256240.07,4394309716.16,3593594793.74,0.3255199927145393,0.22682157291372104,1.0,0.16355230308074303,0.003679607578318454,0.004981463413901188,民营,民营,"刘雅娟,王栋,王伟林",True,证监会2012版,K70,房地产业,正常上市
600510,2005,1238396819.02,190677040.44,137197040.44,0.0,0.0,1047719778.58,433047848.38,122181421.96,121009477.51,1214766640.81,997287856.36,0.15397087388426228,0.0,0.7195257495260503,0.3496842383063375,0.0996113173546674,0.11949238709183084,国有,国企,常州国有资产投资经营总公司,False,证监会2001版,C13,服装及其他纤维制品制造业,正常上市
600510,2006,1284313354.3,256179779.27,202699779.27,0.0,0.0,1028133575.03,228860563.18,91048288.1,89660914.2,1238396819.02,1047719778.58,0.19946828273044612,0.0,0.791240354127892,0.17819682588657484,0.07218291586795827,0.08772131031478021,国有,国企,常州国有资产投资经营总公司,False,证监会2001版,C13,服装及其他纤维制品制造业,正常上市
600510,2007,1303372097.01,220403569.14,164364978.44,2000000.0,0.0,1082968527.87,192721858.29,85470814.41,84504901.44,1284313354.3,1028133575.03,0.16910256836525553,0.009074263215445496,0.745745538882792,0.14786403570562348,0.06605966298317358,0.08097269600801363,国有,国企,常州高新技术产业开发区发展（集团）总公司,False,证监会2001版,C13,服装及其他纤维制品制造业,正常上市
600510,2008,1404892422.25,361489531.55,290573673.71,65000000.0,0.0,1043402890.7,129207970.43,2065318.81,3672388.59,1303372097.01,1082968527.87,0.25730762428845466,0.17981156942855872,0.803823204683339,0.09197001021833934,0.001525197258474828,0.0019425757814116424,国有,国企,常州高新技术产业开发区发展（集团）总公司,False,证监会2001版,C13,服装及其他纤维制品制造业,正常上市
600510,2009,5991784439.88,2323072087.2,2095648076.73,566067871.43,210000000.0,3668712352.68,1160955520.57,364297045.33,364612511.46,1404892422.25,1043402890.7,0.3877095563949435,0.3340696467001999,0.9021020433575464,0.19375789169632593,0.0985028958599374,0.1546214498220505,国有,国企,常州国家高新技术产业开发区管理委员会,False,证监会2001版,M,综合类,正常上市
600510,2010,9067591398.68,5094325191.0,4562707707.8,1991502894.03,500000000.0,3973266207.68,2574195201.18,388914871.78,393938597.26,5991784439.88,3668712352.68,0.5618168008476427,0.48907417579695683,0.8956451613769781,0.28388963375155324,0.051650862021010366,0.1017838165098644,国有,国企,常州国家高新技术产业开发区管理委员会,False,证监会2001版,M,综合类,正常上市
600510,2011,9991140152.93,5835637828.87,4219736167.29,1853253529.35,1602861989.1,4155502324.06,1918628833.48,301421212.0,253444585.68,9067591398.68,3973266207.68,0.5840812699598296,0.592242976654916,0.723097678614353,0.19203302166843722,0.031630773662325626,0.07416159306863163,国有,国企,常州国家高新技术产业开发区管理委员会,False,证监会2001版,M,综合类,正常上市
600510,2012,11432575642.93,6959659278.63,4847455734.15,1566113947.02,1200635176.65,4472916364.3,2133733466.71,389038896.25,343623422.68,9991140152.93,4155502324.06,0.6087568974830192,0.3975408871186336,0.696507622008791,0.18663628681341973,0.03631852662320879,0.0901761748707965,国有,国企,常州国家高新技术产业开发区管理委员会,True,证监会2012版,K70,房地产业,正常上市
600510,2013,14485303115.7,9689341755.69,5777667879.14,2434330370.17,2501712806.55,4795961360.01,2403818096.82,428391364.01,392345165.46,11432575642.93,4472916364.3,0.6689084569578759,0.5094301864026359,0.5962910613352145,0.16594876045186824,0.03305759456624948,0.0924365121111554,国有,国企,常州市人民政府常州国家高新技术产业开发区管理委员会,True,证监会2012版,K70,房地产业,正常上市
600510,2014,16034436593.04,11037385135.55,7694489848.65,411795480.93,780674546.9,4997051457.49,1892274299.78,319075935.08,240660711.44,14485303115.7,4795961360.01,0.6883550333374949,0.1080391789527401,0.697129777945959,0.1180131455695407,0.02090947944674807,0.06516399825594325,国有,国企,常州市新北区人民政府,True,证监会2012版,K70,房地产业,正常上市
600510,2015,18392093318.68,11413127533.25,7289772812.79,1545000000.0,768537345.46,6978965785.43,3071296357.58,281673548.48,270898789.4,16034436593.04,4997051457.49,0.6205453254012262,0.20270844592947412,0.6387182471721812,0.1669900377495707,0.016363749073885513,0.047039603027712776,国有,国企,常州市新北区人民政府,True,证监会2012版,K70,房地产业,正常上市
600533,2005,4135859357.43,3126403553.73,2613225580.52,1120000000.0,503995000.0,1009455803.7,482097135.49,153360797.93,148661635.0,3257113076.46,837095005.75,0.7559259838257,0.519445097886506,0.835856771401841,0.11656516671049774,0.0414882645110325,0.1661051481986341,国有,国企,南京市栖霞区国有资产投资中心,True,证监会2001版,J01,房地产开发与经营业,正常上市
600533,2006,4860279938.11,3068171281.47,1777613391.37,685000000.0,1284000000.0,1792108656.64,1258657088.2,241294879.05,227510199.57,4135859357.43,1009455803.7,0.6312746015743095,0.6417503520392209,0.5793722801936673,0.25896802328827373,0.05364409578887387,0.17225723874346713,国有,国企,南京市栖霞区国有资产投资中心,True,证监会2001版,J01,房地产开发与经营业,正常上市
600533,2007,6389991940.8,4321984165.78,2905528492.96,765000000.0,1410000000.0,2068007775.02,1156324877.05,412612621.08,343518368.24,4860279938.11,1792108656.64,0.6763677021537692,0.5032410847825196,0.6722672692706712,0.18095873793938352,0.07335158216993715,0.213782474381251,国有,国企,南京市栖霞区国有资产投资中心,True,证监会2001版,J01,房地产开发与经营业,正常上市
600533,2008,7317456080.95,4238608203.77,2914187738.35,888000000.0,1318000000.0,3078847877.18,1105229604.57,236822102.16,187856185.0,6389991940.8,2068007775.02,0.57924614194879,0.5204538598396259,0.6875341145610006,0.15104014186669526,0.034553784451230835,0.09202593511973528,国有,国企,南京市栖霞区国有资产投资中心,True,证监会2001版,J01,房地产开发与经营业,正常上市
600533,2009,9002136958.08,5828437626.95,3839061608.33,380000000.0,1983000000.0,3173699331.13,1541780662.62,296851453.95,223173631.64,7317456080.95,3078847877.18,0.6474504502754316,0.4054259736904055,0.658677651550844,0.17126829660552453,0.03637976182862513,0.09495376654028845,国有,国企,南京市栖霞区国有资产投资中心,True,证监会2001版,J01,房地产开发与经营业,正常上市
600533,2010,9759518676.4,5483896148.73,3186257812.38,200000000.0,1930000000.0,4275622527.67,1532208500.87,449766427.3,284321196.24,9002136958.08,3173699331.13,0.5619023161450466,0.38840998119435227,0.5810208154867953,0.15699631833023825,0.04794528116947455,0.1207536567288159,国有,国企,南京市栖霞区国有资产投资中心,True,证监会2001版,J01,房地产开发与经营业,正常上市
600533,2011,10685784877.71,6866222849.66,3918978919.11,110000000.0,2753050000.0,3819562028.05,1443001794.43,333689195.78,273852292.9,9759518676.4,4275622527.67,0.6425567170065897,0.41697597976182377,0.5707619756769269,0.13503938278226318,0.03264213660578499,0.08244140537703185,国有,国企,南京市栖霞区国有资产投资中心,True,证监会2001版,J01,房地产开发与经营业,正常上市
600533,2012,12152665646.96,8219663574.0,4965117193.85,320000000.0,3069700000.0,3933002072.96,1452831459.5,421825034.92,316281277.12,10685784877.71,3819562028.05,0.676367129055028,0.4123891409281175,0.6040535782456344,0.1195483774264313,0.036939899619227355,0.10882206955632778,国有,国企,南京市栖霞区国有资产投资中心,True,证监会2012版,K70,房地产业,正常上市
600533,2013,14029035768.13,10159365431.55,6730696381.64,50000000.0,3229500000.0,3869670336.58,1440497644.23,211769130.38,172415062.59,12152665646.96,3933002072.96,0.7241670489307044,0.32280559470924075,0.6625114951311588,0.10267973280832338,0.016176880716999197,0.05428117938696972,国有,国企,南京栖霞国有资产经营有限公司,True,证监会2012版,K70,房地产业,正常上市
600533,2014,14637529211.17,10892174975.32,7875680229.24,220000000.0,2812935884.97,3745354235.85,1631915124.3,12397885.36,12914564.8,14029035768.13,3869670336.58,0.7441266089503756,0.27845089634000264,0.7230585486447918,0.1114884281873661,0.000864971814303699,0.0032561642426962674,国有,国企,南京栖霞国有资产经营有限公司,True,证监会2012版,K70,房地产业,正常上市
600533,2015,13466627241.32,9350648238.25,5907955715.2,0.0,2151200000.0,4115979003.07,2277363558.56,176470566.78,185728083.75,14637529211.17,3745354235.85,0.6943571000138152,0.2300589162578319,0.6318231169292376,0.16911165043406762,0.012558325105990854,0.04489583672813335,国有,国企,南京栖霞国有资产经营有限公司,True,证监会2012版,K70,房地产业,正常上市
600555,2005,2529603181.54,736667930.25,736667930.25,242700000.0,0.0,1792935251.29,521448359.92,15697254.79,47797368.86,2910507227.04,1830700102.08,0.2912187712388641,0.32945644846740635,1.0,0.20613840294213534,0.005770932430063441,0.008663815897149513,民营,民营,李勤夫,False,证监会2001版,C13,服装及其他纤维制品制造业,正常上市
600555,2006,2742845383.59,784007972.24,784007972.24,180893073.28,0.0,1958837411.35,440472136.88,132769507.73,137369174.99,2529603181.54,1792935251.29,0.2858374653309271,0.2307286146123845,1.0,0.1605894883886906,0.050363509891054335,0.07077694714933737,民营,民营,李勤夫,False,证监会2001版,C13,服装及其他纤维制品制造业,正常上市
600555,2007,2975152529.73,931556729.23,930941113.77,97160641.96,0.0,2043595800.5,376412429.99,-147063046.41,-126553647.04,2742845383.59,1958837411.35,0.31311225892493666,0.10429922184160528,0.9993391540840364,0.12651869987457753,-0.05143864990486219,-0.07348682095410891,民营,民营,李勤夫,False,证监会2001版,C13,服装及其他纤维制品制造业,正常上市
600555,2008,2460259865.0,528395554.08,528395554.08,60000000.0,0.0,1931864310.92,271770121.15,24690493.12,27722327.02,2975152529.73,2043595800.5,0.21477225296279828,0.11355129606354693,1.0,0.11046399001025851,0.009085048686991665,0.012421451820921815,民营,民营,李勤夫,False,证监会2001版,K34,旅游业,正常上市
600555,2009,2924253446.52,995147573.72,946995135.79,40000000.0,0.0,1929105872.8,610307840.45,128783446.3,128934406.04,2460259865.0,1931864310.92,0.3403082502661569,0.040195043485333974,0.95161276658697,0.20870552146439128,0.04783475825919931,0.06671040705935659,民营,民营,李勤夫,False,证监会2001版,K34,旅游业,正常上市
600555,2010,2841286010.93,1059804143.37,1041063916.11,45000000.0,0.0,1781481867.56,270186823.27,7277907.49,11320022.55,2924253446.52,1929105872.8,0.37300157016685154,0.04246067566494647,0.9823172730761278,0.09509314522741882,0.0025246232529362984,0.00392277881524715,民营,民营,李勤夫,False,证监会2001版,K34,旅游业,正常上市
600555,2011,2921917567.34,1079341158.9,1073886613.46,24900000.0,0.0,1842576408.44,113551740.54,72031934.08,74674506.71,2841286010.93,1781481867.56,0.3693948011964589,0.02306962890711644,0.9949464120820158,0.038862061616397034,0.024997185368080495,0.03975208376588479,其他,其他,海南航空股份有限公司工会委员会,False,证监会2001版,K34,旅游业,正常上市
600555,2012,2876302115.16,1238788051.08,1235151687.46,454800000.0,0.0,1637514064.08,52015780.52,-191313849.43,-185201642.08,2921917567.34,1842576408.44,0.43068773775563207,0.367133021345739,0.9970645796778314,0.018084254865246143,-0.06599054879118062,-0.10994762977611096,其他,其他,海南航空股份有限公司工会委员会,False,证监会2012版,N78,公共设施管理业,正常上市
600555,2013,2769048239.66,1104635085.46,1102816903.66,229800000.0,0.0,1664413154.2,100489661.85,28035133.98,27249506.42,2876302115.16,1637514064.08,0.3989222974301212,0.20803250143399624,0.9983540430464937,0.036290325466608236,0.009932114826518642,0.0169810732500662,其他,其他,海南航空股份有限公司工会委员会,True,证监会2012版,K70,房地产业,*ST
600555,2014,3345527157.62,1649167205.41,1499167205.41,547795130.24,150000000.0,1696359952.21,412558507.98,39691007.64,44338791.79,2769048239.66,1664413154.2,0.49294688929777325,0.4231196982033856,0.9090450019210099,0.12331644268387681,0.01298242480014429,0.02362016499376133,其他,其他,海南航空股份有限公司工会委员会,True,证监会2012版,K70,房地产业,正常上市
600555,2015,3764551058.35,1995688381.95,1161763934.58,181762489.26,800000000.0,1768862676.4,744021907.5,25837933.26,27991657.79,3345527157.62,1696359952.21,0.5301265279756118,0.4919417771529609,0.582136943366295,0.19763894710624652,0.007267974409048055,0.014912711839449309,其他,其他,海南省慈航公益基金会,True,证监会2012版,K70,房地产业,正常上市
600565,2005,824946656.8,409633002.62,409633002.62,228000000.0,0.0,415313654.18,187944619.27,21287431.51,20510115.61,724013849.67,402986222.67,0.4965569582510732,0.5565957785181347,1.0,0.22782639061663026,0.027486086857712012,0.05202843630368072,民营,民营,罗韶宇,False,证监会2001版,C7505,汽车制造业,正常上市
600565,2006,959960395.38,527782027.24,527782027.24,206000000.0,0.0,432178368.14,185587908.41,30864713.96,29975118.6,824946656.8,415313654.18,0.5497956267571619,0.39031264682744676,1.0,0.19332871366691654,0.034584113410615215,0.0728377687273284,民营,民营,罗韶宇,False,证监会2001版,C7505,汽车制造业,正常上市
600565,2007,2559794412.53,1380495956.52,1204495956.52,249100000.0,176000000.0,1179298456.01,670575181.2,137918056.56,105345494.98,959960395.38,432178368.14,0.5392995428705433,0.30793281066292016,0.8725095867403577,0.2619644678953846,0.07836799100326795,0.17116976737502526,民营,民营,"罗韶宇,赵洁红",False,证监会2001版,C7505,汽车制造业,正常上市
600565,2008,3223367971.66,1982631238.42,1437825638.42,444367378.74,533000000.0,1240736733.24,937173861.94,116293676.71,110895650.09,2559794412.53,1179298456.01,0.6150806410721288,0.49296478326392373,0.7252108261775564,0.29074367871731555,0.04021802224607196,0.09610907909652412,民营,民营,"罗韶宇,赵洁红",False,证监会2001版,C7505,汽车制造业,正常上市
600565,2009,3984898571.51,2750670176.2,1786999776.2,588380922.57,955800000.0,1234228395.31,529597105.25,27223662.07,28655808.12,3223367971.66,1240736733.24,0.690273573301437,0.5613835260697295,0.6496597780649613,0.13290102514436633,0.00755345599582331,0.021999228802023114,其他,"民营,外资","罗韶宇,赵洁红",False,证监会2001版,C7505,汽车制造业,正常上市
600565,2010,5448286331.11,3930828936.49,3273668096.49,779000000.0,653225640.0,1517457394.62,936051672.45,71046098.55,56185033.3,3984898571.51,1234228395.31,0.7214798741477226,0.36435715294161175,0.8328187640272114,0.1718066224062227,0.01506301408981551,0.05163823486678495,其他,"民营,外资","罗韶宇,赵洁红",False,证监会2001版,C7505,汽车制造业,正常上市
600565,2011,5851658089.39,4204693569.6,3377293569.6,1021500000.0,827400000.0,1646964519.79,782903660.98,85785563.76,73743768.05,5448286331.11,1517457394.62,0.7185473767211019,0.43972288809999754,0.8032199050170707,0.1337917644914235,0.015183360301201227,0.054218790085704835,其他,"民营,外资","罗韶宇,赵洁红",False,证监会2001版,C7505,汽车制造业,正常上市
600565,2012,9105207752.78,7039422074.12,6385152074.12,2011494350.09,654270000.0,2065785678.66,1342292828.89,192452703.06,117795838.77,5851658089.39,1646964519.79,0.773120423525836,0.37869079620762025,0.9070562905433127,0.14742034068142723,0.02573436241132697,0.10367123710092062,其他,"民营,外资","罗韶宇,赵洁红",False,证监会2012版,C36,汽车制造业,正常上市
600565,2013,11808539037.79,9898275581.88,6290111858.28,1476710000.0,3362280000.0,1910263455.91,1437841038.18,57613252.56,33980574.0,9105207752.78,2065785678.66,0.8382303306279697,0.48887202219933756,0.6354755236149231,0.12176282210513789,0.005509606015310255,0.02898015120541549,其他,"民营,外资","罗韶宇,赵洁红",True,证监会2012版,K70,房地产业,正常上市
600565,2014,23368883616.38,17270263330.48,13698917372.55,2484886933.92,3294430000.0,6098620285.9,4312471390.54,561878858.38,561218025.66,11808539037.79,1910263455.91,0.7390281715629204,0.33463976914122556,0.7932083669143023,0.18453904180160538,0.03194542499055961,0.1403139005369095,其他,"民营,外资","罗韶宇,赵洁红",True,证监会2012版,K70,房地产业,正常上市
600565,2015,26771505170.27,20531185274.53,13979735226.93,1921060774.92,3521190000.0,6240319895.74,3410433491.29,465926819.42,468504132.07,23368883616.38,6098620285.9,0.7669044061568143,0.26507241068402393,0.6809024924767781,0.12739042760574096,0.018584890572051333,0.0755213677286946,其他,"民营,外资","罗韶宇,赵洁红",True,证监会2012版,K70,房地产业,正常上市
600576,2005,1133245010.55,676380454.61,668364722.61,505150000.0,8015732.0,456864555.94,111023456.93,-69946512.64,-70214828.41,1266056939.22,522073287.69,0.5968527973326183,0.7586939103612783,0.988149078014648,0.09796950870855084,-0.05830571900023268,-0.14290286782791295,国有,国企,无锡市国资委,False,证监会2001版,C11,纺织业,正常上市
600576,2006,1456211336.98,962549374.47,855369374.47,8000000.0,107120000.0,493661962.51,50593772.79,5913705.59,6457136.02,1133245010.55,456864555.94,0.6609956604693155,0.1195990595946182,0.8886498679000071,0.03474342734820699,0.00456752676726209,0.012443010216365836,民营,民营,孔德永,False,证监会2001版,C11,纺织业,*ST
600576,2007,1254278825.34,718768527.17,622668527.17,100000000.0,96100000.0,535510298.17,69322295.32,41588649.98,36013284.49,1456211336.98,493661962.51,0.5730532260043232,0.27282774994629017,0.8662990985729807,0.055268648341574814,0.030687180169953372,0.08081960925087765,民营,民营,孔德永,False,证监会2001版,C11,纺织业,正常上市
600576,2008,872440783.14,370687297.85,172187297.85,0.0,198500000.0,501753485.29,148489693.27,18587521.24,18880738.45,1254278825.34,535510298.17,0.4248853389405526,0.5354917774396568,0.4645082225603431,0.1702003117455961,0.017479992346790645,0.03583952613865996,民营,民营,孔德永,True,证监会2001版,J01,房地产开发与经营业,正常上市
600576,2009,805172785.01,251778008.16,251778008.16,0.0,0.0,553394776.85,121798852.72,30841291.56,31003679.36,872440783.14,501753485.29,0.312700594018305,0.0,1.0,0.1512704539790019,0.036768052125389576,0.058458688066166546,民营,民营,孔德永,True,证监会2001版,J01,房地产开发与经营业,正常上市
600576,2010,617602042.37,78099139.73,78099139.73,0.0,0.0,539502902.64,95952148.31,-26464274.21,-26444793.33,805172785.01,553394776.85,0.1264554427804361,0.0,1.0,0.15536242066459344,-0.037200931167348836,-0.04842955512971633,民营,民营,孔德永,True,证监会2001版,J01,房地产开发与经营业,正常上市
600576,2011,958576031.89,400392838.06,400392838.06,0.0,0.0,558183193.83,156236829.44,18898571.69,19445008.12,617602042.37,539502902.64,0.41769544067417963,0.0,1.0,0.16298845813195623,0.023980249438341785,0.034433471920205745,民营,民营,孔德永,True,证监会2001版,J01,房地产开发与经营业,正常上市
600576,2012,897399868.96,316579100.84,316579100.84,50000000.0,0.0,580820768.12,87580216.61,-65618340.29,-64697319.84,958576031.89,558183193.83,0.3527737319673165,0.15793841054994387,1.0,0.09759330220484323,-0.07071033655118918,-0.115220565480141,民营,民营,孔德永,True,证监会2012版,K70,房地产业,正常上市
600576,2013,718185472.05,176549243.64,141549243.64,15000000.0,35000000.0,541636228.41,45444319.64,2802951.87,8331675.19,897399868.96,580820768.12,0.24582681008020815,0.28320710397352117,0.8017550272185352,0.06327657883454954,0.0034698901987408547,0.004994314933516627,民营,民营,孔德永,False,证监会2012版,F51,批发业,正常上市
600576,2014,647182880.66,128488805.85,93327585.15,0.0,35000000.0,518694074.81,3060526.06,-22550727.42,-14167300.89,718185472.05,541636228.41,0.19853554488179068,0.27239727047397105,0.7263479844224889,0.004728997245537246,-0.033032444871365356,-0.04253528801641939,民营,民营,孔德永,False,证监会2012版,F51,批发业,正常上市
600576,2015,1922169758.76,183580364.15,180653663.86,0.0,0.0,1738589394.61,118994589.83,19909621.39,27609754.23,647182880.66,518694074.81,0.0955068423656964,0.0,0.9840576615938693,0.06190638953073735,0.015497772539696501,0.017640337741998968,民营,民营,孔德永,False,证监会2012版,F51,批发业,正常上市
600603,2005,63556086.64,494943452.02,79919293.55,37678430.03,0.0,-431387365.38,4999484.36,1941306.63,1928207.11,123343631.22,-603998604.79,7.787506723368643,0.07612673705697892,0.16147156452687159,0.07866255813260689,0.020773778069094403,-0.0037499187470760435,不明,,,True,证监会2001版,J01,房地产开发与经营业,ST
600603,2006,126640385.32,512214490.28,61298952.55,23278634.18,0.0,-385574104.96,12170937.43,4710580.13,4688066.38,63556086.64,-431387365.38,4.044637806381558,0.045447043419788516,0.11967438194981789,0.0961062886791286,0.04953383289875826,-0.011531951752974516,不明,,,True,证监会2001版,J01,房地产开发与经营业,ST
600603,2007,34724270.9,339090823.24,52513446.5,20895041.55,0.0,-304366552.34,14491692.46,81207552.62,81201747.84,126640385.32,-385574104.96,9.765239541429796,0.061620781566273805,0.154865431031828,0.417336119215681,1.0065097837693024,-0.2354044561971345,不明,,,True,证监会2001版,J01,房地产开发与经营业,ST
600603,2008,15940887.95,289182948.42,48715056.25,20837451.88,0.0,-273242060.47,13214589.64,31902332.17,31724594.12,34724270.9,-304366552.34,18.140956095234333,0.07205629513720965,0.16845756818015362,0.8289745013859157,1.2593400630382117,-0.11046349193028407,不明,,,True,证监会2001版,J01,房地产开发与经营业,ST
600603,2009,4963989.8,275047910.35,34884622.59,836667.68,0.0,-270083920.55,858534.4,3158139.92,3158139.92,15940887.95,-273242060.47,55.40863729212337,0.0030418979694677036,0.12683107661355844,0.17295249075652816,0.30214383052299837,-0.011625212231048263,民营,民营,"陈铁铭,谢抒",True,证监会2001版,J01,房地产开发与经营业,ST
600603,2010,36028819.86,311352165.89,46143482.54,811487.51,0.0,-275323346.03,2543091.27,-5239425.48,-5239425.48,4963989.8,-270083920.55,8.641753104871196,0.0026063332743498455,0.148203505853569,0.07058491729348584,-0.25562656102162873,0.019212892093844098,民营,民营,"陈铁铭,谢抒",True,证监会2001版,J01,房地产开发与经营业,ST
600603,2011,33551561.03,330183777.45,72829698.5,772511.96,,-296632216.42,418616.14,-21308870.39,-21308870.39,36028819.86,-275323346.03,9.841085401503895,,0.22057321853442258,0.01247680069567243,-0.6124965146048081,0.07451232854077823,民营,民营,"陈铁铭,谢抒",False,证监会2001版,M,综合类,ST
600603,2012,39882611.39,318870162.32,105266350.27,770169.98,0.0,-278987550.93,1774902.58,17644665.49,17644665.49,33551561.03,-296632216.42,7.995217745444626,0.002415309022319564,0.3301229237132594,0.04450316862764487,0.48055734567506136,-0.061306669752608865,民营,民营,"陈铁铭,谢抒",False,证监会2012版,S90,综合,*ST
600603,2013,371425372.2,313895047.11,245822834.63,747060.59,0.0,57530325.09,3054251.75,124001353.22,123111178.43,39882611.39,-278987550.93,0.8451093290982237,0.0023799693460540756,0.783137029058808,0.008223056308483388,0.6029610810745022,-1.1198673039423819,民营,民营,"陈铁铭,谢抒",False,证监会2012版,S90,综合,*ST
600603,2014,400791196.92,310205906.01,246549961.14,749768.54,0.0,90585290.91,23414026.36,-24853338.47,-23600842.53,371425372.2,57530325.09,0.7739838309670227,0.0024170027890308126,0.7947945424741593,0.05841951255399844,-0.06436882984347846,-0.3355937630506158,民营,民营,"陈铁铭,谢抒",False,证监会2012版,S90,综合,正常上市
600603,2015,258374340.89,400035329.52,336379384.65,795668.73,0.0,-141660988.63,31453801.39,-232442874.74,-194715903.16,400791196.92,90585290.91,1.5482780842015214,0.0019889961493019083,0.8408741924210035,0.12173732608916885,-0.7052640388703091,9.101897188532426,民营,民营,陈铁铭,False,证监会2012版,S90,综合,正常上市
600604,2005,1362411629.19,688727797.5,684645066.71,275681385.47,4082730.79,673683831.69,151374719.78,5647348.19,5687932.0,1317273512.56,674536339.76,0.5055210794915719,0.406204188760074,0.9940720691036142,0.11110791814805443,0.004214934136860521,0.008377486570203622,国有,国企,上海国有资产监督管理委员会,False,证监会2001版,C7320,轻纺工业专用设备制造业,正常上市
600604,2006,1192684509.54,583371152.67,579288421.88,215410000.0,4082730.79,609313356.87,156595846.89,-65843206.87,-66077975.44,1362411629.19,673683831.69,0.4891244482541299,0.37624885938465685,0.9930014866670833,0.1312969571059463,-0.05153873145667786,-0.10263967443903843,国有,国企,上海市国有资产监督管理委员会,False,证监会2001版,C7320,轻纺工业专用设备制造业,正常上市
600604,2007,1019619750.09,601656766.06,586959560.12,174680000.0,0.0,417962984.03,133178815.87,-277835604.46,-277815594.42,1192684509.54,609313356.87,0.5900795527027529,0.290331647301013,0.975572108934724,0.1306161594636084,-0.2511730502263436,-0.540916973161452,国有,国企,上海市国有资产监督管理委员会,False,证监会2001版,C7320,轻纺工业专用设备制造业,正常上市
600604,2008,786192698.1,411533819.21,409667114.95,124200000.0,0.0,374658878.89,176540942.25,7157002.96,9556404.4,1019619750.09,417962984.03,0.5234515917084425,0.3017977969305664,0.9954640319388978,0.2245517449814127,0.007926629332047854,0.018059060176901436,国有,国企,上海市国有资产监督管理委员会,False,证监会2001版,C7320,轻纺工业专用设备制造业,*ST
600604,2009,924331885.62,653830479.55,648529117.7,0.0,0.0,270501406.07,423986747.73,-123093391.87,-119891225.73,786192698.1,374658878.89,0.7073546739236849,0.0,0.9918918404451739,0.45869536075303613,-0.14392472700076606,-0.3815901094334466,国有,国企,上海市国有资产监督管理委员会,False,证监会2001版,C7320,轻纺工业专用设备制造业,ST
600604,2010,833972905.6,663592148.79,659431657.45,0.0,0.0,170380756.81,340648322.54,-93655716.37,-91035784.15,924331885.62,270501406.07,0.7956998894497418,0.0,0.993730348757763,0.4084644959717502,-0.10652955828553134,-0.42485600124172573,国有,国企,上海市国有资产监督管理委员会,False,证监会2001版,C7320,轻纺工业专用设备制造业,ST
600604,2011,836223931.53,665183536.81,663876773.8,0.0,0.0,171040394.72,324093197.12,16034706.96,15018551.86,833972905.6,170380756.81,0.7954610143636341,0.0,0.9980354850388108,0.3875674743331272,0.019200978715243414,0.0939291950023844,国有,国企,上海市国有资产监督管理委员会,False,证监会2001版,C7320,轻纺工业专用设备制造业,*ST
600604,2012,1575797549.61,431872365.77,313372365.77,0.0,105000000.0,1143925183.84,344276553.98,148678473.78,146573527.4,836223931.53,171040394.72,0.27406589499830464,0.2431273874465015,0.7256133770246626,0.2184776553721678,0.1232812186313778,0.22613287557354267,国有,国企,上海市闸北区国有资产监督管理委员会,True,证监会2012版,K70,房地产业,正常上市
600604,2013,2163519644.36,861621164.63,563380792.02,100000000.0,285602296.67,1301898479.73,100914038.86,171333873.21,171824495.15,1575797549.61,1143925183.84,0.3982497533018147,0.44753113375016335,0.6538613663952053,0.04664345855285812,0.09163912250412559,0.14010321002448378,国有,国企,上海市闸北区国有资产监督管理委员会,True,证监会2012版,K70,房地产业,正常上市
600604,2014,3292895060.19,1955916765.92,1137285682.48,500000000.0,807343007.46,1336978294.27,218008865.21,12568339.43,14691311.42,2163519644.36,1301898479.73,0.593980898318437,0.6684042134303543,0.5814591409492098,0.06620583444812872,0.004606812388918863,0.009525522035611352,国有,国企,上海市闸北区国有资产监督管理委员会,True,证监会2012版,K70,房地产业,正常上市
600604,2015,8805561793.69,5222782623.57,2619906857.05,1100000000.0,1699640940.51,3582779170.12,1221620004.22,117720053.63,131660652.76,3292895060.19,1336978294.27,0.593123158514725,0.5360439333384172,0.5016304613610704,0.13873277285901323,0.01946034193480583,0.047856039441812645,国有,国企,上海市闸北区国有资产监督管理委员会,True,证监会2012版,K70,房地产业,正常上市
600606,2005,2738544899.5,1504120247.19,1453320247.19,1027000000.0,50800000.0,1234424652.31,561344757.33,100671445.72,81122453.89,2813276568.87,1192677367.72,0.549240674295543,0.716565049911101,0.9662261045319318,0.20497920535554837,0.036266096196914226,0.08295608910477992,国有,国企,上海市国有资产监督管理委员会,True,证监会2001版,J01,房地产开发与经营业,正常上市
600606,2006,2742831559.33,1440430997.53,1305430997.53,752720000.0,135000000.0,1302400561.8,540384111.62,109259203.83,97337094.07,2738544899.5,1234424652.31,0.5251620328744717,0.6162877649274633,0.9062780513391525,0.19701687833575945,0.03986560844730646,0.08613853506524033,国有,国企,上海市国有资产监督管理委员会,True,证监会2001版,J01,房地产开发与经营业,正常上市
600606,2007,2906985819.65,1148665363.44,1034059351.54,495000000.0,0.0,1758320456.21,994442253.52,165588201.79,149273439.22,2742831559.33,1302400561.8,0.39513965141333196,0.4309349056348177,0.9002268062155367,0.3420870672288764,0.05861718731159936,0.1082020875575658,国有,国企,上海市国有资产监督管理委员会,True,证监会2001版,J01,房地产开发与经营业,正常上市
600606,2008,2932135559.34,1350841417.87,1328087510.6,988000000.0,,1581294141.47,545942024.66,155407948.72,150840334.06,2906985819.65,1758320456.21,0.46070223921504616,,0.9831557524303051,0.18619262773201628,0.05322990862261579,0.09306939119739174,国有,国企,上海市国有资产监督管理委员会,True,证监会2001版,J01,房地产开发与经营业,正常上市
600606,2009,3857513757.18,1999127383.02,1167172623.57,461000000.0,180000000.0,1858386374.16,1251633700.56,206464199.73,203249117.11,2932135559.34,1581294141.47,0.5182424506715029,0.3206398979096907,0.5838410465904379,0.3244664256168448,0.06081733830572037,0.12004847473003447,国有,国企,上海市国有资产监督管理委员会,True,证监会2001版,J01,房地产开发与经营业,正常上市
600606,2010,4465521345.07,2487222216.44,1628148161.07,1265000000.0,235000000.0,1978299128.63,713543569.13,230057229.27,225351705.88,3857513757.18,1858386374.16,0.55698361383625,0.603082422666268,0.6546050249584832,0.15978953273121457,0.055282051906234954,0.11992498686832927,国有,国企,上海市国有资产监督管理委员会,True,证监会2001版,J01,房地产开发与经营业,正常上市
600606,2011,5623835516.91,3511646662.75,2722765368.07,1638000000.0,765000000.0,2112188854.16,776416391.31,204394167.36,202386990.35,4465521345.07,1978299128.63,0.6244220073988693,0.6842943583960097,0.7753528841474557,0.13805816136966248,0.04051678816718718,0.09993632457543065,国有,国企,上海市国有资产监督管理委员会,True,证监会2001版,J01,房地产开发与经营业,正常上市
600606,2012,5966315459.89,3765640145.26,1850866855.86,1332500000.0,1692400000.0,2200675314.63,743235688.42,105464592.19,104960649.38,5623835516.91,2112188854.16,0.6311500239260608,0.8032897152447223,0.4915145325794815,0.12457197300688871,0.01819900230827164,0.04890698527126985,国有,国企,上海市国有资产监督管理委员会,True,证监会2012版,K70,房地产业,正常上市
600606,2013,6158879530.05,3957418091.12,2576651225.39,1456750000.0,1365895189.03,2201461438.93,618316422.59,68174436.07,69630661.54,5966315459.89,2200675314.63,0.6425548789858976,0.7132542289033593,0.6510940128291511,0.10039430379716817,0.01124508696586946,0.030973338579210405,国有,国企,上海市国有资产监督管理委员会,True,证监会2012版,K70,房地产业,正常上市
600606,2014,7449304468.09,5573952098.59,5359918128.32,1598750000.0,175000000.0,1875352369.5,539973026.66,-368201449.31,-364595863.44,6158879530.05,2201461438.93,0.7482513464802922,0.3182212492369089,0.9616010388169387,0.07248636822042111,-0.05411470764362485,-0.18063196732145886,国有,国企,上海市国有资产监督管理委员会,True,证监会2012版,K70,房地产业,正常上市
600606,2015,600436070425.93,528603131473.86,351495238504.72,25534762053.81,141972719683.07,71832938952.07,43808699110.69,7384772224.93,6886426698.71,7449304468.09,1875352369.5,0.8803653836100918,0.31688704013128505,0.6649511090194928,0.07296147128471732,0.024296594489438002,0.20037833173237377,不明,,,True,证监会2012版,K70,房地产业,正常上市
600615,2005,688439826.37,407095212.21,320299747.05,12600000.0,1900000.0,281344614.16,6163081.73,13583757.93,10401069.32,693205611.45,262986615.59,0.5913301302693779,0.03561820322396761,0.7867932057249877,0.008952244617364234,0.01966316040015714,0.04990989745798247,民营,民营,张炜,False,证监会2001版,C43,化学原料及化学制品制造业,ST
600615,2006,576796796.7,295060567.02,284643298.97,0.0,0.0,281736229.68,229790466.16,76068549.05,74728273.97,688439826.37,281344614.16,0.5115502872209345,0.0,0.9646944755945859,0.3983906767074457,0.12024398861522909,0.27018695408368376,民营,民营,江鸣,False,证监会2001版,C43,化学原料及化学制品制造业,ST
600615,2007,521841236.83,348792336.36,233082955.87,10000000.0,107420000.0,173048900.47,39523173.17,4093123.83,4093123.83,576796796.7,281736229.68,0.6683878385671271,0.3366473048846089,0.6682571019261944,0.07573792636643518,0.007451269126098812,0.01800025356435898,民营,民营,江鸣,False,证监会2001版,C43,化学原料及化学制品制造业,正常上市
600615,2008,754558267.86,405078509.61,142800051.24,28000000.0,80000000.0,349479758.25,70651572.97,90587166.52,90587166.52,521841236.83,173048900.47,0.5368419204508112,0.26661498311519866,0.3525243819463158,0.09363302475019546,0.14194171368313238,0.34672611734600245,民营,民营,江鸣,True,证监会2001版,J01,房地产开发与经营业,正常上市
600615,2009,711576972.39,357088806.8,107890161.5,0.0,70000000.0,354488165.59,111984011.86,5008407.34,5008407.34,754558267.86,349479758.25,0.5018273787031536,0.1960296673180404,0.30213817808192356,0.1573744179549194,0.006832121897767064,0.014229078258793867,民营,民营,江鸣,True,证监会2001版,J01,房地产开发与经营业,正常上市
600615,2010,723878465.97,217512814.18,179636081.63,0.0,17180000.0,506365651.79,218732811.07,30194899.0,30194899.0,711576972.39,354488165.59,0.3004825041846382,0.07898385235263844,0.8258643625535753,0.30216786567465737,0.042070130765602176,0.0701510486226288,民营,民营,江鸣,True,证监会2001版,J01,房地产开发与经营业,正常上市
600615,2011,567297047.14,76018469.53,57015592.73,0.0,0.0,491278577.61,115885366.61,-15087074.18,-15087074.18,723878465.97,506365651.79,0.13400117260127364,0.0,0.7500228968369234,0.20427634375012235,-0.023369517198572637,-0.03024539958312317,民营,民营,江鸣,True,证监会2001版,J01,房地产开发与经营业,正常上市
600615,2012,532886674.66,37504180.73,19243919.23,0.0,0.0,495382493.93,393427818.3,4103916.32,4103916.32,567297047.14,491278577.61,0.07037928046132688,0.0,0.5131139743737045,0.7382954707040112,0.007460419998371949,0.00831879647099997,民营,民营,"涂建华,涂建敏,涂建容",True,证监会2012版,K70,房地产业,正常上市
600615,2013,622584140.78,146796566.07,129282007.37,0.0,0.0,475787574.71,22900614.02,18677232.06,16540830.89,532886674.66,495382493.93,0.2357859066022578,0.0,0.8806882261016367,0.0367831631421082,0.032328349293509,0.038463360153088495,民营,民营,"涂建华,涂建敏,涂建容",True,证监会2012版,K70,房地产业,正常上市
600615,2014,641421038.16,150316197.48,133479779.68,0.0,0.0,491104840.68,24417600.12,15317265.97,13156183.83,622584140.78,475787574.71,0.23434871720329228,0.0,0.8879933228603649,0.0380679751166957,0.02423608103068869,0.03168349596334711,民营,民营,"涂建华,涂建敏,涂建容",False,证监会2012版,C33,金属制品业,正常上市
600615,2015,628992185.26,151802894.4,132889142.7,0.0,0.0,477189290.86,34864845.41,7639696.49,3563267.22,641421038.16,491104840.68,0.24134305315295898,0.0,0.8754058558978306,0.055429695673545255,0.012027104802063773,0.015779702140401555,民营,民营,"涂建华,涂建敏,涂建容",False,证监会2012版,C33,金属制品业,正常上市
600620,2005,1298055688.06,795157447.45,605157447.45,431900000.0,190000000.0,502898240.61,54482782.51,4501157.98,5991207.71,1350676753.01,501598374.53,0.6125757583161914,0.7821092564678588,0.7610536119490382,0.04197260796370521,0.003398726054928887,0.008962017217693978,民营,民营,"叶立润,周月华",False,证监会2001版,M,综合类,正常上市
600620,2006,1583854484.22,1078894965.93,858894965.93,345600000.0,220000000.0,504959518.29,216360380.2,14227095.47,15536699.53,1298055688.06,502898240.61,0.6811831368847769,0.5242400955244579,0.7960876573278274,0.13660369835461927,0.009873378849101567,0.028232347956576313,民营,民营,"叶立润,周月华",False,证监会2001版,M,综合类,正常上市
600620,2007,1379067460.47,826738746.5,614819477.17,244250000.0,205000000.0,552328713.97,104421740.77,34505532.82,40064653.48,1583854484.22,504959518.29,0.5994911563051739,0.5434001997631062,0.7436683955757962,0.07571909552155774,0.023291557094063234,0.065271761790525,民营,民营,"叶立润,周月华",False,证监会2001版,M,综合类,正常上市
600620,2008,1312839752.97,709576804.37,703136219.25,304500000.0,5000000.0,603262948.6,77167998.92,71423762.45,42033820.08,1379067460.47,552328713.97,0.5404900352573454,0.4361754754297395,0.9909233432091705,0.05877945023025471,0.05306554556813811,0.12361418788909528,民营,民营,"叶立润,周月华",False,证监会2001版,M,综合类,正常上市
600620,2009,1408038387.78,778528729.77,522983873.46,349000000.0,255000000.0,629509658.01,89902638.57,29581555.19,23534899.12,1312839752.97,603262948.6,0.5529172617214481,0.775822364549654,0.6717592472335666,0.06384956500493287,0.021744123521714172,0.04799190869652155,民营,民营,"叶立润,周月华",False,证监会2001版,M,综合类,正常上市
600620,2010,1162360432.44,481395704.89,461655502.83,181000000.0,5000000.0,680964727.55,254908283.17,138102146.81,165054964.93,1408038387.78,629509658.01,0.41415355465900133,0.3863765258198584,0.9589938134896515,0.21930227152941056,0.10745581247829848,0.21076664806536505,民营,民营,"叶立润,周月华",True,证监会2001版,J01,房地产开发与经营业,正常上市
600620,2011,959137971.5,297097607.32,290680431.32,210000000.0,5000000.0,662040364.18,391908633.63,11204489.12,13925727.64,1162360432.44,680964727.55,0.309754817500727,0.7236678946674461,0.9784004453691606,0.4086050654600739,0.010562807022801685,0.016685698645515737,其他,外资,"叶立培,叶茂菁",True,证监会2001版,J01,房地产开发与经营业,正常上市
600620,2012,998224762.19,293846876.42,286362472.13,182000000.0,5000000.0,704377885.77,275976276.33,12180955.46,13710637.74,959137971.5,662040364.18,0.2943694522016574,0.6363858696687928,0.9745295768286389,0.27646707112788615,0.012446293423638028,0.017829029230904563,其他,外资,"叶立培,叶茂菁",False,证监会2012版,S90,综合,正常上市
600620,2013,942392808.11,153344325.97,151596070.9,35000000.0,0.0,789048482.14,295244947.81,115483047.12,118385333.97,998224762.19,704377885.77,0.16271805626099495,0.22824450646349534,0.9885991538393014,0.3132928703075775,0.11901680051484587,0.15465516024283762,其他,外资,"叶立培,叶茂菁",False,证监会2012版,S90,综合,正常上市
600620,2014,860352685.2,69603990.18,67560682.54,0.0,0.0,790748695.02,369658670.42,77732300.02,80187845.19,942392808.11,789048482.14,0.08090169459263054,0.0,0.9706438146043656,0.42965946033407,0.08623768613868686,0.09840794899980679,其他,外资,"叶立培,叶茂菁",False,证监会2012版,S90,综合,正常上市
600620,2015,5394711937.99,1199720240.27,69600854.4,0.0,0.0,4194991697.72,403446457.57,49119191.52,49689481.45,860352685.2,790748695.02,0.2223881931158312,0.0,0.05801423703940859,0.07478554225090264,0.01570541456530944,0.019703870498963424,其他,外资,"叶立培,叶茂菁",False,证监会2012版,S90,综合,正常上市
600621,2005,1907820808.12,778426163.06,568426163.06,195000000.0,210000000.0,1129394645.06,126276236.92,102347719.89,75847923.45,1789342004.33,1093863083.84,0.4080184888155585,0.5202805599543848,0.7302248948384672,0.06618873029508197,0.0553655465457726,0.09207004528497786,国有,国企,上海市国有资产管理委员会,False,证监会2001版,G85,通信服务业,正常上市
600621,2006,1775960937.69,710094390.48,710094390.48,356000000.0,0.0,1065866547.21,342874939.23,99601598.71,80335180.09,1907820808.12,1129394645.06,0.3998367167937955,0.5013418001504785,1.0,0.19306445989514776,0.05407573281087494,0.09074236729617345,国有,国企,上海市国有资产管理委员会,False,证监会2001版,G85,通信服务业,正常上市
600621,2007,1990128237.58,842404571.24,822488444.61,441242223.82,0.0,1147723666.34,289152852.01,103589794.12,95289671.52,1775960937.69,1065866547.21,0.4232916026880588,0.5237889713377287,0.9763580026629202,0.14529357784582286,0.05501186472174993,0.09359437305595057,国有,国企,上海市国有资产监督管理委员会,False,证监会2001版,G85,通信服务业,正常上市
600621,2008,1708544236.02,648759429.32,645637016.6,340000000.0,0.0,1059784806.7,138611359.71,93188176.7,96653427.94,1990128237.58,1147723666.34,0.37971473939197775,0.5240771611695455,0.9951871023697139,0.08112834118529515,0.050390066903814215,0.08442837510079304,国有,国企,上海市国有资产监督管理委员会,False,证监会2001版,C5110,电子器件制造业,正常上市
600621,2009,1770412473.63,650833314.72,649350613.79,328091417.0,0.0,1119579158.91,156377889.79,94212680.28,101396408.84,1708544236.02,1059784806.7,0.36761676977204705,0.5041097460432717,0.9977218422959219,0.08832850655947283,0.05416145594377244,0.08645887677933597,国有,国企,上海市国有资产监督管理委员会,False,证监会2001版,C5110,电子器件制造业,正常上市
600621,2010,2282908053.02,1043041759.37,1041559391.44,451622700.0,0.0,1239866293.65,267252104.62,106439038.46,112669298.45,1770412473.63,1119579158.91,0.45689170792060024,0.43298621166690515,0.9985788028938599,0.1170665214774897,0.052519428335449224,0.09022377554396398,国有,国企,上海市国有资产监督管理委员会,False,证监会2001版,C5110,电子器件制造业,正常上市
600621,2011,2071235106.46,761750433.21,661750433.21,365000000.0,100000000.0,1309484673.25,462861799.08,137362318.07,136355904.31,2282908053.02,1239866293.65,0.3677759375718225,0.6104361477557682,0.8687234090847811,0.2234713952251846,0.06309499391214538,0.10776257945921976,国有,国企,上海市国有资产监督管理委员,False,证监会2001版,C5110,电子器件制造业,正常上市
600621,2012,2819535152.77,1378949963.32,1228949963.32,700000000.0,150000000.0,1440585189.45,629154181.82,181289638.76,183042841.66,2071235106.46,1309484673.25,0.4890699667160653,0.6164110537800193,0.8912215787447025,0.22314110224939002,0.07413541391271244,0.13184366056941627,国有,国企,上海市国有资产监督管理委员会,True,证监会2012版,K70,房地产业,正常上市
600621,2013,3376603937.54,1703731633.25,1043741633.25,510000000.0,659990000.0,1672872304.29,1221842549.93,295963392.32,296024307.22,2819535152.77,1440585189.45,0.504569580787506,0.6867220031409251,0.6126209156890408,0.3618554537433148,0.09553155215087097,0.19011879424406586,国有,国企,上海市国有资产监督管理委员会,True,证监会2012版,K70,房地产业,正常上市
600621,2014,3657677766.91,1814812450.17,1330330159.17,270000000.0,480000000.0,1842865316.74,1080471784.63,152209229.59,154744885.52,3376603937.54,1672872304.29,0.49616520804213726,0.41326584459443444,0.7330400224251179,0.2953982973581571,0.043276410011759976,0.08658736572350216,国有,国企,上海市国有资产监督管理委员会,True,证监会2012版,K70,房地产业,正常上市
600621,2015,3599592623.71,1677067260.59,971657390.07,220000000.0,698033809.52,1922525363.12,574699091.16,112801581.07,130387303.66,3657677766.91,1842865316.74,0.46590473864831217,0.5474042878858845,0.5793789032219057,0.15965670319872852,0.0310865036021796,0.05991494145526172,国有,国企,上海市国有资产监督管理委员会,True,证监会2012版,K70,房地产业,正常上市
600622,2005,1261447715.39,631639003.25,611950407.99,179918200.0,12564595.26,629808712.14,218683101.61,54306494.73,55005303.99,1038599049.31,580936460.32,0.5007254724423652,0.3047354489979399,0.9688293548075794,0.1733588312396999,0.047222078753762484,0.08970755525650323,国有,国企,上海市嘉定区国有资产监督管理委员会,False,证监会2001版,M,综合类,正常上市
600622,2006,1529109164.21,834592005.25,827468005.25,184052344.44,0.0,694517158.96,308286499.25,84075735.01,80655061.42,1261447715.39,629808712.14,0.5458027620161339,0.22052972384376912,0.99146409268818,0.20161183155898052,0.06025731682778059,0.12697136987917598,国有,国企,上海市嘉定区国有资产监督管理委员会,False,证监会2001版,M,综合类,正常上市
600622,2007,2394578976.82,933148037.98,828281451.2,158000000.0,75000000.0,1461430938.84,941576087.21,162774792.2,152203427.91,1529109164.21,694517158.96,0.389691902840983,0.24969242876444203,0.8876206319771016,0.3932115400346547,0.08297030056892864,0.15100065940001126,国有,国企,上海市嘉定区国有资产监督管理委员会,False,证监会2001版,M,综合类,正常上市
600622,2008,2988045737.95,1426851534.95,1398695011.71,138000000.0,20000000.0,1561194203.0,1176683931.49,170542674.62,166383113.13,2394578976.82,1461430938.84,0.4775199779669089,0.1107333146651005,0.9802666762796827,0.39379716198631026,0.06336784883108362,0.11284407865156805,国有,国企,上海市嘉定区国有资产监督管理委员会,False,证监会2001版,M,综合类,正常上市
600622,2009,3641946648.16,1812864007.95,1794194368.85,68000000.0,0.0,1829082640.21,1555438179.32,298063007.21,279159958.32,2988045737.95,1561194203.0,0.4977733566926092,0.03750970823062172,0.9897015777145293,0.4270897763166973,0.08991352926270306,0.17583402240849827,国有,国企,上海市嘉定区国有资产监督管理委员会,False,证监会2001版,M,综合类,正常上市
600622,2010,5148978481.81,3040053194.56,3018671773.78,158000000.0,0.0,2108925287.25,1230388287.04,343725609.33,337944170.39,3641946648.16,1829082640.21,0.5904187025251156,0.05197277477997158,0.9929667609704131,0.23895774499478706,0.07820009936341545,0.17456826683012885,国有,国企,上海市嘉定区国有资产监督管理委员会,False,证监会2001版,M,综合类,正常上市
600622,2011,6030066068.32,3723388970.03,3496317249.71,127966771.35,213600000.0,2306677098.29,716815250.64,269595768.85,266935639.42,5148978481.81,2108925287.25,0.6174706757512113,0.09173545232563976,0.9390147733294245,0.1188735318184843,0.04823234537460805,0.1221105277652984,国有,国企,上海市嘉定区国有资产监督管理委员会,False,证监会2001版,M,综合类,正常上市
600622,2012,7166333198.74,4609026030.74,4175171231.54,118000000.0,419250000.0,2557307168.0,492086455.0,304618292.84,303019929.39,6030066068.32,2306677098.29,0.64314983729062,0.11656475715624069,0.9058684424200697,0.0686664213556969,0.04616688032475169,0.1252546374177922,国有,国企,上海市嘉定区国有资产监督管理委员会,True,证监会2012版,K70,房地产业,正常上市
600622,2013,7899596725.65,4760538023.5,4440688021.45,73000000.0,299973029.0,3139058702.15,818613323.73,365139212.37,338907575.26,7166333198.74,2557307168.0,0.6026305125225605,0.07834682280844091,0.9328122156632114,0.1036272296118562,0.04847217718421507,0.1282007584110411,国有,国企,上海市嘉定区国有资产监督管理委员会,True,证监会2012版,K70,房地产业,正常上市
600622,2014,8927933396.05,5475862200.17,3685468593.54,100000000.0,792540000.0,3452071195.88,428192582.97,399660156.76,358646268.53,7899596725.65,3139058702.15,0.6133403955043722,0.16299533614492542,0.6730389587644451,0.047960996568303924,0.047500750718564085,0.12127212266881676,国有,国企,上海市嘉定区国有资产监督管理委员会,True,证监会2012版,K70,房地产业,正常上市
600622,2015,9279091881.73,5788945147.72,3919230648.8,0.0,853272722.22,3490146734.01,1264245575.18,294035906.39,274637474.52,8927933396.05,3452071195.88,0.6238697947498614,0.1473969264600935,0.6770198281017752,0.13624669216491186,0.03229917044700804,0.08470950043905032,国有,国企,上海市嘉定区国有资产监督管理委员会,True,证监会2012版,K70,房地产业,正常上市
600626,2005,2611275639.69,951719162.44,850414408.37,130020006.76,61500000.0,1659556477.25,724609682.84,82109713.23,78014794.95,2566498068.54,1627267695.36,0.3644652245723796,0.20123584174661832,0.8935560425091402,0.27749260622904703,0.03171622317116245,0.0499629483768816,国有,国企,上海市国有资产监督管理委员会,False,证监会2001版,C11,纺织业,正常上市
600626,2006,2507100793.93,782391360.31,736768076.15,68000000.0,10500000.0,1724709433.62,697430632.06,118830976.32,110045867.61,2611275639.69,1659556477.25,0.31207016574852753,0.10033341877509569,0.9416873875729876,0.27818212723978447,0.04643307418323515,0.07022555523094336,国有,国企,上海市国有资产管理委员会,False,证监会2001版,C11,纺织业,正常上市
600626,2007,2747279571.7,846096577.74,801423380.65,68000000.0,22000000.0,1901182993.96,843545199.66,173674012.38,170545668.06,2507100793.93,1724709433.62,0.30797614718783084,0.10637083563249729,0.9472008299462383,0.3070474546345567,0.06610637231976506,0.09579656090123657,国有,国企,上海市国有资产监督管理委员会,False,证监会2001版,C11,纺织业,正常上市
600626,2008,2714201959.95,809547978.73,780875393.94,38674000.0,4000000.0,1904653981.22,891869400.54,103421179.2,103390149.65,2747279571.7,1901182993.96,0.2982637219615423,0.05271336736205058,0.9645819821142895,0.3285936027238112,0.03787293927505229,0.05434871744347831,国有,国企,上海市国有资产监督管理委员会,False,证监会2001版,C11,纺织业,正常上市
600626,2009,2852220020.62,937651843.05,918972284.7,40262631.32,4000000.0,1914568177.57,1182708121.45,63983239.42,101317033.37,2714201959.95,1904653981.22,0.3287445695883512,0.04720582767269163,0.9800783643860402,0.4146623026623695,0.022989000705781252,0.03350590081424908,国有,国企,上海市国有资产监督管理委员会,False,证监会2001版,C11,纺织业,正常上市
600626,2010,2887743310.54,967616900.15,955129013.7,15000000.0,0.0,1920126410.39,1104923510.38,215653423.99,201394351.71,2852220020.62,1914568177.57,0.33507718522566965,0.015502002908046252,0.9870941831957833,0.38262525147132365,0.0751410458736914,0.11247488896096124,国有,国企,上海市国有资产监督管理委员会,True,证监会2001版,J01,房地产开发与经营业,正常上市
600626,2011,3165276004.17,1075790325.49,1025636079.51,41245000.0,0.0,2089485678.68,1355719661.64,233448917.15,215776639.21,2887743310.54,1920126410.39,0.33987251793294854,0.038339255357417126,0.9533791624709436,0.4283100936076181,0.07713470088644002,0.11644463951331849,国有,国企,上海市国有资产监督管理委员会,True,证监会2001版,J01,房地产开发与经营业,正常上市
600626,2012,3624348387.3,1433916966.47,1422519193.81,34000000.0,0.0,2190431420.83,1350038804.92,176054323.89,164734081.23,3165276004.17,2089485678.68,0.39563441845010183,0.023711275335349998,0.9920513021837946,0.37249145519526805,0.0518598124842317,0.08226996915905503,国有,国企,上海市国有资产监督管理委员会,False,证监会2012版,F51,批发业,正常上市
600626,2013,3789779424.24,1469935644.28,1453283861.62,31000000.0,0.0,2319843779.96,1105239519.54,207775302.36,192481444.65,3624348387.3,2190431420.83,0.3878683901437826,0.021089358653646594,0.9886717607503447,0.2916368990951615,0.05604848139698921,0.09213420162193518,国有,国企,上海市国有资产监督管理委员会,False,证监会2012版,F51,批发业,正常上市
600626,2014,3969019470.52,1524173368.51,1494371313.6,47477700.4,0.0,2444846102.01,832737111.87,169060757.99,147622297.61,3789779424.24,2319843779.96,0.3840176093442824,0.03114980315291377,0.9804470701786806,0.20980927860273238,0.04357910555051949,0.07096401326337758,国有,国企,上海市国有资产监督管理委员会,False,证监会2012版,F51,批发业,正常上市
600626,2015,4815367128.34,2095086670.62,1746178861.82,137948865.27,316365600.0,2720280457.72,1175912548.84,188488723.53,169955601.27,3969019470.52,2444846102.01,0.43508347645805323,0.21684757563540535,0.8334637828148906,0.2441999784231139,0.04291448729145442,0.0729851326391712,国有,国企,上海市国有资产监督管理委员会,False,证监会2012版,F51,批发业,正常上市
600634,2005,349104358.99,134425408.48,134425408.48,99500000.0,0.0,214678950.51,24053494.77,6983793.5,6927838.86,560691657.82,207695157.01,0.38505794905829455,0.7401874476342303,1.0,0.06890058560021878,0.015352438065154734,0.03306923116573526,民营,民营,周正毅(委托周正明持有),True,证监会2001版,J01,房地产开发与经营业,正常上市
600634,2006,315451932.32,100220145.58,100220145.58,45500000.0,0.0,215231786.74,6046931.63,2965216.23,2564141.95,349104358.99,214678950.51,0.3177033814404881,0.4540005378826751,1.0,0.019169106321611895,0.008923897851165766,0.013794566979031645,民营,民营,周正毅,True,证监会2001版,J01,房地产开发与经营业,正常上市
600634,2007,268011990.58,55740050.73,55740050.73,39200000.0,0.0,212271939.85,1748315.71,-2959846.89,-2969533.05,315451932.32,215231786.74,0.20797595887174278,0.7032645196159117,1.0,0.006523274224472199,-0.010145775167344113,-0.013847116204620404,民营,民营,周正毅,True,证监会2001版,J01,房地产开发与经营业,正常上市
600634,2008,263649974.89,50006930.82,50006930.82,33200000.0,0.0,213643044.07,5427746.74,1371104.22,631340.3,268011990.58,212271939.85,0.18967166919270098,0.6639079714670639,1.0,0.020586941994834494,0.005157804428563611,0.006438393913173695,民营,民营,周正毅,True,证监会2001版,J01,房地产开发与经营业,正常上市
600634,2009,210989539.43,61743315.76,61743315.76,32000000.0,0.0,149246223.67,3391184.76,-60822006.44,-60994190.47,263649974.89,213643044.07,0.2926368573854562,0.5182747250631297,1.0,0.01607276251306806,-0.2562871594335656,-0.33520972840440827,民营,民营,周正毅,True,证监会2001版,J01,房地产开发与经营业,正常上市
600634,2010,209532225.47,60979849.73,60979849.73,30200000.0,0.0,148552375.74,1559438.8,-693847.93,-1388341.28,210989539.43,149246223.67,0.29102850214670606,0.4952455628165091,1.0,0.0074424771488110514,-0.0032999382572504754,-0.004659846831883393,民营,民营,鲍崇宪,True,证监会2001版,J01,房地产开发与经营业,*ST
600634,2011,202495529.18,48044166.2,48044166.2,14250000.0,0.0,154451362.98,33182922.11,5898987.24,5736029.87,209532225.47,148552375.74,0.23726037999235594,0.2966020877681503,1.0,0.16386989996457363,0.028633931444792784,0.038936729064265055,民营,民营,鲍崇宪,True,证监会2001版,J01,房地产开发与经营业,暂停上市
600634,2012,232090607.35,53660943.29,53660943.29,0.0,0.0,178429664.06,1055372.59,23978301.08,23747298.32,202495529.18,154451362.98,0.2312068717588282,0.0,1.0,0.004547243863291998,0.11035005060887279,0.14406529139384502,民营,民营,鲍崇宪,False,证监会2012版,F51,批发业,ST
600634,2013,6539270379.17,4210847628.08,3730295779.11,1842400000.0,328900000.0,2328422751.09,1069170618.35,126010862.23,117127096.45,232090607.35,178429664.06,0.6439323324958561,0.5156444003152014,0.8858776447370253,0.16349998644431415,0.037218769603586194,0.10053313188160701,民营,民营,颜静刚,False,证监会2012版,F51,批发业,ST
600634,2014,6773665725.23,4299911532.53,3943015126.53,1921400000.0,171710000.0,2473754192.7,1312701499.77,145331441.61,134798505.33,6539270379.17,2328422751.09,0.6347983067003201,0.4867797823664635,0.9169991281681074,0.19379484506897884,0.021833116371972546,0.060527316386347375,民营,民营,颜静刚,False,证监会2012版,C30,非金属矿物制品业,正常上市
600634,2015,6643065811.09,4040304175.35,3742865416.94,1533499000.0,134960000.0,2602761635.74,1768294336.11,132793687.36,122487521.84,6773665725.23,2473754192.7,0.6081987278531963,0.41295380931448467,0.9263820877089697,0.2661864847338998,0.019795236567195,0.05231686134653781,民营,民营,颜静刚,False,证监会2012版,C30,非金属矿物制品业,正常上市
600638,2005,2564930475.57,278505306.57,278505306.57,0.0,0.0,2286425169.0,562633000.82,72835285.86,70094188.36,2494144107.1,2264003306.37,0.10858201000871505,0.0,1.0,0.21935604344011198,0.02879391662241916,0.03201249563826083,国有,国企,上海市黄浦区国有资产监督管理委员会,True,证监会2001版,J01,房地产开发与经营业,正常上市
600638,2006,3068201051.45,725727705.72,725727705.72,300000000.0,0.0,2342473345.73,536316513.82,60532414.81,59155877.33,2564930475.57,2286425169.0,0.23653199172753972,0.4133781825269682,1.0,0.17479836061151938,0.021491568062861274,0.02615413348008163,国有,国企,中国华闻投资控股有限公司,True,证监会2001版,J01,房地产开发与经营业,正常上市
600638,2007,3638090560.07,1148975238.48,644574758.21,314000000.0,500000000.0,2489115321.59,1021894699.76,176530172.82,176040341.94,3068201051.45,2342473345.73,0.31581820724602655,0.708457391193961,0.5609996948782983,0.2808876477611206,0.05264613680584907,0.07307334501134935,国有,国企,人民日报社,True,证监会2001版,J01,房地产开发与经营业,正常上市
600638,2008,3826366407.89,1221028856.88,703419646.98,174000000.0,513360000.0,2605337551.01,621253189.45,184354740.14,173262896.81,3638090560.07,2489115321.59,0.31910923490291687,0.5629350986481658,0.5760876518327285,0.16236113409551442,0.049395352115046955,0.07237469645917555,国有,国企,中国人民保险集团,True,证监会2001版,J01,房地产开发与经营业,正常上市
600638,2009,6430370549.01,3491352078.31,1465014289.89,250000000.0,1033355000.0,2939018470.7,1756064158.51,163720576.15,159680124.18,3826366407.89,2605337551.01,0.5429472612348161,0.36758108927851585,0.4196123040673529,0.27308910818216503,0.03192449544879095,0.05905846432260857,国有,国企,中国人民保险集团,True,证监会2001版,J01,房地产开发与经营业,正常上市
600638,2010,6792645677.29,3568174245.73,1400459693.68,200000000.0,1172720000.0,3224471431.56,1196331996.85,221769559.44,213085596.37,6430370549.01,2939018470.7,0.5252996277517543,0.38471215402182807,0.3924863521886345,0.17612165475518954,0.033542961098226604,0.07196233398830833,国有,国企,中国人民保险集团,True,证监会2001版,J01,房地产开发与经营业,正常上市
600638,2011,7195830858.62,3852966957.87,1719811502.34,80000000.0,1136025000.0,3342863900.75,798297612.63,244888651.08,236531776.13,6792645677.29,3224471431.56,0.535444347368792,0.3156074301431964,0.44636030392815707,0.11093890730820981,0.03501291229982667,0.07457778191261102,国有,国企,中国人民保险集团,True,证监会2001版,J01,房地产开发与经营业,正常上市
600638,2012,8421527473.77,4855106425.86,2416523266.69,0.0,1439185000.0,3566421047.91,948294773.1,214366385.2,208015312.78,7195830858.62,3342863900.75,0.5765113800295603,0.2964270756938295,0.4977281762184964,0.1126036548658891,0.027452323323517477,0.06205168459337449,其他,其他,北京国际信托有限公司(德瑞股权投资基金集合资金信托计划),True,证监会2012版,K70,房地产业,正常上市
600638,2013,9442873615.58,5755006985.03,3406132775.13,100000000.0,2344625000.0,3687866630.55,1407722374.96,238422351.72,228316611.06,8421527473.77,3566421047.91,0.6094550471939697,0.4247822819953114,0.5918555414424479,0.1490777524161044,0.026692453951018526,0.06573280859206683,其他,其他,北京国际信托有限公司(德瑞股权投资基金集合资金信托计划),True,证监会2012版,K70,房地产业,正常上市
600638,2014,10106189823.13,6327955741.45,4431456531.55,920000000.0,1892250000.0,3778234081.68,1234879257.31,167146695.74,169709363.26,9442873615.58,3687866630.55,0.6261465351627604,0.4444168251018133,0.7002982815639238,0.1221903881603071,0.0171002254163261,0.04477483017773975,其他,其他,北京国际信托有限公司(德瑞股权投资基金集合资金信托计划),True,证监会2012版,K70,房地产业,正常上市
600638,2015,9378812012.24,5444371289.37,3026304953.27,100000000.0,2413750000.0,3934440722.87,826951266.87,233385546.67,226762219.87,10106189823.13,3778234081.68,0.5804968989958129,0.4617153875798358,0.5558593990786017,0.08817228299178737,0.023955404124863737,0.0605200018370584,民营,民营,北京国际信托有限公司(德瑞股权投资基金集合资金信托计划),True,证监会2012版,K70,房地产业,正常上市
600639,2005,4853790713.6,2137537775.45,2137537775.45,1257000000.0,0.0,2716252938.15,108311926.58,196285795.05,189586537.9,4668356345.59,2558348412.74,0.44038523734877166,0.5880597828196852,1.0,0.02231491487189943,0.041227213532805285,0.0744267791979692,国有,国企,"上海市国有资产监督管理委员会,上海市浦东新区国有资产管理办公室",True,证监会2001版,J01,房地产开发与经营业,正常上市
600639,2006,4932745862.1,1977271040.02,1977271040.02,711700000.0,0.0,2955474818.03,71054238.89,220818489.69,212504377.96,4853790713.6,2716252938.15,0.400845917324073,0.35994053703067497,1.0,0.014404601590350397,0.04512699420922678,0.07786639245841545,国有,国企,"上海市国有资产监督管理委员会,上海市浦东新区国有资产监督管理委员会",True,证监会2001版,J01,房地产开发与经营业,正常上市
600639,2007,5551012403.94,2287861807.25,1954412131.43,1057783340.0,280000000.0,3263150596.69,58047282.38,236725672.3,206663652.46,4932745862.1,2955474818.03,0.4121521698683506,0.5847308328504377,0.8542527023427149,0.010457062271883807,0.04516045988332726,0.07613440479616308,国有,国企,"上海市国有资产监督管理委员会,上海市浦东新区国有资产监督管理委员会",True,证监会2001版,J01,房地产开发与经营业,正常上市
600639,2008,5958074187.69,2546715203.29,1730792029.33,1078588289.45,390000000.0,3411358984.4,75002493.91,288377687.44,277485496.23,5551012403.94,3263150596.69,0.4274393240271795,0.576659803794625,0.6796174252598244,0.012588378651773579,0.05011304505254537,0.08641164835751293,国有,国企,"上海市国有资产监督管理委员会,上海市浦东新区国有资产监督管理委员会",True,证监会2001版,J01,房地产开发与经营业,正常上市
600639,2009,7399743057.25,3696990404.42,2976237297.49,1131217291.63,326000000.0,3702752652.83,936439448.07,405803283.49,360125351.74,5958074187.69,3411358984.4,0.49961064537204747,0.3941631251971331,0.8050432843784794,0.1265502654382723,0.060758921319083045,0.11408403583838232,国有,国企,"上海市国有资产监督管理委员会,上海市浦东新区国有资产监督管理委员会",True,证监会2001版,J01,房地产开发与经营业,正常上市
600639,2010,8422822906.23,4363911739.39,3487412511.72,1351130209.48,386095043.0,4058911166.84,349417544.37,559172098.85,529584610.21,7399743057.25,3702752652.83,0.5181056028332499,0.39808899818006727,0.7991482687978194,0.04148461249393608,0.07068033088193443,0.14408562695872446,国有,国企,"上海市国有资产监督管理委员会,上海市浦东新区国有资产监督管理委员会",True,证监会2001版,J01,房地产开发与经营业,正常上市
600639,2011,8796285677.23,4330785659.71,3281512088.78,1192000000.0,597260219.24,4465500017.52,322742963.2,502309813.58,452594208.17,8422822906.23,4058911166.84,0.4923425430486688,0.41314910499630064,0.7577175013089283,0.03669082326821763,0.058343300542572696,0.11785208449390693,国有,国企,"上海市国有资产监督管理委员会,上海市浦东新区国有资产监督管理委员会",True,证监会2001版,J01,房地产开发与经营业,正常上市
600639,2012,9368450562.68,4604389607.93,3467870601.37,1276900000.0,703043188.64,4764060954.75,327353725.93,370265021.76,333810037.14,8796285677.23,4465500017.52,0.4914782414791159,0.4300120878628524,0.7531661950147294,0.03494214157824995,0.040767453693765776,0.08023459032828377,国有,国企,"上海市国有资产监督管理委员会,上海市浦东新区国有资产监督管理委员会",True,证监会2012版,K70,房地产业,正常上市
600639,2013,10306630111.12,5323174323.3,3816157763.02,1507000000.0,568173658.15,4983455787.82,500002580.11,450153000.05,427284537.52,9368450562.68,4764060954.75,0.5164805824899775,0.38983762922562637,0.7168951327249126,0.04851271217840045,0.045758694209517406,0.09236260104772369,国有,国企,"上海市国有资产监督管理委员会,上海市浦东新区国有资产监督管理委员会",True,证监会2012版,K70,房地产业,正常上市
600639,2014,12415769749.07,6149476384.73,3212017157.42,951518752.23,732663288.15,6266293364.34,543899317.86,518027141.99,429733758.66,10306630111.12,4983455787.82,0.49529562073190225,0.2738740561004604,0.5223236835896927,0.043807136315550686,0.04559616459329999,0.09209576764483439,国有,国企,"上海市国有资产监督管理委员会,上海市浦东新区国有资产监督管理委员会",True,证监会2012版,K70,房地产业,正常上市
600639,2015,17701660774.79,8603233212.29,3652027285.8,1460000000.0,1848353244.25,9098427562.5,1040921038.02,471519471.64,471519471.64,12415769749.07,6266293364.34,0.48601277144246163,0.38454766511779653,0.42449474467145204,0.058803580707096036,0.03131206503598951,0.061376900222941504,国有,国企,"上海国有资产监督管理委员会,上海市浦东新区国有资产监督管理委员会",True,证监会2012版,K70,房地产业,正常上市
600641,2005,3821608278.17,1851222927.04,1472422927.04,450000000.0,378800000.0,1970385351.13,547013383.72,26835774.35,27226091.59,5255898191.11,2034869878.76,0.4844093879570695,0.4477040489797758,0.7953785065715021,0.14313695803012563,0.005912587215623001,0.01340028178465771,其他,外资,"林逢生,林绍良",True,证监会2001版,J01,房地产开发与经营业,正常上市
600641,2006,3982956415.84,1820430961.47,1770430961.47,400000000.0,50000000.0,2162525454.37,85049208.42,143640103.24,143703658.41,3821608278.17,1970385351.13,0.45705520508089054,0.24719421363643723,0.9725339762626181,0.021353286237771506,0.036809254294539635,0.06951038142359446,其他,外资,"林逢生,林绍良",True,证监会2001版,J01,房地产开发与经营业,正常上市
600641,2007,4588990612.82,1490625108.92,1112961203.03,400000000.0,200000000.0,3098365503.9,630439550.69,478809628.26,480043126.76,3982956415.84,2162525454.37,0.3248263582748952,0.40251569385861,0.7466405847922231,0.13738087607518248,0.1117154892952831,0.18202606062660248,其他,外资,"林逢生,林绍良",True,证监会2001版,J01,房地产开发与经营业,正常上市
600641,2008,3883409095.73,1167730873.21,814680110.41,259560000.0,310000000.0,2715678222.52,653539154.71,368289411.85,370358171.18,4588990612.82,3098365503.9,0.30069736265848934,0.4877493719373236,0.6976608472896744,0.1682900612836795,0.08693863002670599,0.12668959133431712,其他,外资,"林逢生,林绍良",True,证监会2001版,J01,房地产开发与经营业,正常上市
600641,2009,5260036028.3,2577191123.21,1103479524.74,200000000.0,468335000.0,2682844905.09,2431874068.56,285881121.03,296263640.09,3883409095.73,2715678222.52,0.48995693363015363,0.259326905940744,0.4281713974575428,0.46233030638498523,0.06253247373436349,0.10591086275722354,其他,外资,"林逢生,林绍良",True,证监会2001版,J01,房地产开发与经营业,正常上市
600641,2010,6618224595.33,3511744935.86,1353438331.97,200000000.0,1109335000.0,3106479659.47,1063013390.91,251498184.42,243087313.52,5260036028.3,2682844905.09,0.530617371060206,0.37284456129765975,0.3854033697463148,0.16061911704539178,0.042345961650257516,0.08688342884058509,其他,外资,"林逢生,林绍良",True,证监会2001版,J01,房地产开发与经营业,正常上市
600641,2011,6766145839.12,4161274060.43,2518459994.07,210000000.0,384985979.4,2604871778.69,714968652.42,115278645.84,151228662.35,6618224595.33,3106479659.47,0.6150139472860094,0.14298168559907776,0.6052136815544801,0.10566852524612273,0.017225860028990913,0.040368255075243206,其他,外资,"林逢生,林绍良",True,证监会2001版,J01,房地产开发与经营业,正常上市
600641,2012,7152918403.31,4487372967.45,1988903049.35,220000000.0,1169370283.91,2665545435.86,444318263.75,110051182.48,111051398.96,6766145839.12,2604871778.69,0.6273485470452838,0.309617741602505,0.4432221399417612,0.062117060295891605,0.015813014519255812,0.041761848445767275,其他,外资,"林逢生,林绍良",True,证监会2012版,K70,房地产业,正常上市
600641,2013,8021662047.87,5243915441.72,3515476509.36,150000000.0,1198352000.0,2777746606.15,897062630.4,195044493.69,226690651.77,7152918403.31,2665545435.86,0.6537193178204787,0.2571269531298433,0.670391532516193,0.11183002039311765,0.02570673954611154,0.0716641665318319,其他,外资,"林逢生,林绍良",True,证监会2012版,K70,房地产业,正常上市
600641,2014,7200748351.29,3405438708.33,2456451586.97,140000000.0,746788100.0,3795309642.96,677797741.41,483146943.56,400494296.23,8021662047.87,2777746606.15,0.47292844329435874,0.2604034827673859,0.7213319038634597,0.09412879166768463,0.06347837574877904,0.1470083094528268,其他,外资,"林逢生,林绍良",True,证监会2012版,K70,房地产业,正常上市
600641,2015,6749370456.17,2807762899.83,2669844622.45,80000000.0,0.0,3941607556.34,1132057603.25,263633972.55,211472493.8,7200748351.29,3795309642.96,0.41600367294452734,0.02849243431660263,0.9508796567586421,0.16772788078555073,0.03779666341035296,0.0681496171560043,不明,,,True,证监会2012版,K70,房地产业,正常上市
600647,2005,124933291.14,65387832.46,30382232.16,0.0,0.0,59545458.68,10588166.67,1286689.25,1658619.64,119864267.13,58511693.7,0.5233819733983196,0.0,0.4646465713416309,0.0847505622671456,0.010512271928634544,0.021797734809974587,国有,国企,中国信达资产管理公司,False,证监会2001版,M,综合类,正常上市
600647,2006,135406683.18,75034487.38,40028887.08,0.0,0.0,60372195.8,5007437.74,1354668.62,1113806.7,124933291.14,59545458.68,0.5541416835404976,0.0,0.5334731864999649,0.03698072814724713,0.010406919825035344,0.022593314151686205,国有,国企,中国信达资产管理公司,False,证监会2001版,M,综合类,正常上市
600647,2007,259038525.52,200019650.95,163222866.9,55000000.0,0.0,59018874.57,4630022.89,-803721.22,2505173.57,135406683.18,60372195.8,0.7721617877050367,0.2749729825983381,0.8160341552680828,0.01787387756591643,-0.004075198290017915,-0.013463673916469972,国有,国企,中国信达资产管理公司,False,证监会2001版,M,综合类,正常上市
600647,2008,635310371.0,547982357.87,512976757.57,95000000.0,0.0,87328013.13,43810804.01,12258681.39,9056494.68,259038525.52,59018874.57,0.8625427552952697,0.17336324543232323,0.9361191107756346,0.06895968649313927,0.027413644580319252,0.16752910270465562,国有,国企,中国信达资产管理公司,False,证监会2001版,M,综合类,正常上市
600647,2009,653792019.6,481039216.86,459039216.86,0.0,22000000.0,172752802.74,174569475.06,147574725.61,73589201.85,635310371.0,87328013.13,0.7357679543936727,0.045734316930760355,0.9542656830692396,0.2670107156811187,0.22895733758016354,1.134837455168277,国有,国企,中国信达资产管理公司,False,证监会2001版,M,综合类,正常上市
600647,2010,489370614.44,265671434.8,265671434.8,0.0,0.0,223699179.64,76400007.83,53425756.65,18938223.12,653792019.6,172752802.74,0.5428839144827178,0.0,1.0,0.15611891187505525,0.09347008913541972,0.269519432488504,国有,国企,中国信达资产管理股份有限公司,False,证监会2001版,M,综合类,正常上市
600647,2011,485687805.24,273525558.32,273525558.32,10000000.0,0.0,212162246.92,97526106.76,40927713.93,20941346.38,489370614.44,223699179.64,0.5631715587028973,0.03655965483233165,1.0,0.20079999066850773,0.08394925494501525,0.18780149577822738,国有,国企,财政部,False,证监会2001版,M,综合类,正常上市
600647,2012,437025666.44,201804592.16,201804592.16,8330000.0,0.0,235221074.28,38122714.86,45396134.69,22032938.77,485687805.24,212162246.92,0.4617682842380748,0.04127755424611741,1.0,0.08723221034257934,0.09839703457964363,0.20294066648812745,国有,国企,财政部,True,证监会2012版,K70,房地产业,正常上市
600647,2013,466008552.02,197864522.3,197844398.92,27000000.0,0.0,268144029.72,130899406.62,47469762.84,33616317.71,437025666.44,235221074.28,0.42459418704296253,0.1364570044500595,0.9998982971794735,0.28089485923078533,0.10513391822726965,0.18860966905643903,国有,国企,财政部,True,证监会2012版,K70,房地产业,正常上市
600647,2014,531661040.09,256104584.91,244102164.16,40000000.0,0.0,275556455.18,113042108.93,-16224742.98,-3364817.13,466008552.02,268144029.72,0.4817065114770238,0.15618619250435034,0.9531346900555573,0.21262063684573193,-0.03252528313644566,-0.05968265039522315,国有,国企,财政部,True,证监会2012版,K70,房地产业,正常上市
600647,2015,544551359.52,235933315.26,234658500.32,43000000.0,0.0,308618044.26,169479654.07,68153958.66,68137607.06,531661040.09,275556455.18,0.43326182394983953,0.18225488821963837,0.9945967150141761,0.31122804324534137,0.12665521914577044,0.2333342476446116,国有,国企,中华人民共和国财政部,False,证监会2012版,F51,批发业,正常上市
600648,2005,4117358674.01,2965863746.91,2785413746.91,2297741394.0,180000000.0,1128811653.28,333594837.79,-204246774.26,-204267763.22,3926045444.0,1384251946.0,0.720331645049876,0.8354198322770044,0.9391576905082026,0.08102156362906891,-0.05078615254520674,-0.1625480344536583,国有,国企,上海市浦东新区国有资产管理办公室,True,证监会2001版,J01,房地产开发与经营业,正常上市
600648,2006,4156657433.17,2994062342.87,1317062342.87,836962166.0,1677000000.0,1162595090.3,177498201.52,12740590.39,13197067.37,4117358674.01,1128811653.28,0.7203052912124712,0.8396492384290859,0.43989142243695284,0.042702148149994214,0.003079662941178954,0.011120321981853492,国有,国企,上海市浦东新区国有资产监督管理委员会,True,证监会2001版,J01,房地产开发与经营业,正常上市
600648,2007,6150157213.9,4528000508.48,2228855250.43,1580927187.61,2168880000.0,1622156705.42,818754900.72,13826566.46,10556764.1,4156657433.17,1162595090.3,0.7362414245681792,0.8281375367753148,0.4922382950831872,0.13312747499682254,0.0026829950733480183,0.009930196638171216,国有,国企,上海市浦东新区国有资产监督管理委员会,True,证监会2001版,J01,房地产开发与经营业,正常上市
600648,2008,18190117437.87,14209166997.18,13005119120.93,8093276352.7,924400000.0,3980950440.69,3903945181.25,303747020.64,242054573.02,6150157213.9,1622156705.42,0.7811476229173727,0.6346379315894929,0.9152625993846818,0.21461902016764212,0.024958388924170325,0.10842092172050596,国有,国企,上海市浦东新区国有资产监督管理委员会,True,证监会2001版,J01,房地产开发与经营业,正常上市
600648,2009,21585196870.29,16788437793.27,14629625751.64,10864246578.27,847990000.0,4796759077.02,5425986248.21,413049669.35,353072233.47,18190117437.87,3980950440.69,0.7777755233901855,0.6976370715663073,0.8714107847190281,0.25137534212988166,0.0207691467199927,0.09411331475862275,国有,国企,上海市浦东新区国有资产监督管理委员会,True,证监会2001版,J01,房地产开发与经营业,正常上市
600648,2010,23955015886.61,18824027562.93,15605760341.04,12013229866.7,2121030000.0,5130988323.68,6811168256.09,727456114.97,662375094.68,21585196870.29,4796759077.02,0.7858073504118175,0.7508626843776238,0.8290340783272276,0.2843316108964553,0.03194785754968964,0.1465500854541701,国有,国企,上海市浦东新区国有资产监督管理委员会,True,证监会2001版,J01,房地产开发与经营业,正常上市
600648,2011,24004391954.12,18757745092.62,14794537697.52,11596408002.65,2932133250.2,5246646861.5,6287681655.29,442906832.9,357131227.3,23955015886.61,5130988323.68,0.7814297120490281,0.7745355948229657,0.7887162142607816,0.26193880133717834,0.018470070955457336,0.08535795005253266,国有,国企,上海市浦东新区国有资产监督管理委员会,True,证监会2001版,J01,房地产开发与经营业,正常上市
600648,2012,24511677019.49,19148136808.75,16204875906.49,11006894490.89,1229045495.97,5363540210.74,5249811340.84,504977301.44,440679561.15,24004391954.12,5246646861.5,0.7811842818230967,0.6390146523952461,0.8462899585658361,0.21417593486833686,0.02081690920650142,0.09518725692616657,国有,国企,上海市浦东新区国有资产监督管理委员会,False,证监会2012版,F51,批发业,正常上市
600648,2013,25002586374.2,19236311400.33,16972733092.89,11354877317.37,1434708943.0,5766274973.87,4125528030.57,584547745.6,544513881.87,24511677019.49,5363540210.74,0.7693728605685298,0.664866875681301,0.8823278402843296,0.16500405073401145,0.023611287153854483,0.10504177039854111,国有,国企,上海市浦东新区国有资产监督管理委员会,False,证监会2012版,F51,批发业,正常上市
600648,2014,26156558683.22,16892582821.65,13819789729.42,8624161357.37,2145370343.86,9263975861.57,3719276591.83,750631749.58,697980981.54,25002586374.2,5766274973.87,0.645825891174551,0.6375301997884819,0.8180980892814198,0.1421928869494593,0.029344968479731476,0.09988279740615864,国有,国企,上海市浦东新区国有资产监督管理委员会,False,证监会2012版,F51,批发业,正常上市
600648,2015,29265134077.23,19690754143.69,16857153791.09,10669105886.5,1399999067.54,9574379933.54,3291350753.42,583091978.51,539417079.74,26156558683.22,9263975861.57,0.6728400454864332,0.6129325908986379,0.8560948792553972,0.11246662136364054,0.021042012593527486,0.061904763329860994,国有,国企,上海市浦东新区国有资产监督管理委员会,False,证监会2012版,F51,批发业,正常上市
600649,2005,6538886376.27,472265982.03,472265982.03,200000000.0,0.0,6066620394.24,921464574.22,377114613.0,377114613.0,6304614787.55,5786121404.89,0.07222422211584541,0.4234901678505722,1.0,0.14092071970604178,0.05872458112314852,0.06363331276273654,国有,国企,上海市国有资产管理委员会,False,证监会2001版,M,综合类,正常上市
600649,2006,7169400450.99,696850757.37,696850757.37,0.0,0.0,6472549693.62,1212102913.28,566282266.04,562541502.41,6538886376.27,6066620394.24,0.09719791245218756,0.0,1.0,0.1690661473809326,0.08261896955845764,0.09032212850964598,国有,国企,上海市国有资产管理委员会,False,证监会2001版,M,综合类,正常上市
600649,2007,8125399143.66,966531879.5,728210985.99,0.0,0.0,7158867264.16,1706794270.25,524819857.85,522237750.67,7169400450.99,6472549693.62,0.11895192622680638,0.0,0.7534267637056249,0.21005666799541278,0.06862722909211283,0.07700151194487,国有,国企,上海市国有资产管理委员会,False,证监会2001版,M,综合类,正常上市
600649,2008,17726046630.63,7076683439.52,5653691389.09,2169134000.0,791406206.53,10649363191.11,1524569904.85,1290337935.49,1270935546.88,8125399143.66,7158867264.16,0.3992251395351592,0.4183513692299352,0.798918227360115,0.08600732789541439,0.09982713901233933,0.14491478406358443,国有,国企,上海市国有资产监督管理委员会,False,证监会2001版,M,综合类,正常上市
600649,2009,20235397979.99,8917457296.81,4455255563.25,160000000.0,2198150013.39,11317940683.18,1866832456.86,784983603.62,761110902.38,17726046630.63,10649363191.11,0.4406860347213396,0.26444197430960165,0.4996105296566722,0.09225578161131488,0.041356887846169844,0.0714683611709606,国有,国企,上海市国有资产监督管理委员会,False,证监会2001版,M,综合类,正常上市
600649,2010,26084115404.98,13129421485.27,8587674033.37,2594000000.0,2139460607.59,12954693919.71,2907362026.33,876923458.06,849206611.67,20235397979.99,11317940683.18,0.5033493097781389,0.36052316645485916,0.6540786311875644,0.11146101683689545,0.037864104951696176,0.07225614132184809,国有,国企,上海市国有资产监督管理委员会,False,证监会2001版,M,综合类,正常上市
600649,2011,27475661878.37,14023824134.55,7907028020.44,2974000000.0,3486457070.33,13451837743.82,1802611336.91,1137912839.09,1099008212.48,26084115404.98,12954693919.71,0.5104089647278032,0.460677273783946,0.5638282357634344,0.06560756734050115,0.042491320793588895,0.08618419515210843,国有,国企,上海市国有资产监督管理委员会,False,证监会2001版,M,综合类,正常上市
600649,2012,29606438654.24,15011354795.42,10593238608.61,3063351480.75,1030499728.25,14595083858.82,1695992298.57,1379703929.56,1340798550.51,27475661878.37,13451837743.82,0.5070300744622046,0.27271697090585345,0.705681715806359,0.057284576452329004,0.04834103569022655,0.09838540921582861,国有,国企,上海市国有资产监督管理委员会,True,证监会2012版,K70,房地产业,正常上市
600649,2013,34397757661.26,19010248333.95,11971714749.88,2846000000.0,5069787235.11,15387509327.31,3473517602.1,1430485520.11,1378645384.75,29606438654.24,14595083858.82,0.5526595227851154,0.41639578274068956,0.6297505713536612,0.10098093126610985,0.0446997416562694,0.09542106723255313,国有,国企,上海市国有资产监督管理委员会,True,证监会2012版,K70,房地产业,正常上市
600649,2014,41620569556.48,24549203986.45,15853828213.79,3800000000.0,3960809240.36,17071365570.03,3368736939.45,1991302068.43,1968420447.35,34397757661.26,15387509327.31,0.5898334464917931,0.3161328263288537,0.6457980561219241,0.08093923209961247,0.052390052275849086,0.12269692493828165,国有,国企,上海市国有资产监督管理委员会,True,证监会2012版,K70,房地产业,正常上市
600649,2015,43819411953.64,23160307848.44,11426598653.54,416000000.0,4833597774.35,20659104105.2,4719877430.77,3624807682.64,3611951450.39,41620569556.48,17071365570.03,0.5285399053949676,0.22666355769979957,0.4933698950944497,0.10771202123304462,0.0848503854652791,0.19214219774315083,国有,国企,上海市国有资产监督管理委员会,True,证监会2012版,K70,房地产业,正常上市
600657,2005,2479214265.42,1905782943.15,1653482943.15,286020000.0,250000000.0,573431322.27,154435313.59,-359811954.85,-299532347.96,2818872267.58,957425376.69,0.7687044116080641,0.2812597320836715,0.8676134651604225,0.062292039757942154,-0.1358271340450377,-0.47007921132584285,国有,国企,教育部,False,证监会2001版,C43,化学原料及化学制品制造业,正常上市
600657,2006,1858727704.04,1229190852.34,985374794.06,225000000.0,239000000.0,629536851.7,361739071.42,19375833.93,45572221.39,2479214265.42,573431322.27,0.6613076512865854,0.37748409786542686,0.8016450758514437,0.19461649526918298,0.008933191852915433,0.032213377459615486,国有,国企,教育部,False,证监会2001版,C43,化学原料及化学制品制造业,*ST
600657,2007,1437840251.1,1260714033.43,1002995446.28,206000000.0,239000000.0,177126217.67,259309150.07,-48305469.93,-76456796.86,1858727704.04,629536851.7,0.8768109200347591,0.3529745748838039,0.7955772837327509,0.1803462866418012,-0.0293065215626344,-0.11976616201787034,民营,民营,朱小洁,False,证监会2001版,C43,化学原料及化学制品制造业,ST
600657,2008,11123460561.15,6409640312.56,4783664687.6,782066000.0,1523191670.0,4713820248.59,1128573788.15,541344743.64,508203146.35,1437840251.1,177126217.67,0.576227180140902,0.35965476338551106,0.7463234213355433,0.10145887441644531,0.08619246553065127,0.2213660473998009,国有,国企,财政部,False,证监会2001版,C43,化学原料及化学制品制造业,ST
600657,2009,11766122897.27,6289951701.9,4889688788.81,556080000.0,1322173055.56,5476171195.37,1834513300.14,742170612.33,646466370.81,11123460561.15,4713820248.59,0.5345815063141494,0.29861168170697366,0.7773809753313331,0.155914851149961,0.06484789150297887,0.14566658204014749,国有,国企,财政部,True,证监会2001版,J01,房地产开发与经营业,正常上市
600657,2010,13937883841.4,7678244946.74,5656289251.01,1025440000.0,1468570000.0,6259638894.66,1611272249.09,449819095.55,418445650.07,11766122897.27,5476171195.37,0.5508902954071938,0.32481511299778176,0.7366643406461689,0.11560379376272335,0.03499992045001113,0.07665752804438065,国有,国企,财政部,True,证监会2001版,J01,房地产开发与经营业,正常上市
600657,2011,15080515137.13,8355306600.44,5098633439.67,753150000.0,2655715218.5,6725208536.69,2291690877.97,621920537.73,562964189.43,13937883841.4,6259638894.66,0.5540464980449012,0.40798804658113746,0.6102269711325136,0.15196369998844322,0.04286387668665964,0.09579173587029827,国有,国企,财政部,True,证监会2001版,J01,房地产开发与经营业,正常上市
600657,2012,19564056275.63,12439167896.38,7704189865.24,1582772942.55,4270129534.09,7124888379.25,2611430663.84,687546263.04,613784293.29,15080515137.13,6725208536.69,0.6358174256467903,0.4705220257010351,0.6193492948577408,0.13348104437283453,0.03969142841159632,0.09928396417915412,国有,国企,财政部,True,证监会2012版,K70,房地产业,正常上市
600657,2013,24410479477.36,16799968758.54,9442224850.42,1422328000.0,7080991408.86,7610510718.82,2898614892.53,735560002.79,703899215.38,19564056275.63,7124888379.25,0.6882277250687139,0.5061509060567432,0.5620382386497114,0.11874469304129728,0.033453906457215354,0.09983577613263851,国有,国企,财政部,True,证监会2012版,K70,房地产业,正常上市
600657,2014,37714170538.5,29483308124.07,16395253058.27,3912140000.0,10520001359.37,8230862414.43,2745344422.78,761089892.65,767678480.25,24410479477.36,7610510718.82,0.781756769487277,0.4895021039917731,0.5560859381612273,0.07279344563543967,0.02450202592548043,0.09608887894352067,国有,国企,财政部,True,证监会2012版,K70,房地产业,正常上市
600657,2015,52184125543.98,43439490377.76,24344807042.94,8661760000.0,13174803000.0,8744635166.22,5918197216.19,812731570.9,860166044.1,37714170538.5,8230862414.43,0.8324272932608566,0.5026892076795589,0.5604303096383462,0.11340991449980763,0.018081134044060945,0.09575349023364299,国有,国企,中华人民共和国财政部,True,证监会2012版,K70,房地产业,正常上市
600658,2005,515988604.35,255721267.33,253867800.82,85000000.0,1353466.51,260267337.02,49143884.93,2548445.72,1814952.19,508866537.6,255925436.91,0.49559479642411214,0.3376859007919887,0.992752004831854,0.09524219045865832,0.004973279863046893,0.00987400773008725,国有,国企,北京市国资委,False,证监会2001版,G81,通信及相关设备制造业,正常上市
600658,2006,546593147.22,352674909.88,335722026.73,89000000.0,1402133.15,193918237.34,62891731.73,-64055812.18,-59264210.55,515988604.35,260267337.02,0.6452238043483021,0.25633276033375874,0.9519305664364718,0.11506132495416468,-0.12056636975998392,-0.28206889780795896,国有,国企,北京市国资委,False,证监会2001版,G81,通信及相关设备制造业,正常上市
600658,2007,497529432.09,296087789.0,288295951.88,75000000.0,1450799.79,201441643.09,54545087.55,7367277.92,5762992.98,546593147.22,193918237.34,0.5951161276152193,0.25820314997860316,0.9736840308534305,0.10963188111479027,0.01411190231106506,0.03726871786781818,国有,国企,北京市国有资产监督管理委员会,False,证监会2001版,G81,通信及相关设备制造业,正常上市
600658,2008,446538945.82,312637811.7,302199846.65,20000000.0,1499466.44,133901134.12,53683373.61,-67774672.81,-63984968.24,497529432.09,201441643.09,0.700135597637265,0.06876796611099105,0.9666132353177547,0.12022103360193757,-0.1435800083888862,-0.4042113169925697,国有,国企,北京市国资委,False,证监会2001版,G81,通信及相关设备制造业,正常上市
600658,2009,2680526185.48,1334520366.58,1216224195.66,200000000.0,100000000.0,1346005818.9,622103455.7,317174075.44,317174075.44,446538945.82,133901134.12,0.4978576123631593,0.22479986631362964,0.9113567886392325,0.23208258851185234,0.20285735162039475,0.428640563912147,国有,国企,北京市国资委,False,证监会2001版,G81,通信及相关设备制造业,正常上市
600658,2010,3205318973.54,1489819060.2,1470242610.31,0.0,0.0,1715499913.34,1245260902.56,365147580.44,365147580.44,2680526185.48,1346005818.9,0.46479588225025315,0.0,0.9868598473378558,0.3884982782804658,0.12407651597168332,0.23854117050620965,国有,国企,北京市国有资产监督管理委员会,True,证监会2001版,J01,房地产开发与经营业,正常上市
600658,2011,3418900361.33,1469212834.26,1451194143.39,0.0,0.0,1949687527.07,1324656380.5,312358613.98,312358613.98,3205318973.54,1715499913.34,0.4297325686579692,0.0,0.9877358198554838,0.3874510048560439,0.09430805297636784,0.17044618811913126,国有,国企,北京市国有资产监督管理委员会,True,证监会2001版,J01,房地产开发与经营业,正常上市
600658,2012,4010363445.1,1710859178.48,1684810236.85,0.0,0.0,2299504266.62,1856171497.38,425769272.89,425769272.89,3418900361.33,1949687527.07,0.4266095085647129,0.0,0.9847743508304739,0.4628437104990906,0.11461950577700532,0.20040012009919742,国有,国企,北京市国资委,True,证监会2012版,K70,房地产业,正常上市
600658,2013,3940204734.23,1254161140.78,1229089954.75,0.0,0.0,2686043593.45,1817897194.19,496435627.67,498242711.19,4010363445.1,2299504266.62,0.31829847060601785,0.0,0.9800095974793099,0.4613712527162008,0.12488054098086736,0.19914987945297943,国有,国企,北京市国有资产监督管理委员会,True,证监会2012版,K70,房地产业,正常上市
600658,2014,4313002236.33,1289523205.16,1263697759.22,0.0,0.0,3023479031.17,2072452743.39,485032367.44,496911859.24,3940204734.23,2686043593.45,0.298985053682067,0.0,0.9799728722704174,0.48051279128328994,0.11753791445438316,0.16990294962611924,国有,国企,北京市国资委,True,证监会2012版,K70,房地产业,正常上市
600658,2015,5217377718.81,1728422891.72,1690773439.37,0.0,0.0,3488954827.09,2325577589.4,513420945.44,519516720.03,4313002236.33,3023479031.17,0.3312819168695774,0.0,0.9782174533036101,0.4457368652868834,0.10774406641848477,0.1576740606090935,国有,国企,北京市国有资产监督管理委员会,True,证监会2012版,K70,房地产业,正常上市
600663,2005,11011288592.53,4020735814.83,3972356293.09,0.0,0.0,6990552777.7,4239297222.29,711035327.42,569966625.03,9607809663.1,6548570127.29,0.36514671112676544,0.0,0.987967495511255,0.384995560389355,0.06896861527160658,0.10503417871447783,国有,国企,"上海市国有资产监督管理委员会,上海市浦东新区国有资产管理办公室",True,证监会2001版,J01,房地产开发与经营业,正常上市
600663,2006,12335599364.89,4624826052.38,4582398536.85,0.0,0.0,7710773312.51,4553862403.33,1115467395.86,588476310.87,11011288592.53,6990552777.7,0.37491701177839293,0.0,0.990826138096985,0.36916425936232633,0.09555598141340181,0.1517505820924303,国有,国企,"上海市国有资产监督管理委员会,上海市浦东新区国有资产管理办公室",True,证监会2001版,J01,房地产开发与经营业,正常上市
600663,2007,14303813977.33,5054695342.47,4775488906.88,0.0,0.0,9249118634.86,4190084524.56,862088822.78,754249167.66,12335599364.89,7710773312.51,0.35338094794025887,0.0,0.9447629547039001,0.29293477468323004,0.06472280839711297,0.10166206547249677,国有,国企,"上海市国有资产监督管理委员会,上海市浦东新区国有资产监督委员会",True,证监会2001版,J01,房地产开发与经营业,正常上市
600663,2008,17786699183.7,8410369713.78,8306737230.2,0.0,0.0,9376329469.92,2425673439.08,916524007.76,880460051.14,14303813977.33,9249118634.86,0.47284600852120945,0.0,0.9876780109428241,0.1363756936589406,0.05712118115163121,0.09841631756766003,国有,国企,"上海市国有资产监督管理委员会,上海市浦东新区国有资监督管理委员会",True,证监会2001版,J01,房地产开发与经营业,正常上市
600663,2009,19457264192.38,8249830193.45,7575262761.65,1625000000.0,252643400.0,11207433998.93,679624553.14,1977233243.36,1132211307.44,17786699183.7,9376329469.92,0.42399743930500056,0.22759782395166941,0.918232567703566,0.03492909107983226,0.10617738092986534,0.19211581461788596,国有,国企,"上海市国有资产监督管理委员会,上海市浦东新区国有资产监督管理委员会",True,证监会2001版,J01,房地产开发与经营业,正常上市
600663,2010,23531987996.25,11585061980.61,9751727035.08,4877500000.0,1205039900.0,11946926015.64,1143349625.13,1217713440.0,1191710282.22,19457264192.38,11207433998.93,0.49231123109769426,0.5250330045864571,0.8417500960634939,0.048587039280837706,0.05665199453374378,0.10518221529195776,国有,国企,"上海市国有资产监督管理委员会,上海市浦东新区国有资产监督管理委员会",True,证监会2001版,J01,房地产开发与经营业,正常上市
600663,2011,27688118169.16,15167849629.55,14291927645.35,5649499699.0,656000000.0,12520268539.61,2561146596.09,983987025.41,984929293.65,23531987996.25,11946926015.64,0.5478107806706952,0.4157148081634214,0.9422514063896357,0.09249984345063564,0.038421904953977105,0.08043317129702252,国有,国企,"上海市国有资产监督管理委员会,上海市浦东新区国有资产监督管理委员会",True,证监会2001版,J01,房地产开发与经营业,正常上市
600663,2012,30782076569.84,17589725091.89,14880081559.26,2798000000.0,2510722977.86,13192351477.95,1329669086.95,1105860009.03,1010985430.86,27688118169.16,12520268539.61,0.5714275010648324,0.30180818347795924,0.8459530482440957,0.04319621140351518,0.03782645205703015,0.08601690596094615,国有,国企,"上海市国有资产监督管理委员会,上海市浦东新区国有资产监督管理委员会",True,证监会2012版,K70,房地产业,正常上市
600663,2013,38538440136.33,23352074843.58,19564433721.9,2634000000.0,3613559479.48,15186365292.75,3141149767.61,1564052182.41,1405959354.07,30782076569.84,13192351477.95,0.605942398316379,0.2675376608429118,0.8378028013762852,0.08150692546190663,0.04512523151088367,0.11022712514082578,国有,国企,"上海市国有资产监督管理委员,上海市浦东新区国有资产监督管理委员会",True,证监会2012版,K70,房地产业,正常上市
600663,2014,45620746622.93,30377094852.06,17644784186.68,3299000000.0,7465218910.22,15243651770.87,2782455311.39,1747623360.24,1601500375.22,38538440136.33,15186365292.75,0.6658614139557243,0.354353138858176,0.5808581851757767,0.06099100776205789,0.04153137470872031,0.11486180612953623,国有,国企,"上海市国有资产监督管理委员,上海市浦东新区国有资产监督管理委员会",True,证监会2012版,K70,房地产业,正常上市
600663,2015,52448902758.62,36209090054.71,26523432659.0,4539000000.0,4449290548.5,16239812703.91,1942442058.32,2121904904.03,1900023511.04,45620746622.93,15243651770.87,0.690368876187005,0.2482329861070569,0.7325075725163077,0.037034941746245754,0.04327342694526238,0.13479487975217996,国有,国企,上海市浦东新区国有资产监督管理委员会,True,证监会2012版,K70,房地产业,正常上市
600665,2005,2679723940.06,1286519720.64,596214158.14,240000000.0,690305562.5,1393204219.42,210251933.27,66339173.73,67072897.67,2506679286.38,1343243135.18,0.48009412514753086,0.7231179962303294,0.4634318064268798,0.07846029590096225,0.02558195760476413,0.04848562031970618,国有,国企,西安高新技术开发区财政局,True,证监会2001版,J01,房地产开发与经营业,正常上市
600665,2006,3362621218.07,1942437024.78,1338710392.59,57000000.0,603726632.19,1420184193.29,232575396.71,69486236.13,71331954.41,2679723940.06,1393204219.42,0.5776556141208421,0.3401534380579642,0.6891911426274537,0.06916491083211813,0.022999757316579633,0.04939683110663507,国有,国企,西安高新技术产业开发区财政局,True,证监会2001版,J01,房地产开发与经营业,正常上市
600665,2007,4670910783.13,3233750825.47,2598346963.95,20000000.0,622650000.0,1437159957.66,253223710.47,75691617.86,80402993.79,3362621218.07,1420184193.29,0.6923169753422367,0.1987320714194471,0.8035087130043024,0.054212919541210665,0.018843920170777597,0.05298039988276128,国有,国企,西安高新技术开发区财政局,True,证监会2001版,J01,房地产开发与经营业,正常上市
600665,2008,4689254607.11,3165091510.14,2502025334.78,50000000.0,657120588.2,1524163096.97,314226159.04,122561343.93,126916449.84,4670910783.13,1437159957.66,0.6749668711400284,0.2234123676786591,0.7905064756466802,0.0670098310643146,0.026187858615788297,0.08277472039963794,国有,国企,西安高新技术开发区财政局,True,证监会2001版,J01,房地产开发与经营业,正常上市
600665,2009,6247598146.98,4593815698.12,3972935867.67,500000000.0,620517226.86,1653782448.86,1606946453.96,194428540.98,138953893.88,4689254607.11,1524163096.97,0.735293082244828,0.24391862897733732,0.8648444188337612,0.2572102776387395,0.035554751508799554,0.12236115325205808,国有,国企,西安高新技术产业开发区管委会,True,证监会2001版,J01,房地产开发与经营业,正常上市
600665,2010,7699292293.17,5788750407.62,4416548997.77,20000000.0,1372195609.93,1910541885.55,1124144386.04,194603727.78,189550086.63,6247598146.98,1653782448.86,0.7518548701878962,0.24050019639772144,0.7629537787561703,0.14600619683411972,0.027906396571350283,0.10919529735343943,国有,国企,西安高新技术产业开发区管委会,True,证监会2001版,J01,房地产开发与经营业,正常上市
600665,2011,8448379301.98,6264813309.1,4891488069.8,0.0,1373325239.3,2183565992.88,932086504.35,251904107.33,227864197.88,7699292293.17,1910541885.55,0.7415402511144061,0.21921247634070218,0.7807875236592978,0.11032725580059505,0.031200053313650514,0.12305689777114504,国有,国企,西安高新技术产业开发区管委会,True,证监会2001版,J01,房地产开发与经营业,正常上市
600665,2012,8944434663.5,6667567391.62,5102756682.15,20000000.0,1564810709.47,2276867271.88,631783476.15,243301279.0,241949708.71,8448379301.98,2183565992.88,0.7454431322337983,0.23768949249194513,0.7653101022365816,0.07063425469785702,0.027977218578073313,0.1090931147528742,国有,国企,西安市人民政府,True,证监会2012版,K70,房地产业,正常上市
600665,2013,11565404994.67,9177219881.67,5022410955.35,150000000.0,4154808926.32,2388185113.0,1697054177.32,264768255.49,266427515.57,8944434663.5,2276867271.88,0.7935061405890574,0.4690754914697155,0.5472693277602999,0.1467353869667426,0.02581865679135437,0.11351137506971883,国有,国企,西安市人民政府,True,证监会2012版,K70,房地产业,正常上市
600665,2014,14018340158.78,11403183159.24,7022149549.74,0.0,4381033609.5,2615156999.54,1665298934.25,289373455.06,294684808.55,11565404994.67,2388185113.0,0.8134474574079964,0.38419391746330483,0.6158060825366952,0.11879430199209326,0.022621664914527,0.11567206421273339,国有,国企,西安市人民政府,True,证监会2012版,K70,房地产业,正常上市
600665,2015,17344987196.73,14607268092.05,7706557707.67,260000000.0,3729940000.0,2737719104.68,1934062420.91,203291056.02,206918168.29,14018340158.78,2615156999.54,0.8421607883806259,0.2731475848089297,0.5275837794655314,0.11150555483111704,0.012963615353412764,0.07595582339734457,国有,国企,西安市人民政府,True,证监会2012版,K70,房地产业,正常上市
600675,2005,7250714643.28,4829562621.84,4239469121.84,1615000000.0,590093500.0,2421152021.44,1562810381.14,413552836.03,354426992.94,7253633202.45,1991475305.3,0.6660809119437715,0.45658244289622407,0.8778163684364482,0.215538806590385,0.057024671557604385,0.1874406358877935,国有,国企,上海市国有资产监督管理委员会,True,证监会2001版,J01,房地产开发与经营业,正常上市
600675,2006,7547926275.79,4963434900.31,3727429342.31,1197000000.0,1236005558.0,2584491375.48,1348868783.98,486928550.07,429530753.76,7250714643.28,2421152021.44,0.6575892131101274,0.49018585049801744,0.7509777839691615,0.1787072017789179,0.0658071984762504,0.19455183338453946,国有,国企,上海市国有资产监督管理委员会,True,证监会2001版,J01,房地产开发与经营业,正常上市
600675,2007,9702861335.9,6309016574.41,4118220314.26,1430000000.0,2053219040.0,3393844761.49,1306442034.55,817729859.0,605306635.81,7547926275.79,2584491375.48,0.6502222752650314,0.5521017418353732,0.6527515446644906,0.1346450278245494,0.09480493034948331,0.2735643631488577,国有,国企,上海地产（集团）有限公司,True,证监会2001版,J01,房地产开发与经营业,正常上市
600675,2008,10084170334.24,6420663470.81,4608082276.71,1311500000.0,1812500000.0,3663506863.43,1552978843.88,508915989.72,464059298.2,9702861335.9,3393844761.49,0.6367071616203415,0.4865540787494179,0.7176956552324438,0.15400164737469613,0.05143934655828034,0.14422293709243061,国有,国企,上海市国有资产监督管理委员会,True,证监会2001版,J01,房地产开发与经营业,正常上市
600675,2009,13785464676.0,9593067038.0,5472150804.67,1232400000.0,2935400000.0,4192397638.0,3399801815.25,782860861.39,636412512.92,10084170334.24,3663506863.43,0.6958827477684656,0.4344595929008455,0.5704276622892084,0.24662221369794907,0.06559470733877205,0.19930508606551844,国有,国企,上海市国有资产监督管理委员会,True,证监会2001版,J01,房地产开发与经营业,正常上市
600675,2010,21832476393.51,16873421852.38,8253483323.7,1110000000.0,5756879389.9,4959054541.13,2867701642.57,823211442.65,704548146.75,13785464676.0,4192397638.0,0.7728588158416997,0.4069642453069722,0.48914105247335143,0.1313502687868456,0.046224538416943656,0.17990837443861507,国有,国企,上海市国有资产监督管理委员会,True,证监会2001版,J01,房地产开发与经营业,正常上市
600675,2011,23881463857.47,17997304237.55,11096727795.58,1270000000.0,4858113919.9,5884159619.92,1556783763.81,846562768.36,753849561.34,21832476393.51,4959054541.13,0.7536097596429598,0.34050176843230545,0.6165772189608,0.06518795384994985,0.03703740100775285,0.15614609391391443,国有,国企,上海市国有资产监督管理委员会,True,证监会2001版,J01,房地产开发与经营业,正常上市
600675,2012,25852906049.31,19301431147.31,11621934825.92,1290000000.0,3900141405.45,6551474902.0,2003226769.51,646003423.41,565190611.8,23881463857.47,5884159619.92,0.7465865195384929,0.26889930419347885,0.6021281394742444,0.07748555484204318,0.025978148496536357,0.10389553058531995,国有,国企,上海市国有资产监督管理委员会,True,证监会2012版,K70,房地产业,正常上市
600675,2013,36384651198.89,28406558755.16,14127973869.3,1052000000.0,10566871941.39,7978092443.73,2442574329.81,472954118.12,401663518.58,25852906049.31,6551474902.0,0.780729176153999,0.4090207491000455,0.49734900982096886,0.0671319979531511,0.01519835093250478,0.06510229890072995,国有,国企,上海市国有资产监督管理委员会,True,证监会2012版,K70,房地产业,正常上市
600675,2014,40814471818.16,33465434585.12,20389222641.66,502600000.0,10204339960.53,7349037233.04,4634615849.53,-440944058.76,-488555063.76,36384651198.89,7978092443.73,0.819940405800618,0.3199402635365958,0.6092621504675102,0.11355324822476012,-0.011423550981598954,-0.05753772142063893,国有,国企,上海市国有资产监督管理委员会,True,证监会2012版,K70,房地产业,正常上市
600675,2015,36617573266.02,32352548495.82,20903966228.52,1411170000.0,5349491437.77,4265024770.2,4385697129.53,-2800814097.09,-2487072739.29,40814471818.16,7349037233.04,0.883525193239449,0.2089684353195078,0.6461304348626763,0.11977028345567058,-0.07234250610441981,-0.48231430076895593,国有,国企,上海市国有资产监督管理委员会,True,证监会2012版,K70,房地产业,正常上市
600683,2005,1035340254.22,621378313.75,616884377.35,433500000.0,2118333.27,413961940.47,136004852.34,49044561.24,49044561.24,1085097829.66,382900246.14,0.6001682164073986,0.7010517162098175,0.9927677933063367,0.13136246928065473,0.04625889490746907,0.1230942114310749,民营,民营,沈国军,False,证监会2001版,H11,零售业,正常上市
600683,2006,950491080.95,508957993.23,457024056.87,291000000.0,49498333.23,441533087.72,67492489.6,31660103.39,31660103.39,1035340254.22,413961940.47,0.5354684577590196,0.6690106801724353,0.8979602697063236,0.07100801990960544,0.03188599437352487,0.07401586764796134,民营,民营,沈国军,False,证监会2001版,H11,零售业,正常上市
600683,2007,2042857258.91,1139279893.46,791082990.16,393200000.0,199878333.19,903577365.45,320699799.96,20897281.7,20897281.7,950491080.95,441533087.72,0.5576894266552336,0.5205729835087474,0.6943710625467777,0.15698590714610897,0.013962479021721456,0.03107147320244477,民营,民营,沈国军,False,证监会2001版,H11,零售业,正常上市
600683,2008,1530566010.37,921161275.23,732579740.36,452200000.0,147000000.0,609404735.14,272497183.7,59363602.18,59363602.18,2042857258.91,903577365.45,0.6018435461057429,0.6504832716186303,0.7952784816937576,0.17803687123179116,0.03322506051289078,0.07847231260284,民营,民营,沈国军,False,证监会2001版,H11,零售业,正常上市
600683,2009,5132692567.07,3555594344.06,3160728301.27,1047000000.0,286000000.0,1577098223.01,1106129680.12,105881738.67,108393899.32,1530566010.37,609404735.14,0.6927347191748352,0.37490216009228355,0.8889451369924508,0.21550670835355226,0.031780768355136955,0.09685030452424956,国有,国企,北京市人民政府国有资产监督管理委员会,True,证监会2001版,J01,房地产开发与经营业,正常上市
600683,2010,8537984022.14,6414959347.99,4504436738.35,2244500000.0,1858500000.0,2123024674.15,1595959945.92,257476381.7,268866139.72,5132692567.07,1577098223.01,0.7513435644005954,0.63959875307481,0.7021769732276443,0.18692468172597743,0.037668418241013926,0.13917179988676806,国有,国企,北京市人民政府国有资产监督管理委员会,True,证监会2001版,J01,房地产开发与经营业,正常上市
600683,2011,13564349809.07,11105836759.58,7864144730.45,2269009100.0,3238694426.0,2458513049.49,553666698.89,84160498.84,118911076.28,8537984022.14,2123024674.15,0.8187518691204735,0.49592873056134223,0.7081091592370394,0.04081778387341373,0.007615530512090959,0.036738974517549136,国有,国企,北京市人民政府国有资产监督管理委员会,True,证监会2001版,J01,房地产开发与经营业,正常上市
600683,2012,14992040919.79,12632487587.03,8061958798.72,1593500000.0,4567531185.18,2359553332.76,467805435.63,54389390.07,86496857.15,13564349809.07,2458513049.49,0.8426129340638798,0.48771321901045367,0.638192497176673,0.031203585831498164,0.0038092622128910953,0.02257726886884467,国有,国企,北京市人民政府国有资产监督管理委员会,True,证监会2012版,K70,房地产业,正常上市
600683,2013,24009913370.78,21748196755.76,9343049152.63,504500000.0,12402150000.0,2261716615.02,1130560498.61,32911191.67,74528801.79,14992040919.79,2359553332.76,0.9058007173914878,0.5934583977212584,0.42960109555545095,0.04708723772347671,0.0016876688498636265,0.01424335390137082,国有,国企,北京市人民政府国有资产监督管理委员会,True,证监会2012版,K70,房地产业,正常上市
600683,2014,29660440367.97,27488950138.24,19919437910.11,960800000.0,7526734625.0,2171490229.73,2263658725.95,192980119.77,25144974.48,24009913370.78,2261716615.02,0.9267883348058794,0.30876168723493563,0.7246343643513683,0.07631912061543433,0.0071913116395455525,0.08706118461336206,国有,国企,北京市人民政府国有资产监督管理委员会,True,证监会2012版,K70,房地产业,正常上市
600683,2015,27576449000.45,24769638196.48,15619516827.41,225000000.0,8249000000.0,2806810803.97,2115682861.15,615720574.24,115387113.86,29660440367.97,2171490229.73,0.8982171053305594,0.3421123850409828,0.6305912384957517,0.07672064162849523,0.021514816092703982,0.24736172845794374,国有,国企,北京市人民政府国有资产监督管理委员会,True,证监会2012版,K70,房地产业,正常上市
600684,2005,955361053.85,267648535.79,137254616.76,97790000.0,130393919.03,687712518.06,110978174.71,17990435.8,18196600.94,897181182.39,669851348.26,0.2801543298331095,0.8525505972094525,0.5128166173406287,0.11616359517982248,0.019422429835137436,0.026503999180189378,国有,国企,广州市国资委,True,证监会2001版,J01,房地产开发与经营业,正常上市
600684,2006,1043908122.01,391366637.01,119365874.17,18800000.0,272000762.84,652541485.0,183688598.35,23183693.92,20526676.3,955361053.85,687712518.06,0.37490525148558135,0.7430392254732986,0.3049975723069875,0.17596241898790435,0.02319216861834262,0.03459597041615719,国有,国企,广州市人民政府国有资产监督管理委员会,True,证监会2001版,J01,房地产开发与经营业,正常上市
600684,2007,1194947970.11,496154238.23,248154238.23,0.0,248000000.0,698793731.88,237235210.55,31235229.62,30834191.8,1043908122.01,652541485.0,0.4152099092518036,0.49984456624763474,0.5001554337523652,0.19853183275265243,0.02790284711012666,0.046228691785472384,国有,国企,广州市人民政府国有资产监督管理委员会,True,证监会2001版,J01,房地产开发与经营业,正常上市
600684,2008,1398931433.82,673391087.89,475583100.66,0.0,195800000.0,725540345.93,212364778.12,24463911.1,24460399.51,1194947970.11,698793731.88,0.4813610385829996,0.29076713891999767,0.7062509575975969,0.15180499414478446,0.018862797601873555,0.0343513666928685,国有,国企,广州市人民政府国有资产监督管理委员会,True,证监会2001版,J01,房地产开发与经营业,正常上市
600684,2009,1801504114.85,1013679425.75,563865167.76,266000000.0,437793346.68,787824689.1,545875038.35,62331261.17,62328526.56,1398931433.82,725540345.93,0.5626850460091248,0.6942957791209763,0.5562559063905318,0.3030107085797313,0.038951736550922204,0.08237439048373994,国有,国企,广州市人民政府国有资产监督管理委员会,True,证监会2001版,J01,房地产开发与经营业,正常上市
600684,2010,2300810935.41,1418710825.64,439294118.46,0.0,969750000.0,882100109.77,829091710.58,131683298.11,131679017.93,1801504114.85,787824689.1,0.6166133878302298,0.6835431029875537,0.3096431707721891,0.36034760519436493,0.06419950515582858,0.15771165048762326,国有,国企,广州市人民政府国有资产监督管理委员会,True,证监会2001版,J01,房地产开发与经营业,正常上市
600684,2011,2793831815.14,1689815812.79,448439401.36,0.0,1206750000.0,1104016002.35,1031150701.67,221915892.58,221903626.47,2300810935.41,882100109.77,0.604838059196245,0.7141310850959397,0.2653776807897165,0.369081165187579,0.08711735187164704,0.22346718928041404,国有,国企,广州市人民政府国有资产监督管理委员会,True,证监会2001版,J01,房地产开发与经营业,正常上市
600684,2012,3533430800.38,2084977087.94,783106685.42,0.0,1251750000.0,1448453712.44,1455687134.4,344337710.09,344312431.43,2793831815.14,1104016002.35,0.5900715779450875,0.6003663096541528,0.37559486382352786,0.4119755604789117,0.10884255356981129,0.2698074794735261,国有,国企,广州市人民政府国有资产监督管理委员会,True,证监会2012版,K70,房地产业,正常上市
600684,2013,5263100208.85,3326086629.3,1741816258.11,160000000.0,1517750000.0,1937013579.55,1651176073.36,449822343.3,449571230.79,3533430800.38,1448453712.44,0.6319633860869919,0.5044216182526475,0.5236833709519401,0.31372689248506364,0.1022726669929343,0.26573722591518023,国有,国企,广州市人民政府国有资产监督管理委员会,True,证监会2012版,K70,房地产业,正常上市
600684,2014,6772308182.43,4270940405.69,1766043542.04,0.0,2308000000.0,2501367776.74,757834528.06,267097005.6,269209759.71,5263100208.85,1937013579.55,0.6306476744177826,0.5403962080400714,0.41350226748356683,0.11190195538149272,0.04438520022195831,0.12035784406920084,国有,国企,广州市人民政府国有资产监督管理委员会,True,证监会2012版,K70,房地产业,正常上市
600684,2015,10348475536.47,6873077568.77,3826388196.43,780000000.0,2686338200.0,3475397967.7,1330324645.49,364921312.85,286790703.44,6772308182.43,2501367776.74,0.6641632909647383,0.5043356728215033,0.5567212297757854,0.12855271685203126,0.04262904302063644,0.12211330624409197,国有,国企,广州市人民政府国有资产监督管理委员会,True,证监会2012版,K70,房地产业,正常上市
600696,2005,1185217154.59,696024604.98,641494732.54,359200000.0,54529872.44,489192549.61,123084609.33,4767442.55,4229007.52,1331880684.34,495823263.27,0.5872549197288446,0.5944184580254722,0.9216552517686254,0.10384983785741647,0.0037880470725179323,0.00967993099737333,民营,民营,"陈隆基,王华玉",True,证监会2001版,J01,房地产开发与经营业,正常上市
600696,2006,913061032.28,443824485.99,437918339.93,304000000.0,3552958.5,469236546.29,40848236.85,587569.68,4669269.05,1185217154.59,489192549.61,0.48608413928445526,0.692960772125875,0.9866926087982152,0.04473768500228082,0.0005600493620690756,0.0012261098552068697,民营,民营,"陈隆基,王华玉",True,证监会2001版,J01,房地产开发与经营业,正常上市
600696,2007,1028452236.72,514709400.31,510342014.96,203000000.0,0.0,513742836.41,274195964.3,8252663.15,6654118.76,913061032.28,469236546.29,0.5004699119052347,0.3943973043385973,0.9915148521721778,0.26661030479595416,0.00850126886256166,0.01679112155400856,民营,民营,"陈隆基,王华玉",True,证监会2001版,J01,房地产开发与经营业,正常上市
600696,2008,787685043.15,270115047.49,268765778.8,114000000.0,0.0,517569995.66,2555412.55,3827159.25,5428457.23,1028452236.72,513742836.41,0.3429226565097563,0.42204238919425774,0.9950048370035737,0.003244206008763034,0.004214614492439635,0.007421917251467366,民营,民营,"陈隆基,王华玉",True,证监会2001版,J01,房地产开发与经营业,正常上市
600696,2009,637679806.79,102898486.22,102898486.22,0.0,0.0,534781320.57,6217969.53,10010053.54,6236345.25,787685043.15,517569995.66,0.16136387748888906,0.0,1.0,0.009750927446331534,0.014045601784583599,0.01902416690247617,民营,民营,"陈隆基,王华玉",True,证监会2001版,J01,房地产开发与经营业,正常上市
600696,2010,776817054.42,214416975.97,214416975.97,0.0,0.0,562400078.45,5876212.28,3618757.88,5702986.21,637679806.79,534781320.57,0.27601991324725944,0.0,1.0,0.007564473831470391,0.005116671488269565,0.00659646232287982,民营,民营,"陈隆基,王华玉",True,证监会2001版,J01,房地产开发与经营业,正常上市
600696,2011,930068654.6,400385811.18,300385811.18,0.0,100000000.0,529682843.42,85465432.15,17039831.04,20375618.82,776817054.42,562400078.45,0.43049059787118216,0.24975910036692925,0.7502408996330707,0.09189153050938655,0.01996598946250869,0.03120611209782913,民营,民营,李勇鸿,True,证监会2001版,J01,房地产开发与经营业,正常上市
600696,2012,936371215.09,374596703.88,299596703.88,0.0,75000000.0,561774511.21,36232925.49,32091667.79,24305897.11,930068654.6,529682843.42,0.40005149436806997,0.200215322834303,0.799784677165697,0.038695044130032816,0.03438810787441029,0.058805170268661486,民营,民营,鲜言,True,证监会2012版,K70,房地产业,正常上市
600696,2013,1067192477.63,483584352.09,482510934.76,0.0,0.0,583608125.54,34444706.22,6833614.33,8828249.88,936371215.09,561774511.21,0.453136957228123,0.0,0.9977802893634569,0.03227600169792625,0.0068214595371538355,0.011932456649404503,民营,民营,鲜言,True,证监会2012版,K70,房地产业,正常上市
600696,2014,1397200032.64,743894723.32,741604639.32,0.0,0.0,653305309.32,33011082.73,69697183.78,71076300.66,1067192477.63,583608125.54,0.5324181977826152,0.0,0.9969214944961844,0.02362659745120803,0.05656337899871636,0.11269532986823555,民营,民营,鲜言,True,证监会2012版,K70,房地产业,正常上市
600696,2015,1371209557.7,785945553.93,690103718.41,0.0,0.0,585264003.77,144895501.42,-168041305.55,-102424915.4,1397200032.64,653305309.32,0.5731768346541477,0.0,0.8780553754127655,0.10566984499658873,-0.12139916444182101,-0.27134743897500285,民营,民营,"韩宏伟,韩啸",True,证监会2012版,K70,房地产业,正常上市
600708,2005,2191864670.21,1255568068.45,1210473439.69,794573696.0,40025160.76,936296601.76,86668407.41,171686594.71,142955474.83,2062975559.15,783464647.44,0.5728310171310464,0.6647181285761058,0.964084281933301,0.03954094821086577,0.08070178218458021,0.19966329022690252,国有,国企,上海市国有资产监督管理委员会,False,证监会2001版,F19,其他交通运输业,正常上市
600708,2006,2479845259.51,1415554116.95,1408206651.89,946478273.72,5000000.0,1064291142.56,100611395.0,179147211.02,150620362.06,2191864670.21,936296601.76,0.5708235671243872,0.6721595891862381,0.9948094778065913,0.04057164236928239,0.07669449247279667,0.17909458010889912,国有,国企,上海市国有资产监督管理委员会,False,证监会2001版,F19,其他交通运输业,正常上市
600708,2007,2873496775.5,1691500937.7,1646396139.82,1210011500.0,43000000.0,1181995837.8,129995484.84,181180384.96,143872491.28,2479845259.51,1064291142.56,0.5886559372963528,0.740769024759613,0.973334452925973,0.04523947475715551,0.06768870129168257,0.1613154388055646,国有,国企,上海市国有资产监督管理委员会,False,证监会2001版,F19,其他交通运输业,正常上市
600708,2008,2583119203.25,1546448569.47,1478575692.35,1130000000.0,66000000.0,1036670633.78,200903771.34,159778456.06,150029035.15,2873496775.5,1181995837.8,0.5986748762985102,0.7733849179413022,0.9561104853663116,0.07777564855978351,0.058563203524761145,0.14403107281484762,国有,国企,上海市国有资产监督管理委员会,False,证监会2001版,F19,其他交通运输业,正常上市
600708,2009,3117292523.7,1807753511.18,1711613940.57,1287766427.0,61000000.0,1309539012.52,215829848.18,175498725.62,160747250.81,2583119203.25,1036670633.78,0.5799114126878051,0.7461008476313792,0.9468182083367961,0.06923631534066801,0.061574052551428754,0.14960191293797084,国有,国企,上海市国有资产监督管理委员会,False,证监会2001版,F19,其他交通运输业,正常上市
600708,2010,3425505171.47,1999495242.38,1901888703.31,1483506508.93,75000000.0,1426009929.09,280986885.89,186117669.89,162018352.05,3117292523.7,1309539012.52,0.5837081371335222,0.7794499711211661,0.9511844104445984,0.08202786795660245,0.0568923810764912,0.13607336140764562,国有,国企,上海市国有资产监督管理委员会,False,证监会2001版,F19,其他交通运输业,正常上市
600708,2011,3874277670.32,2384059652.55,2006857874.57,1460288909.02,356750000.0,1490218017.77,295663722.58,147158554.82,127018278.66,3425505171.47,1426009929.09,0.6153559077124914,0.7621616795856965,0.8417817366371082,0.07631454111950095,0.040318611665416296,0.10092390409909523,国有,国企,上海市国有资产监督管理委员会,False,证监会2001版,F19,其他交通运输业,正常上市
600708,2012,3861560715.92,2267443834.56,2060149183.86,1388624527.41,186200000.0,1594116881.36,287448535.84,171177013.11,151161271.46,3874277670.32,1490218017.77,0.5871832663959011,0.6945373920212655,0.9085778233884123,0.07443843486778288,0.04425558150606621,0.11099768261759382,国有,国企,上海市国有资产监督管理委员会,False,证监会2012版,G54,道路运输业,正常上市
600708,2013,3941267333.38,2196181796.1,2160672927.14,1503943656.9,10920000.0,1745085537.28,357391305.08,192238065.47,161331621.13,3861560715.92,1594116881.36,0.5572273104896367,0.6897715205499422,0.9838315438990265,0.09067928532863666,0.04927394638338746,0.11514010914516244,国有,国企,上海市国有资产监督管理委员会,False,证监会2012版,G54,道路运输业,正常上市
600708,2014,5556147783.18,3613634366.51,3597717083.56,2423647875.25,10000000.0,1942513416.67,499831594.2,210060267.19,164421046.65,3941267333.38,1745085537.28,0.6503848543138959,0.6734626772991382,0.9955952148624896,0.08996009712216957,0.04423525024692921,0.11392793512157408,国有,国企,上海市国有资产监督管理委员会,False,证监会2012版,G54,道路运输业,正常上市
600708,2015,49924818062.37,41513603421.44,31093991510.69,10310000000.0,9829791519.91,8411214640.93,4137670102.14,502811936.52,510271580.67,5556147783.18,1942513416.67,0.8315223776995632,0.48513715649913103,0.7490072879250776,0.08287802064638268,0.01812556536667897,0.09712674192769016,国有,国企,上海市国有资产监督管理委员会,True,证监会2012版,K70,房地产业,正常上市
600716,2005,2429433348.31,1549191396.32,1273367866.32,695371836.33,234300000.0,880241951.99,99756292.85,-2966469.68,-4705056.38,2106900599.86,829149784.33,0.6376760232577167,0.6001013422475576,0.8219564537634276,0.04106154750834964,-0.0013078709433183163,-0.0034707897750649633,国有,国企,秦皇岛市国有资产监督管理委员会,False,证监会2001版,C61,非金属矿物制品业,正常上市
600716,2006,2075181692.48,1567033826.56,1325610296.56,696871836.33,195300000.0,508147865.92,112534428.68,-348920546.6,-291382683.14,2429433348.31,880241951.99,0.7551309035920007,0.5693379563404337,0.8459359805078489,0.054228711195650925,-0.154916921175492,-0.5026261963304288,国有,国企,秦皇岛市国有资产监督管理委员会,False,证监会2001版,C61,非金属矿物制品业,正常上市
600716,2007,1797728420.8,1323631993.29,1245791576.64,624710425.83,54000000.0,474096427.51,103097925.21,10762956.99,20459728.2,2075181692.48,508147865.92,0.7362802845943637,0.5127636905655382,0.9411917987442107,0.057348998890567014,0.005558072186129186,0.02191503083701453,国有,国企,秦皇岛市政府国有资产监督管理委员会,False,证监会2001版,C61,非金属矿物制品业,*ST
600716,2008,1846557707.99,1678016162.11,1619175745.46,506900000.0,40000000.0,168541545.88,261053964.17,-305554881.63,-254028002.52,1797728420.8,474096427.51,0.9087266294734652,0.32592057952070475,0.9649345352097135,0.14137330398093018,-0.16768984148423732,-0.9509393913283951,国有,国企,秦皇岛市政府国有资产监督管理委员会,False,证监会2001版,C61,非金属矿物制品业,ST
600716,2009,3037179813.7,1818424752.56,1818424752.56,0.0,0.0,1218755061.14,147157985.84,293798121.86,293798121.86,1846557707.99,168541545.88,0.5987214666571653,0.0,1.0,0.04845218092659682,0.12031691734257342,0.4235548769791873,国有,国企,江苏省人民政府,False,证监会2001版,C61,非金属矿物制品业,ST
600716,2010,5386361157.25,3853432137.61,3192410062.59,400000000.0,550000000.0,1532929019.64,802937581.43,185533859.05,185954649.94,3037179813.7,1218755061.14,0.7154054518649033,0.24653347096160746,0.8284588773295529,0.14906864912859627,0.044051274799955215,0.1348511337808867,国有,国企,江苏省人民政府,True,证监会2001版,J01,房地产开发与经营业,正常上市
600716,2011,6135382691.8,4370645136.06,3810823061.04,600000000.0,426000000.0,1764737555.74,1487919740.99,231808536.1,234372933.81,5386361157.25,1532929019.64,0.712367158759536,0.23474795323349149,0.871913171261334,0.242514577449035,0.04023844639092775,0.14058943243726088,国有,国企,江苏省人民政府,True,证监会2001版,J01,房地产开发与经营业,正常上市
600716,2012,6817248677.42,4881768017.45,4270745942.43,0.0,500000000.0,1935480659.97,1218375050.52,71906254.7,75780230.99,6135382691.8,1764737555.74,0.7160906471872336,0.10242190907325742,0.874835905181097,0.17871946707114933,0.011102957020899168,0.03886595357793113,国有,国企,江苏省人民政府,True,证监会2012版,K70,房地产业,正常上市
600716,2013,7820524523.06,5661159613.35,4123763518.59,294000000.0,1430000000.0,2159364909.71,1303970041.78,223884249.74,227609022.35,6817248677.42,1935480659.97,0.7238849001313421,0.304531247614801,0.7284308869980362,0.16673690337969618,0.03058993286392201,0.10934930069047555,国有,国企,江苏省人民政府,True,证监会2012版,K70,房地产业,正常上市
600716,2014,8443377028.91,6035650197.43,4291355275.12,0.0,895900000.0,2407726831.48,1387910458.86,147656416.96,151354637.35,7820524523.06,2159364909.71,0.7148384084666624,0.14843471220076293,0.7110013229307545,0.16437859568604063,0.018157564036916443,0.06466102514574261,国有,国企,江苏省人民政府,True,证监会2012版,K70,房地产业,正常上市
600716,2015,7731539028.28,5645556480.49,3989788347.64,0.0,797000000.0,2085982547.79,703051648.35,-77884220.29,-74782975.97,8443377028.91,2407726831.48,0.730198277450323,0.14117297431250309,0.7067130337687652,0.09093294954321723,-0.009630247231530982,-0.03466366590117683,国有,国企,江苏省人民政府,True,证监会2012版,K70,房地产业,正常上市
600724,2005,2314323196.28,1522070553.55,1415881694.36,679492669.6,82804955.08,792252642.73,283086160.32,37358704.11,22696994.46,1687260113.28,877874863.92,0.6576741554492249,0.5008293622802542,0.9302339441871925,0.1223191993127958,0.018671961181339406,0.044737547236660256,国有,国企,宁波市国有资产管理委员会,False,证监会2001版,C76,电器机械及器材制造业,正常上市
600724,2006,2139256528.83,1291813312.71,1247929408.6,703500000.0,20000000.0,847443216.12,245619833.36,82039619.14,47224469.12,2314323196.28,792252642.73,0.6038608718967039,0.560065446672184,0.9660292213447318,0.1148155118611858,0.03684210195113266,0.10006687361830438,国有,国企,宁波市国有资产管理委员会,False,证监会2001版,C76,电器机械及器材制造业,正常上市
600724,2007,2267483438.92,1258658782.9,1232604395.75,717000000.0,0.0,1008824656.02,290781848.0,86288911.89,42402860.36,2139256528.83,847443216.12,0.5550906177729342,0.5696539918054704,0.9792998805522417,0.12823989935666258,0.039162243527637745,0.09297032307144525,国有,国企,宁波市国有资产管理委员会,False,证监会2001版,C76,电器机械及器材制造业,正常上市
600724,2008,2275261763.78,1182661952.05,1107285661.51,768000000.0,50000000.0,1092599811.73,273103364.56,103259508.41,50308787.55,2267483438.92,1008824656.02,0.519791599752104,0.6916600289559472,0.9362655656509924,0.12003162401247426,0.045461281142788836,0.09827572676981361,国有,国企,宁波市国有资产管理委员会,False,证监会2001版,C76,电器机械及器材制造业,正常上市
600724,2009,10022723091.32,7310941983.28,5696703439.76,1846000000.0,1610000000.0,2711781108.04,1819995236.54,299895656.33,229279125.42,2275261763.78,1092599811.73,0.72943669267003,0.4727161025082422,0.7792023863393068,0.18158690207815623,0.04877151173358823,0.15765805930292104,国有,国企,宁波市人民政府国有资产监督管理委员会,True,证监会2001版,J01,房地产开发与经营业,正常上市
600724,2010,18662627647.26,15186553605.65,11172062023.89,2765000000.0,4010000000.0,3476074041.61,2508544106.33,421265232.69,339021174.26,10022723091.32,2711781108.04,0.8137414458826033,0.4461183344112671,0.7356548637693249,0.13441537567719186,0.02937145419828698,0.13615872463137013,国有,国企,宁波市人民政府国有资产监督管理委员会,True,证监会2001版,J01,房地产开发与经营业,正常上市
600724,2011,20042961194.42,15860899437.1,10838756630.86,2402000000.0,3747528735.61,4182061757.32,1904297466.73,771767004.38,638075858.41,18662627647.26,3476074041.61,0.791345115287441,0.3877162679201992,0.6833633031874108,0.09501078449726083,0.03987884062618498,0.201554797314467,国有,国企,宁波市人民政府国有资产监督管理委员会,True,证监会2001版,J01,房地产开发与经营业,正常上市
600724,2012,21416363928.29,16953223407.15,12414848025.84,3176990000.0,3530226436.75,4463140521.14,2793600443.43,534645197.82,348153743.6,20042961194.42,4182061757.32,0.7916013877946665,0.39563074677121524,0.73230014892649,0.1304423315173397,0.025791312146909003,0.12368598919937317,国有,国企,宁波市人民政府国有资产监督管理委员会,True,证监会2012版,K70,房地产业,正常上市
600724,2013,19912073779.96,15149720330.09,11019920173.56,2884000000.0,3121724137.89,4762353449.87,2340248699.25,502733300.19,406542890.73,21416363928.29,4463140521.14,0.7608308656096409,0.396424752868974,0.7274008980662505,0.11752912956787474,0.024328686399372128,0.10898783344713651,国有,国企,宁波市人民政府国有资产监督管理委员会,True,证监会2012版,K70,房地产业,正常上市
600724,2014,18709638794.01,14214742162.5,10397370519.88,3348650000.0,2809594566.3,4494896631.51,2064673287.55,271047191.61,111847922.66,19912073779.96,4762353449.87,0.7597550288918957,0.43322942448763535,0.7314498146374661,0.1103534552581003,0.014036000661072629,0.05855890015441699,国有,国企,宁波市人民政府国有资产监督管理委员会,True,证监会2012版,K70,房地产业,正常上市
600724,2015,17755516471.2,14557409421.5,11564680282.52,3594000000.0,2985995297.74,3198107049.7,1842635762.77,-1116435141.61,-1158430154.43,18709638794.01,4494896631.51,0.8198809336305464,0.4520031763358892,0.7944188383848019,0.10377821257741572,-0.06123298439237129,-0.2902468757000258,国有,国企,宁波市人民政府国有资产监督管理委员会,True,证监会2012版,K70,房地产业,正常上市
600730,2005,1520121220.77,1002450987.9,999730402.9,353000000.0,0.0,517670232.87,216383150.81,36248638.94,34717754.36,1264817785.08,486108983.27,0.6594546370402091,0.3521369166780787,0.997286066817392,0.14234598389488543,0.026031908680123096,0.07222432653944151,民营,民营,"史晨皓,钟祥,周科群",False,证监会2001版,H21,商业经纪与代理业,正常上市
600730,2006,1814033750.64,1261797254.41,1178597475.41,427100000.0,80000000.0,552236496.23,262644609.58,31452456.77,27253159.66,1520121220.77,517670232.87,0.6955754014856844,0.4018870688041823,0.9340624821386989,0.14478485281066997,0.018866823551815223,0.0587947639070513,民营,民营,"史晨皓,钟祥,周科群",False,证监会2001版,H21,商业经纪与代理业,正常上市
600730,2007,1679255599.66,954214121.75,846714121.75,369200000.0,107500000.0,725041477.91,324237515.23,224646808.13,218612706.6,1814033750.64,552236496.23,0.5682363792285108,0.4995734071989487,0.887341847547961,0.1930840756437844,0.12861620415767022,0.3517586816311559,民营,民营,"史晨皓,钟祥,周科群",False,证监会2001版,H21,商业经纪与代理业,正常上市
600730,2008,1268528279.03,476640927.69,431640927.69,39200000.0,45000000.0,791887351.34,157077702.7,18534285.69,14855689.08,1679255599.66,725041477.91,0.3757432416520276,0.17665289552046692,0.9055893076197029,0.12382672526631563,0.012575064151742813,0.02443659232076659,民营,民营,"钟祥,史晨皓,周科群",False,证监会2001版,H21,商业经纪与代理业,正常上市
600730,2009,1328519427.14,431035319.16,382335319.16,67200000.0,48700000.0,897484107.98,294173847.49,27196756.64,22514684.39,1268528279.03,791887351.34,0.32444788563455257,0.2688874782369702,0.887016219239513,0.22142984248509587,0.02094436430673694,0.03219748562692913,民营,民营,"史晨皓,钟祥,周科群",False,证监会2001版,H21,商业经纪与代理业,正常上市
600730,2010,1701099048.44,782054248.48,462352335.06,131200000.0,44000000.0,919044799.96,486561201.89,21560691.98,22126910.0,1328519427.14,897484107.98,0.45973469281355844,0.22402537974893502,0.591202382646252,0.2860275551480691,0.01423327204648919,0.023738341719483552,民营,民营,"史晨皓,钟祥,周科群",False,证监会2001版,H21,商业经纪与代理业,正常上市
600730,2011,1507069225.9,702882372.96,379256588.88,193200000.0,44000000.0,804186852.94,595922381.39,-12622882.48,-5862643.25,1701099048.44,919044799.96,0.46639023667957175,0.33746756089656366,0.5395733389683154,0.3954180545582594,-0.007869214704828313,-0.014650244450602036,国有,国企,北京大学,False,证监会2001版,H21,商业经纪与代理业,正常上市
600730,2012,1932667820.49,1104348368.01,785802856.83,33200000.0,38700000.0,828319452.48,1042076134.77,24132599.54,20805980.32,1507069225.9,804186852.94,0.5714113704909768,0.06510626726379962,0.7115534188238004,0.5391905032628921,0.01403165370755717,0.02956509198142586,国有,国企,北京大学,False,证监会2012版,F51,批发业,正常上市
600730,2013,3356453729.4,2104690856.77,1680014009.73,375000000.0,28200000.0,1251762872.63,1806371988.76,101058821.67,96180825.1,1932667820.49,828319452.48,0.6270579088680703,0.19157207753483466,0.7982236461597322,0.5381787250446939,0.038213839752690784,0.0971680980604032,国有,国企,北京大学,False,证监会2012版,F51,批发业,正常上市
600730,2014,2718049750.4,1319864615.32,919998104.54,180000000.0,0.0,1398185135.08,894769188.1,175755062.55,155824963.93,3356453729.4,1251762872.63,0.48559251541505555,0.136377623818909,0.6970397523059191,0.32919529451891816,0.05786647851448318,0.13264793274331588,国有,国企,北京大学,True,证监会2012版,K70,房地产业,正常上市
600730,2015,2805643448.68,1356099401.39,351404023.46,45000000.0,100000000.0,1449544047.29,627836322.7,75842188.35,69596586.62,2718049750.4,1398185135.08,0.48334702045907446,0.10692431532037784,0.25912851454680336,0.22377623321858117,0.027460680967086263,0.053265028725014464,国有,国企,中华人民共和国教育部,True,证监会2012版,K70,房地产业,正常上市
600732,2005,1261926800.32,705214389.54,582214389.54,262500000.0,123000000.0,556712410.78,28921024.12,74236015.63,64535442.52,1371463670.27,485507095.15,0.558839379083772,0.5466422774660844,0.8255849542715217,0.022918147164055946,0.05638056069472122,0.1424575441307966,民营,民营,张兴标,True,证监会2001版,J01,房地产开发与经营业,正常上市
600732,2006,1501641127.53,940221403.34,650221403.34,23800000.0,290000000.0,561419724.19,59772521.21,7187236.57,6018416.97,1261926800.32,556712410.78,0.6261292302818978,0.3337511769943452,0.6915620097885273,0.039804797640510724,0.005201418425485583,0.012855791091618768,民营,民营,张兴标,True,证监会2001版,J01,房地产开发与经营业,正常上市
600732,2007,1411295785.86,847120630.25,567120630.25,21250000.0,280000000.0,564175155.61,15449594.1,3278755.31,5135649.56,1501641127.53,561419724.19,0.6002431515331076,0.35561641310883424,0.6694685620897143,0.010947098584713407,0.0022511680873886627,0.005825817741073202,民营,民营,张兴标,True,证监会2001版,J01,房地产开发与经营业,正常上市
600732,2008,1878710906.8,1106422990.59,296422990.59,13750000.0,810000000.0,772287916.21,176962865.51,83162760.6,81924858.15,1411295785.86,564175155.61,0.5889266872222323,0.7445163441160377,0.2679110910664758,0.09419377130855117,0.05055476682496482,0.12445201420604708,民营,民营,张兴标,True,证监会2001版,J01,房地产开发与经营业,正常上市
600732,2009,1909769646.35,1118930790.63,318930790.63,0.0,800000000.0,790838855.72,97572449.78,18550939.51,16874674.08,1878710906.8,772287916.21,0.5858983007550304,0.7149682596093097,0.2850317403906903,0.05109121404588398,0.009793340232181206,0.023735681383148556,民营,民营,张兴标,True,证监会2001版,J01,房地产开发与经营业,正常上市
600732,2010,1119341051.03,547042508.12,457042508.12,0.0,90000000.0,572298542.91,246734724.06,12764161.57,9546576.54,1909769646.35,790838855.72,0.4887183469386923,0.1645210356856902,0.8354789643143098,0.22042854930850486,0.008427662667488671,0.018727622883545594,民营,民营,张兴标,True,证监会2001版,J01,房地产开发与经营业,正常上市
600732,2011,1252348690.62,645971356.03,465971356.03,0.0,180000000.0,606377334.59,73484135.7,25153671.5,25678086.07,1119341051.03,572298542.91,0.5158079062710554,0.2786501263867813,0.7213498736132187,0.058677057156996934,0.021211603742486512,0.042681235749647384,民营,民营,张兴标,True,证监会2001版,J01,房地产开发与经营业,正常上市
600732,2012,1308989728.93,727756322.19,605756322.19,49900000.0,122000000.0,581233406.74,121693306.27,4856072.15,3801098.39,1252348690.62,606377334.59,0.555967939324387,0.2362054368455503,0.8323614700688939,0.0929673499955382,0.0037918239252844694,0.00817788519588785,民营,民营,张兴标,True,证监会2012版,K70,房地产业,正常上市
600732,2013,954034975.56,433747325.66,293747325.66,0.0,140000000.0,520287649.9,30287760.08,-28199302.79,-26728499.8,1308989728.93,581233406.74,0.4546450987348748,0.3227685606752105,0.6772314393247895,0.031747012275123006,-0.024921780777779935,-0.05120066043225195,民营,民营,张兴标,True,证监会2012版,K70,房地产业,正常上市
600732,2014,956236123.8,471499950.44,403499950.44,156000000.0,68000000.0,484736173.36,35918072.77,-35551476.54,-34514232.68,954034975.56,520287649.9,0.49307899869574034,0.4750795833402845,0.8557794122002708,0.03756192835224074,-0.037221393918288194,-0.07074752999323244,民营,民营,张兴标,True,证监会2012版,K70,房地产业,正常上市
600732,2015,784727057.26,411275835.94,411275835.94,323000000.0,0.0,373451221.32,11487428.16,-111860294.51,-112409242.2,956236123.8,484736173.36,0.524100490909585,0.7853609956484817,1.0,0.014638756308607725,-0.12850391751753523,-0.26068967035273305,民营,民营,张兴标,True,证监会2012版,K70,房地产业,*ST
600733,2005,837221433.41,549188385.23,471404466.46,128135522.41,76562500.0,288033048.18,54878996.35,-13234860.46,2637204.33,776884508.07,307036136.97,0.655965510812543,0.37272824392357184,0.8583656886016915,0.0655489625086138,-0.01639899850423045,-0.04448175368604868,国有,国企,北京市国有资产管理监督委员会,False,证监会2001版,G8101,通信设备制造业,正常上市
600733,2006,726908784.2,447249861.29,362755411.13,35695956.0,67812500.0,279658922.91,16290435.08,-29374125.26,-20494700.66,837221433.41,288033048.18,0.6152764569797037,0.23143317630429486,0.8110799857683729,0.022410562967578457,-0.037559692830286,-0.10348613951189077,国有,国企,北京市国有资产管理监督委员会,False,证监会2001版,G8101,通信设备制造业,正常上市
600733,2007,835650602.39,558173136.06,432494920.91,0.0,109062500.0,277477466.33,116534421.52,1027931.96,3316102.17,726908784.2,279658922.91,0.667950378380149,0.1953918828301986,0.7748400862909133,0.13945352422017776,0.0013157029023303534,0.003690055002159241,国有,国企,北京市国有资产管理监督委员会,False,证监会2001版,G8101,通信设备制造业,正常上市
600733,2008,679878687.68,359285041.13,353499325.98,0.0,0.0,320593646.55,113493384.85,6816225.2,2844813.12,835650602.39,277477466.33,0.5284546311578243,0.0,0.9838965877014998,0.1669318172588728,0.00899517448413705,0.022794029182170657,国有,国企,北京市国有资产管理监督委员会,True,证监会2001版,J01,房地产开发与经营业,正常上市
600733,2009,665814805.81,336812665.37,336171916.64,0.0,0.0,329002140.44,248025649.61,12908493.89,3525355.31,679878687.68,320593646.55,0.5058653884397315,0.0,0.998097610939612,0.372514470158505,0.01918489455800572,0.03974315766367098,国有,国企,北京首创资产管理有限公司,True,证监会2001版,J01,房地产开发与经营业,正常上市
600733,2010,786331622.0,486516419.74,486195777.74,0.0,0.0,299815202.26,336281698.27,-7602366.18,-7741526.84,665814805.81,329002140.44,0.6187165899580216,0.0,0.999340943106974,0.42765887681673315,-0.010470522854179688,-0.024179887111119267,国有,国企,北京市国有资产管理监督委员会,True,证监会2001版,J01,房地产开发与经营业,正常上市
600733,2011,670742753.17,397199653.39,396879011.39,0.0,0.0,273543099.78,375469857.65,-26272102.48,-36868807.93,786331622.0,299815202.26,0.5921788219295596,0.0,0.9991927435050273,0.5597822054364217,-0.03606144329720269,-0.09164287806254577,国有,国企,北京市国有资产管理监督委员会,True,证监会2001版,J01,房地产开发与经营业,正常上市
600733,2012,604115264.24,298818801.21,298498159.21,0.0,0.0,305296463.03,297836474.56,31753363.25,28217718.5,670742753.17,273543099.78,0.49463872028780037,0.0,0.9989269684547906,0.4930126619705424,0.04981474456976801,0.10971386646708121,国有,国企,北京市人民政府国有资产管理监督委员会,True,证监会2012版,K70,房地产业,*ST
600733,2013,511416974.94,201812745.81,141492103.81,0.0,0.0,309604229.13,287317075.46,-17538245.59,-21132778.83,604115264.24,305296463.03,0.3946148753347049,0.0,0.7011058852705474,0.5618059030866317,-0.03144372699240307,-0.05704415627958496,国有,国企,北京市人民政府国有资产监督管理委员会,True,证监会2012版,K70,房地产业,正常上市
600733,2014,486994341.83,176279226.03,115958584.03,0.0,0.0,310715115.8,217581824.09,12022189.12,13021984.64,511416974.94,309604229.13,0.36197386886999106,0.0,0.6578119648101112,0.44678511719947966,0.024082637923002435,0.038761290352331806,国有,国企,北京市人民政府国有资产监督管理委员会,True,证监会2012版,K70,房地产业,正常上市
600733,2015,463285555.69,190337256.66,108516614.66,0.0,0.0,272948299.03,107331668.76,-37766816.77,-30290092.2,486994341.83,310715115.8,0.41084219942173433,0.0,0.5701280798317039,0.23167497333290324,-0.07948566915613438,-0.12941300006271633,国有,国企,北京市人民政府国有资产监督管理委员会,True,证监会2012版,K70,房地产业,正常上市
600734,2005,1214532446.16,1000280007.36,817010888.0,398570926.38,0.0,214252438.8,88050094.29,-285614934.29,-280732115.27,1735252424.48,424204695.79,0.8235926594819231,0.3984593548279873,0.8167821829772495,0.0724971115991087,-0.19365136565232402,-0.8947035558570874,民营,民营,"景源,史伟",False,证监会2001版,G83,计算机及相关设备制造业,正常上市
600734,2006,895717652.07,1028214652.48,792453085.57,304218540.99,0.0,-132497000.41,71701950.16,-248651191.38,-246794052.39,1214532446.16,214252438.8,1.1479227300073855,0.2958706533273386,0.7707078319285225,0.08004972325184959,-0.2356604002421888,-6.082804918587874,民营,民营,"景源,史伟",False,证监会2001版,G83,计算机及相关设备制造业,*ST
600734,2007,771008497.54,875632693.52,713108266.79,208276918.05,0.0,-104624195.98,78442528.44,63773724.1,63668559.16,895717652.07,-132497000.41,1.1356978506901243,0.23785877296647884,0.8143920071363943,0.10174016069898166,0.07652573773432728,-0.5378998172319402,民营,民营,景百孚,False,证监会2001版,G83,计算机及相关设备制造业,暂停上市
600734,2008,1369821535.43,1192192080.78,834177057.99,145705000.0,197000000.0,177629454.65,107704979.39,157665141.41,130027346.43,771008497.54,-104624195.98,0.870326571706116,0.287457873210987,0.6997002173041058,0.0786270157128099,0.14729346933840348,4.319281769075882,民营,民营,景百孚,False,证监会2001版,G83,计算机及相关设备制造业,ST
600734,2009,1503106106.64,1162193564.23,925067626.48,33700000.0,135950000.0,340912542.41,294446921.47,154222589.78,115157801.56,1369821535.43,177629454.65,0.77319462617841,0.1459739627042247,0.7959669154534464,0.19589230605163208,0.10736266902209875,0.5948316265776059,民营,民营,景百孚,True,证监会2001版,J01,房地产开发与经营业,正常上市
600734,2010,1930352726.54,1507169271.19,1074756188.03,98256528.26,350000000.0,423183455.35,583953465.8,80757344.01,26679051.92,1503106106.64,340912542.41,0.7807740266679024,0.2974161806696568,0.7130958735520236,0.3025112756706848,0.04704139349485322,0.21138009948159844,民营,民营,景百孚,True,证监会2001版,J01,房地产开发与经营业,正常上市
600734,2011,1271252091.08,930633727.61,463822882.11,0.0,410000000.0,340618363.47,193142328.74,184958570.31,139693890.0,1930352726.54,423183455.35,0.7320607251228782,0.4405600053341484,0.49839466199141874,0.15193078547931022,0.11554116191485118,0.4843103688748558,民营,民营,景百孚,True,证监会2001版,J01,房地产开发与经营业,正常上市
600734,2012,1063345479.72,859405839.63,646081380.07,0.0,167000000.0,203939640.09,38790852.48,-69938156.91,-39495469.5,1271252091.08,340618363.47,0.8082094258361813,0.19432029932668193,0.7517768093688513,0.036480008821041306,-0.05991452898328355,-0.2568621026696346,民营,民营,景百孚,True,证监会2012版,K70,房地产业,正常上市
600734,2013,1201490974.1,1018966932.17,781895472.61,0.0,200000000.0,182524041.93,48533592.1,-15640110.09,7321383.38,1063345479.72,203939640.09,0.8480853823585957,0.19627722322065785,0.7673413610634736,0.04039447082518038,-0.013811248987643692,-0.08093961123721118,其他,外资,景百孚,False,证监会2012版,F51,批发业,正常上市
600734,2014,1575691501.38,1464458533.12,1060387073.56,62000000.0,367000000.0,111232968.26,72039793.68,-71291073.67,-39571521.16,1201490974.1,182524041.93,0.9294068869683045,0.29294103608794164,0.7240813239695263,0.04571947847462979,-0.051340575780983395,-0.48537445029066323,其他,外资,景百孚,False,证监会2012版,F51,批发业,正常上市
600734,2015,367359769.48,108919853.54,108774102.54,0.0,0.0,258439915.94,161892575.46,139901466.38,154819126.72,1575691501.38,111232968.26,0.2964936898076148,0.0,0.998661850936602,0.4406921740210147,0.14400182689783497,0.7568933095147474,其他,外资,景百孚,False,证监会2012版,F51,批发业,正常上市
600736,2005,6404466339.03,4482171010.29,3522171010.29,1914000000.0,960000000.0,1922295328.74,436604807.52,158769257.47,143041015.89,5403242071.47,1918679494.22,0.6998508186349303,0.6412071278409456,0.7858180783829827,0.06817192634134865,0.02689247599116091,0.0826713346418899,国有,国企,苏州市人民政府苏州高新区管理委员会,True,证监会2001版,J01,房地产开发与经营业,正常上市
600736,2006,6747817653.77,4760774745.52,4210774745.52,2033300000.0,430000000.0,1987042908.25,592230037.56,167435651.69,145282509.33,6404466339.03,1922295328.74,0.7055280669684605,0.5174157845459969,0.8844725849469011,0.08776615906760929,0.02546107608103047,0.08565933236767832,国有,国企,苏州市人民政府苏州高新区管理委员会,True,证监会2001版,J01,房地产开发与经营业,正常上市
600736,2007,9619876376.8,6928647385.1,5623292385.1,2379000000.0,1180000000.0,2691228991.7,828426006.7,254985555.84,222270118.11,6747817653.77,1987042908.25,0.7202428714998496,0.5136644718929702,0.8116003128103827,0.08611607615851416,0.03115717527023203,0.10900843785617728,国有,国企,苏州市人民政府苏州高新区管理委员会,True,证监会2001版,J01,房地产开发与经营业,正常上市
600736,2008,9997026214.76,7036027757.32,5438334406.65,2063500000.0,1465000000.0,2960998457.44,1103631673.7,246237408.84,205286704.7,9619876376.8,2691228991.7,0.703812074327837,0.5014903467839635,0.7729267982196596,0.11039599676857455,0.02510461656122425,0.0871293347819772,国有,国企,苏州市人民政府苏州高新区管理委员会,True,证监会2001版,J01,房地产开发与经营业,正常上市
600736,2009,13074611775.08,9778484466.18,7051568031.63,2273000000.0,1665000000.0,3296127308.9,2521567340.59,248647903.44,209946457.53,9997026214.76,2960998457.44,0.7478986477302244,0.40272089336747635,0.7211309744386923,0.1928598251304155,0.021554421367871363,0.07947671589968452,国有,国企,苏州市人民政府苏州高新区管理委员会,True,证监会2001版,J01,房地产开发与经营业,正常上市
600736,2010,13888615636.11,10373232248.41,8079802469.49,1942000000.0,931330137.0,3515383387.7,1588392597.51,354106148.68,313020464.66,13074611775.08,3296127308.9,0.7468874162979854,0.27699467901534947,0.7789088565647863,0.11436651709045968,0.02626585781292951,0.10397286723978981,国有,国企,苏州市人民政府苏州高新区管理委员会,True,证监会2001版,J01,房地产开发与经营业,正常上市
600736,2011,15579788517.39,11789610391.52,6026138528.53,1964000000.0,3359500000.0,3790178125.87,726078002.52,326767270.69,258092997.68,13888615636.11,3515383387.7,0.7567246743022576,0.4515416390544231,0.5111397517312756,0.04660384200398864,0.02217746634584482,0.08945712662415706,国有,国企,苏州市人民政府苏州高新区管理委员会,True,证监会2001版,J01,房地产开发与经营业,正常上市
600736,2012,18167398276.87,14183703838.81,10185352873.64,3091730000.0,2230700000.0,3983694438.06,1455994647.09,210769844.1,182849292.25,15579788517.39,3790178125.87,0.780722898383756,0.3752496569645343,0.7181024779839552,0.08014326679586882,0.012491106022256615,0.05422518631909435,国有,国企,苏州市人民政府苏州高新区管理委员会,True,证监会2012版,K70,房地产业,正常上市
600736,2013,20078322729.38,15891705455.77,10637788051.49,4423330000.0,4815560000.0,4186617273.61,1742088567.81,283911891.17,230009666.16,18167398276.87,3983694438.06,0.7914857067476134,0.5813655447940309,0.6693924752819783,0.08676464619531464,0.014846727095227412,0.069498423362349,国有,国企,苏州市人民政府苏州高新区管理委员会,True,证监会2012版,K70,房地产业,正常上市
600736,2014,21254858709.98,16815641686.72,11431473481.65,4898450000.0,4728657000.0,4439217023.26,1868464319.15,220267640.25,169944883.85,20078322729.38,4186617273.61,0.7911434235422317,0.572509047192824,0.6798119093295085,0.08790763300970249,0.010658150792150134,0.05107161409996643,国有,国企,苏州国家高新技术产业开发区管理委员会,True,证监会2012版,K70,房地产业,正常上市
600736,2015,20242592532.85,14329475222.15,9228310213.93,4006000000.0,3057109625.78,5913117310.7,1783211306.65,234467482.04,191416296.59,21254858709.98,4439217023.26,0.7078873518249158,0.4929077664241391,0.6440089445610124,0.08809204175582631,0.011300331707987086,0.0452975096198059,国有,国企,苏州国家高新技术产业开发区管理委员会,True,证监会2012版,K70,房地产业,正常上市
600743,2005,214976940.28,210140010.29,196960010.29,0.0,13081000.0,4836929.99,10334315.05,1961083.18,1974302.12,222201404.28,8299363.81,0.9775002380083181,0.062248973824393546,0.9372799117035772,0.04807173753863979,0.008971547673404273,0.29857480501844436,民营,民营,熊生阶,False,证监会2001版,M,综合类,ST
600743,2006,208717218.88,204648087.56,192268087.56,0.0,12281000.0,4069131.32,12600251.66,-4857989.05,-4891681.85,214976940.28,4836929.99,0.9805040938077108,0.060010333575188576,0.9395059091555382,0.060369967210249176,-0.02293158376141538,-1.0909399522200234,民营,民营,熊生阶,False,证监会2001版,M,综合类,ST
600743,2007,204319394.41,197569634.02,186089634.02,0.0,11381000.0,6749760.39,7597843.82,1885317.46,1881241.72,208717218.88,4069131.32,0.9669646613357932,0.05760500623718268,0.9418939046127004,0.03718611168528473,0.009129057324883142,0.3485232148607947,民营,民营,刘道明,False,证监会2001版,M,综合类,ST
600743,2008,4889815640.34,3230729108.77,2902846682.63,28000000.0,327882426.14,1659086531.57,593103081.5,415666270.55,404038394.32,204319394.41,6749760.39,0.6607057088445486,0.1101554522704911,0.8985113220263673,0.12129354665378758,0.16319405265643858,0.49904816284310005,国有,国企,北京市西城区人民政府国有资产监督管理委员会,True,证监会2001版,J01,房地产开发与经营业,ST
600743,2009,6881453655.62,5043107628.73,2712689739.68,28000000.0,2330417889.05,1838346026.89,2375156852.32,362069937.36,344343540.5,4889815640.34,1659086531.57,0.7328549869127368,0.4676517065815464,0.5379004255681796,0.3451533602032237,0.06151756930482689,0.2070489888270656,国有,国企,北京市西城区人民政府国有资产监督管理委员会,True,证监会2001版,J01,房地产开发与经营业,正常上市
600743,2010,9658763997.74,7490743782.71,4503508422.24,0.0,2987235360.47,2168020215.03,2405315910.3,446432959.76,401059082.26,6881453655.62,1838346026.89,0.7755385455595268,0.39879021991982727,0.6012097800801727,0.24902936968568717,0.0539815096894219,0.22286178187546463,国有,国企,北京市西城区人民政府国有资产监督管理委员会,True,证监会2001版,J01,房地产开发与经营业,正常上市
600743,2011,9414985325.43,6806453539.3,5346906223.28,0.0,1459465056.36,2608531786.13,910639355.5,565458896.89,466581150.3,9658763997.74,2168020215.03,0.7229383056939748,0.21442371536559351,0.7855641990953625,0.09672233402641117,0.05929184528005765,0.23676446807348758,国有,国企,北京市西城区人民政府国有资产监督管理委员会,True,证监会2001版,J01,房地产开发与经营业,正常上市
600743,2012,13095949883.43,10020793388.33,9095085136.84,0.0,925708251.49,3075156495.1,2756223357.47,595702124.93,541285280.39,9414985325.43,2608531786.13,0.7651826310826888,0.09237873845079571,0.9076212615492043,0.21046379850287797,0.05292557767173881,0.20961815478067872,国有,国企,北京市西城区人民政府国有资产监督管理委员会,True,证监会2012版,K70,房地产业,正常上市
600743,2013,17380321940.97,13711656138.93,11313513028.04,1439800000.0,2398143110.89,3668665802.04,2875776762.45,843417964.66,656072827.1,13095949883.43,3075156495.1,0.7889184208152101,0.2799036871989044,0.8251018632183158,0.1654616509531412,0.055349156190734605,0.25013054244258087,国有,国企,北京市西城区人民政府国有资产监督管理委员会,True,证监会2012版,K70,房地产业,正常上市
600743,2014,20452342010.71,16173494280.01,11773355347.22,617000000.0,4388546710.29,4278847730.7,2905231313.98,673903049.38,661622824.72,17380321940.97,3668665802.04,0.7907893517300193,0.3094907398258841,0.7279413553675625,0.14204883296292703,0.035625461122204403,0.1695883993412123,国有,国企,北京市西城区人民政府国有资产监督管理委员会,True,证监会2012版,K70,房地产业,正常上市
600743,2015,21552581310.9,16845076847.64,10237574672.91,500000000.0,3699685733.25,4707504463.26,1906418493.03,817850564.07,730497145.44,20452342010.71,4278847730.7,0.7815804800662448,0.2493123522816328,0.6077487663313502,0.0884542999991304,0.038940700251165354,0.1820205899830417,国有,国企,北京市西城区人民政府国有资产监督管理委员会,True,证监会2012版,K70,房地产业,正常上市
600745,2005,27285716.66,264639042.96,174517437.1,47049000.0,0.0,-237353326.3,2211271.85,-238842760.14,-238842760.14,282422542.47,8421514.75,9.698812248825867,0.17778555829765233,0.6594546108843742,0.08104136964969862,-1.542372559330074,2.086584284839203,民营,民营,"孙剑,庄凯",False,证监会2001版,C13,服装及其他纤维制品制造业,正常上市
600745,2006,26232092.49,255410623.21,171999415.1,47049000.0,0.0,-229178530.72,815975.73,-11225769.41,-11225769.41,27285716.66,-237353326.3,9.736570702751438,0.18420925257018794,0.6734231056575166,0.031106009949875717,-0.4195152824188432,0.048124342383413087,民营,民营,"孙剑,庄凯",False,证监会2001版,C13,服装及其他纤维制品制造业,*ST
600745,2007,14772717.01,180794017.4,151744177.4,2405300.0,0.0,-166021300.39,2584.31,46027151.97,46027151.97,26232092.49,-229178530.72,12.238372756860928,0.01330409066954004,0.8393207893835982,0.00017493802922310226,2.2449635801868557,-0.23293103056609754,民营,民营,"冯飞飞,高建荣",False,证监会2001版,C13,服装及其他纤维制品制造业,暂停上市
600745,2008,1644137669.95,1307167113.14,928117273.14,25000000.0,350000000.0,336970556.81,107068144.74,169484333.55,157519065.39,14772717.01,-166021300.39,0.7950472378506798,0.2868799224142023,0.7100218968258245,0.06512115542201284,0.20433211447977587,1.9828613133431727,民营,民营,"冯飞飞,高建荣",True,证监会2001版,J01,房地产开发与经营业,ST
600745,2009,2350784166.94,1851174260.26,1324674260.26,0.0,526500000.0,499609906.68,194761319.18,87639349.87,80533240.03,1644137669.95,336970556.81,0.7874709581142284,0.2844140669534009,0.7155859330465991,0.08284951120524157,0.043875376514613464,0.20951804086935288,民营,民营,"冯飞飞,高建荣",True,证监会2001版,J01,房地产开发与经营业,正常上市
600745,2010,3358304058.52,2760815832.66,2215745622.49,0.0,544850000.0,597488225.86,210133896.38,113078319.18,111469300.28,2350784166.94,499609906.68,0.8220863223077804,0.19735108497803933,0.8025691523056668,0.06257143269886221,0.039613442537363805,0.2061407559198032,民营,民营,"冯飞飞,高建荣",True,证监会2001版,J01,房地产开发与经营业,正常上市
600745,2011,4589167657.96,3800733527.02,3319733527.02,240000000.0,481000000.0,788434130.94,270889775.63,190945905.08,178023658.1,3358304058.52,597488225.86,0.8281967036936544,0.1897002236211247,0.8734454818838266,0.059028084354280766,0.04805198732171683,0.27555065280984575,民营,民营,"冯飞飞,高建荣",True,证监会2001版,J01,房地产开发与经营业,正常上市
600745,2012,5215262863.3,4303564693.88,3028038246.12,200000000.0,1167000000.0,911698169.42,195375511.38,117461558.25,100744195.41,4589167657.96,788434130.94,0.8251865354984014,0.3176436506099186,0.7036116479034469,0.03746225578673412,0.02396091399603383,0.13817931489817317,民营,民营,"冯飞飞,高建荣",True,证监会2012版,K70,房地产业,正常上市
600745,2013,6336483010.91,4421993193.41,3492868628.24,610000000.0,917000000.0,1914489817.5,135872636.79,104247539.74,53837095.13,5215262863.3,911698169.42,0.6978623924022713,0.3453193917791766,0.7898855731947634,0.021442910295199694,0.018048793814403274,0.07377254465907607,民营,民营,"冯飞飞,高建荣",True,证监会2012版,K70,房地产业,正常上市
600745,2014,7175251266.48,3469354598.57,2669884321.58,479700000.0,775000000.0,3705896667.91,710582973.78,50646168.88,16892332.56,6336483010.91,1914489817.5,0.4835168093384386,0.36165227979785136,0.7695622473068835,0.09903248644400356,0.0074966200252693386,0.01802230825637089,民营,民营,"冯飞飞,高建荣",True,证监会2012版,K70,房地产业,正常上市
600745,2015,11183265386.6,5307801175.53,4470927777.12,75500000.0,735000000.0,5875464211.07,403799723.28,-143846636.41,-146460194.76,7175251266.48,3705896667.91,0.4746199783374458,0.15269976647515798,0.8423314342918213,0.0361074971683888,-0.015670834319380253,-0.030026347661233993,民营,民营,"冯飞飞,高建荣",True,证监会2012版,K70,房地产业,正常上市
600747,2005,3199744453.37,1884844514.26,1801277902.2,1102626728.45,80970991.06,1314899939.11,373106642.18,-216354167.08,-191099864.7,2438028263.59,1655702966.91,0.5890609521253688,0.6279550968556612,0.95566392271205,0.1166051375718585,-0.0767516457090035,-0.14566347231503274,国有,国企,大连市国有资产管理委员会,False,证监会2001版,C55,日用电子器具制造业,正常上市
600747,2006,3207663589.49,1962488888.59,1938389270.97,1228472650.0,20000000.0,1245174700.9,494679785.3,10638870.27,22371124.97,3199744453.37,1314899939.11,0.6118125650770081,0.6361680095406792,0.9877198705378073,0.15421810033970904,0.0033208031075390204,0.008311375069875651,国有,国企,大连市国有资产管理委员会,False,证监会2001版,C55,日用电子器具制造业,正常上市
600747,2007,2972649899.24,1532330750.75,1528231133.13,1005079920.0,0.0,1440319148.49,443128167.22,141621369.78,107706314.42,3207663589.49,1245174700.9,0.5154763603819481,0.6559157802635385,0.9973245869940329,0.149068401002517,0.04582983372550636,0.10547137898838886,国有,国企,大连市国有资产管理委员会,False,证监会2001版,C55,日用电子器具制造业,正常上市
600747,2008,2531981168.23,1454602051.47,1449688676.05,1027343197.0,0.0,1077379116.76,320438791.98,-357080422.59,-352801194.83,2972649899.24,1440319148.49,0.5744916548833775,0.7062709666618314,0.9966221858308019,0.12655654631270624,-0.12973818525284705,-0.2836562486605542,国有,国企,大连市国有资产管理委员会,False,证监会2001版,C55,日用电子器具制造业,正常上市
600747,2009,2523593730.83,1400056626.26,1365533170.84,924426636.0,29000000.0,1123537104.57,335515051.85,57872660.02,14159050.62,2531981168.23,1077379116.76,0.5547868538251309,0.6809914814280821,0.9753413863607622,0.13295129392307153,0.022894591090228122,0.052589607418157804,国有,国企,"北京新纪元投资发展有限公司等三家战略投资者,大连市国有资产管理委员会",False,证监会2001版,C55,日用电子器具制造业,正常上市
600747,2010,2515061860.48,1581368598.82,1542177758.33,1163255433.3,4044025.07,933693261.66,347527450.43,-174526167.75,-179873235.06,2523593730.83,1123537104.57,0.6287593254339261,0.7381577320056981,0.9752171375356486,0.13817849011621303,-0.06927489469651367,-0.1696710009874391,国有,国企,"北京新纪元投资发展有限公司等三家战略投资者,大连市国有资产管理委员会",False,证监会2001版,C55,日用电子器具制造业,正常上市
600747,2011,2103667119.82,1175889284.56,1077433410.74,786586521.9,72525793.82,927777835.26,354048358.12,34052868.17,16364326.63,2515061860.48,933693261.66,0.5589711763240445,0.7306064669527683,0.9162711361411541,0.1683005618067055,0.014745558059476426,0.03658705013077459,民营,民营,代威,False,证监会2001版,C55,日用电子器具制造业,正常上市
600747,2012,1517777650.82,793425727.35,769146457.18,609000000.0,879270.17,724351923.47,168608483.6,-131102895.48,-122204477.9,2103667119.82,927777835.26,0.5227549153338377,0.7686658613994841,0.969399441771202,0.11108905412390739,-0.07240364207284644,-0.15870774651596303,民营,民营,代威,True,证监会2012版,K70,房地产业,正常上市
600747,2013,1204210075.4,439726569.77,439726569.77,311000000.0,0.0,764483505.63,116727981.7,42181267.62,43992878.34,1517777650.82,724351923.47,0.3651576903007865,0.7072576946229774,1.0,0.0969332378831216,0.030992988846850342,0.05666343881337986,民营,民营,代威,True,证监会2012版,K70,房地产业,正常上市
600747,2014,2597555707.59,455586887.36,455586887.36,332300000.0,0.0,2141968820.23,849849218.13,13586490.42,13757588.11,1204210075.4,764483505.63,0.1753906128091056,0.7293888591166146,1.0,0.3271726629949685,0.007147463150301985,0.009349192002301188,民营,民营,代威,True,证监会2012版,K70,房地产业,正常上市
600747,2015,2565008233.34,506183235.77,506183235.77,316000000.0,0.0,2058824997.57,650064824.72,-83143822.66,-82067238.52,2597555707.59,2141968820.23,0.19734175866986536,0.6242798608675859,1.0,0.25343576534002954,-0.032210282956813975,-0.039584814806999165,民营,民营,代威,True,证监会2012版,K70,房地产业,正常上市
600748,2005,3815870943.6,2033944123.43,1857868634.76,1065000000.0,78058422.67,1781926820.17,812875428.31,249109342.39,130605844.2,3083863042.02,1499069680.97,0.5330222519294953,0.5619910643082814,0.9134315015630469,0.21302487435361492,0.07220839032611354,0.1518498067909829,国有,国企,上海市国有资产监督管理委员会,True,证监会2001版,J01,房地产开发与经营业,正常上市
600748,2006,3348746338.15,1632643944.96,1460967335.28,650000000.0,71187231.02,1716102393.19,775697291.3,90879116.07,133400110.83,3815870943.6,1781926820.17,0.48753885188626944,0.44172964549087224,0.8948474894296649,0.23163811557268635,0.02536886828595602,0.05196018130603711,国有,国企,上海市国有资产监督管理委员会,True,证监会2001版,J01,房地产开发与经营业,正常上市
600748,2007,4372363146.03,2445641101.25,2381689471.0,1150000000.0,63951630.25,1926722044.78,1680296299.28,213742800.87,148686265.38,3348746338.15,1716102393.19,0.5593408002879594,0.4963735805836486,0.9738507705740987,0.3842993464085133,0.055365825677758794,0.11735004225957718,国有,国企,上海市国有资产监督管理委员会,True,证监会2001版,J01,房地产开发与经营业,正常上市
600748,2008,11553733791.54,8757094730.87,7343448911.36,2301000000.0,1321406409.88,2796639060.67,1518306764.33,376476668.45,363325186.82,4372363146.03,1926722044.78,0.7579449975974186,0.41365390248783124,0.8385713683641335,0.13141264908161124,0.04727795767233886,0.1594104960620548,国有,国企,上海市国有资产监督管理委员会,True,证监会2001版,J01,房地产开发与经营业,正常上市
600748,2009,13074421501.5,10357237191.28,6761890331.74,1500000000.0,3503107449.91,2717184310.22,1903033123.8,277517345.83,244499957.52,11553733791.54,2796639060.67,0.7921755612737235,0.4830542506183244,0.6528662235748538,0.14555390642573893,0.022536592166805713,0.10066239963185664,国有,国企,上海市国有资产监督管理委员会,True,证监会2001版,J01,房地产开发与经营业,正常上市
600748,2010,16862280268.07,13846121265.56,10124346983.59,500000000.0,3629034872.34,3016159002.51,1933463818.58,574319703.34,329050811.3,13074421501.5,2717184310.22,0.8211298261824455,0.2982087758114838,0.7312045582594084,0.11466206158612839,0.03836893641528563,0.20034373384367624,国有,国企,上海市国有资产监督管理委员会,True,证监会2001版,J01,房地产开发与经营业,正常上市
600748,2011,18220921137.08,11754671392.17,8182453561.3,750000000.0,3479478421.24,6466249744.91,3523722736.47,446695085.56,454849694.22,16862280268.07,3016159002.51,0.6451194922439442,0.35981256133262324,0.6961022803879044,0.19338883637990953,0.025464898736090136,0.09421553055947689,国有,国企,上海市国有资产监督管理委员会,True,证监会2001版,J01,房地产开发与经营业,正常上市
600748,2012,19519310791.19,12325176814.98,8952044374.33,1490000000.0,3367357556.7,7194133976.21,5328255550.33,773375944.05,638710476.21,18220921137.08,6466249744.91,0.6314350412691284,0.3941004360113013,0.7263217809134958,0.27297354949309466,0.040984164883771615,0.11322902194237802,国有,国企,上海市国有资产监督管理委员会,True,证监会2012版,K70,房地产业,正常上市
600748,2013,20557049449.11,13434336353.75,10561561469.8,1150000000.0,2867000000.0,7122713095.36,6889899107.2,519367609.56,435040827.51,19519310791.19,7194133976.21,0.6535148143223262,0.29900993202978077,0.786161756836756,0.3351599228408867,0.02591890114001591,0.07255335018439163,国有,国企,上海市国有资产监督管理委员会,True,证监会2012版,K70,房地产业,正常上市
600748,2014,18747716465.2,13219690030.21,7875190030.21,1450000000.0,5344500000.0,5528026434.99,4109910588.24,918650855.88,885315591.52,20557049449.11,7122713095.36,0.7051360124177647,0.5139681781095489,0.5957166932215051,0.2192219300878015,0.04674501091713865,0.1452327515993975,国有,国企,上海市国有资产监督管理委员会,True,证监会2012版,K70,房地产业,正常上市
600748,2015,27275184123.19,21762626472.28,12566341637.12,2000000000.0,6832500000.0,5512557650.91,5458405964.54,604572711.06,519654725.22,18747716465.2,5528026434.99,0.7978910930165602,0.40585634327043835,0.5774276212995841,0.20012352400213995,0.026272690479335538,0.10951824764997779,国有,国企,上海市国有资产监督管理委员会,True,证监会2012版,K70,房地产业,正常上市
600753,2005,357051127.68,243647848.54,243647848.54,120849050.0,0.0,113403279.14,2154378.77,-25195998.79,-25195998.79,380322903.54,107765619.37,0.682389242468279,0.4959988389971769,1.0,0.006033810294896531,-0.06833980510084608,-0.22784395961406645,民营,民营,李大明,False,证监会2001版,C76,电器机械及器材制造业,ST
600753,2006,427267111.89,266733311.36,266733311.36,78249050.0,0.0,160533800.53,1917976.78,5519637.5,2253108.67,357051127.68,113403279.14,0.6242776566165256,0.29336062151753584,1.0,0.004488940820920904,0.014074994617047601,0.040298578831673794,民营,民营,李大明,True,证监会2001版,J01,房地产开发与经营业,ST
600753,2007,301769734.36,134835675.61,134835675.61,17150000.0,0.0,166934058.75,575298.94,5596046.14,5037269.59,427267111.89,160533800.53,0.4468164307330638,0.127191857217409,1.0,0.0019064169613301572,0.015351888368289724,0.03417768175663997,民营,民营,李大明,True,证监会2001版,J01,房地产开发与经营业,正常上市
600753,2008,239149888.65,113566077.12,113566077.12,17150000.0,0.0,125583811.53,1098692.57,-43150247.22,-37942165.08,301769734.36,166934058.75,0.4748740539294414,0.1510134050142314,1.0,0.004594158818982164,-0.15954402607872217,-0.295026400805505,民营,民营,李大明,True,证监会2001版,J01,房地产开发与经营业,正常上市
600753,2009,228890173.61,100431411.06,100431411.06,12450000.0,0.0,128458762.55,264409.14,2874951.02,3417252.62,239149888.65,125583811.53,0.43877554670006264,0.12396520041485913,1.0,0.0011551790792492466,0.012285063830296398,0.022633615884356893,民营,民营,李大明,True,证监会2001版,J01,房地产开发与经营业,正常上市
600753,2010,234224910.37,102909228.36,102909228.36,12450000.0,0.0,131315682.01,281259.27,2856919.46,1079791.87,228890173.61,128458762.55,0.4393607332261822,0.12098040378309956,1.0,0.0012008085286731496,0.012337838083129153,0.021995384995155968,民营,民营,李大明,True,证监会2001版,J01,房地产开发与经营业,正常上市
600753,2011,222859431.45,103446378.08,103446378.08,12450000.0,0.0,119413053.37,218520.66,-11902628.64,-11505418.37,234224910.37,131315682.01,0.4641776989510488,0.12035220788853356,1.0,0.000980531353679894,-0.05208066674350118,-0.09494427211911383,民营,民营,李大明,True,证监会2001版,J01,房地产开发与经营业,正常上市
600753,2012,229304438.97,107902043.24,107902043.24,12450000.0,0.0,121402395.73,260549.07,1989342.36,1476431.65,222859431.45,119413053.37,0.47056238302528836,0.11538243045415013,1.0,0.0011362582912495982,0.008799209711966443,0.016521717086131912,民营,民营,李大明,False,证监会2012版,F51,批发业,正常上市
600753,2013,226881048.1,105511704.16,105511704.16,12450000.0,0.0,121369343.94,649804.94,-33051.79,-436654.78,229304438.97,121402395.73,0.4650529651709591,0.11799638816486727,1.0,0.0028640776540911966,-0.00014490504821749545,-0.0002722869642482057,民营,民营,李大明,False,证监会2012版,F51,批发业,正常上市
600753,2014,229651956.29,107428614.12,107428614.12,12450000.0,0.0,122223342.17,181106.52,853998.23,357059.81,226881048.1,121369343.94,0.46778880465682277,0.11589091139250005,1.0,0.0007886130078130152,0.0037412332593174777,0.007011690241096623,民营,民营,李大明,False,证监会2012版,F51,批发业,正常上市
600753,2015,230555378.28,90597797.8,90597797.8,4910000.0,0.0,139957580.48,215778283.89,38867391.16,38613414.15,229651956.29,122223342.17,0.392954605856007,0.054195577809066794,1.0,0.9359065292675418,0.16891252372722912,0.2964929009109199,民营,民营,柴春祥,False,证监会2012版,F51,批发业,正常上市
600759,2005,263911672.52,387186649.62,239549167.97,100120000.0,62939724.35,-123274977.1,9895742.45,-42339566.23,-37306800.75,231463236.15,-80299520.34,1.4671069525758011,0.42113984175341046,0.618691703872287,0.03749641823534755,-0.17093948639294126,0.4159613975466533,民营,民营,黄柯滨,False,证监会2001版,M,综合类,ST
600759,2006,268764905.78,346000368.47,271860644.12,86800000.0,62939724.35,-77235462.69,26121483.15,47993746.8,56306578.01,263911672.52,-123274977.1,1.2873718295394632,0.43277330891912963,0.7857235682209156,0.0971908258416074,0.1801984496978211,-0.4787156903178223,民营,民营,黄柯滨,False,证监会2001版,M,综合类,*ST
600759,2007,1475011796.78,68596515.06,67147835.14,0.0,0.0,1406415281.72,21173715.16,91587371.85,91587371.85,268764905.78,-77235462.69,0.046505739960689456,0.0,0.9788811440532675,0.014354946317190769,0.1050448394172747,0.13781035573777822,其他,外资,陈隆基,False,证监会2001版,M,综合类,ST
600759,2008,1905836514.88,366697168.85,291300219.34,75000000.0,60000000.0,1539139346.03,6666331.96,129751136.36,129751136.36,1475011796.78,1406415281.72,0.19240746306777992,0.36815119250408684,0.7943890601979485,0.00349785089536903,0.07675655598774384,0.08809962995601414,其他,外资,陈隆基,True,证监会2001版,J01,房地产开发与经营业,正常上市
600759,2009,2433972606.52,713257517.68,195266146.51,93000000.0,450000000.0,1720715088.84,36210472.85,156996725.42,158734476.48,1905836514.88,1539139346.03,0.2930425411400944,0.7612958665563125,0.2737666854814776,0.014877107800228013,0.07235190351844492,0.09632131038775103,其他,外资,陈隆基,True,证监会2001版,J01,房地产开发与经营业,正常上市
600759,2010,3508516413.39,1541147976.1,607164454.7,60000000.0,825277797.79,1967368437.29,228428783.0,211412349.72,183563337.81,2433972606.52,1720715088.84,0.4392591609998801,0.574427512165488,0.393968953089423,0.06510694438487391,0.07115279439698548,0.11464618315835182,其他,外资,陈隆基,True,证监会2001版,J01,房地产开发与经营业,正常上市
600759,2011,5106375251.08,3027760436.42,1110706725.08,190000000.0,1779691300.91,2078614814.66,1128417660.58,130521613.89,117419445.12,3508516413.39,1967368437.29,0.5929373161088441,0.6505439721112637,0.36684101942797387,0.22098212628250133,0.03030139413785185,0.06451910735275232,其他,外资,陈隆基,True,证监会2001版,J01,房地产开发与经营业,正常上市
600759,2012,5809908307.6,3415856085.97,2537639794.84,235000000.0,742519345.72,2394052221.63,278321929.43,398018410.74,377217599.91,5106375251.08,2078614814.66,0.5879363158798364,0.2861711152688724,0.7429000903354472,0.04790470256921684,0.07292196260759802,0.17797810903900838,其他,外资,陈隆基,True,证监会2012版,K70,房地产业,正常上市
600759,2013,6929524568.22,4571545179.35,3323160226.59,303500000.0,1089622311.21,2357979388.87,1141374166.82,63900564.61,45458441.01,5809908307.6,2394052221.63,0.6597198890550007,0.30473773233234885,0.726922757233365,0.16471175700199397,0.01003193238394247,0.026893998124425986,民营,民营,许玲,True,证监会2012版,K70,房地产业,正常上市
600759,2014,11805882072.18,6261497268.21,3897820230.93,2089066450.0,1065028942.95,5544384803.97,2127823868.52,93425252.77,84895910.21,6929524568.22,2357979388.87,0.5303709820179316,0.5037286223797514,0.6225060978177646,0.1802342133786103,0.009973122501493287,0.023644886641556888,民营,民营,许玲,False,证监会2012版,F51,批发业,正常上市
600759,2015,14195209587.73,8781240285.05,4210625092.55,1299555000.0,2321462000.0,5413969302.68,392365338.33,64442542.5,64805375.13,11805882072.18,5544384803.97,0.6186058917115457,0.4123582640330155,0.47950232038617147,0.02764068652210329,0.004956910528442255,0.011761354282372294,民营,民营,许玲,False,证监会2012版,B07,石油和天然气开采业,正常上市
600766,2005,484107081.27,545921776.22,534031638.15,330748000.0,0.0,-61814694.95,9656252.76,-229378918.64,-224469371.36,751863258.1,163604590.14,1.1276880618805167,0.6058523664143276,0.9782200700028342,0.019946522440175668,-0.37117220589115313,-4.506909417911152,民营,民营,陈伟东,False,证监会2001版,H11,零售业,ST
600766,2006,599540322.1,464382922.74,422492784.67,116144237.86,30000000.0,135157399.36,44810559.55,25393221.72,26052389.31,484107081.27,-61814694.95,0.7745649552200485,0.31470631391375187,0.9097939738549482,0.0747415276307735,0.04686620692492861,0.692453923652636,民营,民营,徐诚惠,False,证监会2001版,H11,零售业,*ST
600766,2007,642799160.0,457079971.69,419935839.94,44780000.0,30000000.0,185719188.31,27531539.27,12601230.98,20114197.88,599540322.1,135157399.36,0.7110774253189752,0.16360375564807544,0.9187360329688831,0.042830702003406475,0.02028629237267642,0.0785425391830676,民营,民营,徐诚惠,True,证监会2001版,J01,房地产开发与经营业,正常上市
600766,2008,568036056.29,487943844.63,466160886.68,31794262.0,0.0,80092211.66,27103880.98,-105626976.65,-98192321.54,642799160.0,185719188.31,0.859001535601271,0.06515967431479555,0.9553576539806181,0.04771507139357124,-0.17446961440986353,-0.794751291042606,民营,民营,徐诚惠,True,证监会2001版,J01,房地产开发与经营业,正常上市
600766,2009,651225217.55,580911086.28,505128128.33,30294262.0,60000000.0,70314131.27,39384470.47,-9778080.39,3348597.51,568036056.29,80092211.66,0.892027935382276,0.1554355978609746,0.8695446519444242,0.0604774959700883,-0.016039352023712598,-0.13002218123940126,民营,民营,徐诚惠,True,证监会2001版,J01,房地产开发与经营业,正常上市
600766,2010,443013179.82,476366821.94,467648558.99,30293855.25,0.0,-33353642.12,11288790.93,-97351372.24,-97351372.24,651225217.55,70314131.27,1.0752881486134382,0.06359354567689773,0.9816984253552862,0.025481839918592784,-0.17793448388209343,-5.2678616803425085,民营,民营,徐诚惠,True,证监会2001版,J01,房地产开发与经营业,正常上市
600766,2011,509395150.19,548646716.96,539928454.01,112594262.0,0.0,-39251566.77,8680400.97,-5897924.65,-5897924.65,443013179.82,-33353642.12,1.077055242389645,0.2052217912172595,0.9841095140452,0.01704060387454079,-0.012385285731253682,0.16246560653618142,民营,民营,徐诚惠,True,证监会2001版,J01,房地产开发与经营业,ST
600766,2012,259420180.67,233376562.93,220658299.98,22294262.0,4000000.0,26043617.74,2379523.28,56654808.71,56654808.71,509395150.19,-39251566.77,0.8996083586375679,0.11266882016720255,0.9455032553812407,0.009172467900740977,0.1473820992789665,-8.578895721253398,民营,民营,徐诚惠,True,证监会2012版,K70,房地产业,*ST
600766,2013,299921366.46,274600314.52,269564540.92,22294262.0,0.0,25321051.94,7220369.7,2065185.88,2065185.88,259420180.67,26043617.74,0.9155743645780667,0.08118804247901268,0.981661442708824,0.024074209134289766,0.007384346435899629,0.08041269973567558,民营,民营,徐诚惠,False,证监会2012版,B09,有色金属矿采选业,正常上市
600766,2014,226377313.42,191512018.86,186476245.26,9094262.0,0.0,34865294.56,575498.37,13932623.33,13932623.33,299921366.46,25321051.94,0.8459859160210367,0.04748663845817493,0.9737051824215728,0.0025422086750021295,0.052945689824556434,0.4629828570837075,民营,民营,徐诚惠,False,证监会2012版,B09,有色金属矿采选业,正常上市
600766,2015,165423300.71,118022949.62,118022949.62,0.0,0.0,47400351.09,3130220.73,14713081.59,14713081.59,226377313.42,34865294.56,0.7134602508440058,0.0,1.0,0.018922489858230564,0.075104943991324,0.35769686054849553,民营,民营,徐诚惠,False,证监会2012版,B09,有色金属矿采选业,正常上市
600767,2005,857610805.88,536013250.2,507291547.2,46950000.0,0.0,321597555.68,123002021.52,8197342.94,8801039.24,1093383727.56,312069010.8,0.6250075751435913,0.08759111828388902,0.9464160578319972,0.14342405748232945,0.008403245421243101,0.02587273299121969,民营,民营,汪世忠,True,证监会2001版,J01,房地产开发与经营业,*ST
600767,2006,528523368.37,166207682.11,135301269.02,36969948.0,0.0,362315686.26,47009104.01,5302633.31,5303884.15,857610805.88,321597555.68,0.3144755597516817,0.2224322457943457,0.8140494308226653,0.08894422994952729,0.007650966852280534,0.015506742624133022,民营,民营,钱仁高,True,证监会2001版,J01,房地产开发与经营业,ST
600767,2007,442587551.22,63999736.05,63999736.05,23000000.0,0.0,378587815.17,16482190.33,16069238.29,16309807.37,528523368.37,362315686.26,0.1446035612018089,0.359376482147226,1.0,0.037240519496236545,0.03309454762754471,0.04337741219736484,民营,民营,钱仁高,True,证监会2001版,J01,房地产开发与经营业,正常上市
600767,2008,498826904.99,114025084.53,82025084.53,40700000.0,32000000.0,384801820.46,9800957.23,11788766.82,11871951.82,442587551.22,378587815.17,0.22858647636956525,0.6375790055290214,0.719359997566318,0.01964801243067769,0.02504479667214776,0.030885320601113805,民营,民营,钱仁高,True,证监会2001版,J01,房地产开发与经营业,正常上市
600767,2009,625603164.39,238356204.72,145556204.72,56600000.0,92800000.0,387246959.67,74475755.31,2511488.1,2513882.5,498826904.99,384801820.46,0.3810022363816068,0.6267929973776099,0.6106667325525957,0.11904632129317674,0.004467130804114498,0.006506034760075932,民营,民营,钱仁高,True,证监会2001版,J01,房地产开发与经营业,正常上市
600767,2010,748498313.47,387685225.5,344685225.5,48000000.0,43000000.0,360813087.97,73771474.95,-31284310.02,-31267332.64,625603164.39,387246959.67,0.5179507001194312,0.23472651010271733,0.8890852754459687,0.09855930684465969,-0.0455342062053839,-0.08364117324189838,民营,民营,钱仁高,True,证监会2001版,J01,房地产开发与经营业,正常上市
600767,2011,804638816.22,436049701.85,389299701.85,28500000.0,46750000.0,368589114.37,37607973.6,23188346.01,23190099.23,748498313.47,360813087.97,0.5419197943972637,0.1725720707541862,0.8927874510596916,0.04673895024934695,0.029860011156424164,0.0635817822748802,民营,民营,钱仁高,True,证监会2001版,J01,房地产开发与经营业,正常上市
600767,2012,625482258.35,222421587.03,152171587.03,25800000.0,70250000.0,403060671.32,41456976.02,34456320.6,34465757.73,804638816.22,368589114.37,0.35560015341880397,0.4318375805269516,0.6841583546900745,0.06628001908377391,0.048186578343179944,0.0893055923528562,民营,民营,钱仁高,True,证监会2012版,K70,房地产业,正常上市
600767,2013,581255010.68,236690076.98,161190076.98,0.0,75500000.0,344564933.7,6873046.15,-58455970.04,-58453835.13,625482258.35,403060671.32,0.4072052242665409,0.3189825317703524,0.6810174682296476,0.011824493593542266,-0.09688267950319973,-0.15637765653688712,民营,民营,钱仁高,True,证监会2012版,K70,房地产业,正常上市
600767,2014,615123775.5,218375166.96,200565166.96,30000000.0,15500000.0,396748608.54,13405494.19,28934231.9,25983746.46,581255010.68,344564933.7,0.3550101226090553,0.20835702444286752,0.9184431075752204,0.02179316541472229,0.04836968397339458,0.0780620621405903,民营,民营,钱仁高,True,证监会2012版,K70,房地产业,正常上市
600767,2015,583309578.08,219051821.99,207083512.51,88000000.0,10000000.0,364257756.09,13737349.2,-70964228.57,-70243806.28,615123775.5,396748608.54,0.37553270205338096,0.4473827202609336,0.945363113754213,0.023550700547756036,-0.11842832704549368,-0.18650101199745597,民营,民营,钱仁高,True,证监会2012版,K70,房地产业,正常上市
600773,2005,710059002.45,683445631.75,683445631.75,585001656.83,0.0,26613370.7,3453230.98,-196963366.45,-176540574.3,889699957.34,247349465.17,0.9625194940023677,0.855959317981258,1.0,0.004863301455350768,-0.24624130434731908,-1.4378838343129317,国有,国企,西藏自治区商务厅,False,证监会2001版,H21,商业经纪与代理业,正常上市
600773,2006,151774917.07,75827660.9,75827660.9,12581700.0,0.0,75947256.17,5165478.37,11279789.3,5721748.3,710059002.45,26613370.7,0.4996060110843453,0.16592493887675755,1.0,0.03403380788946591,0.026176248217945054,0.2199633454717007,国有,国企,西藏自治区商务厅,False,证监会2001版,H21,商业经纪与代理业,*ST
600773,2007,124737593.41,100194937.83,88166070.08,581700.0,0.0,24542655.58,4012983.09,-54198683.16,-51810845.92,151774917.07,75947256.17,0.8032457183991778,0.005805682528462326,0.879945354420906,0.032171400620258285,-0.3920161374681827,-1.0786890388526984,民营,民营,"程度才,李嫦,刘贵顺",False,证监会2001版,H21,商业经纪与代理业,ST
600773,2008,70534282.5,76772584.42,67654998.95,0.0,0.0,-6238301.92,5506486.2,-28621909.62,-28504294.56,124737593.41,24542655.58,1.0884435440312306,0.0,0.8812390446553109,0.07806822448360484,-0.2931493282032249,-3.127333546067423,民营,民营,"程度才,李嫦,刘贵顺",False,证监会2001版,H21,商业经纪与代理业,ST
600773,2009,4979768724.42,4165592027.29,3340966483.92,0.0,821150000.0,814176697.13,1544426022.02,75970221.34,77277087.44,70534282.5,-6238301.92,0.8365031104482009,0.1971268416639,0.8020388127383481,0.3101401104124331,0.030085411206378896,0.18805944064647098,国有,国企,上海市闸北区国有资产监督管理委员会,True,证监会2001版,J01,房地产开发与经营业,*ST
600773,2010,8874964394.11,7940663220.0,4121383786.98,0.0,3816150000.0,934301174.11,1002603815.14,112458202.67,115227172.52,4979768724.42,814176697.13,0.8947262059180696,0.48058328306738085,0.5190226147105128,0.11296989718689943,0.01623390385190356,0.12863554583078132,国有,国企,上海市闸北区国有资产监督管理委员会,True,证监会2001版,J01,房地产开发与经营业,正常上市
600773,2011,8388469896.97,7154087208.75,3642963937.44,0.0,3508150000.0,1234382688.22,1170798953.4,376039528.11,292448621.28,8874964394.11,934301174.11,0.8528476941109521,0.49037003570619914,0.5092143597277335,0.13957240924508824,0.043564857579270796,0.34679054392555775,国有,国企,上海市闸北区国有资产监督管理委员会,True,证监会2001版,J01,房地产开发与经营业,正常上市
600773,2012,8634652806.72,7456997308.55,4551180198.88,0.0,2903000000.0,1177655498.17,888089837.95,101032084.88,100966249.19,8388469896.97,1234382688.22,0.8636128719323286,0.38929878607727203,0.6103234332218056,0.10285182946311817,0.011869982568838547,0.08377320512591935,国有,国企,上海市闸北区国有资产监督管理委员会,True,证监会2012版,K70,房地产业,正常上市
600773,2013,8874199742.27,7622361031.88,3012550083.85,300000000.0,4607150000.0,1251838710.39,262672655.01,71878935.2,71653933.65,8634652806.72,1177655498.17,0.8589350311299413,0.6437834654480656,0.3952253207700628,0.029599587865802187,0.008210582046868212,0.05917193376855488,国有,国企,上海市闸北区国有资产监督管理委员会,True,证监会2012版,K70,房地产业,正常上市
600773,2014,10845060727.13,8406239199.82,6062084413.43,0.0,2341650000.0,2438821527.31,2296922256.97,49691516.54,76954987.91,8874199742.27,1251838710.39,0.7751214503383052,0.2785609526850177,0.7211410797779589,0.21179431953055092,0.0050398965637793985,0.02692825312522807,国有,国企,上海市闸北区国有资产监督管理委员会,True,证监会2012版,K70,房地产业,正常上市
600773,2015,11064776603.1,8482605035.16,4414586606.11,82870000.0,3172650000.0,2582171567.94,2217024920.87,57286315.51,62428510.45,10845060727.13,2438821527.31,0.766631387097634,0.3837877617201346,0.5204281689188339,0.2003677977781187,0.005229278031285012,0.022818719095309834,国有,国企,上海市闸北区国有资产监督管理委员会,True,证监会2012版,K70,房地产业,正常上市
600791,2005,988321806.68,675601429.81,648818910.96,217000000.0,26782518.85,312720376.87,161158580.74,26716399.46,18187558.84,875743473.61,287764148.48,0.6835844612996048,0.3608377781535471,0.9603575160320014,0.16306286034643788,0.028664660773944167,0.0889828074900948,国有,国企,北京市国资委,True,证监会2001版,J01,房地产开发与经营业,正常上市
600791,2006,1083124814.06,727105837.33,719778910.74,218500000.0,7326926.59,356018976.73,122143539.16,36269176.26,25363161.37,988321806.68,312720376.87,0.6713038311849827,0.3105832947501252,0.9899231635700998,0.1127695881162167,0.035018209879859964,0.10847029134670623,国有,国企,北京市国资委,True,证监会2001版,J01,房地产开发与经营业,正常上市
600791,2007,1472480876.94,670187382.14,667137382.14,100000000.0,3050000.0,802293494.8,142993832.48,158517507.56,134579833.31,1083124814.06,356018976.73,0.4551416542215023,0.1537629665168378,0.995449033984703,0.09711082481231206,0.12405474609658787,0.27370422309381903,国有,国企,北京市国有资产监督管理委员会,True,证监会2001版,J01,房地产开发与经营业,正常上市
600791,2008,3327917785.84,2199370462.34,1776320462.34,30000000.0,423050000.0,1128547323.5,209026910.79,115563875.33,108724472.57,1472480876.94,802293494.8,0.6608848546974717,0.2059907631559176,0.8076495036902969,0.06281011859108758,0.048147615832837845,0.11970316168450146,国有,国企,北京市国有资产监督管理委员会,True,证监会2001版,J01,房地产开发与经营业,正常上市
600791,2009,2914178229.92,1950207079.89,1847157079.89,30000000.0,103050000.0,963971150.03,196468806.16,26265346.53,15883121.27,3327917785.84,1128547323.5,0.6692133857384341,0.068223524246207,0.9471594575454969,0.06741825333222445,0.008415553513975254,0.025104052233948834,国有,国企,北京市国有资产管理委员会,True,证监会2001版,J01,房地产开发与经营业,正常上市
600791,2010,4916136588.46,3728628041.83,3723123921.83,780000000.0,3050000.0,1187508546.63,756548482.37,217847836.6,125007517.53,2914178229.92,963971150.03,0.7584467955146885,0.21001022124365115,0.9985238216474662,0.1538908589614659,0.055642165520254305,0.20250977681842997,国有,国企,北京市国有资产监督管理委员会,True,证监会2001版,J01,房地产开发与经营业,正常上市
600791,2011,4663140119.21,3192204223.39,2887614863.39,380000000.0,303050000.0,1470935895.82,593514227.84,299015629.19,200136982.41,4916136588.46,1187508546.63,0.6845610772534116,0.2139744052072667,0.9045833729032106,0.12727780265383692,0.06242968823535124,0.22495533434163456,国有,国企,北京市国有资产监督管理委员会,True,证监会2001版,J01,房地产开发与经营业,正常上市
600791,2012,4929700225.78,3209219963.51,2357914506.36,430000000.0,803050000.0,1720480262.27,300770551.52,267376462.03,165345849.08,4663140119.21,1470935895.82,0.6509969808564217,0.38422109235896185,0.7347313469224132,0.06101193536010817,0.05574500406850642,0.16755975954575575,国有,国企,北京市国有资产监督管理委员会,True,证监会2012版,K70,房地产业,正常上市
600791,2013,7045406215.66,5148063205.88,2514801008.04,0.0,2603050000.0,1897343009.78,2507410496.63,281997737.51,156437013.95,4929700225.78,1720480262.27,0.7306978545023098,0.5056367600589783,0.48849458669576,0.35589296342583004,0.04709732458563265,0.15589359474168513,国有,国企,北京市国有资产监督管理委员会,True,证监会2012版,K70,房地产业,正常上市
600791,2014,5972386051.6,3951313918.65,1948366865.61,0.0,2000000000.0,2021072132.95,2206180206.89,217591024.07,79651637.41,7045406215.66,1897343009.78,0.661597204954868,0.5061607458116911,0.4930934129059723,0.3693967851088536,0.03342978895388362,0.11106073049646398,国有,国企,北京市国有资产监督管理委员会,True,证监会2012版,K70,房地产业,正常上市
600791,2015,5304215866.92,3232555934.59,1731102961.55,0.0,1400000000.0,2071659932.33,1637322679.48,137382620.73,78553970.48,5972386051.6,2021072132.95,0.6094314439104924,0.43309382059542567,0.5355214253298184,0.30868326639781807,0.024365960902525286,0.06713492040950456,国有,国企,北京市国有资产监督管理委员会,True,证监会2012版,K70,房地产业,正常上市
600807,2005,529449342.31,522313516.81,502815944.36,221085401.76,0.0,7135825.5,13096052.69,-29576620.57,-27822078.08,435240787.65,33962692.34,0.9865221751549142,0.42328102690174757,0.9626707488462479,0.024735232709633015,-0.06131838535805558,-1.439303513822288,国有,国企,中国国家烟草专卖局,False,证监会2001版,H11,零售业,ST
600807,2006,884257535.74,590613190.14,589285770.22,125996491.84,0.0,293644345.6,8281103.31,42902110.97,43543542.72,529449342.31,7135825.5,0.6679198833694295,0.21333165927116118,0.9977524715970443,0.00936503560930343,0.06069449280628404,0.2852722027060513,民营,民营,曾昭秦,False,证监会2001版,H11,零售业,*ST
600807,2007,1298276354.19,921624156.76,921624156.76,120800823.9,0.0,376652197.43,18988346.34,87150445.39,87036140.13,884257535.74,293644345.6,0.7098828795468628,0.13107384720109688,1.0,0.014625812353985995,0.07986171100673735,0.26003549114559427,民营,民营,曾昭秦,True,证监会2001版,J01,房地产开发与经营业,正常上市
600807,2008,1034640876.26,640603192.5,640603192.5,87323969.9,0.0,394037683.76,23206453.56,17385486.33,18181455.63,1298276354.19,376652197.43,0.619155116716092,0.13631522746430896,1.0,0.022429476828603797,0.014904503342920988,0.04511668507482042,民营,民营,曾昭秦,True,证监会2001版,J01,房地产开发与经营业,正常上市
600807,2009,1112710307.68,783623757.31,783623757.31,50000000.0,0.0,329086550.37,38326490.23,-57646473.16,-56459367.73,1034640876.26,394037683.76,0.7042477740175291,0.063806130854989,1.0,0.034444266369663364,-0.05369077362951799,-0.15943725971058129,民营,民营,曾昭秦,True,证监会2001版,J01,房地产开发与经营业,正常上市
600807,2010,1814777601.61,1385280838.45,870280838.45,80000000.0,515000000.0,429496763.16,162628113.62,100410212.79,100115172.93,1112710307.68,329086550.37,0.7633336653598948,0.4295157945487425,0.628234228247727,0.08961324708643234,0.06859820836244025,0.2647308766198666,民营,民营,曾昭秦,True,证监会2001版,J01,房地产开发与经营业,正常上市
600807,2011,1988178652.16,1443767469.35,1333767469.35,0.0,110000000.0,544411182.81,33033094.66,45594419.65,45783612.09,1814777601.61,429496763.16,0.726175923768953,0.07618955429818848,0.9238104457018115,0.01661475170961731,0.023978408694446958,0.09363188756939145,民营,民营,曾昭秦,True,证监会2001版,J01,房地产开发与经营业,正常上市
600807,2012,2507109321.41,1889204604.04,1251324604.04,120000000.0,637880000.0,617904717.37,98262397.27,13493534.56,14618118.07,1988178652.16,544411182.81,0.7535389812908159,0.4011635364318398,0.6623552585908825,0.0391935032233605,0.006003412746562668,0.023218360099711878,民营,民营,曾昭秦,True,证监会2012版,K70,房地产业,正常上市
600807,2013,2914796306.53,2285028670.87,1558048670.87,30000000.0,726980000.0,629767635.66,372404203.79,16359035.09,19553701.41,2507109321.41,617904717.37,0.7839411164858636,0.3312781190232454,0.6818508190870051,0.12776337164820237,0.00603442265970072,0.026223286987600104,民营,民营,曾昭秦,True,证监会2012版,K70,房地产业,正常上市
600807,2014,3639609910.61,2918439533.54,2250061515.91,108428002.44,628365782.94,721170377.07,155406793.88,81795965.76,71521328.46,2914796306.53,629767635.66,0.8018550353520904,0.2524615558802708,0.7709810294341535,0.0426987500575175,0.024959077313853606,0.12109506874368756,民营,民营,曾昭秦,True,证监会2012版,K70,房地产业,正常上市
600807,2015,5236796273.84,3598938425.74,3160806596.1,653000000.0,410000000.0,1637857848.1,880908609.72,114560081.4,112137070.84,3639609910.61,721170377.07,0.6872404877994225,0.29536487548586776,0.8782608153264214,0.1682151765422896,0.02581226659065926,0.09712480773030546,民营,民营,曾昭秦,True,证监会2012版,K70,房地产业,正常上市
600823,2005,2649654269.54,1505349688.43,1505349688.43,240000000.0,0.0,1144304581.11,402624902.39,152317712.13,78426157.99,2623399831.87,1167997227.28,0.568130606975883,0.1594313944757296,1.0,0.15195374997353853,0.05777210292201276,0.1317455286998674,民营,民营,许世永,True,证监会2001版,J01,房地产开发与经营业,正常上市
600823,2006,2854520476.02,1548830083.18,1448830083.18,225000000.0,100000000.0,1305690392.84,578189388.21,222169170.03,119728073.71,2649654269.54,1144304581.11,0.5425885349890719,0.20983580027882862,0.935435138375745,0.20255219504193495,0.08072751331494885,0.18136295983645073,民营,民营,"许荣茂,许世永叔侄",True,证监会2001版,J01,房地产开发与经营业,正常上市
600823,2007,3127649625.54,1565358986.02,1368371639.15,200000000.0,100000000.0,1562290639.52,790593069.85,139809109.05,66375365.61,2854520476.02,1305690392.84,0.5004905195382092,0.19164932943769297,0.874158356882181,0.2527754590520993,0.04674193701497766,0.09749653674309981,民营,民营,"许荣茂,许世永叔侄",True,证监会2001版,J01,房地产开发与经营业,正常上市
600823,2008,2714721834.26,1197626784.12,748293053.85,100000000.0,385000000.0,1517095050.14,400752600.38,101515710.09,61047696.08,3127649625.54,1562290639.52,0.4411600367322563,0.4049675628759184,0.6248132254321915,0.14762197560076729,0.03475154251608478,0.06593244258481212,民营,民营,"许荣茂,许世永叔侄",True,证监会2001版,J01,房地产开发与经营业,正常上市
600823,2009,15979418087.75,8984003947.54,5926027748.01,920000000.0,2546054560.77,6995414140.21,1907640218.86,221997369.45,206011883.88,2714721834.26,1517095050.14,0.5622234738589911,0.38580287597926477,0.6596198958297057,0.11938108186320115,0.023750476927652173,0.05215791595306867,民营,民营,许荣茂,True,证监会2001版,J01,房地产开发与经营业,正常上市
600823,2010,25945601050.53,15765388087.95,10401401850.95,1916703472.0,4334235533.73,10180212962.58,4060863433.89,1027207441.66,873925236.8,15979418087.75,6995414140.21,0.607632409719333,0.3964976295450536,0.6597618652280517,0.1565145253710377,0.04900212153854925,0.119612219747498,其他,外资,许荣茂,True,证监会2001版,J01,房地产开发与经营业,正常上市
600823,2011,33006559643.26,20086252251.37,13020091041.31,1467208222.0,5564475149.01,12920307391.89,5015390584.92,1235917810.05,1183719267.83,25945601050.53,10180212962.58,0.6085533441977995,0.35007443315018605,0.6482090774510687,0.1519513284367446,0.041929516933895565,0.10700346062211946,其他,外资,许荣茂,True,证监会2001版,J01,房地产开发与经营业,正常上市
600823,2012,37084486288.66,23132004717.24,16065569262.97,1454880000.0,5300254560.77,13952481571.42,4733739283.06,1401031552.71,1366344450.52,33006559643.26,12920307391.89,0.6237650034352369,0.29202547048313027,0.6945169456496144,0.1276474277198636,0.0399774759837607,0.10427139175043267,其他,外资,许荣茂,True,证监会2012版,K70,房地产业,正常上市
600823,2013,50087700184.06,33862029514.59,25188935307.0,2488000000.0,6723100000.0,16225670669.47,5418528600.84,1871399814.88,1643190122.43,37084486288.66,13952481571.42,0.6760547877054718,0.2720185450205,0.7438696282556526,0.10818082245597697,0.04293570898248934,0.12402348559593653,其他,外资,许荣茂,True,证监会2012版,K70,房地产业,正常上市
600823,2014,58900514434.57,38865493215.75,30429271190.27,2985900000.0,4144880000.0,20035021218.82,5189585343.06,2607856043.09,1892146372.41,50087700184.06,16225670669.47,0.6598498092732955,0.18347329237315058,0.782937991326937,0.08810764036407327,0.04785574389332595,0.1438392875196173,其他,外资,许荣茂,True,证监会2012版,K70,房地产业,正常上市
600823,2015,65347776653.12,40692595094.4,27880296574.22,537000000.0,4499880000.0,24655181558.72,6633782392.95,2919101485.0,2045633988.21,58900514434.57,20035021218.82,0.6227081804237199,0.1237787855091395,0.6851442261065529,0.1015150435517269,0.046988195321572716,0.13063720026202502,其他,外资,许荣茂,True,证监会2012版,K70,房地产业,正常上市
600840,2005,1972044808.43,1656542652.11,1396073148.11,290000000.0,260469504.0,315502156.32,119511682.86,84874134.69,41722930.54,1973789004.43,230645861.63,0.8400126838034779,0.33230022981831864,0.8427631768682622,0.06060292461363826,0.04301961953561442,0.3108100071793,民营,民营,黄伟,False,证监会2001版,H11,零售业,正常上市
600840,2006,2052928345.19,1501510157.58,900419801.58,235000000.0,601090356.0,551418187.61,219231698.19,270152732.87,130636903.93,1972044808.43,315502156.32,0.7313992040189956,0.5568329669827448,0.5996761307504015,0.10678974680419737,0.13423827814952194,0.623246956335849,民营,民营,黄伟,False,证监会2001版,H11,零售业,正常上市
600840,2007,2787090117.14,1910214219.63,1847214219.63,255000000.0,63000000.0,876875897.51,567334311.38,438670352.37,215775078.04,2052928345.19,551418187.61,0.6853794241824464,0.16647347545219046,0.9670194058066415,0.20355793588840812,0.18126804919616887,0.6142577455722567,民营,民营,黄伟,True,证监会2001版,J01,房地产开发与经营业,正常上市
600840,2008,2069575005.22,758904121.34,758904121.34,225000000.0,0.0,1310670883.88,84455819.78,527294986.37,250943893.46,2787090117.14,876875897.51,0.36669563529992816,0.2964801398135994,1.0,0.04080829134821435,0.21714282252747602,0.4820879634262713,民营,民营,"黄伟,李萍",True,证监会2001版,J01,房地产开发与经营业,正常上市
600862,2005,1033852792.8,854758011.61,848796662.03,376749883.86,0.0,179094781.19,40712814.84,-26252596.25,-21825484.33,1001650318.35,202224567.41,0.8267695532311184,0.44076788838792363,0.9930256873886781,0.039379701949381826,-0.02579470019593146,-0.13769349153870866,民营,民营,严介和,False,证监会2001版,C7105,金属加工机械制造业,ST
600862,2006,957681024.27,949422912.47,938400345.31,357827465.9,0.0,8258111.8,77926897.6,-165778346.9,-126756264.26,1033852792.8,179094781.19,0.9913769704205064,0.3768894358880418,0.9883902452582233,0.08137041000619219,-0.16648308502629167,-1.7696908145298664,国有,国企,南通市国有资产监督管理委员会,False,证监会2001版,C7105,金属加工机械制造业,ST
600862,2007,1077396292.44,876659933.81,868839871.42,93023924.63,0.0,200736358.63,207618948.08,126783232.84,126188868.83,957681024.27,8258111.8,0.8136838227135638,0.1061117555877274,0.9910797082330275,0.19270434615084983,0.12459795192937793,1.2132687776776794,国有,国企,南通市国有资产监督管理委员会,False,证监会2001版,C7105,金属加工机械制造业,*ST
600862,2008,1556233563.08,1304382696.6,1159319607.62,50000000.0,125000000.0,251850866.48,159262022.05,46310055.22,48334995.53,1077396292.44,200736358.63,0.8381664086581242,0.1341630799428377,0.8887879382652645,0.10233812316372268,0.035168233776614946,0.20464587885238905,国有,国企,南通市国资委,False,证监会2001版,C7105,金属加工机械制造业,正常上市
600862,2009,2550791021.73,2091113544.97,1806408715.56,196000000.0,175000000.0,459677476.76,115388616.52,202726295.92,201962122.11,1556233563.08,251850866.48,0.8197902247404661,0.17741743431025528,0.8638501337744984,0.045236405309965776,0.09872173479057883,0.5698333674154705,国有,国企,南通市国有资产管理委员会,False,证监会2001版,C7105,金属加工机械制造业,正常上市
600862,2010,3667066770.61,2502794456.21,1971707664.02,208000000.0,423900000.0,1164272314.4,1006819624.39,108657138.88,110358111.32,2550791021.73,459677476.76,0.6825058317096504,0.2524777847546022,0.7878024738019324,0.27455721080925943,0.03495002378917658,0.13381834767488143,国有,国企,南通市国有资产管理委员会,False,证监会2001版,C7105,金属加工机械制造业,正常上市
600862,2011,3997173686.02,2710553532.98,2153034135.84,550000000.0,434000000.0,1286620153.04,812526769.38,115829590.11,121987546.11,3667066770.61,1164272314.4,0.678117526506312,0.36302548096815634,0.7943152974635924,0.2032753223163129,0.030225980190848756,0.09452033628467268,国有,国企,南通市国有资产管理委员会,False,证监会2001版,C7105,金属加工机械制造业,正常上市
600862,2012,4518319202.09,3164913597.05,2809348902.65,527000000.0,253000000.0,1353405605.04,370916928.78,74579107.64,40141693.64,3997173686.02,1286620153.04,0.7004625958223654,0.24645222565539673,0.8876542175649218,0.08209179391496468,0.017516098861202315,0.056498772719731964,国有,国企,南通市人民政府国有资产监督管理委员会,True,证监会2012版,K70,房地产业,正常上市
600862,2013,5974314653.44,4633443270.0,3287098631.27,460009400.0,1255900000.0,1340871383.44,730195123.45,4024113.42,2779358.41,4518319202.09,1353405605.04,0.7755606356173543,0.3703313712957146,0.7094289148963725,0.12222240805973536,0.0007670358987851551,0.0029871564335857232,国有,国企,南通市人民政府国有资产监督管理委员会,True,证监会2012版,K70,房地产业,正常上市
600862,2014,6806581169.21,5708244167.96,4602735565.42,325000000.0,1024400000.0,1098337001.25,892281899.84,-210955948.57,-203469223.78,5974314653.44,1340871383.44,0.8386360238795951,0.23639493341474313,0.8063312342619913,0.13109105403404187,-0.0330111365427373,-0.17297082930190932,国有,国企,南通市人民政府国有资产监督管理委员会,True,证监会2012版,K70,房地产业,正常上市
600862,2015,9696773841.01,6298360788.76,5435375137.56,575700000.0,490000000.0,3398413052.25,1841819940.28,142861100.1,144605857.34,6806581169.21,1098337001.25,0.6495315753495983,0.1692027554061112,0.8629824997100711,0.1899415177128808,0.01731297666583924,0.06353971130274652,国有,国企,国务院国有资产监督管理委员会,True,证监会2012版,K70,房地产业,正常上市
600890,2005,611596003.76,239900409.43,239900409.43,30000000.0,0.0,371695594.33,128832042.1,-252670941.8,-251711167.45,1212391990.35,620630719.95,0.3922530689460501,0.1250518916215257,1.0,0.2106489272460252,-0.2770532948856264,-0.5092497057952754,国有,国企,国务院国有资产监督管理委员会,True,证监会2001版,J01,房地产开发与经营业,正常上市
600890,2006,514823619.55,106019042.94,106019042.94,0.0,0.0,408804576.61,55208207.33,28941606.52,26839546.12,611596003.76,371695594.33,0.205932748448235,0.0,1.0,0.10723712983148813,0.05138690044293561,0.0741616916884054,国有,国企,国务院国有资产监督管理委员会,True,证监会2001版,J01,房地产开发与经营业,*ST
600890,2007,494476214.65,183115775.94,150013300.7,0.0,0.0,311360438.71,115447901.37,-59544255.21,-57292935.79,514823619.55,408804576.61,0.3703227182921487,0.0,0.8192265244757152,0.2334751358095481,-0.11799121171400268,-0.16536280975421155,国有,国企,南京市国有资产监督管理委员会,True,证监会2001版,J01,房地产开发与经营业,ST
600890,2008,399239712.54,114563845.0,81522622.97,0.0,0.0,284675867.54,13709363.98,-26684571.17,-26577186.06,494476214.65,311360438.71,0.28695503328347327,0.0,0.7115911915316738,0.03433867811591126,-0.05971600227356579,-0.0895400863678512,国有,国企,国务院国有资产监督管理委员会,True,证监会2001版,J01,房地产开发与经营业,ST
600890,2009,488115283.63,180676118.42,147692162.52,0.0,0.0,307439165.21,75630375.2,40531398.56,40553025.07,399239712.54,284675867.54,0.37015050435699054,0.0,0.817441529138204,0.15494367362880848,0.09135328867238376,0.1369037984790127,国有,国企,国务院国有资产监督管理委员会,True,证监会2001版,J01,房地产开发与经营业,*ST
600890,2010,497762242.77,213875612.89,180891656.99,0.0,0.0,283886629.88,101509012.96,-23552535.33,-23551972.87,488115283.63,307439165.21,0.42967423904995755,0.0,0.8457797246993083,0.20393072080982258,-0.047779840191719776,-0.07966009778557114,国有,国企,国务院国有资产监督管理委员会,True,证监会2001版,J01,房地产开发与经营业,ST
600890,2011,386198809.23,54972865.81,52085209.91,0.0,0.0,331225943.42,119387806.84,47339313.54,46399908.96,497762242.77,283886629.88,0.14234343684177703,0.0,0.9474712504532605,0.3091356161300301,0.10710723834017973,0.15392081253039802,国有,国企,国务院国有资产监督管理委员会,True,证监会2001版,J01,房地产开发与经营业,ST
600890,2012,367892849.36,51971282.91,51971282.91,0.0,0.0,315921566.45,111830770.71,-15304376.97,-15309553.69,386198809.23,331225943.42,0.14126744512814304,0.0,1.0,0.30397647278153117,-0.04059023010177864,-0.04729795521603527,国有,国企,国务院国有资产监督管理委员会,True,证监会2012版,K70,房地产业,正常上市
600890,2013,394775581.91,64025262.61,64025262.61,0.0,0.0,330750319.3,157163592.68,14828752.85,14829208.65,367892849.36,315921566.45,0.16218141532521715,0.0,1.0,0.39810869740122323,0.038886499668819574,0.04586175207787746,国有,国企,中国建银投资有限责任公司,True,证监会2012版,K70,房地产业,正常上市
600890,2014,403566041.66,86241681.51,86241681.51,0.0,0.0,317324360.15,75861259.03,-13425959.15,-13425453.71,394775581.91,330750319.3,0.21369905444784099,0.0,1.0,0.18797731027605213,-0.033634621454314756,-0.04143337049179016,国有,国企,中国建银投资有限责任公司,True,证监会2012版,K70,房地产业,正常上市
600890,2015,365142943.59,35685661.78,35685661.78,0.0,0.0,329457281.81,149448771.06,12132921.66,12133533.81,403566041.66,317324360.15,0.09773066248835846,0.0,1.0,0.40928839974464426,0.031567008823382293,0.03751782942766442,不明,,,True,证监会2012版,K70,房地产业,正常上市
601155,2015,67802115596.0,53930586166.0,42022622370.0,161000000.0,4237167500.0,13871529430.0,6469420829.0,2399604653.0,1836274417.0,,,0.7954115545206033,0.08155237709566711,0.7791983243173564,0.09541620895059011,,,民营,民营,王振华,True,证监会2012版,K70,房地产业,正常上市
601588,2006,14689861393.0,6462057896.0,4524500391.0,250000000.0,320000000.0,8227803497.0,5111714421.0,381732629.0,335173574.0,,,0.4398991742072729,0.08820719485550087,0.7001640133556613,0.34797567412282254,,,国有,国企,北京市国有资产监督管理委员会,True,证监会2001版,J01,房地产开发与经营业,正常上市
601588,2007,20406405387.0,11919926779.0,7712021016.0,2130000000.0,2620000000.0,8486478608.0,2340019264.0,461833304.0,328131407.0,14689861393.0,8227803497.0,0.5841267265323293,0.3984923807055879,0.646985603098393,0.11467082122609995,0.026318087156961142,0.05526211668544768,国有,国企,北京市国有资产监督管理委员会,True,证监会2001版,J01,房地产开发与经营业,正常上市
601588,2008,25619295384.0,16812495661.0,9114030928.0,650000000.0,4440000000.0,8806799723.0,5012714464.0,602484265.0,448929262.0,20406405387.0,8486478608.0,0.6562434840225894,0.30275100750254996,0.5420986337645187,0.19566168346419813,0.02618034076211676,0.06967843267982153,国有,国企,北京市国有资产监督管理委员会,True,证监会2001版,J01,房地产开发与经营业,正常上市
601588,2009,26355970840.0,17024477938.0,8523707687.0,700000000.0,5326000000.0,9331492902.0,4640377124.0,714462704.0,577102372.0,25619295384.0,8806799723.0,0.6459438751602443,0.3539609274331687,0.5006736604812063,0.1760654977261312,0.02749241152208244,0.07877948809969648,国有,国企,北京市人民政府国有资产监督管理委员会,True,证监会2001版,J01,房地产开发与经营业,正常上市
601588,2010,25740009334.0,16390842126.0,7294808186.0,880000000.0,5915159562.0,9349167208.0,2559133585.0,304516915.0,203058165.0,26355970840.0,9331492902.0,0.6367846224651257,0.4145704967300714,0.44505389838564785,0.09942240314651472,0.011690610829584811,0.03260237199401622,国有,国企,北京市人民政府国有资产监督管理委员会,True,证监会2001版,J01,房地产开发与经营业,正常上市
601588,2011,28513238612.0,18825640490.0,9780631982.0,700000000.0,5856304171.0,9687598122.0,2887390603.0,490901949.0,468780243.0,25740009334.0,9349167208.0,0.6602420982819222,0.3482646008502418,0.5195378073428831,0.10126491214452296,0.018096684257083023,0.051574092603472774,国有,国企,北京市人民政府国有资产监督管理委员会,True,证监会2001版,J01,房地产开发与经营业,正常上市
601588,2012,29483823785.0,19287672214.0,12024518591.0,1200000000.0,5763587261.0,10196151571.0,2855872380.0,609564049.0,633387699.0,28513238612.0,9687598122.0,0.6541781132138184,0.3610382416155675,0.6234302645537483,0.09686234732731429,0.021020514619427718,0.06131278641217202,国有,国企,北京市人民政府国有资产监督管理委员会,True,证监会2012版,K70,房地产业,正常上市
601588,2013,32103325714.0,21452935572.0,11941570903.0,1250000000.0,8010330961.0,10650390142.0,3433959513.0,697084692.0,664535001.0,29483823785.0,10196151571.0,0.6682465163615291,0.4316579859162223,0.5566404123539126,0.10696584969396108,0.02263734229204158,0.0668777298025691,国有,国企,北京市人民政府国有资产监督管理委员会,True,证监会2012版,K70,房地产业,正常上市
601588,2014,37683583920.0,26610063548.0,12953653381.0,1150000000.0,12153750000.0,11073520372.0,4309779604.0,587190276.0,530825009.0,32103325714.0,10650390142.0,0.7061447128938579,0.4999518312311548,0.4867952817036241,0.11436756156604969,0.016828092233329744,0.05405935322939068,国有,国企,北京市人民政府国有资产监督管理委员会,True,证监会2012版,K70,房地产业,正常上市
601588,2015,47413128128.0,35544240785.0,18453694070.0,492214110.0,14607008095.0,11868887343.0,6575392949.0,635336414.0,611971850.0,37683583920.0,11073520372.0,0.7496708651882688,0.42480080799396375,0.5191753618152292,0.138682959944102,0.014932102515115496,0.05538533024889188,国有,国企,北京市人民政府国有资产监督管理委员会,True,证监会2012版,K70,房地产业,正常上市
